sta,dis,azm,pha,wet,ptt,res,eid,ort,lat,lon,dep,mag,nst,dmn,gap,rms,erh,erz
ZANG,7.000,55.000,P,0,3.352,-0.076,1,,,,,,,,,,,
HIGH,13.000,117.000,P,0,3.842,-0.055,1,,,,,,,,,,,
BLVR,16.000,200.000,P,0,4.292,0.082,1,,,,,,,,,,,
NMVR,16.000,231.000,P,0,4.212,-0.057,1,,,,,,,,,,,
VRDN,17.000,288.000,P,0,4.382,0.061,1,,,,,,,,,,,
SRND,19.000,119.000,P,0,4.782,0.148,1,,,,,,,,,,,
AZGN,20.000,319.000,P,0,4.832,0.020,1,,,,,,,,,,,
MGSL,24.000,235.000,P,0,5.282,-0.059,1,,,,,,,,,,,
FRMZ,26.000,57.000,P,0,5.702,0.046,1,,,,,,,,,,,
KRNG,28.000,281.000,P,0,5.912,0.020,1,,,,,,,,,,,
GOLJ,33.000,87.000,P,0,6.712,-0.096,1,,,,,,,,,,,
GRVN,37.000,246.000,P,4,58.832,-8.526,1,,,,,,,,,,,
,,,,,,,1,2012-08-14 12:10:18.298,38.392,46.798,14.962,2.300,12.000,7.000,95.000,0.080,0.141,0.100
ZANG,4.000,64.000,P,0,2.697,-0.028,2,,,,,,,,,,,
HIGH,12.000,133.000,P,0,3.347,-0.100,2,,,,,,,,,,,
SRND,18.000,130.000,P,0,4.277,0.023,2,,,,,,,,,,,
BLVR,19.000,205.000,P,0,4.477,0.144,2,,,,,,,,,,,
VRDN,19.000,279.000,P,0,4.317,0.058,2,,,,,,,,,,,
NMVR,20.000,229.000,P,0,4.457,0.021,2,,,,,,,,,,,
AZGN,20.000,309.000,P,0,4.507,-0.032,2,,,,,,,,,,,
FRMZ,23.000,59.000,P,0,5.047,0.132,2,,,,,,,,,,,
MGSL,27.000,234.000,P,0,5.577,-0.055,2,,,,,,,,,,,
KRNG,30.000,275.000,P,0,5.967,-0.047,2,,,,,,,,,,,
GOLJ,31.000,91.000,P,0,6.157,-0.083,2,,,,,,,,,,,
GRVN,40.000,244.000,P,4,59.137,-8.592,2,,,,,,,,,,,
,,,,,,,2,2012-08-14 12:22:56.133,38.414,46.770,11.801,2.400,12.000,4.000,108.000,0.090,0.141,0.000
ZANG,1.000,21.000,P,0,2.675,-0.310,3,,,,,,,,,,,
HIGH,10.000,147.000,P,0,3.475,-0.056,3,,,,,,,,,,,
SRND,16.000,138.000,P,0,4.355,0.161,3,,,,,,,,,,,
FRMZ,20.000,55.000,P,0,4.765,0.094,3,,,,,,,,,,,
VRDN,22.000,276.000,P,0,4.925,0.059,3,,,,,,,,,,,
BLVR,21.000,212.000,P,0,5.065,0.284,3,,,,,,,,,,,
AZGN,22.000,303.000,P,0,4.975,-0.054,3,,,,,,,,,,,
NMVR,22.000,234.000,P,0,5.215,0.214,3,,,,,,,,,,,
GOLJ,28.000,92.000,P,0,5.925,0.038,3,,,,,,,,,,,
HRS ,29.000,247.000,P,0,5.805,-0.337,3,,,,,,,,,,,
MGSL,30.000,236.000,P,0,6.415,0.222,3,,,,,,,,,,,
KRNG,33.000,274.000,P,0,6.685,0.081,3,,,,,,,,,,,
GRVN,43.000,246.000,P,4,0.005,-8.292,3,,,,,,,,,,,
TBZ ,55.000,112.000,P,0,10.285,0.006,3,,,,,,,,,,,
BST ,81.000,190.000,P,0,14.265,-0.370,3,,,,,,,,,,,
,,,,,,,3,2012-08-14 12:33:17.615,38.419,46.736,13.892,3.100,15.000,1.000,76.000,0.220,0.200,0.000
HIGH,7.000,182.000,P,0,1.792,-0.037,4,,,,,,,,,,,
ZANG,7.000,302.000,P,0,1.872,0.031,4,,,,,,,,,,,
SRND,11.000,153.000,P,0,2.662,-0.003,4,,,,,,,,,,,
FRMZ,17.000,37.000,P,0,3.932,0.155,4,,,,,,,,,,,
GOLJ,22.000,87.000,P,0,4.532,-0.119,4,,,,,,,,,,,
BLVR,23.000,228.000,P,0,4.962,0.156,4,,,,,,,,,,,
NMVR,26.000,245.000,P,0,5.472,0.064,4,,,,,,,,,,,
VRDN,28.000,279.000,P,0,5.612,-0.015,4,,,,,,,,,,,
AZGN,29.000,300.000,P,0,5.722,-0.086,4,,,,,,,,,,,
MGSL,34.000,245.000,P,0,6.732,-0.009,4,,,,,,,,,,,
KRNG,39.000,277.000,P,0,7.422,-0.103,4,,,,,,,,,,,
GRVN,47.000,251.000,P,4,0.392,-8.656,4,,,,,,,,,,,
,,,,,,,4,2012-08-14 12:34:10.408,38.399,46.667,3.308,2.700,12.000,7.000,94.000,0.100,0.224,-0.100
HIGH,6.000,176.000,P,0,1.738,-0.061,5,,,,,,,,,,,
ZANG,6.000,309.000,P,0,1.888,0.063,5,,,,,,,,,,,
SRND,11.000,149.000,P,0,2.678,-0.005,5,,,,,,,,,,,
KVCH,11.000,131.000,P,0,2.688,-0.010,5,,,,,,,,,,,
FRMZ,18.000,38.000,P,0,4.018,0.141,5,,,,,,,,,,,
BLVR,22.000,227.000,P,0,4.788,0.158,5,,,,,,,,,,,
GOLJ,22.000,86.000,P,0,4.658,-0.087,5,,,,,,,,,,,
NMVR,25.000,246.000,P,0,5.258,0.027,5,,,,,,,,,,,
AZGN,28.000,302.000,P,0,5.578,-0.127,5,,,,,,,,,,,
MGSL,33.000,245.000,P,0,6.618,0.054,5,,,,,,,,,,,
KRNG,38.000,277.000,P,0,7.258,-0.120,5,,,,,,,,,,,
GRVN,47.000,251.000,P,4,0.268,-8.606,5,,,,,,,,,,,
,,,,,,,5,2012-08-14 13:58:41.272,38.395,46.675,3.611,2.000,12.000,6.000,89.000,0.100,0.224,-0.100
ZANG,4.000,117.000,P,0,3.584,-0.381,6,,,,,,,,,,,
ORNG,9.000,302.000,P,0,4.114,-0.003,6,,,,,,,,,,,
VRZ1,11.000,56.000,P,0,4.474,0.140,6,,,,,,,,,,,
HIGH,15.000,143.000,P,0,4.564,-0.165,6,,,,,,,,,,,
AZGN,18.000,301.000,P,0,4.994,0.016,6,,,,,,,,,,,
SRND,21.000,137.000,P,0,5.484,0.095,6,,,,,,,,,,,
KVCH,21.000,128.000,P,0,5.534,0.058,6,,,,,,,,,,,
NMVR,22.000,221.000,P,0,5.614,0.129,6,,,,,,,,,,,
BLVR,22.000,200.000,P,0,5.724,0.206,6,,,,,,,,,,,
HRS ,28.000,238.000,P,0,6.054,-0.295,6,,,,,,,,,,,
MGSL,29.000,227.000,P,0,6.674,0.165,6,,,,,,,,,,,
KRNG,29.000,268.000,P,0,6.574,0.103,6,,,,,,,,,,,
GOLJ,31.000,98.000,P,0,6.934,0.079,6,,,,,,,,,,,
GRVN,41.000,240.000,P,4,0.214,-8.139,6,,,,,,,,,,,
TABZ,58.000,138.000,P,4,11.834,0.816,6,,,,,,,,,,,
TBZ ,60.000,113.000,P,0,11.204,-0.005,6,,,,,,,,,,,
BST ,84.000,187.000,P,0,14.964,-0.114,6,,,,,,,,,,,
,,,,,,,6,2012-08-14 14:02:25.366,38.448,46.774,19.293,4.900,17.000,4.000,114.000,0.180,0.100,-0.100
HIGH,5.000,200.000,P,0,1.649,-0.043,7,,,,,,,,,,,
KVCH,9.000,135.000,P,0,2.279,0.024,7,,,,,,,,,,,
ZANG,9.000,305.000,P,0,2.179,-0.080,7,,,,,,,,,,,
SRND,9.000,158.000,P,0,2.399,0.087,7,,,,,,,,,,,
VRZ1,13.000,353.000,P,0,3.059,-0.024,7,,,,,,,,,,,
FRMZ,17.000,30.000,P,0,3.879,0.084,7,,,,,,,,,,,
GOLJ,20.000,82.000,P,0,4.309,-0.050,7,,,,,,,,,,,
ORNG,22.000,302.000,P,0,4.709,0.148,7,,,,,,,,,,,
BLVR,23.000,233.000,P,0,5.169,0.364,7,,,,,,,,,,,
NMVR,27.000,250.000,P,0,5.629,0.125,7,,,,,,,,,,,
VRDN,30.000,282.000,P,0,5.909,0.029,7,,,,,,,,,,,
AZGN,31.000,301.000,P,0,6.029,-0.081,7,,,,,,,,,,,
MGSL,35.000,248.000,P,0,6.929,0.096,7,,,,,,,,,,,
HRS ,35.000,258.000,P,0,6.539,-0.414,7,,,,,,,,,,,
TABZ,46.000,142.000,P,4,9.609,0.918,7,,,,,,,,,,,
TBZ ,47.000,111.000,P,0,8.809,-0.011,7,,,,,,,,,,,
BST ,79.000,195.000,P,0,14.049,-0.259,7,,,,,,,,,,,
,,,,,,,7,2012-08-14 15:48:20.071,38.386,46.649,3.698,3.700,17.000,5.000,52.000,0.180,0.200,-0.100
ZANG,8.000,299.000,P,0,1.974,-0.116,8,,,,,,,,,,,
KVCH,10.000,139.000,P,0,2.414,-0.084,8,,,,,,,,,,,
SRND,10.000,158.000,P,0,2.544,-0.023,8,,,,,,,,,,,
FRMZ,16.000,34.000,P,0,3.764,0.141,8,,,,,,,,,,,
GOLJ,21.000,86.000,P,0,4.364,-0.033,8,,,,,,,,,,,
ORNG,21.000,300.000,P,0,4.434,0.086,8,,,,,,,,,,,
BLVR,24.000,230.000,P,0,5.004,0.144,8,,,,,,,,,,,
NMVR,27.000,247.000,P,0,5.464,-0.016,8,,,,,,,,,,,
VRDN,29.000,279.000,P,0,5.624,-0.105,8,,,,,,,,,,,
AZGN,30.000,300.000,P,4,41.644,-24.254,8,,,,,,,,,,,
MGSL,35.000,246.000,P,0,6.914,0.101,8,,,,,,,,,,,
KRNG,40.000,277.000,P,4,7.454,-0.173,8,,,,,,,,,,,
,,,,,,,8,2012-08-14 17:05:17.906,38.397,46.655,4.004,1.900,12.000,8.000,93.000,0.110,0.200,-0.100
ZANG,3.000,57.000,P,0,2.569,-0.197,9,,,,,,,,,,,
ORNG,12.000,313.000,P,0,3.649,0.190,9,,,,,,,,,,,
SRND,17.000,132.000,P,0,4.219,0.020,9,,,,,,,,,,,
KVCH,18.000,121.000,P,0,4.339,-0.000,9,,,,,,,,,,,
VRDN,20.000,278.000,P,0,4.509,0.064,9,,,,,,,,,,,
BLVR,19.000,207.000,P,0,4.679,0.226,9,,,,,,,,,,,
NMVR,20.000,231.000,P,0,4.709,0.108,9,,,,,,,,,,,
FRMZ,22.000,57.000,P,0,4.849,0.035,9,,,,,,,,,,,
HRS ,27.000,246.000,P,0,5.269,-0.458,9,,,,,,,,,,,
MGSL,28.000,235.000,P,0,5.839,0.039,9,,,,,,,,,,,
GOLJ,30.000,91.000,P,0,6.069,-0.037,9,,,,,,,,,,,
KRNG,31.000,275.000,P,0,6.209,0.010,9,,,,,,,,,,,
,,,,,,,9,2012-08-14 17:19:59.021,38.415,46.759,12.312,2.000,12.000,3.000,103.000,0.180,0.200,0.100
ZANG,1.000,48.000,P,0,2.407,-0.188,10,,,,,,,,,,,
ORNG,13.000,305.000,P,0,3.697,0.221,10,,,,,,,,,,,
SRND,17.000,138.000,P,0,4.077,0.024,10,,,,,,,,,,,
KVCH,17.000,127.000,P,0,4.157,0.013,10,,,,,,,,,,,
FRMZ,20.000,57.000,P,0,4.557,0.092,10,,,,,,,,,,,
BLVR,21.000,210.000,P,0,4.827,0.183,10,,,,,,,,,,,
VRDN,21.000,275.000,P,0,4.687,0.053,10,,,,,,,,,,,
AZGN,22.000,303.000,P,0,4.727,-0.044,10,,,,,,,,,,,
NMVR,22.000,232.000,P,0,4.957,0.114,10,,,,,,,,,,,
GOLJ,28.000,93.000,P,0,5.697,-0.099,10,,,,,,,,,,,
HRS ,29.000,246.000,P,0,5.577,-0.423,10,,,,,,,,,,,
MGSL,30.000,235.000,P,0,6.167,0.092,10,,,,,,,,,,,
KRNG,32.000,273.000,P,0,6.397,-0.038,10,,,,,,,,,,,
,,,,,,,10,2012-08-14 18:03:34.763,38.424,46.739,11.598,1.900,13.000,1.000,102.000,0.170,0.200,0.000
ZANG,7.000,72.000,P,0,2.986,-0.197,11,,,,,,,,,,,
ORNG,10.000,330.000,P,0,3.536,0.140,11,,,,,,,,,,,
HIGH,14.000,124.000,P,4,58.426,-5.479,11,,,,,,,,,,,
VRDN,16.000,282.000,P,0,4.156,0.105,11,,,,,,,,,,,
NMVR,17.000,224.000,P,0,4.366,0.090,11,,,,,,,,,,,
BLVR,18.000,197.000,P,0,4.486,0.171,11,,,,,,,,,,,
AZGN,18.000,316.000,P,0,4.376,-0.048,11,,,,,,,,,,,
SRND,20.000,124.000,P,0,4.726,0.012,11,,,,,,,,,,,
KVCH,21.000,115.000,P,0,4.956,0.041,11,,,,,,,,,,,
HRS ,24.000,244.000,P,0,4.836,-0.423,11,,,,,,,,,,,
MGSL,25.000,230.000,P,0,5.436,0.060,11,,,,,,,,,,,
FRMZ,25.000,61.000,P,0,5.496,0.052,11,,,,,,,,,,,
KRNG,27.000,277.000,P,0,5.746,0.064,11,,,,,,,,,,,
GOLJ,33.000,90.000,P,0,6.746,-0.043,11,,,,,,,,,,,
,,,,,,,11,2012-08-14 18:27:31.964,38.411,46.803,13.634,1.900,14.000,7.000,90.000,0.160,0.200,0.100
ORNG,9.000,2.000,P,0,2.790,0.136,12,,,,,,,,,,,
VRDN,11.000,291.000,P,0,2.820,0.004,12,,,,,,,,,,,
ZANG,12.000,77.000,P,0,2.950,-0.141,12,,,,,,,,,,,
NMVR,13.000,210.000,P,0,3.240,0.020,12,,,,,,,,,,,
AZGN,16.000,332.000,P,0,3.520,-0.070,12,,,,,,,,,,,
BLVR,16.000,179.000,P,0,3.700,0.063,12,,,,,,,,,,,
HIGH,18.000,113.000,P,4,34.460,-29.601,12,,,,,,,,,,,
MGSL,20.000,222.000,P,0,4.270,-0.063,12,,,,,,,,,,,
KRNG,22.000,280.000,P,0,4.540,-0.001,12,,,,,,,,,,,
SRND,25.000,115.000,P,0,5.080,0.033,12,,,,,,,,,,,
KVCH,26.000,108.000,P,0,5.460,0.121,12,,,,,,,,,,,
FRMZ,30.000,65.000,P,0,6.040,0.034,12,,,,,,,,,,,
GOLJ,39.000,89.000,P,0,7.460,-0.020,12,,,,,,,,,,,
,,,,,,,12,2012-08-14 18:42:57.710,38.405,46.865,8.067,1.900,13.000,9.000,63.000,0.090,0.200,0.000
ZANG,9.000,55.000,P,0,2.550,-0.045,13,,,,,,,,,,,
HIGH,14.000,110.000,P,0,3.110,-0.125,13,,,,,,,,,,,
BLVR,14.000,196.000,P,0,3.490,0.198,13,,,,,,,,,,,
VRDN,16.000,294.000,P,0,3.660,0.141,13,,,,,,,,,,,
SRND,20.000,114.000,P,0,4.220,0.016,13,,,,,,,,,,,
AZGN,20.000,324.000,P,0,4.260,-0.001,13,,,,,,,,,,,
KVCH,21.000,106.000,P,0,4.570,0.059,13,,,,,,,,,,,
HRS ,21.000,250.000,P,0,4.110,-0.414,13,,,,,,,,,,,
MGSL,22.000,235.000,P,0,4.680,0.105,13,,,,,,,,,,,
KRNG,27.000,284.000,P,0,5.360,0.055,13,,,,,,,,,,,
FRMZ,28.000,57.000,P,0,5.630,0.075,13,,,,,,,,,,,
GOLJ,35.000,85.000,P,0,6.700,-0.064,13,,,,,,,,,,,
,,,,,,,13,2012-08-14 19:40:50.260,38.383,46.815,7.271,1.600,12.000,9.000,89.000,0.160,0.200,0.000
ZANG,1.000,23.000,P,0,2.382,-0.145,14,,,,,,,,,,,
HIGH,10.000,146.000,P,0,3.112,-0.068,14,,,,,,,,,,,
ORNG,13.000,306.000,P,0,3.702,0.206,14,,,,,,,,,,,
SRND,16.000,137.000,P,0,3.982,0.052,14,,,,,,,,,,,
KVCH,17.000,126.000,P,0,4.072,0.042,14,,,,,,,,,,,
FRMZ,20.000,55.000,P,0,4.542,0.088,14,,,,,,,,,,,
BLVR,21.000,212.000,P,0,4.752,0.200,14,,,,,,,,,,,
VRDN,21.000,276.000,P,0,4.712,0.067,14,,,,,,,,,,,
AZGN,22.000,304.000,P,0,4.762,-0.057,14,,,,,,,,,,,
NMVR,22.000,234.000,P,0,4.852,0.068,14,,,,,,,,,,,
GOLJ,28.000,92.000,P,0,5.622,-0.112,14,,,,,,,,,,,
HRS ,29.000,247.000,P,0,5.562,-0.409,14,,,,,,,,,,,
MGSL,30.000,236.000,P,0,6.122,0.094,14,,,,,,,,,,,
KRNG,33.000,274.000,P,0,6.432,-0.025,14,,,,,,,,,,,
,,,,,,,14,2012-08-14 19:58:53.478,38.418,46.736,11.155,2.800,14.000,1.000,76.000,0.160,0.200,0.000
ZANG,7.000,31.000,P,0,3.024,-0.293,15,,,,,,,,,,,
HIGH,10.000,112.000,P,0,3.374,-0.128,15,,,,,,,,,,,
ORNG,15.000,330.000,P,0,4.064,0.039,15,,,,,,,,,,,
SRND,16.000,116.000,P,0,4.314,0.137,15,,,,,,,,,,,
NMVR,17.000,241.000,P,0,4.454,0.216,15,,,,,,,,,,,
KVCH,18.000,106.000,P,0,4.594,0.168,15,,,,,,,,,,,
VRDN,19.000,293.000,P,0,4.674,0.078,15,,,,,,,,,,,
AZGN,23.000,319.000,P,0,5.034,-0.130,15,,,,,,,,,,,
FRMZ,26.000,50.000,P,0,5.624,0.085,15,,,,,,,,,,,
HRS ,24.000,255.000,P,0,5.144,-0.275,15,,,,,,,,,,,
MGSL,24.000,242.000,P,0,5.634,0.271,15,,,,,,,,,,,
KRNG,30.000,284.000,P,0,6.304,0.088,15,,,,,,,,,,,
TBZ ,57.000,106.000,P,0,10.574,0.024,15,,,,,,,,,,,
BST ,75.000,188.000,P,0,13.434,-0.280,15,,,,,,,,,,,
,,,,,,,15,2012-08-14 20:10:56.316,38.373,46.774,14.125,3.300,14.000,7.000,73.000,0.190,0.200,0.000
HIGH,5.000,201.000,P,0,1.653,-0.034,16,,,,,,,,,,,
KVCH,8.000,132.000,P,0,2.243,0.012,16,,,,,,,,,,,
SRND,9.000,156.000,P,0,2.363,0.113,16,,,,,,,,,,,
ZANG,9.000,308.000,P,0,2.193,-0.144,16,,,,,,,,,,,
FRMZ,18.000,29.000,P,0,3.903,0.029,16,,,,,,,,,,,
GOLJ,20.000,81.000,P,4,1.203,-3.170,16,,,,,,,,,,,
ORNG,22.000,304.000,P,0,4.713,0.135,16,,,,,,,,,,,
NMVR,27.000,251.000,P,0,5.643,0.237,16,,,,,,,,,,,
VRDN,30.000,283.000,P,0,5.893,0.057,16,,,,,,,,,,,
AZGN,31.000,302.000,P,0,6.033,-0.066,16,,,,,,,,,,,
MGSL,35.000,249.000,P,0,6.953,0.220,16,,,,,,,,,,,
HRS ,35.000,258.000,P,0,6.523,-0.344,16,,,,,,,,,,,
KRNG,41.000,279.000,P,0,7.723,0.006,16,,,,,,,,,,,
TBZ ,47.000,110.000,P,0,8.733,-0.023,16,,,,,,,,,,,
BST ,78.000,195.000,P,0,13.973,-0.188,16,,,,,,,,,,,
,,,,,,,16,2012-08-14 20:20:32.997,38.380,46.651,4.343,2.900,15.000,5.000,80.000,0.160,0.200,-0.100
HIGH,5.000,174.000,P,0,1.684,-0.094,17,,,,,,,,,,,
ZANG,7.000,314.000,P,0,1.874,-0.072,17,,,,,,,,,,,
KVCH,11.000,128.000,P,0,2.664,0.025,17,,,,,,,,,,,
FRMZ,18.000,37.000,P,0,4.054,0.105,17,,,,,,,,,,,
ORNG,20.000,305.000,P,0,4.284,0.135,17,,,,,,,,,,,
BLVR,22.000,228.000,P,0,4.734,0.230,17,,,,,,,,,,,
GOLJ,23.000,84.000,P,0,4.674,-0.073,17,,,,,,,,,,,
NMVR,25.000,247.000,P,0,5.234,0.124,17,,,,,,,,,,,
VRDN,27.000,282.000,P,0,5.414,-0.012,17,,,,,,,,,,,
AZGN,29.000,303.000,P,0,5.584,-0.103,17,,,,,,,,,,,
MGSL,33.000,246.000,P,0,6.544,0.102,17,,,,,,,,,,,
HRS ,33.000,256.000,P,0,6.054,-0.477,17,,,,,,,,,,,
KRNG,38.000,278.000,P,0,7.424,0.111,17,,,,,,,,,,,
,,,,,,,17,2012-08-14 21:02:33.506,38.389,46.677,4.299,1.700,13.000,5.000,82.000,0.180,0.200,-0.100
ZANG,4.000,55.000,P,0,2.502,-0.098,18,,,,,,,,,,,
HIGH,11.000,132.000,P,0,3.162,-0.123,18,,,,,,,,,,,
ORNG,12.000,318.000,P,0,3.472,0.173,18,,,,,,,,,,,
SRND,18.000,128.000,P,0,4.132,0.024,18,,,,,,,,,,,
BLVR,18.000,206.000,P,0,4.352,0.152,18,,,,,,,,,,,
KVCH,19.000,118.000,P,0,4.332,0.051,18,,,,,,,,,,,
VRDN,19.000,281.000,P,0,4.242,0.005,18,,,,,,,,,,,
NMVR,19.000,231.000,P,0,4.392,0.054,18,,,,,,,,,,,
AZGN,21.000,310.000,P,0,4.472,-0.087,18,,,,,,,,,,,
FRMZ,23.000,57.000,P,0,4.992,0.108,18,,,,,,,,,,,
MGSL,27.000,235.000,P,0,5.462,-0.096,18,,,,,,,,,,,
KRNG,30.000,277.000,P,0,5.932,-0.084,18,,,,,,,,,,,
GOLJ,30.000,90.000,P,0,6.092,-0.077,18,,,,,,,,,,,
,,,,,,,18,2012-08-14 21:11:55.008,38.409,46.768,10.972,1.200,13.000,4.000,95.000,0.100,0.200,0.000
ORNG,9.000,6.000,P,0,3.160,0.058,19,,,,,,,,,,,
VRDN,10.000,288.000,P,0,3.320,0.103,19,,,,,,,,,,,
ZANG,12.000,81.000,P,0,3.440,-0.149,19,,,,,,,,,,,
NMVR,14.000,206.000,P,0,3.770,0.069,19,,,,,,,,,,,
AZGN,15.000,332.000,P,0,3.850,0.029,19,,,,,,,,,,,
BLVR,17.000,177.000,P,0,4.180,0.071,19,,,,,,,,,,,
HRS ,18.000,235.000,P,0,4.010,-0.407,19,,,,,,,,,,,
HIGH,19.000,115.000,P,0,4.360,-0.129,19,,,,,,,,,,,
MGSL,20.000,220.000,P,0,4.860,0.201,19,,,,,,,,,,,
SRND,25.000,116.000,P,0,5.470,0.072,19,,,,,,,,,,,
KVCH,27.000,110.000,P,0,5.780,0.114,19,,,,,,,,,,,
FRMZ,30.000,67.000,P,0,6.220,0.020,19,,,,,,,,,,,
GOLJ,39.000,90.000,P,0,7.640,-0.052,19,,,,,,,,,,,
,,,,,,,19,2012-08-14 21:17:20.450,38.412,46.870,12.448,1.200,13.000,9.000,61.000,0.160,0.200,0.000
ZANG,2.000,51.000,P,0,2.740,-0.160,20,,,,,,,,,,,
HIGH,11.000,140.000,P,0,3.410,-0.102,20,,,,,,,,,,,
ORNG,13.000,311.000,P,0,3.820,0.200,20,,,,,,,,,,,
SRND,17.000,134.000,P,0,4.280,0.047,20,,,,,,,,,,,
KVCH,18.000,123.000,P,0,4.390,0.033,20,,,,,,,,,,,
BLVR,20.000,209.000,P,0,4.830,0.231,20,,,,,,,,,,,
VRDN,20.000,277.000,P,0,4.700,0.081,20,,,,,,,,,,,
NMVR,21.000,232.000,P,0,4.850,0.080,20,,,,,,,,,,,
FRMZ,21.000,57.000,P,0,4.870,0.078,20,,,,,,,,,,,
AZGN,21.000,306.000,P,0,4.770,-0.059,20,,,,,,,,,,,
HRS ,28.000,247.000,P,0,5.460,-0.433,20,,,,,,,,,,,
MGSL,29.000,235.000,P,0,6.040,0.082,20,,,,,,,,,,,
GOLJ,29.000,91.000,P,0,5.980,-0.074,20,,,,,,,,,,,
KRNG,31.000,275.000,P,0,6.350,-0.005,20,,,,,,,,,,,
,,,,,,,20,2012-08-14 21:20:08.930,38.417,46.751,13.252,1.200,14.000,2.000,100.000,0.170,0.200,0.100
ORNG,10.000,353.000,P,0,3.302,0.103,21,,,,,,,,,,,
ZANG,11.000,73.000,P,0,3.222,-0.155,21,,,,,,,,,,,
VRDN,12.000,290.000,P,0,3.562,0.094,21,,,,,,,,,,,
NMVR,14.000,216.000,P,0,3.812,0.101,21,,,,,,,,,,,
BLVR,16.000,184.000,P,0,4.092,0.133,21,,,,,,,,,,,
AZGN,17.000,328.000,P,0,4.012,-0.063,21,,,,,,,,,,,
HIGH,17.000,114.000,P,0,4.042,-0.114,21,,,,,,,,,,,
HRS ,20.000,241.000,P,0,4.152,-0.427,21,,,,,,,,,,,
MGSL,21.000,226.000,P,0,4.792,0.049,21,,,,,,,,,,,
KRNG,23.000,280.000,P,0,5.162,0.138,21,,,,,,,,,,,
SRND,23.000,116.000,P,0,5.112,0.072,21,,,,,,,,,,,
KVCH,25.000,109.000,P,0,5.412,0.104,21,,,,,,,,,,,
FRMZ,29.000,63.000,P,0,5.992,0.020,21,,,,,,,,,,,
GOLJ,37.000,89.000,P,0,7.302,-0.055,21,,,,,,,,,,,
,,,,,,,21,2012-08-14 21:26:25.348,38.403,46.847,12.372,1.300,14.000,10.000,69.000,0.150,0.200,0.000
ZANG,4.000,44.000,P,0,2.674,-0.143,22,,,,,,,,,,,
HIGH,11.000,133.000,P,0,3.254,-0.116,22,,,,,,,,,,,
ORNG,13.000,317.000,P,0,3.754,0.193,22,,,,,,,,,,,
SRND,17.000,129.000,P,0,4.174,0.051,22,,,,,,,,,,,
KVCH,18.000,118.000,P,0,4.334,0.050,22,,,,,,,,,,,
BLVR,18.000,209.000,P,0,4.534,0.200,22,,,,,,,,,,,
VRDN,20.000,281.000,P,0,4.544,0.067,22,,,,,,,,,,,
NMVR,20.000,233.000,P,0,4.624,0.106,22,,,,,,,,,,,
AZGN,22.000,309.000,P,0,4.714,-0.074,22,,,,,,,,,,,
FRMZ,22.000,55.000,P,0,4.994,0.082,22,,,,,,,,,,,
HRS ,27.000,248.000,P,0,5.254,-0.417,22,,,,,,,,,,,
MGSL,27.000,237.000,P,0,5.774,0.059,22,,,,,,,,,,,
GOLJ,30.000,89.000,P,0,6.034,-0.083,22,,,,,,,,,,,
KRNG,31.000,277.000,P,0,6.244,0.025,22,,,,,,,,,,,
,,,,,,,22,2012-08-14 21:30:13.036,38.406,46.759,12.455,1.400,14.000,4.000,86.000,0.160,0.200,0.100
ZANG,4.000,49.000,P,0,2.320,-0.142,23,,,,,,,,,,,
HIGH,11.000,133.000,P,0,3.050,-0.095,23,,,,,,,,,,,
ORNG,12.000,317.000,P,0,3.480,0.207,23,,,,,,,,,,,
SRND,17.000,129.000,P,0,4.050,0.068,23,,,,,,,,,,,
KVCH,18.000,118.000,P,0,4.220,0.068,23,,,,,,,,,,,
BLVR,19.000,207.000,P,0,4.330,0.169,23,,,,,,,,,,,
VRDN,19.000,281.000,P,0,4.310,0.051,23,,,,,,,,,,,
NMVR,20.000,232.000,P,0,4.430,0.098,23,,,,,,,,,,,
AZGN,21.000,310.000,P,0,4.530,-0.049,23,,,,,,,,,,,
FRMZ,22.000,56.000,P,0,4.850,0.066,23,,,,,,,,,,,
HRS ,27.000,248.000,P,0,5.080,-0.435,23,,,,,,,,,,,
MGSL,27.000,236.000,P,0,5.670,0.095,23,,,,,,,,,,,
GOLJ,30.000,90.000,P,0,5.950,-0.107,23,,,,,,,,,,,
KRNG,31.000,277.000,P,0,6.070,0.005,23,,,,,,,,,,,
,,,,,,,23,2012-08-14 21:32:40.360,38.408,46.763,10.216,1.400,14.000,4.000,92.000,0.160,0.200,0.000
ZANG,6.000,89.000,P,0,2.998,-0.178,24,,,,,,,,,,,
ORNG,9.000,322.000,P,0,3.418,0.123,24,,,,,,,,,,,
HIGH,15.000,131.000,P,0,3.938,-0.110,24,,,,,,,,,,,
VRDN,16.000,274.000,P,0,4.178,0.092,24,,,,,,,,,,,
AZGN,17.000,310.000,P,0,4.298,-0.003,24,,,,,,,,,,,
NMVR,19.000,221.000,P,0,4.618,0.091,24,,,,,,,,,,,
BLVR,20.000,196.000,P,0,4.828,0.219,24,,,,,,,,,,,
SRND,21.000,129.000,P,0,4.918,0.057,24,,,,,,,,,,,
KVCH,22.000,120.000,P,0,5.078,0.055,24,,,,,,,,,,,
FRMZ,24.000,65.000,P,0,5.348,0.061,24,,,,,,,,,,,
HRS ,25.000,240.000,P,0,5.058,-0.401,24,,,,,,,,,,,
MGSL,26.000,228.000,P,0,5.668,0.043,24,,,,,,,,,,,
KRNG,27.000,273.000,P,0,5.738,0.012,24,,,,,,,,,,,
GOLJ,33.000,94.000,P,0,6.698,-0.062,24,,,,,,,,,,,
,,,,,,,24,2012-08-14 21:48:16.372,38.429,46.799,13.873,1.500,14.000,6.000,103.000,0.150,0.200,0.100
HIGH,6.000,187.000,P,0,1.813,-0.066,25,,,,,,,,,,,
ZANG,7.000,303.000,P,0,1.993,-0.064,25,,,,,,,,,,,
KVCH,10.000,135.000,P,0,2.523,-0.016,25,,,,,,,,,,,
FRMZ,17.000,35.000,P,0,3.833,0.111,25,,,,,,,,,,,
GOLJ,21.000,85.000,P,0,4.423,-0.079,25,,,,,,,,,,,
ORNG,20.000,301.000,P,0,4.453,0.165,25,,,,,,,,,,,
BLVR,23.000,229.000,P,0,5.033,0.288,25,,,,,,,,,,,
NMVR,27.000,247.000,P,0,5.523,0.167,25,,,,,,,,,,,
AZGN,29.000,301.000,P,0,5.753,-0.068,25,,,,,,,,,,,
MGSL,34.000,246.000,P,0,6.753,0.064,25,,,,,,,,,,,
HRS ,35.000,256.000,P,0,6.343,-0.430,25,,,,,,,,,,,
KRNG,40.000,277.000,P,0,7.453,-0.067,25,,,,,,,,,,,
,,,,,,,25,2012-08-14 21:56:12.517,38.395,46.661,4.369,2.400,12.000,6.000,90.000,0.180,0.200,-0.100
HIGH,6.000,177.000,P,0,1.743,-0.100,26,,,,,,,,,,,
ZANG,6.000,309.000,P,0,1.863,-0.075,26,,,,,,,,,,,
SRND,11.000,149.000,P,0,2.653,0.024,26,,,,,,,,,,,
KVCH,11.000,131.000,P,0,2.643,-0.007,26,,,,,,,,,,,
FRMZ,18.000,37.000,P,0,3.973,0.119,26,,,,,,,,,,,
ORNG,20.000,303.000,P,0,4.303,0.155,26,,,,,,,,,,,
BLVR,22.000,228.000,P,0,4.853,0.259,26,,,,,,,,,,,
GOLJ,22.000,85.000,P,0,4.603,-0.084,26,,,,,,,,,,,
NMVR,26.000,246.000,P,0,5.313,0.129,26,,,,,,,,,,,
VRDN,27.000,281.000,P,0,5.473,0.015,26,,,,,,,,,,,
AZGN,29.000,302.000,P,0,5.613,-0.074,26,,,,,,,,,,,
MGSL,33.000,246.000,P,0,6.613,0.096,26,,,,,,,,,,,
HRS ,33.000,255.000,P,0,6.173,-0.423,26,,,,,,,,,,,
KRNG,39.000,278.000,P,0,7.313,-0.037,26,,,,,,,,,,,
,,,,,,,26,2012-08-14 21:58:40.007,38.393,46.673,4.338,2.200,14.000,6.000,87.000,0.160,0.200,-0.100
ORNG,9.000,344.000,P,0,2.960,0.149,27,,,,,,,,,,,
ZANG,9.000,77.000,P,0,2.750,-0.150,27,,,,,,,,,,,
VRDN,13.000,284.000,P,0,3.370,0.026,27,,,,,,,,,,,
AZGN,17.000,322.000,P,0,3.820,-0.039,27,,,,,,,,,,,
HIGH,16.000,119.000,P,0,3.720,-0.119,27,,,,,,,,,,,
BLVR,17.000,188.000,P,0,4.010,0.096,27,,,,,,,,,,,
HRS ,21.000,240.000,P,4,4.100,-0.555,27,,,,,,,,,,,
MGSL,23.000,226.000,P,0,4.760,-0.080,27,,,,,,,,,,,
SRND,22.000,120.000,P,0,4.870,0.092,27,,,,,,,,,,,
KRNG,25.000,277.000,P,0,5.020,-0.045,27,,,,,,,,,,,
KVCH,24.000,112.000,P,0,5.130,0.107,27,,,,,,,,,,,
FRMZ,27.000,64.000,P,0,5.620,0.033,27,,,,,,,,,,,
GOLJ,36.000,90.000,P,0,6.980,-0.067,27,,,,,,,,,,,
,,,,,,,27,2012-08-14 22:37:18.900,38.412,46.832,9.961,1.500,13.000,9.000,78.000,0.100,0.200,0.000
ZANG,5.000,74.000,P,0,2.675,-0.189,28,,,,,,,,,,,
ORNG,10.000,322.000,P,0,3.415,0.183,28,,,,,,,,,,,
HIGH,13.000,130.000,P,0,3.565,-0.091,28,,,,,,,,,,,
VRDN,17.000,279.000,P,0,4.185,0.114,28,,,,,,,,,,,
AZGN,19.000,312.000,P,0,4.335,-0.037,28,,,,,,,,,,,
BLVR,19.000,200.000,P,0,4.535,0.215,28,,,,,,,,,,,
SRND,20.000,127.000,P,0,4.555,0.068,28,,,,,,,,,,,
KVCH,21.000,118.000,P,0,4.745,0.081,28,,,,,,,,,,,
FRMZ,24.000,61.000,P,0,5.165,0.043,28,,,,,,,,,,,
HRS ,25.000,244.000,P,0,4.985,-0.390,28,,,,,,,,,,,
MGSL,26.000,231.000,P,0,5.575,0.082,28,,,,,,,,,,,
GOLJ,32.000,91.000,P,0,6.425,-0.080,28,,,,,,,,,,,
,,,,,,,28,2012-08-14 22:55:04.965,38.417,46.788,12.191,1.500,12.000,5.000,98.000,0.170,0.200,0.000
ZANG,9.000,45.000,P,0,2.355,-0.084,29,,,,,,,,,,,
HIGH,12.000,110.000,P,0,2.805,-0.137,29,,,,,,,,,,,
BLVR,14.000,203.000,P,0,3.425,0.206,29,,,,,,,,,,,
ORNG,14.000,337.000,P,0,3.365,0.190,29,,,,,,,,,,,
VRDN,17.000,294.000,P,0,3.865,0.115,29,,,,,,,,,,,
SRND,18.000,114.000,P,0,3.955,0.037,29,,,,,,,,,,,
KVCH,20.000,105.000,P,0,4.305,0.073,29,,,,,,,,,,,
AZGN,22.000,322.000,P,0,4.385,-0.094,29,,,,,,,,,,,
HRS ,22.000,253.000,P,0,4.275,-0.416,29,,,,,,,,,,,
MGSL,23.000,239.000,P,0,4.795,0.106,29,,,,,,,,,,,
FRMZ,27.000,54.000,P,0,5.445,0.027,29,,,,,,,,,,,
KRNG,28.000,285.000,P,0,5.575,0.023,29,,,,,,,,,,,
GOLJ,33.000,84.000,P,0,6.485,-0.046,29,,,,,,,,,,,
,,,,,,,29,2012-08-14 22:55:52.685,38.376,46.799,6.527,2.400,13.000,9.000,90.000,0.160,0.200,0.000
HIGH,7.000,202.000,P,0,1.824,-0.048,30,,,,,,,,,,,
KVCH,9.000,145.000,P,0,2.244,-0.057,30,,,,,,,,,,,
SRND,10.000,165.000,P,0,2.504,0.047,30,,,,,,,,,,,
ZANG,9.000,295.000,P,0,2.264,0.050,30,,,,,,,,,,,
FRMZ,16.000,30.000,P,0,3.744,0.153,30,,,,,,,,,,,
GOLJ,19.000,86.000,P,0,4.164,-0.096,30,,,,,,,,,,,
ORNG,22.000,298.000,P,0,4.694,0.072,30,,,,,,,,,,,
BLVR,25.000,232.000,P,0,5.254,0.146,30,,,,,,,,,,,
VRDN,30.000,279.000,P,0,5.934,-0.097,30,,,,,,,,,,,
AZGN,31.000,299.000,P,0,6.044,-0.133,30,,,,,,,,,,,
MGSL,36.000,247.000,P,0,7.214,0.116,30,,,,,,,,,,,
KRNG,41.000,277.000,P,0,7.774,-0.156,30,,,,,,,,,,,
,,,,,,,30,2012-08-14 23:11:15.096,38.397,46.641,3.201,1.300,12.000,7.000,91.000,0.110,0.200,-0.100
ZANG,2.000,56.000,P,0,2.440,-0.118,31,,,,,,,,,,,
HIGH,11.000,141.000,P,0,3.200,-0.082,31,,,,,,,,,,,
ORNG,12.000,310.000,P,0,3.570,0.205,31,,,,,,,,,,,
SRND,17.000,134.000,P,0,4.110,0.040,31,,,,,,,,,,,
KVCH,18.000,123.000,P,0,4.230,0.036,31,,,,,,,,,,,
BLVR,20.000,208.000,P,0,4.610,0.148,31,,,,,,,,,,,
VRDN,20.000,277.000,P,0,4.450,-0.000,31,,,,,,,,,,,
NMVR,21.000,231.000,P,0,4.640,0.008,31,,,,,,,,,,,
AZGN,21.000,305.000,P,0,4.570,-0.083,31,,,,,,,,,,,
FRMZ,21.000,57.000,P,0,4.710,0.091,31,,,,,,,,,,,
MGSL,29.000,235.000,P,0,5.800,-0.062,31,,,,,,,,,,,
GOLJ,29.000,92.000,P,0,5.860,-0.085,31,,,,,,,,,,,
KRNG,31.000,274.000,P,0,6.150,-0.098,31,,,,,,,,,,,
,,,,,,,31,2012-08-14 23:11:52.270,38.419,46.751,11.208,1.200,13.000,2.000,105.000,0.100,0.200,0.000
ZANG,5.000,314.000,P,0,1.695,0.038,32,,,,,,,,,,,
HIGH,7.000,167.000,P,0,1.805,-0.041,32,,,,,,,,,,,
SRND,12.000,145.000,P,0,2.815,-0.008,32,,,,,,,,,,,
KVCH,12.000,129.000,P,0,2.865,-0.006,32,,,,,,,,,,,
ORNG,18.000,304.000,P,0,4.075,0.091,32,,,,,,,,,,,
FRMZ,18.000,41.000,P,0,4.095,0.122,32,,,,,,,,,,,
BLVR,22.000,225.000,P,0,4.685,0.133,32,,,,,,,,,,,
GOLJ,23.000,87.000,P,0,4.855,-0.082,32,,,,,,,,,,,
NMVR,25.000,244.000,P,0,5.095,-0.014,32,,,,,,,,,,,
VRDN,26.000,280.000,P,0,5.215,-0.115,32,,,,,,,,,,,
AZGN,27.000,303.000,P,0,5.395,-0.164,32,,,,,,,,,,,
MGSL,32.000,244.000,P,0,6.495,0.045,32,,,,,,,,,,,
KRNG,37.000,277.000,P,4,7.045,-0.179,32,,,,,,,,,,,
,,,,,,,32,2012-08-14 23:12:01.685,38.397,46.687,3.455,1.600,13.000,5.000,87.000,0.100,0.200,-0.100
ZANG,6.000,70.000,P,0,2.723,-0.089,33,,,,,,,,,,,
ORNG,11.000,325.000,P,0,3.353,0.161,33,,,,,,,,,,,
HIGH,13.000,127.000,P,0,3.483,-0.106,33,,,,,,,,,,,
VRDN,17.000,280.000,P,0,4.003,0.008,33,,,,,,,,,,,
NMVR,18.000,226.000,P,0,4.193,-0.015,33,,,,,,,,,,,
BLVR,18.000,200.000,P,0,4.293,0.098,33,,,,,,,,,,,
AZGN,19.000,313.000,P,0,4.243,-0.103,33,,,,,,,,,,,
SRND,19.000,126.000,P,0,4.483,0.048,33,,,,,,,,,,,
KVCH,21.000,116.000,P,0,4.703,0.075,33,,,,,,,,,,,
FRMZ,24.000,60.000,P,0,5.213,0.050,33,,,,,,,,,,,
MGSL,26.000,232.000,P,0,5.313,-0.065,33,,,,,,,,,,,
GOLJ,32.000,90.000,P,0,6.463,-0.062,33,,,,,,,,,,,
,,,,,,,33,2012-08-14 23:26:52.077,38.413,46.791,11.674,1.200,12.000,6.000,95.000,0.090,0.200,0.000
HIGH,7.000,188.000,P,0,1.859,-0.013,34,,,,,,,,,,,
ZANG,7.000,299.000,P,0,1.999,0.018,34,,,,,,,,,,,
KVCH,10.000,138.000,P,0,2.539,-0.016,34,,,,,,,,,,,
SRND,11.000,156.000,P,0,2.619,-0.004,34,,,,,,,,,,,
FRMZ,17.000,35.000,P,0,3.799,0.125,34,,,,,,,,,,,
ORNG,20.000,300.000,P,0,4.419,0.108,34,,,,,,,,,,,
GOLJ,21.000,87.000,P,0,4.409,-0.086,34,,,,,,,,,,,
BLVR,23.000,229.000,P,0,5.019,0.161,34,,,,,,,,,,,
NMVR,27.000,246.000,P,0,5.459,-0.014,34,,,,,,,,,,,
VRDN,28.000,279.000,P,0,5.589,-0.115,34,,,,,,,,,,,
AZGN,29.000,300.000,P,0,5.719,-0.154,34,,,,,,,,,,,
MGSL,35.000,246.000,P,0,6.799,-0.006,34,,,,,,,,,,,
HRS ,35.000,255.000,P,4,6.329,-0.552,34,,,,,,,,,,,
KRNG,40.000,277.000,P,4,7.389,-0.214,34,,,,,,,,,,,
,,,,,,,34,2012-08-14 23:33:32.301,38.398,46.659,3.606,2.100,14.000,7.000,94.000,0.100,0.200,-0.100
ZANG,6.000,49.000,P,0,2.280,-0.065,35,,,,,,,,,,,
HIGH,12.000,121.000,P,0,2.900,-0.097,35,,,,,,,,,,,
ORNG,13.000,328.000,P,0,3.290,0.180,35,,,,,,,,,,,
BLVR,16.000,204.000,P,0,3.780,0.116,35,,,,,,,,,,,
NMVR,17.000,233.000,P,0,3.810,-0.003,35,,,,,,,,,,,
SRND,18.000,121.000,P,0,3.910,-0.020,35,,,,,,,,,,,
VRDN,18.000,287.000,P,0,3.910,-0.003,35,,,,,,,,,,,
KVCH,19.000,111.000,P,0,4.250,0.074,35,,,,,,,,,,,
AZGN,21.000,316.000,P,0,4.320,-0.117,35,,,,,,,,,,,
FRMZ,25.000,55.000,P,0,5.170,0.081,35,,,,,,,,,,,
MGSL,25.000,237.000,P,0,5.060,-0.027,35,,,,,,,,,,,
KRNG,29.000,280.000,P,0,5.670,-0.065,35,,,,,,,,,,,
GOLJ,32.000,87.000,P,0,6.250,-0.055,35,,,,,,,,,,,
,,,,,,,35,2012-08-14 23:34:16.070,38.393,46.784,8.104,1.200,13.000,6.000,84.000,0.090,0.200,0.000
HIGH,5.000,188.000,P,0,2.066,-0.042,36,,,,,,,,,,,
ZANG,8.000,312.000,P,0,2.416,-0.054,36,,,,,,,,,,,
KVCH,9.000,129.000,P,0,2.636,0.002,36,,,,,,,,,,,
SRND,9.000,150.000,P,0,2.666,0.064,36,,,,,,,,,,,
FRMZ,18.000,33.000,P,0,4.076,0.099,36,,,,,,,,,,,
GOLJ,21.000,82.000,P,0,4.446,-0.112,36,,,,,,,,,,,
ORNG,21.000,305.000,P,0,4.596,0.190,36,,,,,,,,,,,
NMVR,26.000,249.000,P,0,5.446,0.210,36,,,,,,,,,,,
VRDN,28.000,283.000,P,0,5.606,-0.027,36,,,,,,,,,,,
AZGN,30.000,303.000,P,0,5.806,-0.100,36,,,,,,,,,,,
MGSL,34.000,248.000,P,0,6.776,0.220,36,,,,,,,,,,,
HRS ,34.000,258.000,P,0,6.226,-0.450,36,,,,,,,,,,,
,,,,,,,36,2012-08-14 23:40:46.174,38.382,46.663,7.575,1.700,12.000,5.000,80.000,0.180,0.200,0.000
HIGH,6.000,176.000,P,0,1.666,-0.051,37,,,,,,,,,,,
ZANG,7.000,312.000,P,0,1.906,0.027,37,,,,,,,,,,,
SRND,11.000,148.000,P,0,2.606,0.011,37,,,,,,,,,,,
KVCH,11.000,129.000,P,0,2.636,0.008,37,,,,,,,,,,,
FRMZ,18.000,37.000,P,0,4.066,0.124,37,,,,,,,,,,,
ORNG,20.000,304.000,P,0,4.286,0.092,37,,,,,,,,,,,
BLVR,22.000,228.000,P,0,4.726,0.145,37,,,,,,,,,,,
GOLJ,22.000,84.000,P,0,4.646,-0.101,37,,,,,,,,,,,
NMVR,25.000,247.000,P,0,5.216,0.010,37,,,,,,,,,,,
VRDN,27.000,282.000,P,0,5.406,-0.104,37,,,,,,,,,,,
AZGN,29.000,303.000,P,0,5.616,-0.142,37,,,,,,,,,,,
MGSL,33.000,246.000,P,0,6.526,-0.015,37,,,,,,,,,,,
HRS ,33.000,256.000,P,4,6.046,-0.581,37,,,,,,,,,,,
,,,,,,,37,2012-08-14 23:42:05.374,38.391,46.675,3.585,1.600,13.000,6.000,85.000,0.090,0.200,-0.100
ZANG,4.000,318.000,P,0,1.380,-0.200,38,,,,,,,,,,,
HIGH,8.000,159.000,P,0,2.090,-0.044,38,,,,,,,,,,,
SRND,13.000,143.000,P,0,3.150,0.084,38,,,,,,,,,,,
KVCH,14.000,128.000,P,0,3.180,0.046,38,,,,,,,,,,,
ORNG,17.000,304.000,P,0,3.850,0.194,38,,,,,,,,,,,
FRMZ,18.000,46.000,P,0,4.070,0.098,38,,,,,,,,,,,
BLVR,21.000,221.000,P,0,4.760,0.302,38,,,,,,,,,,,
NMVR,24.000,241.000,P,0,5.060,0.152,38,,,,,,,,,,,
GOLJ,25.000,89.000,P,0,5.060,-0.034,38,,,,,,,,,,,
AZGN,26.000,303.000,P,0,5.190,-0.022,38,,,,,,,,,,,
HRS ,31.000,252.000,P,0,5.800,-0.455,38,,,,,,,,,,,
MGSL,32.000,242.000,P,0,6.380,0.142,38,,,,,,,,,,,
KRNG,36.000,276.000,P,0,6.910,0.004,38,,,,,,,,,,,
TBZ ,52.000,111.000,P,0,9.560,-0.063,38,,,,,,,,,,,
BST ,80.000,192.000,P,0,14.230,-0.204,38,,,,,,,,,,,
,,,,,,,38,2012-08-14 23:50:17.160,38.405,46.702,4.375,2.800,15.000,4.000,88.000,0.190,0.200,-0.100
ZANG,3.000,35.000,P,0,2.508,-0.073,39,,,,,,,,,,,
HIGH,10.000,139.000,P,0,3.068,-0.110,39,,,,,,,,,,,
ORNG,13.000,312.000,P,0,3.658,0.178,39,,,,,,,,,,,
SRND,16.000,133.000,P,0,3.988,0.041,39,,,,,,,,,,,
KVCH,17.000,121.000,P,0,4.148,0.062,39,,,,,,,,,,,
BLVR,19.000,211.000,P,0,4.478,0.117,39,,,,,,,,,,,
NMVR,21.000,234.000,P,0,4.578,-0.004,39,,,,,,,,,,,
VRDN,21.000,279.000,P,0,4.538,0.020,39,,,,,,,,,,,
AZGN,22.000,307.000,P,0,4.718,-0.062,39,,,,,,,,,,,
MGSL,28.000,237.000,P,0,5.738,-0.078,39,,,,,,,,,,,
GOLJ,29.000,90.000,P,0,5.878,-0.019,39,,,,,,,,,,,
KRNG,32.000,276.000,P,0,6.238,-0.073,39,,,,,,,,,,,
,,,,,,,39,2012-08-14 23:56:12.942,38.410,46.748,11.248,1.100,12.000,3.000,82.000,0.090,0.200,0.000
ORNG,10.000,348.000,P,0,3.039,0.152,40,,,,,,,,,,,
ZANG,10.000,73.000,P,0,2.859,-0.118,40,,,,,,,,,,,
VRDN,13.000,288.000,P,0,3.309,0.003,40,,,,,,,,,,,
NMVR,15.000,218.000,P,0,3.539,-0.027,40,,,,,,,,,,,
BLVR,16.000,187.000,P,0,3.849,0.065,40,,,,,,,,,,,
AZGN,17.000,325.000,P,0,3.859,-0.052,40,,,,,,,,,,,
HIGH,16.000,116.000,P,0,3.729,-0.117,40,,,,,,,,,,,
MGSL,22.000,227.000,P,0,4.639,-0.057,40,,,,,,,,,,,
SRND,22.000,118.000,P,0,4.869,0.086,40,,,,,,,,,,,
KVCH,24.000,110.000,P,0,5.179,0.130,40,,,,,,,,,,,
FRMZ,28.000,63.000,P,0,5.699,-0.017,40,,,,,,,,,,,
GOLJ,37.000,89.000,P,0,7.079,-0.050,40,,,,,,,,,,,
,,,,,,,40,2012-08-15 00:30:25.061,38.404,46.837,9.931,1.100,12.000,10.000,73.000,0.090,0.200,0.000
ZANG,2.000,29.000,P,0,2.688,-0.149,41,,,,,,,,,,,
HIGH,11.000,145.000,P,0,3.328,-0.093,41,,,,,,,,,,,
ORNG,13.000,307.000,P,0,3.878,0.197,41,,,,,,,,,,,
SRND,16.000,137.000,P,0,4.158,0.039,41,,,,,,,,,,,
KVCH,17.000,125.000,P,0,4.248,0.029,41,,,,,,,,,,,
BLVR,21.000,211.000,P,0,4.908,0.231,41,,,,,,,,,,,
FRMZ,20.000,55.000,P,0,4.708,0.083,41,,,,,,,,,,,
VRDN,21.000,277.000,P,0,4.808,0.053,41,,,,,,,,,,,
NMVR,22.000,233.000,P,0,4.988,0.095,41,,,,,,,,,,,
AZGN,22.000,304.000,P,0,4.878,-0.051,41,,,,,,,,,,,
GOLJ,28.000,92.000,P,0,5.788,-0.079,41,,,,,,,,,,,
HRS ,29.000,247.000,P,0,5.668,-0.377,41,,,,,,,,,,,
MGSL,30.000,236.000,P,0,6.138,0.038,41,,,,,,,,,,,
KRNG,33.000,274.000,P,0,6.498,-0.017,41,,,,,,,,,,,
,,,,,,,41,2012-08-15 01:04:19.772,38.418,46.738,12.994,0.900,14.000,2.000,82.000,0.150,0.200,0.100
ZANG,3.000,59.000,P,0,2.497,-0.091,42,,,,,,,,,,,
HIGH,12.000,136.000,P,0,3.167,-0.145,42,,,,,,,,,,,
ORNG,12.000,314.000,P,0,3.517,0.203,42,,,,,,,,,,,
SRND,18.000,131.000,P,0,4.127,0.007,42,,,,,,,,,,,
KVCH,18.000,121.000,P,0,4.297,0.030,42,,,,,,,,,,,
BLVR,19.000,207.000,P,0,4.507,0.160,42,,,,,,,,,,,
VRDN,19.000,278.000,P,0,4.297,-0.030,42,,,,,,,,,,,
NMVR,20.000,231.000,P,0,4.587,0.097,42,,,,,,,,,,,
AZGN,21.000,308.000,P,0,4.477,-0.105,42,,,,,,,,,,,
FRMZ,22.000,58.000,P,0,4.887,0.126,42,,,,,,,,,,,
MGSL,28.000,235.000,P,0,5.637,-0.074,42,,,,,,,,,,,
KRNG,31.000,275.000,P,0,5.997,-0.116,42,,,,,,,,,,,
GOLJ,30.000,91.000,P,0,6.017,-0.063,42,,,,,,,,,,,
,,,,,,,42,2012-08-15 01:08:50.413,38.415,46.761,11.175,1.400,13.000,3.000,103.000,0.110,0.200,0.000
ZANG,3.000,10.000,P,0,2.458,-0.119,43,,,,,,,,,,,
HIGH,9.000,141.000,P,0,2.928,-0.112,43,,,,,,,,,,,
ORNG,14.000,311.000,P,0,3.848,0.211,43,,,,,,,,,,,
SRND,15.000,134.000,P,0,3.798,0.028,43,,,,,,,,,,,
KVCH,16.000,121.000,P,0,3.928,0.026,43,,,,,,,,,,,
BLVR,19.000,214.000,P,0,4.618,0.255,43,,,,,,,,,,,
FRMZ,21.000,52.000,P,0,4.698,0.111,43,,,,,,,,,,,
NMVR,21.000,237.000,P,0,4.768,0.109,43,,,,,,,,,,,
VRDN,22.000,280.000,P,0,4.738,0.045,43,,,,,,,,,,,
AZGN,23.000,307.000,P,0,4.888,-0.080,43,,,,,,,,,,,
GOLJ,28.000,89.000,P,0,5.628,-0.094,43,,,,,,,,,,,
HRS ,29.000,250.000,P,0,5.468,-0.425,43,,,,,,,,,,,
MGSL,29.000,239.000,P,0,5.968,0.061,43,,,,,,,,,,,
KRNG,33.000,277.000,P,0,6.478,-0.016,43,,,,,,,,,,,
,,,,,,,43,2012-08-15 01:10:32.382,38.404,46.736,11.187,1.900,14.000,3.000,74.000,0.170,0.200,0.000
ZANG,6.000,313.000,P,0,1.834,-0.015,44,,,,,,,,,,,
HIGH,6.000,171.000,P,0,1.784,-0.096,44,,,,,,,,,,,
KVCH,11.000,129.000,P,0,2.764,0.002,44,,,,,,,,,,,
SRND,11.000,146.000,P,0,2.724,0.007,44,,,,,,,,,,,
FRMZ,18.000,39.000,P,0,4.044,0.131,44,,,,,,,,,,,
ORNG,19.000,304.000,P,0,4.164,0.133,44,,,,,,,,,,,
BLVR,22.000,226.000,P,0,4.674,0.153,44,,,,,,,,,,,
GOLJ,23.000,86.000,P,0,4.724,-0.081,44,,,,,,,,,,,
NMVR,25.000,245.000,P,0,5.154,0.071,44,,,,,,,,,,,
VRDN,27.000,281.000,P,0,5.274,-0.060,44,,,,,,,,,,,
AZGN,28.000,303.000,P,0,5.444,-0.127,44,,,,,,,,,,,
MGSL,33.000,245.000,P,0,6.444,0.028,44,,,,,,,,,,,
HRS ,33.000,255.000,P,4,5.914,-0.571,44,,,,,,,,,,,
KRNG,38.000,278.000,P,0,7.084,-0.142,44,,,,,,,,,,,
,,,,,,,44,2012-08-15 01:12:32.736,38.395,46.681,4.381,0.000,14.000,6.000,86.000,0.100,0.200,-0.100
ZANG,6.000,30.000,P,0,2.767,-0.067,45,,,,,,,,,,,
HIGH,10.000,119.000,P,0,2.997,-0.126,45,,,,,,,,,,,
ORNG,15.000,325.000,P,0,3.877,0.178,45,,,,,,,,,,,
BLVR,16.000,212.000,P,0,3.977,0.102,45,,,,,,,,,,,
SRND,16.000,120.000,P,0,3.877,-0.002,45,,,,,,,,,,,
NMVR,18.000,239.000,P,0,4.177,0.023,45,,,,,,,,,,,
KVCH,17.000,109.000,P,0,4.177,0.064,45,,,,,,,,,,,
VRDN,20.000,289.000,P,0,4.457,0.022,45,,,,,,,,,,,
AZGN,23.000,316.000,P,0,4.827,-0.122,45,,,,,,,,,,,
FRMZ,24.000,51.000,P,0,5.287,0.116,45,,,,,,,,,,,
MGSL,26.000,241.000,P,0,5.357,-0.007,45,,,,,,,,,,,
KRNG,31.000,282.000,P,0,6.057,-0.106,45,,,,,,,,,,,
GOLJ,30.000,84.000,P,0,6.107,-0.075,45,,,,,,,,,,,
,,,,,,,45,2012-08-15 01:13:31.763,38.381,46.765,11.543,1.300,13.000,6.000,92.000,0.100,0.200,0.000
ZANG,1.000,340.000,P,0,2.568,-0.105,46,,,,,,,,,,,
HIGH,10.000,152.000,P,0,3.178,-0.091,46,,,,,,,,,,,
ORNG,14.000,303.000,P,0,3.868,0.198,46,,,,,,,,,,,
SRND,16.000,141.000,P,0,3.988,0.027,46,,,,,,,,,,,
KVCH,16.000,128.000,P,0,4.048,0.014,46,,,,,,,,,,,
FRMZ,19.000,54.000,P,0,4.508,0.121,46,,,,,,,,,,,
BLVR,21.000,213.000,P,0,4.898,0.165,46,,,,,,,,,,,
VRDN,22.000,275.000,P,0,4.848,0.003,46,,,,,,,,,,,
AZGN,23.000,302.000,P,0,4.878,-0.097,46,,,,,,,,,,,
NMVR,23.000,234.000,P,0,5.018,0.029,46,,,,,,,,,,,
GOLJ,27.000,93.000,P,0,5.548,-0.091,46,,,,,,,,,,,
MGSL,31.000,237.000,P,0,6.178,-0.048,46,,,,,,,,,,,
KRNG,34.000,274.000,P,0,6.518,-0.126,46,,,,,,,,,,,
,,,,,,,46,2012-08-15 01:15:31.972,38.421,46.726,12.062,1.600,13.000,1.000,74.000,0.110,0.200,0.000
ORNG,9.000,3.000,P,0,3.211,0.151,47,,,,,,,,,,,
VRDN,11.000,290.000,P,0,3.201,0.004,47,,,,,,,,,,,
NMVR,14.000,208.000,P,0,3.631,0.024,47,,,,,,,,,,,
ZANG,12.000,78.000,P,0,3.331,-0.148,47,,,,,,,,,,,
AZGN,15.000,332.000,P,0,3.771,-0.065,47,,,,,,,,,,,
BLVR,16.000,178.000,P,0,4.041,0.054,47,,,,,,,,,,,
HIGH,19.000,114.000,P,0,4.231,-0.126,47,,,,,,,,,,,
MGSL,20.000,221.000,P,0,4.521,-0.077,47,,,,,,,,,,,
KRNG,22.000,279.000,P,0,4.731,0.007,47,,,,,,,,,,,
SRND,25.000,116.000,P,0,5.351,0.079,47,,,,,,,,,,,
KVCH,26.000,109.000,P,0,5.671,0.125,47,,,,,,,,,,,
FRMZ,30.000,66.000,P,0,6.161,0.023,47,,,,,,,,,,,
GOLJ,39.000,90.000,P,0,7.551,-0.051,47,,,,,,,,,,,
,,,,,,,47,2012-08-15 01:16:29.869,38.408,46.866,11.834,0.800,13.000,9.000,63.000,0.090,0.200,0.000
ORNG,9.000,354.000,P,0,2.802,0.135,48,,,,,,,,,,,
ZANG,11.000,76.000,P,0,2.822,-0.120,48,,,,,,,,,,,
VRDN,12.000,288.000,P,0,3.022,0.006,48,,,,,,,,,,,
NMVR,14.000,214.000,P,0,3.362,-0.028,48,,,,,,,,,,,
AZGN,16.000,327.000,P,0,3.632,-0.050,48,,,,,,,,,,,
BLVR,16.000,183.000,P,0,3.802,0.092,48,,,,,,,,,,,
HIGH,17.000,115.000,P,0,3.782,-0.131,48,,,,,,,,,,,
MGSL,21.000,224.000,P,0,4.472,-0.058,48,,,,,,,,,,,
KRNG,23.000,279.000,P,0,4.752,-0.008,48,,,,,,,,,,,
SRND,24.000,117.000,P,0,4.962,0.072,48,,,,,,,,,,,
KVCH,25.000,110.000,P,0,5.302,0.137,48,,,,,,,,,,,
FRMZ,29.000,64.000,P,0,5.822,0.020,48,,,,,,,,,,,
GOLJ,38.000,89.000,P,0,7.202,-0.068,48,,,,,,,,,,,
,,,,,,,48,2012-08-15 01:19:01.368,38.407,46.850,8.489,1.300,13.000,9.000,69.000,0.090,0.200,0.000
ZANG,3.000,52.000,P,0,2.685,-0.163,49,,,,,,,,,,,
HIGH,11.000,137.000,P,0,3.365,-0.101,49,,,,,,,,,,,
ORNG,12.000,313.000,P,0,3.745,0.193,49,,,,,,,,,,,
SRND,17.000,132.000,P,0,4.255,0.045,49,,,,,,,,,,,
KVCH,18.000,121.000,P,0,4.385,0.036,49,,,,,,,,,,,
BLVR,19.000,208.000,P,0,4.735,0.248,49,,,,,,,,,,,
VRDN,20.000,279.000,P,0,4.595,0.075,49,,,,,,,,,,,
NMVR,20.000,232.000,P,0,4.745,0.096,49,,,,,,,,,,,
AZGN,21.000,307.000,P,0,4.715,-0.051,49,,,,,,,,,,,
FRMZ,22.000,57.000,P,0,4.925,0.081,49,,,,,,,,,,,
HRS ,27.000,247.000,P,0,5.325,-0.451,49,,,,,,,,,,,
MGSL,28.000,235.000,P,0,5.895,0.055,49,,,,,,,,,,,
GOLJ,29.000,91.000,P,0,6.025,-0.079,49,,,,,,,,,,,
KRNG,31.000,275.000,P,0,6.275,0.015,49,,,,,,,,,,,
,,,,,,,49,2012-08-15 01:22:56.625,38.414,46.757,12.823,1.900,14.000,3.000,97.000,0.170,0.200,0.100
ZANG,5.000,280.000,P,0,3.141,-0.213,50,,,,,,,,,,,
HIGH,9.000,180.000,P,0,3.471,-0.127,50,,,,,,,,,,,
KVCH,13.000,142.000,P,0,4.021,0.042,50,,,,,,,,,,,
SRND,13.000,157.000,P,0,4.071,0.060,50,,,,,,,,,,,
FRMZ,15.000,44.000,P,0,4.351,0.129,50,,,,,,,,,,,
ORNG,18.000,295.000,P,0,4.741,0.180,50,,,,,,,,,,,
GOLJ,22.000,93.000,P,0,5.171,0.004,50,,,,,,,,,,,
BLVR,24.000,223.000,P,0,5.711,0.274,50,,,,,,,,,,,
VRDN,27.000,274.000,P,0,5.831,0.023,50,,,,,,,,,,,
AZGN,27.000,296.000,P,0,5.791,-0.055,50,,,,,,,,,,,
NMVR,27.000,240.000,P,0,5.961,0.117,50,,,,,,,,,,,
HRS ,35.000,250.000,P,0,6.641,-0.432,50,,,,,,,,,,,
MGSL,35.000,241.000,P,0,7.181,0.116,50,,,,,,,,,,,
KRNG,38.000,273.000,P,0,7.571,-0.005,50,,,,,,,,,,,
TBZ ,50.000,114.000,P,0,9.381,-0.112,50,,,,,,,,,,,
,,,,,,,50,2012-08-15 01:23:39.749,38.422,46.671,15.296,3.000,15.000,5.000,106.000,0.170,0.141,0.000
ZANG,6.000,73.000,P,0,2.196,-0.106,51,,,,,,,,,,,
ORNG,10.000,325.000,P,0,2.946,0.185,51,,,,,,,,,,,
HIGH,14.000,128.000,P,0,3.196,-0.099,51,,,,,,,,,,,
VRDN,17.000,280.000,P,0,3.696,-0.003,51,,,,,,,,,,,
NMVR,18.000,225.000,P,0,3.976,0.011,51,,,,,,,,,,,
BLVR,18.000,199.000,P,0,4.066,0.096,51,,,,,,,,,,,
AZGN,19.000,313.000,P,0,3.996,-0.075,51,,,,,,,,,,,
SRND,20.000,126.000,P,0,4.316,0.063,51,,,,,,,,,,,
KVCH,21.000,117.000,P,0,4.526,0.071,51,,,,,,,,,,,
FRMZ,24.000,61.000,P,0,5.056,0.059,51,,,,,,,,,,,
MGSL,26.000,231.000,P,0,5.166,-0.046,51,,,,,,,,,,,
KRNG,28.000,276.000,P,0,5.466,-0.079,51,,,,,,,,,,,
GOLJ,33.000,91.000,P,0,6.356,-0.077,51,,,,,,,,,,,
,,,,,,,51,2012-08-15 01:32:21.884,38.414,46.793,8.121,1.900,13.000,6.000,95.000,0.090,0.200,0.000
HIGH,6.000,192.000,P,0,1.823,-0.041,52,,,,,,,,,,,
ZANG,8.000,301.000,P,0,2.073,-0.043,52,,,,,,,,,,,
KVCH,10.000,137.000,P,0,2.433,-0.033,52,,,,,,,,,,,
SRND,10.000,157.000,P,0,2.553,0.031,52,,,,,,,,,,,
FRMZ,17.000,33.000,P,0,3.783,0.105,52,,,,,,,,,,,
GOLJ,21.000,85.000,P,0,4.323,-0.091,52,,,,,,,,,,,
ORNG,21.000,301.000,P,0,4.533,0.165,52,,,,,,,,,,,
BLVR,23.000,230.000,P,0,5.103,0.288,52,,,,,,,,,,,
NMVR,27.000,247.000,P,0,5.543,0.101,52,,,,,,,,,,,
VRDN,29.000,280.000,P,0,5.723,0.002,52,,,,,,,,,,,
AZGN,30.000,300.000,P,0,5.833,-0.077,52,,,,,,,,,,,
MGSL,35.000,247.000,P,0,6.843,0.069,52,,,,,,,,,,,
HRS ,35.000,256.000,P,0,6.413,-0.452,52,,,,,,,,,,,
KRNG,40.000,277.000,P,0,7.593,-0.024,52,,,,,,,,,,,
,,,,,,,52,2012-08-15 01:35:40.167,38.394,46.655,4.145,2.000,14.000,6.000,91.000,0.170,0.200,-0.100
ZANG,1.000,297.000,P,0,2.695,-0.218,53,,,,,,,,,,,
HIGH,10.000,156.000,P,0,3.385,-0.083,53,,,,,,,,,,,
ORNG,14.000,300.000,P,0,4.045,0.179,53,,,,,,,,,,,
SRND,16.000,143.000,P,0,4.185,0.086,53,,,,,,,,,,,
KVCH,16.000,131.000,P,0,4.215,0.067,53,,,,,,,,,,,
FRMZ,18.000,54.000,P,0,4.515,0.115,53,,,,,,,,,,,
BLVR,22.000,214.000,P,0,5.155,0.199,53,,,,,,,,,,,
VRDN,23.000,274.000,P,0,5.075,0.030,53,,,,,,,,,,,
AZGN,23.000,300.000,P,0,5.085,-0.044,53,,,,,,,,,,,
NMVR,24.000,234.000,P,0,5.305,0.091,53,,,,,,,,,,,
GOLJ,26.000,94.000,P,0,5.625,-0.007,53,,,,,,,,,,,
HRS ,31.000,247.000,P,0,5.995,-0.384,53,,,,,,,,,,,
MGSL,32.000,237.000,P,0,6.535,0.104,53,,,,,,,,,,,
KRNG,34.000,273.000,P,0,6.815,-0.000,53,,,,,,,,,,,
TBZ ,54.000,113.000,P,0,9.945,-0.135,53,,,,,,,,,,,
,,,,,,,53,2012-08-15 01:39:55.485,38.425,46.718,13.487,3.100,15.000,1.000,113.000,0.160,0.224,0.000
ZANG,1.000,58.000,P,0,2.362,-0.055,54,,,,,,,,,,,
HIGH,11.000,149.000,P,0,3.122,-0.086,54,,,,,,,,,,,
SRND,17.000,140.000,P,0,4.002,0.020,54,,,,,,,,,,,
KVCH,17.000,128.000,P,0,4.072,0.012,54,,,,,,,,,,,
FRMZ,19.000,58.000,P,0,4.442,0.123,54,,,,,,,,,,,
BLVR,22.000,210.000,P,0,4.922,0.272,54,,,,,,,,,,,
VRDN,21.000,274.000,P,0,4.692,0.088,54,,,,,,,,,,,
AZGN,22.000,301.000,P,0,4.752,0.044,54,,,,,,,,,,,
NMVR,23.000,232.000,P,0,4.942,0.092,54,,,,,,,,,,,
GOLJ,28.000,94.000,P,0,5.582,-0.119,54,,,,,,,,,,,
HRS ,30.000,246.000,P,0,5.602,-0.416,54,,,,,,,,,,,
MGSL,30.000,235.000,P,0,6.142,0.040,54,,,,,,,,,,,
KRNG,33.000,272.000,P,0,6.422,-0.014,54,,,,,,,,,,,
,,,,,,,54,2012-08-15 01:45:31.768,38.427,46.736,10.569,1.400,13.000,1.000,115.000,0.160,0.200,0.000
ZANG,6.000,300.000,P,0,1.778,-0.035,55,,,,,,,,,,,
HIGH,7.000,177.000,P,0,1.938,-0.087,55,,,,,,,,,,,
KVCH,12.000,135.000,P,0,2.778,-0.025,55,,,,,,,,,,,
SRND,12.000,152.000,P,0,2.838,0.018,55,,,,,,,,,,,
FRMZ,17.000,40.000,P,0,3.838,0.146,55,,,,,,,,,,,
ORNG,19.000,300.000,P,0,4.128,0.104,55,,,,,,,,,,,
GOLJ,22.000,88.000,P,0,4.608,-0.078,55,,,,,,,,,,,
BLVR,23.000,225.000,P,0,4.848,0.113,55,,,,,,,,,,,
NMVR,26.000,244.000,P,0,5.258,-0.011,55,,,,,,,,,,,
VRDN,27.000,278.000,P,0,5.288,-0.131,55,,,,,,,,,,,
AZGN,28.000,300.000,P,0,5.418,-0.159,55,,,,,,,,,,,
MGSL,34.000,244.000,P,0,6.748,0.146,55,,,,,,,,,,,
HRS ,34.000,253.000,P,4,6.008,-0.640,55,,,,,,,,,,,
,,,,,,,55,2012-08-15 01:46:48.092,38.404,46.674,4.212,1.500,13.000,6.000,99.000,0.110,0.200,-0.100
HIGH,6.000,194.000,P,0,1.618,-0.062,56,,,,,,,,,,,
ZANG,8.000,303.000,P,0,2.118,0.057,56,,,,,,,,,,,
KVCH,9.000,136.000,P,0,2.328,-0.009,56,,,,,,,,,,,
SRND,10.000,157.000,P,0,2.408,0.007,56,,,,,,,,,,,
FRMZ,17.000,32.000,P,0,3.938,0.121,56,,,,,,,,,,,
GOLJ,21.000,84.000,P,0,4.418,-0.080,56,,,,,,,,,,,
ORNG,21.000,301.000,P,0,4.618,0.103,56,,,,,,,,,,,
BLVR,23.000,231.000,P,0,5.068,0.177,56,,,,,,,,,,,
NMVR,27.000,248.000,P,0,5.528,-0.031,56,,,,,,,,,,,
VRDN,29.000,281.000,P,0,5.798,-0.074,56,,,,,,,,,,,
AZGN,30.000,301.000,P,0,5.928,-0.149,56,,,,,,,,,,,
MGSL,35.000,247.000,P,0,6.978,0.088,56,,,,,,,,,,,
KRNG,40.000,278.000,P,0,7.618,-0.146,56,,,,,,,,,,,
,,,,,,,56,2012-08-15 02:04:37.812,38.391,46.654,3.041,1.800,13.000,6.000,89.000,0.100,0.200,-0.100
ZANG,5.000,15.000,P,0,2.505,-0.079,57,,,,,,,,,,,
HIGH,8.000,130.000,P,0,2.765,-0.127,57,,,,,,,,,,,
SRND,15.000,127.000,P,0,3.675,0.032,57,,,,,,,,,,,
ORNG,15.000,318.000,P,0,3.865,0.187,57,,,,,,,,,,,
KVCH,16.000,115.000,P,0,3.885,0.053,57,,,,,,,,,,,
BLVR,18.000,215.000,P,0,4.225,0.178,57,,,,,,,,,,,
NMVR,20.000,240.000,P,0,4.465,0.078,57,,,,,,,,,,,
VRDN,21.000,285.000,P,0,4.635,0.032,57,,,,,,,,,,,
FRMZ,22.000,49.000,P,0,4.905,0.099,57,,,,,,,,,,,
AZGN,24.000,311.000,P,0,4.905,-0.107,57,,,,,,,,,,,
HRS ,27.000,253.000,P,0,5.385,-0.281,57,,,,,,,,,,,
MGSL,28.000,241.000,P,0,5.665,0.026,57,,,,,,,,,,,
GOLJ,28.000,85.000,P,0,5.735,-0.093,57,,,,,,,,,,,
,,,,,,,57,2012-08-15 02:22:39.145,38.389,46.744,10.624,1.700,13.000,5.000,86.000,0.130,0.200,0.000
ZANG,7.000,70.000,P,0,2.902,-0.142,58,,,,,,,,,,,
ORNG,10.000,330.000,P,0,3.462,0.161,58,,,,,,,,,,,
HIGH,14.000,124.000,P,0,3.662,-0.114,58,,,,,,,,,,,
VRDN,16.000,282.000,P,0,4.062,0.084,58,,,,,,,,,,,
NMVR,17.000,225.000,P,0,4.242,0.064,58,,,,,,,,,,,
BLVR,17.000,197.000,P,0,4.362,0.157,58,,,,,,,,,,,
AZGN,19.000,316.000,P,0,4.302,-0.071,58,,,,,,,,,,,
SRND,20.000,123.000,P,0,4.632,0.026,58,,,,,,,,,,,
KVCH,21.000,115.000,P,0,4.872,0.059,58,,,,,,,,,,,
HRS ,24.000,244.000,P,0,4.902,-0.290,58,,,,,,,,,,,
FRMZ,25.000,61.000,P,0,5.402,0.021,58,,,,,,,,,,,
MGSL,25.000,231.000,P,0,5.332,0.027,58,,,,,,,,,,,
KRNG,27.000,277.000,P,0,5.662,0.017,58,,,,,,,,,,,
,,,,,,,58,2012-08-15 02:24:22.398,38.410,46.801,12.724,1.900,13.000,7.000,89.000,0.130,0.200,0.100
ZANG,5.000,321.000,P,0,1.527,0.034,59,,,,,,,,,,,
HIGH,7.000,160.000,P,0,1.787,-0.089,59,,,,,,,,,,,
SRND,12.000,142.000,P,0,2.987,0.048,59,,,,,,,,,,,
KVCH,13.000,126.000,P,0,3.027,0.006,59,,,,,,,,,,,
ORNG,17.000,306.000,P,0,3.987,0.116,59,,,,,,,,,,,
FRMZ,19.000,44.000,P,0,4.207,0.098,59,,,,,,,,,,,
BLVR,21.000,223.000,P,0,4.637,0.145,59,,,,,,,,,,,
NMVR,24.000,243.000,P,0,4.987,-0.021,59,,,,,,,,,,,
GOLJ,24.000,87.000,P,0,5.047,-0.097,59,,,,,,,,,,,
VRDN,25.000,281.000,P,0,5.167,-0.036,59,,,,,,,,,,,
AZGN,26.000,303.000,P,0,5.337,-0.117,59,,,,,,,,,,,
MGSL,32.000,243.000,P,0,6.387,0.029,59,,,,,,,,,,,
KRNG,36.000,277.000,P,0,6.987,-0.117,59,,,,,,,,,,,
,,,,,,,59,2012-08-15 02:27:22.063,38.398,46.697,3.115,1.800,13.000,5.000,82.000,0.090,0.200,-0.100
ORNG,10.000,348.000,P,0,3.003,0.157,60,,,,,,,,,,,
ZANG,10.000,73.000,P,0,2.813,-0.121,60,,,,,,,,,,,
VRDN,13.000,288.000,P,0,3.283,0.013,60,,,,,,,,,,,
NMVR,15.000,218.000,P,0,3.513,-0.013,60,,,,,,,,,,,
BLVR,16.000,187.000,P,0,3.823,0.076,60,,,,,,,,,,,
HIGH,16.000,116.000,P,0,3.693,-0.121,60,,,,,,,,,,,
AZGN,17.000,325.000,P,0,3.813,-0.074,60,,,,,,,,,,,
HRS ,20.000,242.000,P,4,3.893,-0.604,60,,,,,,,,,,,
MGSL,22.000,227.000,P,0,4.613,-0.054,60,,,,,,,,,,,
SRND,22.000,118.000,P,0,4.823,0.063,60,,,,,,,,,,,
KRNG,24.000,280.000,P,0,4.973,-0.012,60,,,,,,,,,,,
KVCH,24.000,110.000,P,0,5.143,0.115,60,,,,,,,,,,,
FRMZ,28.000,63.000,P,0,5.723,0.018,60,,,,,,,,,,,
GOLJ,37.000,89.000,P,0,7.073,-0.046,60,,,,,,,,,,,
,,,,,,,60,2012-08-15 02:39:11.667,38.404,46.838,9.541,2.000,14.000,10.000,73.000,0.090,0.200,0.000
ZANG,1.000,283.000,P,0,2.475,-0.104,61,,,,,,,,,,,
HIGH,11.000,156.000,P,0,3.165,-0.081,61,,,,,,,,,,,
ORNG,14.000,299.000,P,0,3.825,0.196,61,,,,,,,,,,,
SRND,16.000,144.000,P,0,3.965,0.025,61,,,,,,,,,,,
KVCH,16.000,132.000,P,0,4.005,0.021,61,,,,,,,,,,,
FRMZ,18.000,55.000,P,0,4.325,0.124,61,,,,,,,,,,,
BLVR,22.000,214.000,P,0,4.995,0.152,61,,,,,,,,,,,
VRDN,23.000,273.000,P,0,4.875,-0.018,61,,,,,,,,,,,
AZGN,23.000,299.000,P,0,4.865,-0.095,61,,,,,,,,,,,
NMVR,24.000,234.000,P,0,5.135,0.035,61,,,,,,,,,,,
GOLJ,26.000,94.000,P,0,5.415,-0.101,61,,,,,,,,,,,
MGSL,32.000,236.000,P,0,6.315,-0.035,61,,,,,,,,,,,
KRNG,34.000,272.000,P,0,6.595,-0.119,61,,,,,,,,,,,
,,,,,,,61,2012-08-15 02:41:53.515,38.428,46.719,11.505,1.500,13.000,1.000,115.000,0.100,0.200,0.000
ZANG,2.000,297.000,P,0,2.472,-0.093,62,,,,,,,,,,,
HIGH,10.000,158.000,P,0,3.102,-0.047,62,,,,,,,,,,,
ORNG,15.000,300.000,P,0,3.872,0.165,62,,,,,,,,,,,
KVCH,16.000,132.000,P,0,3.932,0.063,62,,,,,,,,,,,
SRND,15.000,144.000,P,0,3.852,0.027,62,,,,,,,,,,,
FRMZ,18.000,53.000,P,0,4.272,0.096,62,,,,,,,,,,,
VRDN,23.000,275.000,P,0,5.002,0.038,62,,,,,,,,,,,
AZGN,24.000,300.000,P,0,4.922,-0.135,62,,,,,,,,,,,
NMVR,24.000,235.000,P,0,5.162,0.058,62,,,,,,,,,,,
GOLJ,26.000,93.000,P,0,5.322,-0.103,62,,,,,,,,,,,
MGSL,32.000,238.000,P,0,6.362,0.000,62,,,,,,,,,,,
KRNG,35.000,273.000,P,0,6.722,-0.069,62,,,,,,,,,,,
,,,,,,,62,2012-08-15 02:45:44.108,38.423,46.713,11.350,1.300,12.000,2.000,111.000,0.090,0.200,0.000
ZANG,4.000,56.000,P,0,2.188,-0.069,63,,,,,,,,,,,
ORNG,12.000,316.000,P,0,3.278,0.184,63,,,,,,,,,,,
HIGH,11.000,134.000,P,0,2.968,-0.097,63,,,,,,,,,,,
SRND,18.000,130.000,P,0,3.988,0.035,63,,,,,,,,,,,
BLVR,19.000,206.000,P,0,4.288,0.167,63,,,,,,,,,,,
VRDN,19.000,280.000,P,0,4.088,-0.054,63,,,,,,,,,,,
KVCH,19.000,119.000,P,0,4.168,0.047,63,,,,,,,,,,,
NMVR,20.000,231.000,P,0,4.238,-0.033,63,,,,,,,,,,,
AZGN,21.000,309.000,P,0,4.338,-0.109,63,,,,,,,,,,,
FRMZ,22.000,57.000,P,0,4.798,0.090,63,,,,,,,,,,,
MGSL,27.000,235.000,P,0,5.468,-0.067,63,,,,,,,,,,,
GOLJ,30.000,90.000,P,0,5.948,-0.093,63,,,,,,,,,,,
,,,,,,,63,2012-08-15 02:53:43.382,38.411,46.765,8.958,1.500,12.000,4.000,98.000,0.100,0.200,0.000
ZANG,4.000,55.000,P,0,2.456,-0.129,64,,,,,,,,,,,
HIGH,11.000,133.000,P,0,3.196,-0.081,64,,,,,,,,,,,
SRND,18.000,129.000,P,0,4.156,0.056,64,,,,,,,,,,,
BLVR,19.000,206.000,P,0,4.426,0.209,64,,,,,,,,,,,
VRDN,19.000,280.000,P,0,4.336,0.087,64,,,,,,,,,,,
KVCH,19.000,118.000,P,0,4.346,0.077,64,,,,,,,,,,,
NMVR,19.000,231.000,P,0,4.446,0.088,64,,,,,,,,,,,
AZGN,21.000,310.000,P,0,4.566,0.004,64,,,,,,,,,,,
FRMZ,23.000,57.000,P,0,5.016,0.158,64,,,,,,,,,,,
HRS ,26.000,247.000,P,0,5.106,-0.404,64,,,,,,,,,,,
MGSL,27.000,235.000,P,0,5.666,0.086,64,,,,,,,,,,,
KRNG,30.000,276.000,P,0,6.066,0.034,64,,,,,,,,,,,
GOLJ,30.000,90.000,P,0,6.146,-0.001,64,,,,,,,,,,,
TBZ ,57.000,110.000,P,0,10.386,-0.183,64,,,,,,,,,,,
,,,,,,,64,2012-08-15 03:41:30.604,38.410,46.767,10.934,3.600,14.000,4.000,105.000,0.160,0.224,0.000
HIGH,7.000,166.000,P,0,2.910,-0.113,65,,,,,,,,,,,
ZANG,5.000,312.000,P,0,2.900,0.008,65,,,,,,,,,,,
SRND,12.000,146.000,P,0,3.540,0.006,65,,,,,,,,,,,
KVCH,12.000,130.000,P,0,3.590,0.009,65,,,,,,,,,,,
FRMZ,18.000,43.000,P,0,4.450,0.156,65,,,,,,,,,,,
BLVR,22.000,224.000,P,0,4.970,0.162,65,,,,,,,,,,,
GOLJ,24.000,88.000,P,0,5.070,-0.103,65,,,,,,,,,,,
NMVR,25.000,243.000,P,0,5.280,0.014,65,,,,,,,,,,,
VRDN,26.000,280.000,P,0,5.430,0.017,65,,,,,,,,,,,
AZGN,27.000,302.000,P,0,5.560,-0.051,65,,,,,,,,,,,
MGSL,32.000,243.000,P,0,6.510,-0.009,65,,,,,,,,,,,
KRNG,37.000,277.000,P,0,7.120,-0.096,65,,,,,,,,,,,
,,,,,,,65,2012-08-15 03:44:30.350,38.401,46.689,12.546,0.000,12.000,5.000,89.000,0.090,0.200,0.000
HIGH,6.000,199.000,P,0,1.907,-0.021,66,,,,,,,,,,,
KVCH,9.000,139.000,P,0,2.347,-0.043,66,,,,,,,,,,,
SRND,10.000,160.000,P,0,2.507,0.044,66,,,,,,,,,,,
ZANG,8.000,301.000,P,0,2.317,0.027,66,,,,,,,,,,,
FRMZ,17.000,31.000,P,0,3.797,0.128,66,,,,,,,,,,,
GOLJ,20.000,84.000,P,0,4.177,-0.110,66,,,,,,,,,,,
ORNG,22.000,300.000,P,0,4.617,0.150,66,,,,,,,,,,,
BLVR,24.000,232.000,P,0,5.047,0.217,66,,,,,,,,,,,
NMVR,28.000,248.000,P,0,5.427,-0.059,66,,,,,,,,,,,
VRDN,30.000,280.000,P,0,5.737,-0.063,66,,,,,,,,,,,
AZGN,31.000,300.000,P,0,5.897,-0.094,66,,,,,,,,,,,
MGSL,35.000,247.000,P,0,6.817,0.000,66,,,,,,,,,,,
KRNG,41.000,278.000,P,0,7.517,-0.176,66,,,,,,,,,,,
,,,,,,,66,2012-08-15 04:27:43.423,38.392,46.648,4.968,1.800,13.000,6.000,89.000,0.110,0.200,-0.100
ZANG,6.000,72.000,P,0,2.302,-0.209,67,,,,,,,,,,,
ORNG,10.000,329.000,P,0,3.102,0.242,67,,,,,,,,,,,
HIGH,14.000,125.000,P,0,3.332,-0.095,67,,,,,,,,,,,
VRDN,16.000,281.000,P,0,3.732,0.044,67,,,,,,,,,,,
NMVR,17.000,225.000,P,0,4.042,0.106,67,,,,,,,,,,,
BLVR,18.000,197.000,P,0,4.162,0.196,67,,,,,,,,,,,
AZGN,19.000,315.000,P,0,4.052,-0.042,67,,,,,,,,,,,
SRND,20.000,124.000,P,0,4.442,0.084,67,,,,,,,,,,,
KVCH,21.000,115.000,P,0,4.662,0.092,67,,,,,,,,,,,
HRS ,24.000,244.000,P,0,4.562,-0.458,67,,,,,,,,,,,
FRMZ,25.000,61.000,P,0,5.172,0.031,67,,,,,,,,,,,
MGSL,25.000,231.000,P,0,5.212,0.060,67,,,,,,,,,,,
KRNG,27.000,277.000,P,0,5.522,0.031,67,,,,,,,,,,,
GOLJ,33.000,90.000,P,0,6.472,-0.082,67,,,,,,,,,,,
,,,,,,,67,2012-08-15 04:29:39.348,38.412,46.799,9.213,2.900,14.000,6.000,92.000,0.180,0.200,0.000
HIGH,5.000,164.000,P,0,1.604,-0.129,68,,,,,,,,,,,
ZANG,6.000,323.000,P,0,1.864,-0.080,68,,,,,,,,,,,
SRND,11.000,141.000,P,0,2.624,0.031,68,,,,,,,,,,,
KVCH,11.000,123.000,P,0,2.694,-0.004,68,,,,,,,,,,,
ORNG,19.000,308.000,P,0,4.254,0.156,68,,,,,,,,,,,
FRMZ,19.000,38.000,P,0,4.204,0.086,68,,,,,,,,,,,
BLVR,21.000,228.000,P,0,4.614,0.284,68,,,,,,,,,,,
NMVR,24.000,247.000,P,0,5.024,0.084,68,,,,,,,,,,,
GOLJ,23.000,83.000,P,0,4.844,-0.043,68,,,,,,,,,,,
VRDN,26.000,284.000,P,0,5.304,-0.005,68,,,,,,,,,,,
AZGN,28.000,305.000,P,4,5.314,-0.310,68,,,,,,,,,,,
MGSL,32.000,247.000,P,0,6.394,0.122,68,,,,,,,,,,,
HRS ,32.000,257.000,P,0,5.914,-0.455,68,,,,,,,,,,,
KRNG,38.000,280.000,P,0,7.144,-0.044,68,,,,,,,,,,,
,,,,,,,68,2012-08-15 04:35:56.946,38.384,46.686,4.433,1.700,14.000,5.000,75.000,0.180,0.200,-0.100
HIGH,10.000,165.000,P,0,3.357,-0.229,69,,,,,,,,,,,
KVCH,15.000,136.000,P,0,4.107,-0.023,69,,,,,,,,,,,
SRND,15.000,149.000,P,0,4.107,-0.012,69,,,,,,,,,,,
ORNG,16.000,297.000,P,0,4.357,0.156,69,,,,,,,,,,,
FRMZ,17.000,51.000,P,0,4.447,0.106,69,,,,,,,,,,,
BLVR,23.000,218.000,P,0,5.607,0.392,69,,,,,,,,,,,
GOLJ,24.000,94.000,P,0,5.437,-0.028,69,,,,,,,,,,,
VRDN,25.000,274.000,P,0,5.397,-0.009,69,,,,,,,,,,,
AZGN,25.000,298.000,P,0,5.357,-0.099,69,,,,,,,,,,,
NMVR,25.000,237.000,P,0,5.607,0.075,69,,,,,,,,,,,
HRS ,32.000,248.000,P,0,6.277,-0.437,69,,,,,,,,,,,
MGSL,33.000,239.000,P,0,6.847,0.104,69,,,,,,,,,,,
KRNG,36.000,273.000,P,0,7.167,0.003,69,,,,,,,,,,,
,,,,,,,69,2012-08-15 04:42:32.623,38.425,46.698,14.747,1.800,13.000,10.000,112.000,0.200,0.200,0.100
HIGH,5.000,162.000,P,0,1.696,-0.031,70,,,,,,,,,,,
ZANG,6.000,324.000,P,0,1.866,-0.072,70,,,,,,,,,,,
KVCH,11.000,122.000,P,0,2.756,0.044,70,,,,,,,,,,,
ORNG,19.000,308.000,P,0,4.236,0.150,70,,,,,,,,,,,
FRMZ,19.000,38.000,P,0,4.196,0.053,70,,,,,,,,,,,
BLVR,20.000,228.000,P,4,4.636,0.331,70,,,,,,,,,,,
GOLJ,24.000,83.000,P,0,4.846,-0.068,70,,,,,,,,,,,
NMVR,24.000,247.000,P,0,5.116,0.200,70,,,,,,,,,,,
VRDN,26.000,284.000,P,0,5.316,0.025,70,,,,,,,,,,,
AZGN,28.000,305.000,P,0,5.566,-0.048,70,,,,,,,,,,,
MGSL,32.000,247.000,P,0,6.416,0.168,70,,,,,,,,,,,
HRS ,32.000,257.000,P,0,5.946,-0.400,70,,,,,,,,,,,
KRNG,37.000,280.000,P,0,7.146,-0.023,70,,,,,,,,,,,
,,,,,,,70,2012-08-15 04:53:20.034,38.383,46.687,4.401,1.900,13.000,5.000,73.000,0.160,0.200,-0.100
ZANG,3.000,35.000,P,0,2.555,-0.117,71,,,,,,,,,,,
HIGH,10.000,135.000,P,0,3.075,-0.135,71,,,,,,,,,,,
ORNG,13.000,315.000,P,0,3.725,0.193,71,,,,,,,,,,,
SRND,16.000,130.000,P,0,3.995,0.023,71,,,,,,,,,,,
BLVR,19.000,210.000,P,0,4.565,0.279,71,,,,,,,,,,,
NMVR,20.000,235.000,P,0,4.615,0.108,71,,,,,,,,,,,
VRDN,20.000,281.000,P,0,4.555,0.057,71,,,,,,,,,,,
FRMZ,22.000,54.000,P,0,4.915,0.119,71,,,,,,,,,,,
AZGN,22.000,309.000,P,0,4.745,-0.064,71,,,,,,,,,,,
HRS ,27.000,249.000,P,0,5.215,-0.481,71,,,,,,,,,,,
MGSL,28.000,237.000,P,0,5.845,0.115,71,,,,,,,,,,,
GOLJ,29.000,89.000,P,0,5.915,-0.069,71,,,,,,,,,,,
KRNG,31.000,277.000,P,0,6.245,-0.026,71,,,,,,,,,,,
,,,,,,,71,2012-08-15 05:09:26.645,38.405,46.753,11.625,1.700,13.000,3.000,79.000,0.190,0.200,0.000
ZANG,3.000,19.000,P,0,2.627,-0.052,72,,,,,,,,,,,
HIGH,10.000,140.000,P,0,3.067,-0.096,72,,,,,,,,,,,
SRND,16.000,133.000,P,0,3.907,0.020,72,,,,,,,,,,,
KVCH,16.000,121.000,P,0,4.027,0.005,72,,,,,,,,,,,
BLVR,19.000,213.000,P,0,4.637,0.241,72,,,,,,,,,,,
FRMZ,21.000,53.000,P,0,4.807,0.138,72,,,,,,,,,,,
NMVR,21.000,236.000,P,0,4.757,0.094,72,,,,,,,,,,,
VRDN,21.000,280.000,P,0,4.787,0.118,72,,,,,,,,,,,
AZGN,23.000,307.000,P,0,4.927,-0.016,72,,,,,,,,,,,
GOLJ,28.000,89.000,P,0,5.717,-0.106,72,,,,,,,,,,,
HRS ,28.000,250.000,P,0,5.467,-0.405,72,,,,,,,,,,,
MGSL,29.000,238.000,P,0,5.927,0.033,72,,,,,,,,,,,
KRNG,33.000,277.000,P,0,6.477,0.026,72,,,,,,,,,,,
,,,,,,,72,2012-08-15 05:26:26.853,38.406,46.740,11.814,2.700,13.000,3.000,74.000,0.160,0.200,0.000
ZANG,5.000,66.000,P,0,2.202,-0.093,73,,,,,,,,,,,
ORNG,11.000,320.000,P,0,3.142,0.200,73,,,,,,,,,,,
HIGH,12.000,130.000,P,0,3.092,-0.097,73,,,,,,,,,,,
VRDN,18.000,280.000,P,0,3.912,-0.019,73,,,,,,,,,,,
BLVR,18.000,203.000,P,0,4.182,0.134,73,,,,,,,,,,,
SRND,19.000,128.000,P,0,4.152,0.043,73,,,,,,,,,,,
NMVR,19.000,228.000,P,0,4.102,-0.021,73,,,,,,,,,,,
AZGN,20.000,311.000,P,0,4.162,-0.106,73,,,,,,,,,,,
KVCH,20.000,118.000,P,0,4.342,0.047,73,,,,,,,,,,,
FRMZ,23.000,59.000,P,0,4.942,0.084,73,,,,,,,,,,,
MGSL,26.000,233.000,P,0,5.342,-0.034,73,,,,,,,,,,,
KRNG,29.000,276.000,P,0,5.712,-0.057,73,,,,,,,,,,,
GOLJ,31.000,91.000,P,0,6.162,-0.080,73,,,,,,,,,,,
,,,,,,,73,2012-08-15 06:13:54.398,38.413,46.779,8.740,1.900,13.000,5.000,98.000,0.100,0.200,0.000
ZANG,5.000,58.000,P,0,2.483,-0.082,74,,,,,,,,,,,
ORNG,12.000,321.000,P,0,3.383,0.179,74,,,,,,,,,,,
HIGH,12.000,129.000,P,0,3.163,-0.124,74,,,,,,,,,,,
VRDN,18.000,281.000,P,0,4.103,-0.004,74,,,,,,,,,,,
BLVR,18.000,204.000,P,0,4.243,0.137,74,,,,,,,,,,,
SRND,18.000,127.000,P,0,4.173,0.034,74,,,,,,,,,,,
NMVR,19.000,230.000,P,0,4.213,-0.002,74,,,,,,,,,,,
KVCH,19.000,117.000,P,0,4.373,0.046,74,,,,,,,,,,,
AZGN,20.000,312.000,P,0,4.353,-0.109,74,,,,,,,,,,,
FRMZ,23.000,58.000,P,0,5.053,0.099,74,,,,,,,,,,,
MGSL,26.000,234.000,P,0,5.393,-0.043,74,,,,,,,,,,,
KRNG,29.000,277.000,P,0,5.833,-0.058,74,,,,,,,,,,,
GOLJ,31.000,90.000,P,0,6.183,-0.074,74,,,,,,,,,,,
,,,,,,,74,2012-08-15 06:25:10.467,38.408,46.776,10.504,2.600,13.000,5.000,95.000,0.100,0.200,0.000
HIGH,8.000,197.000,P,0,2.072,-0.030,75,,,,,,,,,,,
ZANG,8.000,287.000,P,0,2.132,0.030,75,,,,,,,,,,,
KVCH,10.000,148.000,P,0,2.522,-0.026,75,,,,,,,,,,,
SRND,11.000,165.000,P,0,2.742,0.009,75,,,,,,,,,,,
FRMZ,15.000,33.000,P,0,3.532,0.139,75,,,,,,,,,,,
GOLJ,19.000,90.000,P,0,4.172,-0.098,75,,,,,,,,,,,
ORNG,21.000,295.000,P,0,4.592,0.120,75,,,,,,,,,,,
BLVR,25.000,229.000,P,0,5.412,0.190,75,,,,,,,,,,,
NMVR,29.000,245.000,P,0,5.852,0.037,75,,,,,,,,,,,
VRDN,30.000,277.000,P,0,5.822,-0.132,75,,,,,,,,,,,
AZGN,30.000,297.000,P,0,5.892,-0.138,75,,,,,,,,,,,
KRNG,41.000,275.000,P,0,7.762,-0.100,75,,,,,,,,,,,
,,,,,,,75,2012-08-15 06:54:27.388,38.409,46.643,3.311,2.800,12.000,8.000,96.000,0.110,0.200,-0.100
KVCH,9.000,143.000,P,0,2.249,-0.048,76,,,,,,,,,,,
SRND,10.000,164.000,P,0,2.439,0.025,76,,,,,,,,,,,
ZANG,9.000,298.000,P,0,2.279,-0.063,76,,,,,,,,,,,
FRMZ,16.000,29.000,P,0,3.699,0.111,76,,,,,,,,,,,
GOLJ,19.000,84.000,P,0,4.119,-0.063,76,,,,,,,,,,,
ORNG,22.000,299.000,P,0,4.709,0.121,76,,,,,,,,,,,
BLVR,24.000,233.000,P,4,5.219,0.260,76,,,,,,,,,,,
NMVR,28.000,249.000,P,0,5.729,0.102,76,,,,,,,,,,,
VRDN,30.000,280.000,P,0,5.889,-0.049,76,,,,,,,,,,,
AZGN,31.000,299.000,P,0,6.009,-0.103,76,,,,,,,,,,,
MGSL,36.000,248.000,P,0,7.029,0.072,76,,,,,,,,,,,
KRNG,41.000,277.000,P,0,7.729,-0.105,76,,,,,,,,,,,
,,,,,,,76,2012-08-15 07:12:14.081,38.392,46.640,4.382,2.500,12.000,9.000,89.000,0.090,0.200,-0.100
ORNG,12.000,333.000,P,0,3.271,0.120,77,,,,,,,,,,,
HIGH,13.000,118.000,P,0,3.101,-0.210,77,,,,,,,,,,,
BLVR,16.000,200.000,P,0,3.871,0.141,77,,,,,,,,,,,
NMVR,16.000,230.000,P,0,3.791,0.002,77,,,,,,,,,,,
VRDN,17.000,288.000,P,0,3.811,-0.013,77,,,,,,,,,,,
SRND,19.000,120.000,P,0,4.221,0.014,77,,,,,,,,,,,
KVCH,20.000,111.000,P,0,4.521,0.064,77,,,,,,,,,,,
AZGN,20.000,319.000,P,0,4.261,-0.106,77,,,,,,,,,,,
MGSL,24.000,235.000,P,0,4.971,-0.034,77,,,,,,,,,,,
FRMZ,26.000,57.000,P,0,5.391,0.086,77,,,,,,,,,,,
KRNG,28.000,280.000,P,0,5.551,-0.033,77,,,,,,,,,,,
GOLJ,33.000,87.000,P,0,6.521,-0.032,77,,,,,,,,,,,
,,,,,,,77,2012-08-15 09:03:23.569,38.395,46.798,9.741,1.600,12.000,12.000,84.000,0.100,0.200,0.000
HIGH,4.000,184.000,P,0,1.464,-0.128,78,,,,,,,,,,,
SRND,9.000,146.000,P,0,2.304,0.004,78,,,,,,,,,,,
KVCH,9.000,124.000,P,0,2.364,-0.007,78,,,,,,,,,,,
HMLO,17.000,46.000,P,4,54.414,-9.263,78,,,,,,,,,,,
FRMZ,19.000,33.000,P,0,4.194,0.128,78,,,,,,,,,,,
BLVR,21.000,233.000,P,0,4.674,0.209,78,,,,,,,,,,,
ORNG,21.000,307.000,P,0,4.564,0.141,78,,,,,,,,,,,
GOLJ,22.000,80.000,P,0,4.604,-0.023,78,,,,,,,,,,,
NMVR,25.000,251.000,P,0,5.184,0.023,78,,,,,,,,,,,
VRDN,28.000,284.000,P,0,5.574,-0.052,78,,,,,,,,,,,
AZGN,30.000,305.000,P,0,5.824,-0.121,78,,,,,,,,,,,
MGSL,33.000,249.000,P,0,6.514,0.026,78,,,,,,,,,,,
KRNG,39.000,280.000,P,0,7.334,-0.165,78,,,,,,,,,,,
,,,,,,,78,2012-08-15 09:03:48.406,38.376,46.666,4.326,2.600,13.000,4.000,85.000,0.120,0.200,-0.100
ZANG,4.000,332.000,P,0,2.319,-0.031,79,,,,,,,,,,,
HIGH,7.000,152.000,P,0,2.369,-0.229,79,,,,,,,,,,,
SRND,13.000,138.000,P,0,3.339,0.045,79,,,,,,,,,,,
KVCH,14.000,124.000,P,0,3.419,0.023,79,,,,,,,,,,,
FRMZ,19.000,46.000,P,0,4.379,0.111,79,,,,,,,,,,,
BLVR,20.000,221.000,P,0,4.819,0.442,79,,,,,,,,,,,
NMVR,23.000,242.000,P,0,5.049,0.231,79,,,,,,,,,,,
GOLJ,25.000,87.000,P,0,5.279,0.023,79,,,,,,,,,,,
AZGN,26.000,305.000,P,0,5.179,-0.077,79,,,,,,,,,,,
HRS ,31.000,253.000,P,0,5.729,-0.419,79,,,,,,,,,,,
MGSL,31.000,243.000,P,0,6.319,0.206,79,,,,,,,,,,,
KRNG,35.000,278.000,P,0,6.799,-0.039,79,,,,,,,,,,,
TBZ ,52.000,110.000,P,0,9.679,0.019,79,,,,,,,,,,,
BST ,79.000,192.000,P,0,13.949,-0.305,79,,,,,,,,,,,
,,,,,,,79,2012-08-15 09:11:16.341,38.398,46.708,9.382,1.700,14.000,4.000,72.000,0.220,0.200,0.000
ZANG,6.000,63.000,P,0,2.729,-0.039,80,,,,,,,,,,,
ORNG,11.000,329.000,P,0,3.279,0.095,80,,,,,,,,,,,
HIGH,13.000,123.000,P,0,3.319,-0.169,80,,,,,,,,,,,
VRDN,17.000,284.000,P,0,3.899,-0.022,80,,,,,,,,,,,
BLVR,17.000,200.000,P,0,4.109,0.107,80,,,,,,,,,,,
NMVR,17.000,228.000,P,0,3.989,-0.041,80,,,,,,,,,,,
AZGN,19.000,316.000,P,0,4.269,-0.088,80,,,,,,,,,,,
SRND,19.000,123.000,P,0,4.419,0.068,80,,,,,,,,,,,
KVCH,21.000,114.000,P,0,4.669,0.100,80,,,,,,,,,,,
MGSL,25.000,233.000,P,0,5.229,0.015,80,,,,,,,,,,,
HMLO,25.000,70.000,P,4,55.969,-9.247,80,,,,,,,,,,,
FRMZ,25.000,59.000,P,0,5.379,0.138,80,,,,,,,,,,,
KRNG,28.000,278.000,P,0,5.649,-0.008,80,,,,,,,,,,,
GOLJ,33.000,89.000,P,4,57.259,-9.292,80,,,,,,,,,,,
TBZ ,59.000,108.000,P,0,10.839,-0.086,80,,,,,,,,,,,
,,,,,,,80,2012-08-15 09:25:48.931,38.404,46.795,11.035,2.200,15.000,6.000,90.000,0.100,0.224,0.000
GZCH,2.000,352.000,P,0,3.002,-0.204,81,,,,,,,,,,,
ZANG,6.000,80.000,P,0,3.162,-0.235,81,,,,,,,,,,,
ORNG,10.000,324.000,P,0,3.632,0.052,81,,,,,,,,,,,
HIGH,14.000,129.000,P,0,4.072,-0.056,81,,,,,,,,,,,
VRDN,16.000,278.000,P,0,4.332,0.048,81,,,,,,,,,,,
AZGN,18.000,312.000,P,0,4.492,-0.062,81,,,,,,,,,,,
NMVR,18.000,223.000,P,0,4.672,0.076,81,,,,,,,,,,,
BLVR,19.000,197.000,P,0,4.862,0.225,81,,,,,,,,,,,
SRND,20.000,127.000,P,0,5.032,0.140,81,,,,,,,,,,,
KVCH,21.000,118.000,P,0,5.262,0.199,81,,,,,,,,,,,
FRMZ,24.000,63.000,P,0,5.562,0.122,81,,,,,,,,,,,
HMLO,24.000,74.000,P,4,48.802,-16.667,81,,,,,,,,,,,
MGSL,26.000,230.000,P,0,5.742,0.077,81,,,,,,,,,,,
KRNG,27.000,275.000,P,0,5.922,0.052,81,,,,,,,,,,,
GOLJ,33.000,92.000,P,0,6.892,0.082,81,,,,,,,,,,,
TBZ ,60.000,110.000,P,0,11.082,-0.081,81,,,,,,,,,,,
BST ,80.000,186.000,P,0,14.212,-0.371,81,,,,,,,,,,,
,,,,,,,81,2012-08-15 10:00:34.508,38.420,46.797,15.325,2.600,17.000,2.000,70.000,0.170,0.200,0.000
ZANG,4.000,350.000,P,0,2.732,-0.286,82,,,,,,,,,,,
GZCH,8.000,305.000,P,0,3.162,-0.121,82,,,,,,,,,,,
HIGH,8.000,144.000,P,0,3.182,-0.079,82,,,,,,,,,,,
SRND,14.000,135.000,P,0,3.972,0.116,82,,,,,,,,,,,
KVCH,15.000,121.000,P,0,4.082,0.106,82,,,,,,,,,,,
ORNG,16.000,311.000,P,0,4.212,0.135,82,,,,,,,,,,,
HMLO,19.000,61.000,P,4,55.342,-9.260,82,,,,,,,,,,,
BLVR,19.000,218.000,P,0,4.852,0.275,82,,,,,,,,,,,
FRMZ,20.000,48.000,P,0,4.842,0.108,82,,,,,,,,,,,
NMVR,22.000,240.000,P,0,5.112,0.179,82,,,,,,,,,,,
VRDN,23.000,282.000,P,0,5.112,0.045,82,,,,,,,,,,,
AZGN,25.000,307.000,P,0,5.262,-0.089,82,,,,,,,,,,,
GOLJ,27.000,87.000,P,0,5.742,0.039,82,,,,,,,,,,,
HRS ,29.000,252.000,P,0,5.882,-0.284,82,,,,,,,,,,,
MGSL,30.000,241.000,P,0,6.342,0.202,82,,,,,,,,,,,
KRNG,34.000,278.000,P,0,6.872,0.062,82,,,,,,,,,,,
TBZ ,53.000,110.000,P,0,9.952,-0.008,82,,,,,,,,,,,
BST ,79.000,191.000,P,0,13.912,-0.363,82,,,,,,,,,,,
,,,,,,,82,2012-08-15 10:16:00.438,38.397,46.723,13.679,2.700,18.000,4.000,57.000,0.190,0.200,0.000
HIGH,6.000,203.000,P,0,1.843,-0.057,83,,,,,,,,,,,
KVCH,9.000,142.000,P,0,2.303,0.003,83,,,,,,,,,,,
ZANG,9.000,298.000,P,0,2.263,-0.062,83,,,,,,,,,,,
SRND,10.000,163.000,P,0,2.423,0.011,83,,,,,,,,,,,
HMLO,14.000,45.000,P,4,53.993,-9.191,83,,,,,,,,,,,
GZCH,15.000,291.000,P,0,3.313,-0.044,83,,,,,,,,,,,
FRMZ,16.000,29.000,P,0,3.783,0.182,83,,,,,,,,,,,
GOLJ,19.000,84.000,P,0,4.223,0.023,83,,,,,,,,,,,
ORNG,22.000,300.000,P,0,4.673,0.095,83,,,,,,,,,,,
BLVR,24.000,233.000,P,0,5.143,0.197,83,,,,,,,,,,,
NMVR,28.000,249.000,P,0,5.623,0.010,83,,,,,,,,,,,
VRDN,30.000,280.000,P,0,5.843,-0.083,83,,,,,,,,,,,
AZGN,31.000,300.000,P,0,5.953,-0.150,83,,,,,,,,,,,
MGSL,36.000,248.000,P,0,6.993,0.049,83,,,,,,,,,,,
TBZ ,46.000,112.000,P,0,8.573,-0.139,83,,,,,,,,,,,
,,,,,,,83,2012-08-15 10:53:24.677,38.392,46.641,4.294,2.400,15.000,6.000,89.000,0.110,0.224,-0.100
ZANG,3.000,325.000,P,0,1.272,-0.057,84,,,,,,,,,,,
HIGH,8.000,155.000,P,0,2.152,-0.019,84,,,,,,,,,,,
GZCH,9.000,294.000,P,0,2.282,0.093,84,,,,,,,,,,,
SRND,14.000,141.000,P,0,3.262,-0.003,84,,,,,,,,,,,
KVCH,14.000,127.000,P,0,3.342,-0.005,84,,,,,,,,,,,
ORNG,16.000,305.000,P,0,3.692,0.131,84,,,,,,,,,,,
HMLO,18.000,63.000,P,4,54.632,-9.307,84,,,,,,,,,,,
FRMZ,19.000,49.000,P,0,4.212,0.113,84,,,,,,,,,,,
BLVR,21.000,218.000,P,0,4.612,0.139,84,,,,,,,,,,,
NMVR,23.000,239.000,P,0,4.882,-0.008,84,,,,,,,,,,,
VRDN,24.000,278.000,P,0,4.882,-0.054,84,,,,,,,,,,,
AZGN,25.000,303.000,P,0,5.022,-0.125,84,,,,,,,,,,,
GOLJ,25.000,90.000,P,0,5.272,-0.048,84,,,,,,,,,,,
HRS ,31.000,251.000,P,4,5.632,-0.602,84,,,,,,,,,,,
MGSL,31.000,240.000,P,0,6.202,-0.035,84,,,,,,,,,,,
KRNG,35.000,276.000,P,0,6.772,-0.081,84,,,,,,,,,,,
BST ,80.000,191.000,P,4,13.962,-0.595,84,,,,,,,,,,,
,,,,,,,84,2012-08-15 10:56:56.968,38.408,46.711,3.352,2.900,17.000,3.000,82.000,0.090,0.200,-0.100
HIGH,6.000,176.000,P,0,1.795,-0.059,85,,,,,,,,,,,
ZANG,6.000,306.000,P,0,1.835,0.034,85,,,,,,,,,,,
SRND,11.000,150.000,P,0,2.725,-0.010,85,,,,,,,,,,,
KVCH,11.000,132.000,P,0,2.745,0.008,85,,,,,,,,,,,
GZCH,12.000,293.000,P,0,2.895,0.029,85,,,,,,,,,,,
HMLO,16.000,54.000,P,4,54.285,-9.247,85,,,,,,,,,,,
FRMZ,17.000,39.000,P,0,3.975,0.149,85,,,,,,,,,,,
BLVR,22.000,227.000,P,0,4.795,0.128,85,,,,,,,,,,,
GOLJ,22.000,87.000,P,0,4.665,-0.068,85,,,,,,,,,,,
NMVR,26.000,245.000,P,0,5.275,0.021,85,,,,,,,,,,,
VRDN,27.000,280.000,P,0,5.385,-0.090,85,,,,,,,,,,,
AZGN,28.000,301.000,P,0,5.555,-0.122,85,,,,,,,,,,,
MGSL,33.000,245.000,P,0,6.605,0.018,85,,,,,,,,,,,
,,,,,,,85,2012-08-15 11:23:43.855,38.398,46.675,3.640,1.900,13.000,6.000,91.000,0.080,0.224,-0.100
GZCH,4.000,326.000,P,0,2.510,-0.083,86,,,,,,,,,,,
ZANG,4.000,57.000,P,0,2.460,-0.178,86,,,,,,,,,,,
ORNG,12.000,320.000,P,0,3.470,0.184,86,,,,,,,,,,,
SRND,18.000,127.000,P,0,4.220,0.067,86,,,,,,,,,,,
VRDN,18.000,281.000,P,0,4.260,0.073,86,,,,,,,,,,,
BLVR,18.000,205.000,P,0,4.340,0.174,86,,,,,,,,,,,
NMVR,19.000,231.000,P,0,4.360,0.073,86,,,,,,,,,,,
KVCH,19.000,117.000,P,0,4.440,0.105,86,,,,,,,,,,,
AZGN,21.000,311.000,P,0,4.490,-0.039,86,,,,,,,,,,,
HMLO,23.000,69.000,P,4,55.670,-9.244,86,,,,,,,,,,,
FRMZ,23.000,57.000,P,0,5.080,0.128,86,,,,,,,,,,,
HRS ,26.000,247.000,P,0,5.000,-0.428,86,,,,,,,,,,,
MGSL,27.000,235.000,P,0,5.590,0.091,86,,,,,,,,,,,
KRNG,30.000,277.000,P,0,6.010,0.053,86,,,,,,,,,,,
GOLJ,31.000,90.000,P,0,6.230,-0.009,86,,,,,,,,,,,
TBZ ,58.000,109.000,P,0,10.470,-0.174,86,,,,,,,,,,,
,,,,,,,86,2012-08-15 11:27:05.720,38.408,46.773,11.067,2.300,16.000,4.000,89.000,0.170,0.224,0.000
HIGH,5.000,168.000,P,0,1.603,-0.110,87,,,,,,,,,,,
ZANG,6.000,320.000,P,0,1.883,-0.005,87,,,,,,,,,,,
SRND,11.000,143.000,P,0,2.583,-0.018,87,,,,,,,,,,,
KVCH,11.000,125.000,P,0,2.703,0.017,87,,,,,,,,,,,
GZCH,12.000,300.000,P,0,2.873,0.053,87,,,,,,,,,,,
HMLO,17.000,52.000,P,4,54.483,-9.255,87,,,,,,,,,,,
FRMZ,19.000,38.000,P,0,4.193,0.144,87,,,,,,,,,,,
BLVR,21.000,228.000,P,0,4.583,0.189,87,,,,,,,,,,,
GOLJ,23.000,84.000,P,0,4.793,-0.058,87,,,,,,,,,,,
NMVR,24.000,247.000,P,0,5.053,0.035,87,,,,,,,,,,,
VRDN,27.000,283.000,P,0,5.323,-0.039,87,,,,,,,,,,,
AZGN,28.000,304.000,P,0,5.583,-0.071,87,,,,,,,,,,,
MGSL,32.000,246.000,P,0,6.333,-0.021,87,,,,,,,,,,,
KRNG,38.000,279.000,P,0,7.143,-0.102,87,,,,,,,,,,,
TBZ ,50.000,110.000,P,0,9.293,0.024,87,,,,,,,,,,,
,,,,,,,87,2012-08-15 11:39:29.007,38.387,46.683,3.919,2.000,15.000,5.000,78.000,0.090,0.224,-0.100
GZCH,6.000,4.000,P,0,2.356,-0.009,88,,,,,,,,,,,
ZANG,8.000,53.000,P,0,2.546,-0.079,88,,,,,,,,,,,
ORNG,13.000,337.000,P,0,3.326,0.186,88,,,,,,,,,,,
HIGH,13.000,113.000,P,0,3.146,-0.074,88,,,,,,,,,,,
BLVR,15.000,199.000,P,0,3.536,0.071,88,,,,,,,,,,,
NMVR,15.000,231.000,P,0,3.566,0.033,88,,,,,,,,,,,
VRDN,16.000,292.000,P,0,3.716,0.006,88,,,,,,,,,,,
SRND,19.000,116.000,P,0,4.076,-0.071,88,,,,,,,,,,,
AZGN,20.000,322.000,P,0,4.286,-0.082,88,,,,,,,,,,,
KVCH,21.000,107.000,P,0,4.536,0.103,88,,,,,,,,,,,
MGSL,23.000,236.000,P,0,4.726,-0.049,88,,,,,,,,,,,
HMLO,26.000,66.000,P,4,56.176,-9.186,88,,,,,,,,,,,
KRNG,27.000,283.000,P,0,5.416,-0.063,88,,,,,,,,,,,
GOLJ,34.000,85.000,P,0,6.696,0.064,88,,,,,,,,,,,
,,,,,,,88,2012-08-15 12:03:56.664,38.385,46.805,8.592,1.600,14.000,6.000,84.000,0.090,0.200,0.000
ZANG,2.000,254.000,P,0,1.159,-0.130,89,,,,,,,,,,,
MHTR,4.000,353.000,P,0,1.529,0.096,89,,,,,,,,,,,
GZCH,8.000,273.000,P,0,2.219,0.054,89,,,,,,,,,,,
HIGH,11.000,164.000,P,0,2.689,-0.000,89,,,,,,,,,,,
ORNG,15.000,294.000,P,0,3.509,0.136,89,,,,,,,,,,,
HMLO,16.000,72.000,P,4,54.299,-9.335,89,,,,,,,,,,,
FRMZ,16.000,55.000,P,0,3.739,0.058,89,,,,,,,,,,,
KVCH,16.000,137.000,P,0,3.619,-0.002,89,,,,,,,,,,,
SRND,16.000,149.000,P,0,3.679,0.044,89,,,,,,,,,,,
AZGN,24.000,296.000,P,0,4.839,-0.120,89,,,,,,,,,,,
BLVR,24.000,215.000,P,0,5.099,0.151,89,,,,,,,,,,,
VRDN,24.000,271.000,P,0,4.959,-0.019,89,,,,,,,,,,,
GOLJ,25.000,97.000,P,0,5.159,-0.079,89,,,,,,,,,,,
NMVR,26.000,234.000,P,0,5.229,-0.026,89,,,,,,,,,,,
HRS ,32.000,246.000,P,4,5.889,-0.608,89,,,,,,,,,,,
MGSL,33.000,236.000,P,0,6.539,-0.034,89,,,,,,,,,,,
KRNG,35.000,271.000,P,0,6.819,-0.086,89,,,,,,,,,,,
TBZ ,53.000,115.000,P,4,9.839,-0.130,89,,,,,,,,,,,
BST ,83.000,191.000,P,4,14.539,-0.524,89,,,,,,,,,,,
,,,,,,,89,2012-08-15 13:19:00.861,38.436,46.705,3.454,2.200,19.000,2.000,61.000,0.100,0.200,-0.100
ZANG,4.000,46.000,P,0,2.811,-0.266,90,,,,,,,,,,,
GZCH,5.000,318.000,P,0,2.931,-0.173,90,,,,,,,,,,,
MHTR,8.000,32.000,P,0,3.231,-0.120,90,,,,,,,,,,,
HIGH,11.000,132.000,P,0,3.551,-0.034,90,,,,,,,,,,,
ORNG,13.000,317.000,P,0,3.871,0.139,90,,,,,,,,,,,
SRND,17.000,129.000,P,0,4.451,0.156,90,,,,,,,,,,,
KVCH,18.000,118.000,P,0,4.601,0.146,90,,,,,,,,,,,
VRDN,19.000,281.000,P,0,4.671,0.085,90,,,,,,,,,,,
BLVR,18.000,208.000,P,0,4.761,0.302,90,,,,,,,,,,,
NMVR,20.000,233.000,P,0,4.781,0.154,90,,,,,,,,,,,
AZGN,21.000,310.000,P,0,4.841,-0.054,90,,,,,,,,,,,
HMLO,22.000,68.000,P,4,55.831,-9.180,90,,,,,,,,,,,
FRMZ,22.000,56.000,P,0,5.191,0.127,90,,,,,,,,,,,
HRS ,27.000,248.000,P,0,5.451,-0.293,90,,,,,,,,,,,
MGSL,27.000,236.000,P,0,5.971,0.185,90,,,,,,,,,,,
GOLJ,30.000,89.000,P,0,6.301,0.058,90,,,,,,,,,,,
KRNG,31.000,277.000,P,0,6.361,0.086,90,,,,,,,,,,,
TBZ ,57.000,110.000,P,0,10.521,-0.030,90,,,,,,,,,,,
BST ,79.000,188.000,P,0,13.911,-0.433,90,,,,,,,,,,,
,,,,,,,90,2012-08-15 13:34:32.689,38.406,46.761,14.003,3.000,19.000,4.000,73.000,0.200,0.200,0.000
MHTR,6.000,353.000,P,0,3.194,-0.173,91,,,,,,,,,,,
GZCH,9.000,285.000,P,0,3.464,-0.124,91,,,,,,,,,,,
HIGH,9.000,162.000,P,0,3.574,-0.059,91,,,,,,,,,,,
KVCH,15.000,133.000,P,0,4.254,0.070,91,,,,,,,,,,,
SRND,15.000,146.000,P,0,4.294,0.141,91,,,,,,,,,,,
HMLO,16.000,66.000,P,4,55.184,-9.239,91,,,,,,,,,,,
FRMZ,17.000,50.000,P,0,4.604,0.102,91,,,,,,,,,,,
GOLJ,25.000,92.000,P,0,5.614,0.048,91,,,,,,,,,,,
VRDN,24.000,275.000,P,0,5.484,0.066,91,,,,,,,,,,,
AZGN,25.000,300.000,P,0,5.484,-0.030,91,,,,,,,,,,,
NMVR,25.000,238.000,P,0,5.734,0.243,91,,,,,,,,,,,
HRS ,32.000,249.000,P,0,6.404,-0.267,91,,,,,,,,,,,
MGSL,32.000,239.000,P,0,6.914,0.228,91,,,,,,,,,,,
KRNG,36.000,274.000,P,0,7.234,0.081,91,,,,,,,,,,,
TBZ ,53.000,113.000,P,0,9.854,-0.038,91,,,,,,,,,,,
BST ,81.000,192.000,P,0,14.524,-0.252,91,,,,,,,,,,,
,,,,,,,91,2012-08-15 13:37:05.326,38.419,46.702,15.412,2.000,16.000,6.000,56.000,0.160,0.200,0.000
HIGH,6.000,173.000,P,0,1.718,-0.061,92,,,,,,,,,,,
ZANG,6.000,314.000,P,0,1.848,-0.080,92,,,,,,,,,,,
MHTR,9.000,342.000,P,0,2.448,0.050,92,,,,,,,,,,,
SRND,11.000,146.000,P,0,2.688,0.087,92,,,,,,,,,,,
KVCH,11.000,128.000,P,0,2.638,-0.014,92,,,,,,,,,,,
GZCH,12.000,298.000,P,0,2.948,0.076,92,,,,,,,,,,,
HMLO,16.000,52.000,P,4,54.358,-9.274,92,,,,,,,,,,,
FRMZ,18.000,38.000,P,0,4.028,0.080,92,,,,,,,,,,,
BLVR,22.000,228.000,P,0,4.818,0.316,92,,,,,,,,,,,
GOLJ,23.000,84.000,P,0,4.678,-0.078,92,,,,,,,,,,,
NMVR,25.000,247.000,P,0,5.268,0.160,92,,,,,,,,,,,
VRDN,27.000,282.000,P,0,5.458,0.040,92,,,,,,,,,,,
AZGN,28.000,303.000,P,0,5.618,-0.060,92,,,,,,,,,,,
MGSL,33.000,246.000,P,0,6.568,0.128,92,,,,,,,,,,,
HRS ,33.000,256.000,P,0,6.098,-0.429,92,,,,,,,,,,,
KRNG,38.000,278.000,P,0,7.288,-0.018,92,,,,,,,,,,,
TBZ ,49.000,110.000,P,0,9.258,0.066,92,,,,,,,,,,,
BST ,79.000,194.000,P,0,14.018,-0.219,92,,,,,,,,,,,
,,,,,,,92,2012-08-15 13:38:50.872,38.390,46.677,4.230,2.300,18.000,6.000,54.000,0.170,0.200,-0.100
GZCH,7.000,352.000,P,0,2.651,-0.119,93,,,,,,,,,,,
ZANG,8.000,43.000,P,0,2.631,-0.252,93,,,,,,,,,,,
HIGH,11.000,113.000,P,0,3.171,-0.105,93,,,,,,,,,,,
MHTR,12.000,35.000,P,0,3.281,-0.090,93,,,,,,,,,,,
ORNG,14.000,333.000,P,0,3.691,0.172,93,,,,,,,,,,,
BLVR,15.000,205.000,P,0,3.911,0.240,93,,,,,,,,,,,
NMVR,16.000,236.000,P,0,4.011,0.170,93,,,,,,,,,,,
SRND,18.000,116.000,P,0,4.211,0.117,93,,,,,,,,,,,
VRDN,18.000,292.000,P,0,4.201,0.095,93,,,,,,,,,,,
KVCH,19.000,107.000,P,0,4.501,0.138,93,,,,,,,,,,,
AZGN,22.000,320.000,P,0,4.661,-0.050,93,,,,,,,,,,,
HRS ,23.000,253.000,P,0,4.721,-0.319,93,,,,,,,,,,,
MGSL,24.000,239.000,P,0,5.241,0.207,93,,,,,,,,,,,
FRMZ,26.000,53.000,P,0,5.521,0.100,93,,,,,,,,,,,
GOLJ,32.000,84.000,P,0,6.551,0.046,93,,,,,,,,,,,
TBZ ,58.000,106.000,P,0,10.741,0.022,93,,,,,,,,,,,
BST ,76.000,187.000,P,0,13.391,-0.373,93,,,,,,,,,,,
,,,,,,,93,2012-08-15 14:02:40.799,38.380,46.789,11.054,2.000,17.000,7.000,71.000,0.190,0.200,0.000
NMVR,10.000,190.000,P,0,3.236,0.029,94,,,,,,,,,,,
GZCH,12.000,61.000,P,0,3.406,-0.090,94,,,,,,,,,,,
ORNG,13.000,25.000,P,0,3.626,0.109,94,,,,,,,,,,,
HRS ,13.000,234.000,P,0,3.446,-0.261,94,,,,,,,,,,,
BLVR,15.000,160.000,P,4,3.906,0.064,94,,,,,,,,,,,
AZGN,16.000,351.000,P,0,3.936,-0.040,94,,,,,,,,,,,
MGSL,16.000,214.000,P,0,4.076,0.120,94,,,,,,,,,,,
KRNG,18.000,290.000,P,0,4.286,0.122,94,,,,,,,,,,,
ZANG,17.000,74.000,P,0,4.146,-0.069,94,,,,,,,,,,,
MHTR,21.000,63.000,P,0,4.606,-0.058,94,,,,,,,,,,,
HIGH,22.000,103.000,P,0,4.996,0.036,94,,,,,,,,,,,
SRND,28.000,107.000,P,0,6.006,0.142,94,,,,,,,,,,,
KVCH,30.000,102.000,P,0,6.376,0.172,94,,,,,,,,,,,
GOLJ,44.000,87.000,P,0,8.446,0.030,94,,,,,,,,,,,
TBZ ,70.000,104.000,P,0,12.386,-0.241,94,,,,,,,,,,,
BST ,76.000,178.000,P,4,13.166,-0.669,94,,,,,,,,,,,
,,,,,,,94,2012-08-15 14:06:47.014,38.387,46.920,12.311,1.600,16.000,10.000,61.000,0.140,0.200,0.000
ZANG,4.000,54.000,P,0,2.479,-0.135,95,,,,,,,,,,,
GZCH,4.000,320.000,P,0,2.579,-0.031,95,,,,,,,,,,,
MHTR,8.000,36.000,P,0,2.939,-0.001,95,,,,,,,,,,,
HIGH,11.000,132.000,P,0,3.209,-0.081,95,,,,,,,,,,,
ORNG,12.000,318.000,P,0,3.529,0.208,95,,,,,,,,,,,
SRND,18.000,129.000,P,0,4.149,0.042,95,,,,,,,,,,,
BLVR,18.000,206.000,P,0,4.379,0.160,95,,,,,,,,,,,
KVCH,19.000,118.000,P,0,4.339,0.061,95,,,,,,,,,,,
VRDN,19.000,280.000,P,0,4.329,0.066,95,,,,,,,,,,,
NMVR,19.000,231.000,P,0,4.529,0.167,95,,,,,,,,,,,
AZGN,21.000,310.000,P,0,4.519,-0.060,95,,,,,,,,,,,
HMLO,22.000,69.000,P,4,56.059,-8.775,95,,,,,,,,,,,
FRMZ,23.000,57.000,P,0,4.969,0.093,95,,,,,,,,,,,
HRS ,26.000,247.000,P,0,5.059,-0.454,95,,,,,,,,,,,
MGSL,27.000,235.000,P,0,5.639,0.059,95,,,,,,,,,,,
KRNG,30.000,277.000,P,0,6.059,0.020,95,,,,,,,,,,,
GOLJ,30.000,90.000,P,0,6.079,-0.078,95,,,,,,,,,,,
,,,,,,,95,2012-08-15 14:17:20.701,38.409,46.767,11.097,2.000,17.000,4.000,76.000,0.160,0.200,0.000
GZCH,3.000,341.000,P,0,2.322,-0.064,96,,,,,,,,,,,
ZANG,5.000,68.000,P,0,2.492,-0.069,96,,,,,,,,,,,
ORNG,11.000,324.000,P,0,3.242,0.210,96,,,,,,,,,,,
HIGH,13.000,128.000,P,0,3.342,-0.054,96,,,,,,,,,,,
VRDN,17.000,280.000,P,0,3.902,-0.003,96,,,,,,,,,,,
BLVR,18.000,201.000,P,0,4.052,-0.026,96,,,,,,,,,,,
NMVR,18.000,227.000,P,0,4.212,0.103,96,,,,,,,,,,,
AZGN,19.000,313.000,P,0,4.222,-0.044,96,,,,,,,,,,,
SRND,19.000,126.000,P,0,4.332,0.047,96,,,,,,,,,,,
KVCH,20.000,117.000,P,0,4.592,0.111,96,,,,,,,,,,,
HMLO,24.000,71.000,P,4,56.382,-8.651,96,,,,,,,,,,,
FRMZ,24.000,60.000,P,0,5.002,-0.041,96,,,,,,,,,,,
MGSL,26.000,232.000,P,0,5.232,-0.089,96,,,,,,,,,,,
KRNG,28.000,276.000,P,0,5.642,-0.049,96,,,,,,,,,,,
,,,,,,,96,2012-08-15 14:20:41.268,38.412,46.788,10.112,1.600,14.000,3.000,78.000,0.090,0.200,0.000
GZCH,4.000,329.000,P,0,2.245,-0.042,97,,,,,,,,,,,
ZANG,5.000,66.000,P,0,2.245,-0.153,97,,,,,,,,,,,
MHTR,9.000,43.000,P,0,2.745,-0.022,97,,,,,,,,,,,
ORNG,11.000,321.000,P,0,3.205,0.195,97,,,,,,,,,,,
HIGH,12.000,130.000,P,0,3.205,-0.044,97,,,,,,,,,,,
VRDN,18.000,280.000,P,0,4.025,0.056,97,,,,,,,,,,,
BLVR,18.000,203.000,P,0,4.265,0.185,97,,,,,,,,,,,
NMVR,19.000,228.000,P,0,4.235,0.081,97,,,,,,,,,,,
SRND,19.000,128.000,P,0,4.245,0.097,97,,,,,,,,,,,
AZGN,20.000,311.000,P,0,4.265,-0.040,97,,,,,,,,,,,
KVCH,20.000,118.000,P,0,4.445,0.112,97,,,,,,,,,,,
HMLO,23.000,71.000,P,4,56.125,-8.752,97,,,,,,,,,,,
FRMZ,23.000,59.000,P,0,5.025,0.129,97,,,,,,,,,,,
HRS ,25.000,245.000,P,0,4.825,-0.467,97,,,,,,,,,,,
MGSL,26.000,233.000,P,0,5.495,0.102,97,,,,,,,,,,,
KRNG,29.000,276.000,P,0,5.835,0.048,97,,,,,,,,,,,
GOLJ,31.000,91.000,P,0,6.205,-0.062,97,,,,,,,,,,,
TBZ ,59.000,110.000,P,0,10.595,-0.137,97,,,,,,,,,,,
BST ,80.000,187.000,P,4,13.645,-0.715,97,,,,,,,,,,,
,,,,,,,97,2012-08-15 14:56:56.825,38.413,46.779,9.401,2.400,19.000,4.000,73.000,0.170,0.200,0.000
ZANG,5.000,24.000,P,0,2.750,-0.223,98,,,,,,,,,,,
GZCH,7.000,323.000,P,0,2.980,-0.100,98,,,,,,,,,,,
MHTR,10.000,23.000,P,0,3.250,-0.078,98,,,,,,,,,,,
HIGH,9.000,127.000,P,0,3.230,-0.051,98,,,,,,,,,,,
SRND,15.000,125.000,P,0,4.120,0.149,98,,,,,,,,,,,
BLVR,17.000,213.000,P,0,4.640,0.431,98,,,,,,,,,,,
VRDN,21.000,286.000,P,0,4.760,0.092,98,,,,,,,,,,,
HMLO,22.000,63.000,P,4,56.230,-8.705,98,,,,,,,,,,,
FRMZ,23.000,51.000,P,0,5.240,0.189,98,,,,,,,,,,,
AZGN,23.000,312.000,P,0,5.000,-0.076,98,,,,,,,,,,,
HRS ,27.000,252.000,P,0,5.400,-0.298,98,,,,,,,,,,,
MGSL,27.000,240.000,P,0,5.880,0.201,98,,,,,,,,,,,
GOLJ,29.000,86.000,P,0,6.130,0.056,98,,,,,,,,,,,
KRNG,32.000,280.000,P,0,6.540,0.157,98,,,,,,,,,,,
TBZ ,55.000,108.000,P,0,10.300,-0.005,98,,,,,,,,,,,
BST ,77.000,189.000,P,0,13.640,-0.411,98,,,,,,,,,,,
,,,,,,,98,2012-08-15 15:20:25.740,38.390,46.752,13.033,1.600,16.000,5.000,62.000,0.220,0.200,0.000
HIGH,6.000,205.000,P,0,2.121,-0.040,99,,,,,,,,,,,
KVCH,8.000,139.000,P,0,2.491,0.012,99,,,,,,,,,,,
SRND,9.000,161.000,P,0,2.591,0.060,99,,,,,,,,,,,
ZANG,9.000,303.000,P,0,2.461,-0.133,99,,,,,,,,,,,
MHTR,11.000,328.000,P,0,2.841,-0.009,99,,,,,,,,,,,
HMLO,14.000,43.000,P,4,54.601,-8.776,99,,,,,,,,,,,
GZCH,15.000,294.000,P,0,3.461,0.002,99,,,,,,,,,,,
FRMZ,17.000,29.000,P,0,3.881,0.116,99,,,,,,,,,,,
GOLJ,20.000,82.000,P,0,4.221,-0.035,99,,,,,,,,,,,
ORNG,22.000,301.000,P,0,4.761,0.157,99,,,,,,,,,,,
BLVR,24.000,234.000,P,0,5.201,0.359,99,,,,,,,,,,,
NMVR,28.000,250.000,P,0,5.681,0.154,99,,,,,,,,,,,
VRDN,30.000,281.000,P,0,5.911,0.012,99,,,,,,,,,,,
AZGN,31.000,301.000,P,0,6.011,-0.103,99,,,,,,,,,,,
MGSL,35.000,249.000,P,0,6.981,0.132,99,,,,,,,,,,,
HRS ,36.000,258.000,P,0,6.571,-0.401,99,,,,,,,,,,,
KRNG,41.000,278.000,P,0,7.761,-0.020,99,,,,,,,,,,,
TBZ ,46.000,111.000,P,0,8.661,0.009,99,,,,,,,,,,,
BST ,79.000,196.000,P,0,14.021,-0.235,99,,,,,,,,,,,
,,,,,,,99,2012-08-15 15:33:26.049,38.386,46.643,7.341,1.900,19.000,6.000,60.000,0.170,0.200,0.000
GZCH,3.000,351.000,P,0,2.183,-0.140,100,,,,,,,,,,,
ZANG,6.000,70.000,P,0,2.343,-0.210,100,,,,,,,,,,,
MHTR,10.000,49.000,P,0,2.863,-0.068,100,,,,,,,,,,,
ORNG,10.000,327.000,P,0,3.133,0.180,100,,,,,,,,,,,
HIGH,13.000,126.000,P,0,3.423,-0.002,100,,,,,,,,,,,
NMVR,18.000,226.000,P,0,4.213,0.192,100,,,,,,,,,,,
BLVR,18.000,199.000,P,0,4.283,0.260,100,,,,,,,,,,,
AZGN,19.000,314.000,P,0,4.163,-0.017,100,,,,,,,,,,,
SRND,20.000,125.000,P,0,4.483,0.150,100,,,,,,,,,,,
KVCH,21.000,116.000,P,0,4.743,0.205,100,,,,,,,,,,,
HMLO,24.000,72.000,P,4,56.353,-8.749,100,,,,,,,,,,,
FRMZ,24.000,61.000,P,0,5.173,0.068,100,,,,,,,,,,,
HRS ,24.000,244.000,P,0,4.763,-0.347,100,,,,,,,,,,,
MGSL,25.000,231.000,P,0,5.383,0.151,100,,,,,,,,,,,
KRNG,28.000,276.000,P,0,5.673,0.088,100,,,,,,,,,,,
TBZ ,60.000,109.000,P,0,10.883,-0.062,100,,,,,,,,,,,
BST ,79.000,186.000,P,0,13.913,-0.416,100,,,,,,,,,,,
,,,,,,,100,2012-08-15 15:43:25.277,38.412,46.794,9.768,2.100,17.000,3.000,61.000,0.210,0.200,0.000
ZANG,6.000,303.000,P,0,1.836,-0.038,101,,,,,,,,,,,
SRND,12.000,151.000,P,0,2.846,0.025,101,,,,,,,,,,,
KVCH,12.000,134.000,P,0,2.836,0.017,101,,,,,,,,,,,
HMLO,15.000,56.000,P,4,54.736,-8.742,101,,,,,,,,,,,
FRMZ,17.000,40.000,P,0,3.886,0.139,101,,,,,,,,,,,
ORNG,19.000,301.000,P,0,4.116,0.106,101,,,,,,,,,,,
BLVR,23.000,225.000,P,0,4.786,0.129,101,,,,,,,,,,,
GOLJ,22.000,88.000,P,0,4.616,-0.078,101,,,,,,,,,,,
MGSL,34.000,244.000,P,0,6.516,-0.010,101,,,,,,,,,,,
KRNG,38.000,276.000,P,0,7.066,-0.194,101,,,,,,,,,,,
TBZ ,50.000,112.000,P,0,9.176,-0.054,101,,,,,,,,,,,
BST ,80.000,193.000,P,4,14.076,-0.367,101,,,,,,,,,,,
,,,,,,,101,2012-08-15 16:01:21.234,38.403,46.676,4.860,1.600,12.000,6.000,97.000,0.110,0.200,-0.100
GZCH,4.000,335.000,P,0,1.641,0.038,102,,,,,,,,,,,
ZANG,5.000,66.000,P,0,1.651,-0.162,102,,,,,,,,,,,
ORNG,11.000,323.000,P,4,2.301,-0.367,102,,,,,,,,,,,
VRDN,17.000,281.000,P,0,3.861,0.090,102,,,,,,,,,,,
BLVR,18.000,202.000,P,0,4.061,0.165,102,,,,,,,,,,,
NMVR,18.000,228.000,P,0,4.041,0.081,102,,,,,,,,,,,
SRND,19.000,127.000,P,0,4.081,0.036,102,,,,,,,,,,,
AZGN,20.000,312.000,P,0,4.191,0.036,102,,,,,,,,,,,
KVCH,20.000,117.000,P,0,4.321,0.071,102,,,,,,,,,,,
HMLO,23.000,71.000,P,4,56.101,-8.745,102,,,,,,,,,,,
FRMZ,24.000,59.000,P,0,4.971,0.103,102,,,,,,,,,,,
HRS ,25.000,245.000,P,0,4.681,-0.463,102,,,,,,,,,,,
MGSL,26.000,233.000,P,0,5.301,0.046,102,,,,,,,,,,,
KRNG,29.000,276.000,P,0,5.771,0.103,102,,,,,,,,,,,
GOLJ,32.000,90.000,P,0,6.251,-0.021,102,,,,,,,,,,,
TBZ ,59.000,109.000,P,0,10.711,-0.054,102,,,,,,,,,,,
BST ,79.000,187.000,P,4,13.641,-0.681,102,,,,,,,,,,,
,,,,,,,102,2012-08-15 16:18:13.819,38.411,46.783,4.901,1.900,17.000,4.000,83.000,0.170,0.200,-0.100
ZANG,6.000,30.000,P,0,3.047,-0.206,103,,,,,,,,,,,
GZCH,7.000,337.000,P,0,3.207,-0.073,103,,,,,,,,,,,
ORNG,15.000,326.000,P,0,4.147,0.154,103,,,,,,,,,,,
BLVR,16.000,212.000,P,0,4.287,0.177,103,,,,,,,,,,,
SRND,16.000,119.000,P,0,4.147,-0.007,103,,,,,,,,,,,
NMVR,18.000,240.000,P,0,4.437,0.070,103,,,,,,,,,,,
KVCH,17.000,109.000,P,0,4.447,0.068,103,,,,,,,,,,,
VRDN,20.000,290.000,P,0,4.737,0.091,103,,,,,,,,,,,
AZGN,23.000,316.000,P,0,5.087,-0.063,103,,,,,,,,,,,
HMLO,24.000,62.000,P,4,56.597,-8.676,103,,,,,,,,,,,
FRMZ,25.000,51.000,P,0,5.557,0.161,103,,,,,,,,,,,
HRS ,25.000,254.000,P,0,5.177,-0.368,103,,,,,,,,,,,
MGSL,25.000,241.000,P,0,5.597,0.092,103,,,,,,,,,,,
KRNG,31.000,283.000,P,0,6.327,0.038,103,,,,,,,,,,,
GOLJ,31.000,84.000,P,0,6.397,0.037,103,,,,,,,,,,,
TBZ ,56.000,107.000,P,0,10.347,-0.137,103,,,,,,,,,,,
BST ,76.000,188.000,P,4,13.257,-0.597,103,,,,,,,,,,,
,,,,,,,103,2012-08-15 16:28:53.733,38.380,46.767,14.176,3.000,17.000,6.000,70.000,0.160,0.200,0.000
ZANG,7.000,309.000,P,0,1.848,-0.122,104,,,,,,,,,,,
KVCH,11.000,131.000,P,0,2.658,0.035,104,,,,,,,,,,,
SRND,11.000,150.000,P,0,2.628,0.019,104,,,,,,,,,,,
HMLO,16.000,52.000,P,4,54.838,-8.680,104,,,,,,,,,,,
FRMZ,18.000,37.000,P,0,3.998,0.159,104,,,,,,,,,,,
ORNG,20.000,303.000,P,0,4.268,0.088,104,,,,,,,,,,,
GOLJ,22.000,85.000,P,0,4.628,-0.026,104,,,,,,,,,,,
BLVR,22.000,228.000,P,0,4.718,0.107,104,,,,,,,,,,,
NMVR,26.000,246.000,P,0,5.218,0.010,104,,,,,,,,,,,
VRDN,28.000,281.000,P,0,5.378,-0.109,104,,,,,,,,,,,
MGSL,33.000,246.000,P,0,6.538,-0.002,104,,,,,,,,,,,
HRS ,34.000,256.000,P,4,6.048,-0.574,104,,,,,,,,,,,
TBZ ,49.000,111.000,P,0,8.998,-0.121,104,,,,,,,,,,,
BST ,79.000,194.000,P,4,13.858,-0.451,104,,,,,,,,,,,
,,,,,,,104,2012-08-15 16:37:20.802,38.393,46.671,4.411,2.200,14.000,7.000,87.000,0.110,0.200,-0.100
ZANG,9.000,310.000,P,0,2.556,-0.189,105,,,,,,,,,,,
SRND,9.000,153.000,P,0,2.746,0.018,105,,,,,,,,,,,
MHTR,11.000,334.000,P,0,2.966,-0.065,105,,,,,,,,,,,
VRZ1,14.000,355.000,P,0,3.426,0.033,105,,,,,,,,,,,
GZCH,14.000,298.000,P,0,3.436,-0.045,105,,,,,,,,,,,
HMLO,16.000,45.000,P,4,5.976,2.279,105,,,,,,,,,,,
FRMZ,18.000,31.000,P,0,4.176,0.131,105,,,,,,,,,,,
GOLJ,21.000,81.000,P,0,4.536,-0.002,105,,,,,,,,,,,
ORNG,22.000,304.000,P,0,4.736,0.152,105,,,,,,,,,,,
BLVR,22.000,233.000,P,0,5.066,0.357,105,,,,,,,,,,,
NMVR,26.000,250.000,P,0,5.476,0.098,105,,,,,,,,,,,
VRDN,29.000,283.000,P,0,5.776,-0.015,105,,,,,,,,,,,
AZGN,31.000,303.000,P,0,5.976,-0.083,105,,,,,,,,,,,
MGSL,34.000,249.000,P,0,6.786,0.105,105,,,,,,,,,,,
HRS ,35.000,258.000,P,0,6.676,-0.135,105,,,,,,,,,,,
KRNG,40.000,279.000,P,0,7.556,-0.090,105,,,,,,,,,,,
TBZ ,47.000,110.000,P,0,8.796,-0.022,105,,,,,,,,,,,
GRVN,48.000,254.000,P,4,5.976,-3.027,105,,,,,,,,,,,
BST ,78.000,195.000,P,0,13.876,-0.246,105,,,,,,,,,,,
,,,,,,,105,2012-08-15 17:49:04.704,38.380,46.655,9.269,4.700,19.000,9.000,43.000,0.150,0.200,0.000
HIGH,5.000,192.000,P,0,2.028,-0.081,106,,,,,,,,,,,
KVCH,9.000,134.000,P,0,2.578,-0.010,106,,,,,,,,,,,
ZANG,8.000,306.000,P,0,2.358,-0.064,106,,,,,,,,,,,
SRND,10.000,155.000,P,0,2.628,0.030,106,,,,,,,,,,,
MHTR,10.000,333.000,P,0,2.778,0.062,106,,,,,,,,,,,
GZCH,14.000,295.000,P,0,3.298,0.041,106,,,,,,,,,,,
HMLO,15.000,47.000,P,4,54.758,-8.720,106,,,,,,,,,,,
FRMZ,17.000,32.000,P,0,3.958,0.132,106,,,,,,,,,,,
GOLJ,21.000,83.000,P,0,4.338,-0.103,106,,,,,,,,,,,
ORNG,21.000,303.000,P,0,4.608,0.199,106,,,,,,,,,,,
BLVR,23.000,231.000,P,0,4.998,0.301,106,,,,,,,,,,,
NMVR,27.000,249.000,P,0,5.548,0.202,106,,,,,,,,,,,
VRDN,29.000,282.000,P,0,5.668,-0.022,106,,,,,,,,,,,
AZGN,30.000,302.000,P,0,5.818,-0.101,106,,,,,,,,,,,
MGSL,34.000,248.000,P,0,6.748,0.077,106,,,,,,,,,,,
HRS ,35.000,257.000,P,0,6.268,-0.511,106,,,,,,,,,,,
KRNG,40.000,278.000,P,0,7.458,-0.115,106,,,,,,,,,,,
TBZ ,48.000,111.000,P,4,8.618,-0.235,106,,,,,,,,,,,
BST ,79.000,195.000,P,4,14.048,-0.186,106,,,,,,,,,,,
,,,,,,,106,2012-08-15 19:02:15.352,38.388,46.657,7.100,2.100,19.000,5.000,59.000,0.200,0.200,0.000
HIGH,6.000,195.000,P,0,2.060,-0.068,107,,,,,,,,,,,
ZANG,8.000,304.000,P,0,2.360,-0.073,107,,,,,,,,,,,
KVCH,9.000,136.000,P,0,2.560,-0.017,107,,,,,,,,,,,
SRND,10.000,157.000,P,0,2.660,0.058,107,,,,,,,,,,,
MHTR,10.000,331.000,P,0,2.760,0.050,107,,,,,,,,,,,
GZCH,14.000,294.000,P,0,3.310,0.029,107,,,,,,,,,,,
HMLO,15.000,47.000,P,4,54.720,-8.710,107,,,,,,,,,,,
FRMZ,17.000,32.000,P,0,3.910,0.129,107,,,,,,,,,,,
GOLJ,21.000,84.000,P,0,4.280,-0.117,107,,,,,,,,,,,
ORNG,21.000,302.000,P,0,4.580,0.151,107,,,,,,,,,,,
BLVR,23.000,231.000,P,0,5.050,0.305,107,,,,,,,,,,,
NMVR,27.000,248.000,P,0,5.580,0.186,107,,,,,,,,,,,
VRDN,29.000,281.000,P,0,5.670,-0.055,107,,,,,,,,,,,
MGSL,35.000,248.000,P,0,6.760,0.041,107,,,,,,,,,,,
HRS ,35.000,257.000,P,0,6.310,-0.515,107,,,,,,,,,,,
KRNG,40.000,278.000,P,0,7.540,-0.070,107,,,,,,,,,,,
,,,,,,,107,2012-08-15 19:23:57.860,38.389,46.654,7.067,1.800,16.000,6.000,59.000,0.190,0.200,0.000
HIGH,5.000,177.000,P,0,2.121,-0.085,108,,,,,,,,,,,
ZANG,7.000,315.000,P,0,2.281,-0.161,108,,,,,,,,,,,
MHTR,10.000,341.000,P,0,2.791,0.008,108,,,,,,,,,,,
SRND,10.000,146.000,P,0,2.841,0.092,108,,,,,,,,,,,
KVCH,10.000,127.000,P,0,2.851,0.046,108,,,,,,,,,,,
GZCH,13.000,299.000,P,0,3.131,-0.028,108,,,,,,,,,,,
HMLO,16.000,50.000,P,4,55.071,-8.674,108,,,,,,,,,,,
FRMZ,18.000,35.000,P,0,4.231,0.178,108,,,,,,,,,,,
ORNG,20.000,306.000,P,0,4.431,0.144,108,,,,,,,,,,,
BLVR,21.000,230.000,P,0,4.801,0.293,108,,,,,,,,,,,
GOLJ,22.000,83.000,P,0,4.721,0.002,108,,,,,,,,,,,
NMVR,25.000,248.000,P,0,5.241,0.113,108,,,,,,,,,,,
VRDN,28.000,283.000,P,0,5.461,-0.032,108,,,,,,,,,,,
AZGN,29.000,304.000,P,0,5.611,-0.163,108,,,,,,,,,,,
MGSL,33.000,247.000,P,0,6.511,0.068,108,,,,,,,,,,,
KRNG,39.000,279.000,P,0,7.261,-0.099,108,,,,,,,,,,,
TBZ ,49.000,110.000,P,0,8.991,-0.076,108,,,,,,,,,,,
BST ,78.000,194.000,P,0,13.851,-0.268,108,,,,,,,,,,,
,,,,,,,108,2012-08-15 19:36:20.989,38.385,46.673,8.132,2.600,18.000,5.000,53.000,0.140,0.200,0.000
ZANG,5.000,317.000,P,0,1.637,-0.088,109,,,,,,,,,,,
HIGH,7.000,162.000,P,0,1.967,-0.076,109,,,,,,,,,,,
MHTR,8.000,350.000,P,0,2.237,0.058,109,,,,,,,,,,,
GZCH,10.000,296.000,P,0,2.607,0.046,109,,,,,,,,,,,
SRND,12.000,143.000,P,0,2.947,0.017,109,,,,,,,,,,,
KVCH,13.000,128.000,P,0,2.997,0.000,109,,,,,,,,,,,
HMLO,17.000,58.000,P,4,54.967,-8.777,109,,,,,,,,,,,
ORNG,18.000,305.000,P,0,3.947,0.142,109,,,,,,,,,,,
FRMZ,18.000,43.000,P,0,4.077,0.102,109,,,,,,,,,,,
BLVR,21.000,223.000,P,0,4.687,0.252,109,,,,,,,,,,,
NMVR,24.000,243.000,P,0,5.077,0.146,109,,,,,,,,,,,
GOLJ,24.000,87.000,P,0,4.897,-0.081,109,,,,,,,,,,,
HRS ,32.000,253.000,P,0,5.847,-0.456,109,,,,,,,,,,,
MGSL,32.000,243.000,P,0,6.427,0.164,109,,,,,,,,,,,
KRNG,37.000,277.000,P,0,6.807,-0.191,109,,,,,,,,,,,
,,,,,,,109,2012-08-15 19:37:25.563,38.400,46.695,4.748,1.500,15.000,5.000,62.000,0.180,0.200,-0.100
ZANG,2.000,28.000,P,0,2.713,-0.262,110,,,,,,,,,,,
MHTR,6.000,23.000,P,0,3.033,-0.133,110,,,,,,,,,,,
GZCH,6.000,296.000,P,0,2.973,-0.149,110,,,,,,,,,,,
HIGH,10.000,144.000,P,0,3.483,-0.034,110,,,,,,,,,,,
ORNG,13.000,308.000,P,0,3.933,0.153,110,,,,,,,,,,,
SRND,16.000,136.000,P,0,4.343,0.152,110,,,,,,,,,,,
KVCH,17.000,125.000,P,0,4.423,0.128,110,,,,,,,,,,,
HMLO,20.000,69.000,P,4,56.033,-8.640,110,,,,,,,,,,,
FRMZ,20.000,55.000,P,0,4.873,0.154,110,,,,,,,,,,,
VRDN,21.000,277.000,P,0,4.883,0.070,110,,,,,,,,,,,
BLVR,20.000,211.000,P,0,5.073,0.354,110,,,,,,,,,,,
AZGN,22.000,304.000,P,0,4.963,-0.035,110,,,,,,,,,,,
NMVR,22.000,234.000,P,0,5.113,0.180,110,,,,,,,,,,,
GOLJ,28.000,91.000,P,0,5.963,0.033,110,,,,,,,,,,,
HRS ,29.000,248.000,P,0,5.743,-0.331,110,,,,,,,,,,,
MGSL,29.000,236.000,P,0,6.303,0.180,110,,,,,,,,,,,
KRNG,33.000,275.000,P,0,6.593,0.045,110,,,,,,,,,,,
TBZ ,55.000,111.000,P,0,10.263,-0.050,110,,,,,,,,,,,
BST ,81.000,189.000,P,0,14.163,-0.423,110,,,,,,,,,,,
,,,,,,,110,2012-08-15 19:39:16.367,38.416,46.739,13.795,2.900,19.000,2.000,75.000,0.210,0.200,0.000
HIGH,6.000,197.000,P,4,53.172,-8.703,111,,,,,,,,,,,
KVCH,9.000,137.000,P,0,2.342,-0.036,111,,,,,,,,,,,
ZANG,8.000,303.000,P,0,2.202,-0.063,111,,,,,,,,,,,
SRND,10.000,158.000,P,0,2.472,0.037,111,,,,,,,,,,,
MHTR,10.000,330.000,P,0,2.662,0.078,111,,,,,,,,,,,
GZCH,14.000,293.000,P,0,3.252,-0.004,111,,,,,,,,,,,
HMLO,14.000,46.000,P,4,54.632,-8.690,111,,,,,,,,,,,
FRMZ,17.000,31.000,P,0,3.842,0.127,111,,,,,,,,,,,
GOLJ,20.000,84.000,P,0,4.272,-0.062,111,,,,,,,,,,,
BLVR,23.000,232.000,P,4,5.022,0.232,111,,,,,,,,,,,
NMVR,27.000,249.000,P,0,5.562,0.112,111,,,,,,,,,,,
AZGN,30.000,301.000,P,0,5.882,-0.104,111,,,,,,,,,,,
MGSL,35.000,248.000,P,0,6.852,0.072,111,,,,,,,,,,,
KRNG,41.000,278.000,P,0,7.582,-0.090,111,,,,,,,,,,,
,,,,,,,111,2012-08-15 19:59:43.528,38.390,46.650,4.799,1.600,14.000,6.000,61.000,0.090,0.200,-0.100
HIGH,5.000,195.000,P,0,2.120,-0.049,112,,,,,,,,,,,
ZANG,8.000,307.000,P,0,2.420,-0.109,112,,,,,,,,,,,
KVCH,9.000,133.000,P,0,2.580,-0.028,112,,,,,,,,,,,
SRND,9.000,155.000,P,0,2.660,0.048,112,,,,,,,,,,,
GZCH,14.000,296.000,P,0,3.360,0.024,112,,,,,,,,,,,
HMLO,15.000,46.000,P,4,54.780,-8.752,112,,,,,,,,,,,
FRMZ,18.000,31.000,P,0,3.970,0.084,112,,,,,,,,,,,
ORNG,21.000,303.000,P,0,4.650,0.174,112,,,,,,,,,,,
BLVR,23.000,232.000,P,0,5.070,0.369,112,,,,,,,,,,,
NMVR,27.000,249.000,P,0,5.600,0.237,112,,,,,,,,,,,
VRDN,29.000,282.000,P,0,5.750,0.015,112,,,,,,,,,,,
AZGN,30.000,302.000,P,0,5.880,-0.098,112,,,,,,,,,,,
MGSL,34.000,248.000,P,0,6.790,0.108,112,,,,,,,,,,,
HRS ,35.000,258.000,P,0,6.330,-0.469,112,,,,,,,,,,,
KRNG,40.000,279.000,P,0,7.530,-0.081,112,,,,,,,,,,,
TBZ ,47.000,111.000,P,0,8.840,0.021,112,,,,,,,,,,,
BST ,79.000,195.000,P,0,13.980,-0.213,112,,,,,,,,,,,
,,,,,,,112,2012-08-15 20:15:12.110,38.385,46.655,7.729,1.900,17.000,5.000,83.000,0.200,0.200,0.000
ZANG,3.000,2.000,P,0,2.552,-0.183,113,,,,,,,,,,,
GZCH,7.000,303.000,P,0,2.932,-0.041,113,,,,,,,,,,,
MHTR,7.000,14.000,P,0,2.972,-0.028,113,,,,,,,,,,,
HIGH,9.000,144.000,P,0,3.092,-0.062,113,,,,,,,,,,,
ORNG,15.000,310.000,P,0,3.952,0.180,113,,,,,,,,,,,
SRND,15.000,135.000,P,0,3.932,0.096,113,,,,,,,,,,,
KVCH,16.000,122.000,P,0,4.022,0.067,113,,,,,,,,,,,
HMLO,19.000,65.000,P,4,55.872,-8.631,113,,,,,,,,,,,
BLVR,20.000,215.000,P,0,4.702,0.214,113,,,,,,,,,,,
FRMZ,20.000,51.000,P,0,4.792,0.188,113,,,,,,,,,,,
NMVR,22.000,237.000,P,0,4.872,0.080,113,,,,,,,,,,,
VRDN,22.000,280.000,P,0,4.862,0.039,113,,,,,,,,,,,
AZGN,24.000,306.000,P,0,5.022,-0.054,113,,,,,,,,,,,
GOLJ,27.000,89.000,P,0,5.712,0.001,113,,,,,,,,,,,
HRS ,29.000,250.000,P,0,5.612,-0.402,113,,,,,,,,,,,
MGSL,29.000,239.000,P,0,6.122,0.099,113,,,,,,,,,,,
KRNG,33.000,277.000,P,0,6.632,0.029,113,,,,,,,,,,,
TBZ ,54.000,110.000,P,0,9.892,-0.186,113,,,,,,,,,,,
BST ,79.000,190.000,P,4,13.812,-0.558,113,,,,,,,,,,,
,,,,,,,113,2012-08-15 20:18:59.538,38.405,46.731,12.182,2.400,19.000,3.000,51.000,0.160,0.200,0.000
HIGH,5.000,185.000,P,0,2.115,-0.057,114,,,,,,,,,,,
ZANG,7.000,310.000,P,0,2.335,-0.097,114,,,,,,,,,,,
SRND,10.000,150.000,P,0,2.715,0.026,114,,,,,,,,,,,
KVCH,10.000,130.000,P,0,2.685,-0.029,114,,,,,,,,,,,
MHTR,10.000,337.000,P,0,2.805,0.057,114,,,,,,,,,,,
GZCH,13.000,297.000,P,0,3.215,0.013,114,,,,,,,,,,,
HMLO,16.000,49.000,P,4,54.925,-8.695,114,,,,,,,,,,,
FRMZ,18.000,34.000,P,0,4.065,0.122,114,,,,,,,,,,,
ORNG,21.000,304.000,P,0,4.625,0.286,114,,,,,,,,,,,
GOLJ,22.000,83.000,P,0,4.505,-0.086,114,,,,,,,,,,,
BLVR,22.000,231.000,P,0,4.895,0.294,114,,,,,,,,,,,
NMVR,26.000,248.000,P,0,5.405,0.172,114,,,,,,,,,,,
VRDN,28.000,282.000,P,0,5.555,-0.028,114,,,,,,,,,,,
AZGN,30.000,303.000,P,0,5.725,-0.111,114,,,,,,,,,,,
MGSL,34.000,247.000,P,0,6.655,0.102,114,,,,,,,,,,,
HRS ,34.000,257.000,P,0,6.155,-0.503,114,,,,,,,,,,,
KRNG,39.000,279.000,P,0,7.335,-0.123,114,,,,,,,,,,,
TBZ ,48.000,110.000,P,4,8.845,-0.125,114,,,,,,,,,,,
BST ,79.000,194.000,P,4,13.735,-0.445,114,,,,,,,,,,,
,,,,,,,114,2012-08-15 20:27:44.775,38.386,46.665,7.743,1.600,19.000,5.000,56.000,0.200,0.200,0.000
GZCH,3.000,354.000,P,0,2.338,-0.053,115,,,,,,,,,,,
ZANG,6.000,69.000,P,0,2.518,-0.104,115,,,,,,,,,,,
MHTR,10.000,48.000,P,0,3.018,0.018,115,,,,,,,,,,,
ORNG,11.000,328.000,P,0,3.208,0.200,115,,,,,,,,,,,
HIGH,13.000,125.000,P,0,3.408,-0.047,115,,,,,,,,,,,
VRDN,16.000,282.000,P,0,3.828,0.016,115,,,,,,,,,,,
NMVR,18.000,226.000,P,0,3.998,-0.014,115,,,,,,,,,,,
BLVR,18.000,199.000,P,0,4.118,0.105,115,,,,,,,,,,,
AZGN,19.000,315.000,P,0,4.138,-0.075,115,,,,,,,,,,,
SRND,20.000,124.000,P,0,4.388,0.035,115,,,,,,,,,,,
KVCH,21.000,115.000,P,0,4.628,0.065,115,,,,,,,,,,,
HMLO,24.000,72.000,P,4,56.458,-8.691,115,,,,,,,,,,,
MGSL,25.000,232.000,P,0,5.158,-0.055,115,,,,,,,,,,,
FRMZ,25.000,60.000,P,0,5.228,0.072,115,,,,,,,,,,,
KRNG,28.000,277.000,P,0,5.528,-0.057,115,,,,,,,,,,,
GOLJ,33.000,90.000,P,0,6.458,-0.073,115,,,,,,,,,,,
,,,,,,,115,2012-08-15 20:38:42.742,38.410,46.796,10.130,1.800,16.000,3.000,74.000,0.090,0.200,0.000
ZANG,3.000,359.000,P,0,2.734,-0.299,116,,,,,,,,,,,
GZCH,8.000,306.000,P,0,3.114,-0.144,116,,,,,,,,,,,
MHTR,8.000,12.000,P,0,3.174,-0.117,116,,,,,,,,,,,
HIGH,8.000,142.000,P,0,3.284,-0.051,116,,,,,,,,,,,
ORNG,15.000,311.000,P,0,4.154,0.135,116,,,,,,,,,,,
SRND,14.000,134.000,P,0,4.114,0.164,116,,,,,,,,,,,
KVCH,15.000,121.000,P,0,4.214,0.140,116,,,,,,,,,,,
HMLO,20.000,63.000,P,4,56.064,-8.607,116,,,,,,,,,,,
BLVR,19.000,216.000,P,0,4.854,0.277,116,,,,,,,,,,,
FRMZ,21.000,50.000,P,0,4.954,0.169,116,,,,,,,,,,,
NMVR,22.000,239.000,P,0,5.054,0.157,116,,,,,,,,,,,
VRDN,22.000,282.000,P,0,5.054,0.062,116,,,,,,,,,,,
AZGN,24.000,307.000,P,0,5.204,-0.068,116,,,,,,,,,,,
GOLJ,27.000,88.000,P,0,5.904,0.104,116,,,,,,,,,,,
HRS ,29.000,252.000,P,0,5.834,-0.274,116,,,,,,,,,,,
MGSL,29.000,240.000,P,0,6.304,0.209,116,,,,,,,,,,,
KRNG,34.000,278.000,P,0,6.804,0.079,116,,,,,,,,,,,
TBZ ,54.000,110.000,P,0,9.944,-0.125,116,,,,,,,,,,,
BST ,79.000,190.000,P,0,13.924,-0.383,116,,,,,,,,,,,
,,,,,,,116,2012-08-15 20:39:41.656,38.400,46.729,13.854,2.400,19.000,3.000,49.000,0.200,0.200,0.000
GZCH,5.000,24.000,P,0,1.600,0.019,117,,,,,,,,,,,
ZANG,9.000,68.000,P,0,2.210,-0.052,117,,,,,,,,,,,
ORNG,10.000,341.000,P,0,2.700,0.154,117,,,,,,,,,,,
MHTR,12.000,52.000,P,0,2.890,-0.055,117,,,,,,,,,,,
VRDN,14.000,287.000,P,0,3.200,-0.058,117,,,,,,,,,,,
HIGH,15.000,117.000,P,0,3.280,-0.117,117,,,,,,,,,,,
BLVR,16.000,192.000,P,0,3.640,0.077,117,,,,,,,,,,,
AZGN,18.000,322.000,P,0,3.840,-0.081,117,,,,,,,,,,,
SRND,21.000,119.000,P,0,4.510,0.040,117,,,,,,,,,,,
MGSL,23.000,230.000,P,0,4.730,-0.022,117,,,,,,,,,,,
KVCH,23.000,111.000,P,0,4.800,0.051,117,,,,,,,,,,,
HMLO,27.000,71.000,P,4,56.810,-8.707,117,,,,,,,,,,,
FRMZ,27.000,61.000,P,0,5.620,0.094,117,,,,,,,,,,,
,,,,,,,117,2012-08-15 20:41:15.950,38.401,46.822,3.703,1.200,13.000,5.000,75.000,0.090,0.141,-0.100
GZCH,5.000,297.000,P,0,2.839,-0.031,118,,,,,,,,,,,
MHTR,7.000,33.000,P,0,3.009,0.011,118,,,,,,,,,,,
HIGH,11.000,141.000,P,0,3.349,-0.117,118,,,,,,,,,,,
SRND,17.000,135.000,P,0,4.199,-0.011,118,,,,,,,,,,,
KVCH,18.000,124.000,P,0,4.299,-0.028,118,,,,,,,,,,,
BLVR,20.000,208.000,P,0,4.799,0.204,118,,,,,,,,,,,
VRDN,20.000,276.000,P,0,4.639,0.079,118,,,,,,,,,,,
HMLO,20.000,71.000,P,4,56.079,-8.609,118,,,,,,,,,,,
FRMZ,21.000,58.000,P,0,4.889,0.180,118,,,,,,,,,,,
MGSL,29.000,235.000,P,0,5.949,-0.007,118,,,,,,,,,,,
GOLJ,29.000,92.000,P,0,5.949,-0.069,118,,,,,,,,,,,
KRNG,31.000,274.000,P,0,6.139,-0.178,118,,,,,,,,,,,
,,,,,,,118,2012-08-15 20:52:33.621,38.420,46.751,12.624,1.200,12.000,5.000,94.000,0.120,0.200,0.100
ZANG,1.000,53.000,P,0,2.473,-0.057,119,,,,,,,,,,,
MHTR,6.000,28.000,P,0,2.713,-0.012,119,,,,,,,,,,,
GZCH,5.000,290.000,P,0,2.663,-0.028,119,,,,,,,,,,,
HIGH,11.000,146.000,P,0,3.193,-0.075,119,,,,,,,,,,,
ORNG,13.000,305.000,P,0,3.623,0.211,119,,,,,,,,,,,
SRND,17.000,138.000,P,0,4.013,-0.021,119,,,,,,,,,,,
KVCH,18.000,126.000,P,0,4.103,-0.027,119,,,,,,,,,,,
FRMZ,20.000,57.000,P,0,4.533,0.073,119,,,,,,,,,,,
BLVR,21.000,210.000,P,0,4.763,0.166,119,,,,,,,,,,,
VRDN,21.000,275.000,P,0,4.553,-0.022,119,,,,,,,,,,,
AZGN,22.000,303.000,P,0,4.633,-0.086,119,,,,,,,,,,,
NMVR,22.000,232.000,P,0,4.853,0.064,119,,,,,,,,,,,
MGSL,30.000,235.000,P,0,5.973,-0.054,119,,,,,,,,,,,
KRNG,32.000,273.000,P,0,6.253,-0.132,119,,,,,,,,,,,
,,,,,,,119,2012-08-15 20:54:02.827,38.423,46.741,11.194,1.300,14.000,1.000,81.000,0.100,0.200,0.000
ZANG,6.000,303.000,P,0,2.138,-0.149,120,,,,,,,,,,,
KVCH,11.000,134.000,P,0,2.828,-0.034,120,,,,,,,,,,,
SRND,11.000,152.000,P,0,2.928,0.063,120,,,,,,,,,,,
GZCH,12.000,292.000,P,0,3.068,0.010,120,,,,,,,,,,,
HMLO,15.000,53.000,P,4,54.828,-8.689,120,,,,,,,,,,,
FRMZ,17.000,38.000,P,0,3.928,0.138,120,,,,,,,,,,,
ORNG,20.000,301.000,P,0,4.368,0.203,120,,,,,,,,,,,
GOLJ,22.000,87.000,P,0,4.558,-0.063,120,,,,,,,,,,,
BLVR,23.000,227.000,P,0,5.058,0.357,120,,,,,,,,,,,
NMVR,26.000,245.000,P,0,5.438,0.172,120,,,,,,,,,,,
VRDN,28.000,280.000,P,0,5.488,0.007,120,,,,,,,,,,,
AZGN,29.000,301.000,P,0,5.588,-0.078,120,,,,,,,,,,,
MGSL,34.000,245.000,P,0,6.708,0.119,120,,,,,,,,,,,
HRS ,34.000,255.000,P,0,6.208,-0.448,120,,,,,,,,,,,
KRNG,39.000,277.000,P,0,7.288,-0.080,120,,,,,,,,,,,
TBZ ,49.000,112.000,P,0,9.108,0.004,120,,,,,,,,,,,
BST ,80.000,194.000,P,0,14.198,-0.188,120,,,,,,,,,,,
,,,,,,,120,2012-08-15 20:58:14.092,38.399,46.669,7.569,1.500,17.000,6.000,93.000,0.190,0.200,0.000
HIGH,6.000,173.000,P,0,1.751,-0.061,121,,,,,,,,,,,
ZANG,6.000,314.000,P,0,1.861,-0.086,121,,,,,,,,,,,
MHTR,9.000,342.000,P,0,2.471,0.070,121,,,,,,,,,,,
SRND,11.000,146.000,P,0,2.631,0.017,121,,,,,,,,,,,
KVCH,11.000,128.000,P,0,2.661,-0.003,121,,,,,,,,,,,
GZCH,12.000,297.000,P,0,2.901,0.029,121,,,,,,,,,,,
HMLO,16.000,52.000,P,4,54.911,-8.720,121,,,,,,,,,,,
FRMZ,18.000,38.000,P,0,4.041,0.096,121,,,,,,,,,,,
ORNG,19.000,305.000,P,0,4.271,0.139,121,,,,,,,,,,,
BLVR,22.000,228.000,P,0,4.801,0.300,121,,,,,,,,,,,
GOLJ,23.000,84.000,P,0,4.671,-0.078,121,,,,,,,,,,,
AZGN,28.000,303.000,P,0,5.581,-0.079,121,,,,,,,,,,,
MGSL,33.000,246.000,P,0,6.611,0.182,121,,,,,,,,,,,
HRS ,33.000,256.000,P,0,6.021,-0.493,121,,,,,,,,,,,
,,,,,,,121,2012-08-15 20:59:12.289,38.390,46.677,4.488,1.200,14.000,6.000,55.000,0.190,0.200,-0.100
HIGH,6.000,182.000,P,0,1.941,-0.026,122,,,,,,,,,,,
ZANG,7.000,303.000,P,0,1.991,-0.028,122,,,,,,,,,,,
MHTR,9.000,335.000,P,0,2.461,0.105,122,,,,,,,,,,,
KVCH,11.000,134.000,P,0,2.631,-0.025,122,,,,,,,,,,,
SRND,11.000,153.000,P,0,2.681,0.009,122,,,,,,,,,,,
GZCH,13.000,292.000,P,0,2.951,-0.017,122,,,,,,,,,,,
HMLO,15.000,53.000,P,4,54.761,-8.669,122,,,,,,,,,,,
FRMZ,17.000,37.000,P,0,3.871,0.127,122,,,,,,,,,,,
ORNG,20.000,301.000,P,0,4.261,0.090,122,,,,,,,,,,,
GOLJ,22.000,86.000,P,0,4.481,-0.084,122,,,,,,,,,,,
BLVR,23.000,228.000,P,0,4.821,0.140,122,,,,,,,,,,,
NMVR,26.000,246.000,P,0,5.281,0.015,122,,,,,,,,,,,
VRDN,28.000,280.000,P,0,5.371,-0.132,122,,,,,,,,,,,
AZGN,29.000,301.000,P,0,5.521,-0.174,122,,,,,,,,,,,
MGSL,34.000,245.000,P,0,6.631,0.032,122,,,,,,,,,,,
,,,,,,,122,2012-08-15 21:02:49.769,38.397,46.667,4.930,2.500,15.000,6.000,60.000,0.100,0.224,-0.100
ZANG,0.000,136.000,P,0,2.362,-0.112,123,,,,,,,,,,,
MHTR,5.000,26.000,P,0,2.622,0.025,123,,,,,,,,,,,
GZCH,6.000,278.000,P,0,2.652,-0.031,123,,,,,,,,,,,
HIGH,12.000,152.000,P,0,3.232,-0.067,123,,,,,,,,,,,
ORNG,13.000,300.000,P,0,3.602,0.213,123,,,,,,,,,,,
SRND,17.000,142.000,P,0,4.062,0.004,123,,,,,,,,,,,
KVCH,18.000,130.000,P,0,4.122,0.003,123,,,,,,,,,,,
HMLO,19.000,73.000,P,4,55.622,-8.646,123,,,,,,,,,,,
FRMZ,19.000,59.000,P,0,4.412,0.143,123,,,,,,,,,,,
VRDN,22.000,272.000,P,0,4.612,-0.044,123,,,,,,,,,,,
AZGN,22.000,300.000,P,0,4.622,-0.090,123,,,,,,,,,,,
BLVR,22.000,210.000,P,0,4.922,0.152,123,,,,,,,,,,,
NMVR,23.000,231.000,P,0,5.072,0.115,123,,,,,,,,,,,
GOLJ,27.000,95.000,P,0,5.612,-0.078,123,,,,,,,,,,,
MGSL,31.000,234.000,P,0,6.132,-0.071,123,,,,,,,,,,,
KRNG,33.000,271.000,P,0,6.352,-0.130,123,,,,,,,,,,,
,,,,,,,123,2012-08-15 21:14:04.408,38.433,46.733,10.915,1.200,16.000,0.000,85.000,0.110,0.200,0.000
