1 E V E N T   N R .        1                            0                    0
0 DATE  ORIGIN   TIME   LAT      LON     DEPTH  MAG  NO  DM GAP  RMS   ALE D-SPR
 120814 12:10:18.298 38.3922N 46.7976E  14.962  2.3  12   7  95 0.08  2.35  0.00
0  ERX  ERY  ERZ Q SQD  ADJ  IN NR  AVR   AAR  NM AVXM  SDXM IT
   0.1  0.1  0.1 A A/A  0.00  0 12  0.00  0.07  0  0.0  0.0  15
0 F-E NR: 344 N.W. IRAN-USSR BORDER REGION    
0 STN  DIST AZM AIN PRMK HRMN  P-SEC  TPOBS  TPCAL  -TSCOR  P-RES   P-WT IMP STURES
        AMX PRX     SRMK XMAG  S-SEC  TSOBS  TSCAL  -TSCOR  S-RES   S-WT IMP STURES
  ZANG    7  55 155  P 0 1210 21.650  3.352  3.428  0.000  -0.076   1.09 0.3457 -0.095    
  HIGH   13 117 140  P 0 1210 22.140  3.842  3.897  0.000  -0.055   1.09 0.2357 -0.063    
  BLVR   16 200 133  P 0 1210 22.590  4.292  4.210  0.000   0.082   1.09 0.2851  0.097    
  NMVR   16 231 132  P 0 1210 22.510  4.212  4.269  0.000  -0.057   1.09 0.2267 -0.065    
  VRDN   17 288 130  P 0 1210 22.680  4.382  4.321  0.000   0.061   1.09 0.2358  0.069    
  SRND   19 119 127  P 0 1210 23.080  4.782  4.634  0.000   0.148   1.09 0.2568  0.172    
  AZGN   20 319 125  P 0 1210 23.130  4.832  4.812  0.000   0.020   1.09 0.3519  0.025    
  MGSL   24 235 120  P 0 1210 23.580  5.282  5.341  0.000  -0.059   1.09 0.2852 -0.070    
  FRMZ   26  57 118  P 0 1210 24.000  5.702  5.655  0.000   0.046   1.09 0.3462  0.057    
  KRNG   28 281 116  P 0 1210 24.210  5.912  5.892  0.000   0.020   1.09 0.3005  0.024    
  GOLJ   33  87 112  P 0 1210 25.010  6.712  6.808  0.000  -0.096   1.09 0.3749 -0.122    
  GRVN   37 246 110  P 4 1210 77.130 58.832  7.358  0.000  -8.526   0.00 0.0000 -8.526    
  $$$   VELEST-Version ETH-11FEB92 located at: 0915-2026 110826.7  
 
 
1 E V E N T   N R .        2                            0                    0
0 DATE  ORIGIN   TIME   LAT      LON     DEPTH  MAG  NO  DM GAP  RMS   ALE D-SPR
 120814 12:22:56.133 38.4143N 46.7703E  11.801  2.4  12   4 108 0.09  1.78  0.00
0  ERX  ERY  ERZ Q SQD  ADJ  IN NR  AVR   AAR  NM AVXM  SDXM IT
   0.1  0.1  0.0 A A/A  0.00  0 12  0.00  0.07  0  0.0  0.0   4
0 F-E NR: 344 N.W. IRAN-USSR BORDER REGION    
0 STN  DIST AZM AIN PRMK HRMN  P-SEC  TPOBS  TPCAL  -TSCOR  P-RES   P-WT IMP STURES
        AMX PRX     SRMK XMAG  S-SEC  TSOBS  TSCAL  -TSCOR  S-RES   S-WT IMP STURES
  ZANG    4  64 162  P 0 1222 58.830  2.697  2.725  0.000  -0.028   1.09 0.4544 -0.038    
  HIGH   12 133 134  P 0 1222 59.480  3.347  3.447  0.000  -0.100   1.09 0.2528 -0.115    
  SRND   18 130 120  P 0 1222 60.410  4.277  4.254  0.000   0.023   1.09 0.2654  0.027    
  BLVR   19 205 119  P 0 1222 60.610  4.477  4.333  0.000   0.144   1.09 0.2714  0.169    
  VRDN   19 279 119  P 0 1222 60.450  4.317  4.259  0.000   0.058   1.09 0.2294  0.066    
  NMVR   20 229 118  P 0 1222 60.590  4.457  4.436  0.000   0.021   1.09 0.2182  0.024    
  AZGN   20 309 117  P 0 1222 60.640  4.507  4.539  0.000  -0.032   1.09 0.3609 -0.040    
  FRMZ   23  59 114  P 0 1222 61.180  5.047  4.915  0.000   0.132   1.09 0.3943  0.169    
  MGSL   27 234 110  P 0 1222 61.710  5.577  5.632  0.000  -0.055   1.09 0.2527 -0.064    
  KRNG   30 275 107  P 0 1222 62.100  5.967  6.014  0.000  -0.047   1.09 0.2721 -0.055    
  GOLJ   31  91 107  P 0 1222 62.290  6.157  6.240  0.000  -0.083   1.09 0.3880 -0.106    
  GRVN   40 244 103  P 4 1222115.270 59.137  7.729  0.000  -8.592   0.00 0.0000 -8.592    
  $$$   VELEST-Version ETH-11FEB92 located at: 0915-2026 110826.7  
 
 
1 E V E N T   N R .        3                            0                    0
0 DATE  ORIGIN   TIME   LAT      LON     DEPTH  MAG  NO  DM GAP  RMS   ALE D-SPR
 120814 12:33:17.615 38.4185N 46.7355E  13.892  3.1  15   1  76 0.22  1.95  0.00
0  ERX  ERY  ERZ Q SQD  ADJ  IN NR  AVR   AAR  NM AVXM  SDXM IT
   0.0  0.2  0.0 A A/A  0.00  0 15 -0.00  0.17  0  0.0  0.0  10
0 F-E NR: 344 N.W. IRAN-USSR BORDER REGION    
0 STN  DIST AZM AIN PRMK HRMN  P-SEC  TPOBS  TPCAL  -TSCOR  P-RES   P-WT IMP STURES
        AMX PRX     SRMK XMAG  S-SEC  TSOBS  TSCAL  -TSCOR  S-RES   S-WT IMP STURES
  ZANG    1  21 175  P 0 1233 20.290  2.675  2.985  0.000  -0.310   1.07 0.3490 -0.384    
  HIGH   10 147 143  P 0 1233 21.090  3.475  3.530  0.000  -0.056   1.07 0.2502 -0.064    
  SRND   16 138 129  P 0 1233 21.970  4.355  4.194  0.000   0.161   1.07 0.2088  0.181    
  FRMZ   20  55 123  P 0 1233 22.380  4.765  4.671  0.000   0.094   1.07 0.3550  0.117    
  VRDN   22 276 120  P 0 1233 22.540  4.925  4.866  0.000   0.059   1.07 0.1875  0.065    
  BLVR   21 212 122  P 0 1233 22.680  5.065  4.780  0.000   0.284   1.07 0.1798  0.314    
  AZGN   22 303 119  P 0 1233 22.590  4.975  5.028  0.000  -0.054   1.07 0.3117 -0.065    
  NMVR   22 234 120  P 0 1233 22.830  5.215  5.001  0.000   0.214   1.07 0.1469  0.232    
  GOLJ   28  92 114  P 0 1233 23.540  5.925  5.887  0.000   0.038   1.07 0.2731  0.044    
  HRS    29 247 113  P 0 1233 23.420  5.805  6.142  0.000  -0.337   1.07 0.1534 -0.366    
  MGSL   30 236 112  P 0 1233 24.030  6.415  6.193  0.000   0.222   1.07 0.1586  0.242    
  KRNG   33 274 110  P 0 1233 24.300  6.685  6.604  0.000   0.081   1.07 0.2287  0.092    
  GRVN   43 246 105  P 4 1233 17.620  0.005  8.297  0.000  -8.292   0.00 0.0000 -8.292    
  TBZ    55 112 101  P 0 1233 27.900 10.285 10.279  0.000   0.006   1.07 0.3549  0.007    
  BST    81 190  97  P 0 1233 31.880 14.265 14.635  0.000  -0.370   1.07 0.3444 -0.457    
  $$$   VELEST-Version ETH-11FEB92 located at: 0915-2026 110826.7  
 
 
1 E V E N T   N R .        4                            0                    0
0 DATE  ORIGIN   TIME   LAT      LON     DEPTH  MAG  NO  DM GAP  RMS   ALE D-SPR
 120814 12:34:10.408 38.3988N 46.6669E   3.308  2.7  12   7  94 0.10  1.44  0.00
0  ERX  ERY  ERZ Q SQD  ADJ  IN NR  AVR   AAR  NM AVXM  SDXM IT
   0.2  0.1 -0.1 A A/A  0.00  0 12  0.00  0.07  0  0.0  0.0   5
0 F-E NR: 344 N.W. IRAN-USSR BORDER REGION    
0 STN  DIST AZM AIN PRMK HRMN  P-SEC  TPOBS  TPCAL  -TSCOR  P-RES   P-WT IMP STURES
        AMX PRX     SRMK XMAG  S-SEC  TSOBS  TSCAL  -TSCOR  S-RES   S-WT IMP STURES
  HIGH    7 182 125  P 0 1234 12.200  1.792  1.829  0.000  -0.037   1.09 0.3331 -0.045    
  ZANG    7 302 126  P 0 1234 12.280  1.872  1.841  0.000   0.031   1.09 0.7053  0.058    
  SRND   11 153 109  P 0 1234 13.070  2.662  2.665  0.000  -0.003   1.09 0.2988 -0.004    
  FRMZ   17  37  56  P 0 1234 14.340  3.932  3.777  0.000   0.155   1.09 0.4436  0.208    
  GOLJ   22  87  56  P 0 1234 14.940  4.532  4.651  0.000  -0.119   1.09 0.4073 -0.155    
  BLVR   23 228  56  P 0 1234 15.370  4.962  4.807  0.000   0.156   1.09 0.2283  0.177    
  NMVR   26 245  53  P 0 1234 15.880  5.472  5.408  0.000   0.064   1.09 0.1913  0.072    
  VRDN   28 279  53  P 0 1234 16.020  5.612  5.627  0.000  -0.015   1.09 0.1760 -0.017    
  AZGN   29 300  53  P 0 1234 16.130  5.722  5.809  0.000  -0.086   1.09 0.2151 -0.098    
  MGSL   34 245  53  P 0 1234 17.140  6.732  6.741  0.000  -0.009   1.09 0.1917 -0.009    
  KRNG   39 277  53  P 0 1234 17.830  7.422  7.525  0.000  -0.103   1.09 0.1735 -0.114    
  GRVN   47 251  53  P 4 1234 10.800  0.392  9.048  0.000  -8.656   0.00 0.0000 -8.656    
  $$$   VELEST-Version ETH-11FEB92 located at: 0915-2026 110826.7  
 
 
1 E V E N T   N R .        5                            0                    0
0 DATE  ORIGIN   TIME   LAT      LON     DEPTH  MAG  NO  DM GAP  RMS   ALE D-SPR
 120814 13:58:41.272 38.3950N 46.6750E   3.611  2.0  12   6  89 0.10  1.40  0.00
0  ERX  ERY  ERZ Q SQD  ADJ  IN NR  AVR   AAR  NM AVXM  SDXM IT
   0.2  0.1 -0.1 A A/A  0.00  0 12  0.00  0.08  0  0.0  0.0   7
0 F-E NR: 344 N.W. IRAN-USSR BORDER REGION    
0 STN  DIST AZM AIN PRMK HRMN  P-SEC  TPOBS  TPCAL  -TSCOR  P-RES   P-WT IMP STURES
        AMX PRX     SRMK XMAG  S-SEC  TSOBS  TSCAL  -TSCOR  S-RES   S-WT IMP STURES
  HIGH    6 176 129  P 0 1358 43.010  1.738  1.799  0.000  -0.061   1.09 0.2902 -0.073    
  ZANG    6 309 129  P 0 1358 43.160  1.888  1.825  0.000   0.063   1.09 0.7230  0.119    
  SRND   11 149 111  P 0 1358 43.950  2.678  2.682  0.000  -0.005   1.09 0.2348 -0.005    
  KVCH   11 131 112  P 0 1358 43.960  2.688  2.697  0.000  -0.010   1.09 0.2386 -0.011    
  FRMZ   18  38  56  P 0 1358 45.290  4.018  3.876  0.000   0.141   1.09 0.4413  0.189    
  BLVR   22 227  56  P 0 1358 46.060  4.788  4.629  0.000   0.158   1.09 0.2480  0.183    
  GOLJ   22  86  56  P 0 1358 45.930  4.658  4.745  0.000  -0.087   1.09 0.3856 -0.111    
  NMVR   25 246  56  P 0 1358 46.530  5.258  5.230  0.000   0.027   1.09 0.2143  0.031    
  AZGN   28 302  53  P 0 1358 46.850  5.578  5.705  0.000  -0.127   1.09 0.2507 -0.147    
  MGSL   33 245  53  P 0 1358 47.890  6.618  6.564  0.000   0.054   1.09 0.2172  0.061    
  KRNG   38 277  53  P 0 1358 48.530  7.258  7.377  0.000  -0.120   1.09 0.2067 -0.134    
  GRVN   47 251  53  P 4 1358 41.540  0.268  8.874  0.000  -8.606   0.00 0.0000 -8.606    
  $$$   VELEST-Version ETH-11FEB92 located at: 0915-2026 110826.7  
 
 
1 E V E N T   N R .        6                            0                    0
 DELETED: TBZ  unknown phase is: A
0 DATE  ORIGIN   TIME   LAT      LON     DEPTH  MAG  NO  DM GAP  RMS   ALE D-SPR
 120814 14: 2:25.366 38.4480N 46.7743E  19.293  4.9  17   4 114 0.18  2.36  0.00
0  ERX  ERY  ERZ Q SQD  ADJ  IN NR  AVR   AAR  NM AVXM  SDXM IT
   0.0  0.1 -0.1 A A/A  0.01  0 17 -0.00  0.13  0  0.0  0.0   9
0 F-E NR: 344 N.W. IRAN-USSR BORDER REGION    
0 STN  DIST AZM AIN PRMK HRMN  P-SEC  TPOBS  TPCAL  -TSCOR  P-RES   P-WT IMP STURES
        AMX PRX     SRMK XMAG  S-SEC  TSOBS  TSCAL  -TSCOR  S-RES   S-WT IMP STURES
  ZANG    4 117 168  P 0 14 2 28.950  3.584  3.965  0.000  -0.381   1.13 0.1557 -0.415    
  ORNG    9 302 155  P 0 14 2 29.480  4.114  4.116  0.000  -0.003   1.13 0.2087 -0.003    
  VRZ1   11  56 150  P 0 14 2 29.840  4.474  4.333  0.000   0.140   1.13 0.2547  0.162    
  HIGH   15 143 142  P 0 14 2 29.930  4.564  4.728  0.000  -0.165   1.13 0.1659 -0.180    
  AZGN   18 301 137  P 0 14 2 30.360  4.994  4.978  0.000   0.016   1.13 0.3217  0.019    
  SRND   21 137 132  P 0 14 2 30.850  5.484  5.388  0.000   0.095   1.13 0.1666  0.104    
  KVCH   21 128 131  P 0 14 2 30.900  5.534  5.476  0.000   0.058   1.13 0.1604  0.063    
  NMVR   22 221 130  P 0 14 2 30.980  5.614  5.484  0.000   0.129   1.13 0.1747  0.142    
  BLVR   22 200 130  P 0 14 2 31.090  5.724  5.517  0.000   0.206   1.13 0.2030  0.231    
  HRS    28 238 124  P 0 14 2 31.420  6.054  6.349  0.000  -0.295   1.13 0.1723 -0.325    
  MGSL   29 227 122  P 0 14 2 32.040  6.674  6.509  0.000   0.165   1.13 0.1811  0.182    
  KRNG   29 268 122  P 0 14 2 31.940  6.574  6.470  0.000   0.103   1.13 0.2522  0.119    
  GOLJ   31  98 120  P 0 14 2 32.300  6.934  6.855  0.000   0.079   1.13 0.2513  0.091    
  GRVN   41 240 113  P 4 14 2 25.580  0.214  8.353  0.000  -8.139   0.00 0.0000 -8.139    
  TABZ   58 138 106  P 4 14 2 37.200 11.834 11.017  0.000   0.816   0.00 0.0000  0.816    
  TBZ    60 113 106  P 0 14 2 36.570 11.204 11.209  0.000  -0.005   1.13 0.2820 -0.006    
  BST    84 187  64  P 0 14 2 40.330 14.964 15.077  0.000  -0.114   1.13 0.6406 -0.189    
  $$$   VELEST-Version ETH-11FEB92 located at: 0915-2026 110826.7  
 
 
1 E V E N T   N R .        7                            0                    0
0 DATE  ORIGIN   TIME   LAT      LON     DEPTH  MAG  NO  DM GAP  RMS   ALE D-SPR
 120814 15:48:20.071 38.3856N 46.6492E   3.698  3.7  17   5  52 0.18  1.56  0.00
0  ERX  ERY  ERZ Q SQD  ADJ  IN NR  AVR   AAR  NM AVXM  SDXM IT
   0.0  0.2 -0.1 A A/A  0.01  0 17  0.00  0.12  0  0.0  0.0   6
0 F-E NR: 344 N.W. IRAN-USSR BORDER REGION    
0 STN  DIST AZM AIN PRMK HRMN  P-SEC  TPOBS  TPCAL  -TSCOR  P-RES   P-WT IMP STURES
        AMX PRX     SRMK XMAG  S-SEC  TSOBS  TSCAL  -TSCOR  S-RES   S-WT IMP STURES
  HIGH    5 200 134  P 0 1548 21.720  1.649  1.692  0.000  -0.043   1.06 0.3408 -0.053    
  KVCH    9 135 119  P 0 1548 22.350  2.279  2.255  0.000   0.024   1.06 0.3063  0.029    
  ZANG    9 305 120  P 0 1548 22.250  2.179  2.259  0.000  -0.080   1.06 0.4750 -0.110    
  SRND    9 158 117  P 0 1548 22.470  2.399  2.313  0.000   0.087   1.06 0.2822  0.102    
  VRZ1   13 353  56  P 0 1548 23.130  3.059  3.083  0.000  -0.024   1.06 0.2508 -0.028    
  FRMZ   17  30  56  P 0 1548 23.950  3.879  3.795  0.000   0.084   1.06 0.3044  0.101    
  GOLJ   20  82  56  P 0 1548 24.380  4.309  4.359  0.000  -0.050   1.06 0.3055 -0.060    
  ORNG   22 302  56  P 0 1548 24.780  4.709  4.561  0.000   0.148   1.06 0.1523  0.161    
  BLVR   23 233  56  P 0 1548 25.240  5.169  4.805  0.000   0.364   1.06 0.1774  0.401    
  NMVR   27 250  53  P 0 1548 25.700  5.629  5.504  0.000   0.125   1.06 0.1520  0.136    
  VRDN   30 282  53  P 0 1548 25.980  5.909  5.880  0.000   0.029   1.06 0.1323  0.032    
  AZGN   31 301  53  P 0 1548 26.100  6.029  6.110  0.000  -0.081   1.06 0.1455 -0.087    
  MGSL   35 248  53  P 0 1548 27.000  6.929  6.833  0.000   0.096   1.06 0.1535  0.104    
  HRS    35 258  53  P 0 1548 26.610  6.539  6.953  0.000  -0.414   1.06 0.1427 -0.447    
  TABZ   46 142  53  P 4 1548 29.680  9.609  8.691  0.000   0.918   0.00 0.0000  0.918    
  TBZ    47 111  53  P 0 1548 28.880  8.809  8.820  0.000  -0.011   1.06 0.2942 -0.013    
  BST    79 195  53  P 0 1548 34.120 14.049 14.308  0.000  -0.259   1.06 0.2412 -0.297    
  $$$   VELEST-Version ETH-11FEB92 located at: 0915-2026 110826.7  
 
 
1 E V E N T   N R .        8                            0                    0
0 DATE  ORIGIN   TIME   LAT      LON     DEPTH  MAG  NO  DM GAP  RMS   ALE D-SPR
 120814 17: 5:17.906 38.3973N 46.6547E   4.004  1.9  12   8  93 0.11  1.70  0.00
0  ERX  ERY  ERZ Q SQD  ADJ  IN NR  AVR   AAR  NM AVXM  SDXM IT
   0.2 -0.0 -0.1 A A/A  0.00  0 12  0.00  0.09  0  0.0  0.0   6
0 F-E NR: 344 N.W. IRAN-USSR BORDER REGION    
0 STN  DIST AZM AIN PRMK HRMN  P-SEC  TPOBS  TPCAL  -TSCOR  P-RES   P-WT IMP STURES
        AMX PRX     SRMK XMAG  S-SEC  TSOBS  TSCAL  -TSCOR  S-RES   S-WT IMP STURES
  ZANG    8 299 106  P 0 17 5 19.880  1.974  2.090  0.000  -0.116   1.20 0.3269 -0.141    
  KVCH   10 139  93  P 0 17 5 20.320  2.414  2.498  0.000  -0.084   1.20 0.3146 -0.101    
  SRND   10 158  92  P 0 17 5 20.450  2.544  2.568  0.000  -0.023   1.20 0.3354 -0.028    
  FRMZ   16  34  91  P 0 17 5 21.670  3.764  3.624  0.000   0.141   1.20 0.4575  0.191    
  GOLJ   21  86  91  P 0 17 5 22.270  4.364  4.397  0.000  -0.033   1.20 0.3167 -0.039    
  ORNG   21 300  90  P 0 17 5 22.340  4.434  4.348  0.000   0.086   1.20 0.2434  0.099    
  BLVR   24 230  90  P 0 17 5 22.910  5.004  4.860  0.000   0.144   1.20 0.2523  0.167    
  NMVR   27 247  73  P 0 17 5 23.370  5.464  5.481  0.000  -0.016   1.20 0.1381 -0.018    
  VRDN   29 279  73  P 0 17 5 23.530  5.624  5.730  0.000  -0.105   1.20 0.1664 -0.115    
  AZGN   30 300  73  P 4 17 5 59.550 41.644  5.899  0.000 -24.254   0.00 0.0000-24.254    
  MGSL   35 246  73  P 0 17 5 24.820  6.914  6.813  0.000   0.101   1.20 0.1384  0.109    
  KRNG   40 277  73  P 4 17 5 25.360  7.454  7.628  0.000  -0.173   0.00 0.0000 -0.173    
  $$$   VELEST-Version ETH-11FEB92 located at: 0915-2026 110826.7  
 
 
1 E V E N T   N R .        9                            0                    0
0 DATE  ORIGIN   TIME   LAT      LON     DEPTH  MAG  NO  DM GAP  RMS   ALE D-SPR
 120814 17:19:59.021 38.4153N 46.7588E  12.312  2.0  12   3 103 0.18  1.95  0.00
0  ERX  ERY  ERZ Q SQD  ADJ  IN NR  AVR   AAR  NM AVXM  SDXM IT
   0.2 -0.0  0.1 A A/A  0.01  0 12 -0.00  0.12  0  0.0  0.0   7
0 F-E NR: 344 N.W. IRAN-USSR BORDER REGION    
0 STN  DIST AZM AIN PRMK HRMN  P-SEC  TPOBS  TPCAL  -TSCOR  P-RES   P-WT IMP STURES
        AMX PRX     SRMK XMAG  S-SEC  TSOBS  TSCAL  -TSCOR  S-RES   S-WT IMP STURES
  ZANG    3  57 167  P 0 1719 61.590  2.569  2.766  0.000  -0.197   1.00 0.1905 -0.219    
  ORNG   12 313 134  P 0 1719 62.670  3.649  3.460  0.000   0.190   1.00 0.2668  0.221    
  SRND   17 132 123  P 0 1719 63.240  4.219  4.199  0.000   0.020   1.00 0.2176  0.023    
  KVCH   18 121 122  P 0 1719 63.360  4.339  4.340  0.000  -0.000   1.00 0.2009 -0.001    
  VRDN   20 278 119  P 0 1719 63.530  4.509  4.445  0.000   0.064   1.00 0.1710  0.071    
  BLVR   19 207 120  P 0 1719 63.700  4.679  4.454  0.000   0.226   1.00 0.2245  0.256    
  NMVR   20 231 118  P 0 1719 63.730  4.709  4.601  0.000   0.108   1.00 0.1631  0.118    
  FRMZ   22  57 117  P 0 1719 63.870  4.849  4.814  0.000   0.035   1.00 0.3157  0.043    
  HRS    27 246 111  P 0 1719 64.290  5.269  5.727  0.000  -0.458   1.00 0.1313 -0.492    
  MGSL   28 235 110  P 0 1719 64.860  5.839  5.801  0.000   0.039   1.00 0.1476  0.042    
  GOLJ   30  91 109  P 0 1719 65.090  6.069  6.106  0.000  -0.037   1.00 0.2130 -0.041    
  KRNG   31 275 108  P 0 1719 65.230  6.209  6.199  0.000   0.010   1.00 0.1676  0.011    
  $$$   VELEST-Version ETH-11FEB92 located at: 0915-2026 110826.7  
 
 
1 E V E N T   N R .       10                            0                    0
0 DATE  ORIGIN   TIME   LAT      LON     DEPTH  MAG  NO  DM GAP  RMS   ALE D-SPR
 120814 18: 3:34.763 38.4236N 46.7389E  11.598  1.9  13   1 102 0.17  1.86  0.00
0  ERX  ERY  ERZ Q SQD  ADJ  IN NR  AVR   AAR  NM AVXM  SDXM IT
   0.2 -0.0  0.0 A A/A  0.02  0 13 -0.00  0.12  0  0.0  0.0   8
0 F-E NR: 344 N.W. IRAN-USSR BORDER REGION    
0 STN  DIST AZM AIN PRMK HRMN  P-SEC  TPOBS  TPCAL  -TSCOR  P-RES   P-WT IMP STURES
        AMX PRX     SRMK XMAG  S-SEC  TSOBS  TSCAL  -TSCOR  S-RES   S-WT IMP STURES
  ZANG    1  48 175  P 0 18 3 37.170  2.407  2.595  0.000  -0.188   1.00 0.1994 -0.211    
  ORNG   13 305 130  P 0 18 3 38.460  3.697  3.475  0.000   0.221   1.00 0.2061  0.248    
  SRND   17 138 122  P 0 18 3 38.840  4.077  4.053  0.000   0.024   1.00 0.2265  0.027    
  KVCH   17 127 121  P 0 18 3 38.920  4.157  4.144  0.000   0.013   1.00 0.2129  0.015    
  FRMZ   20  57 117  P 0 18 3 39.320  4.557  4.464  0.000   0.092   1.00 0.3159  0.111    
  BLVR   21 210 115  P 0 18 3 39.590  4.827  4.644  0.000   0.183   1.00 0.2074  0.205    
  VRDN   21 275 115  P 0 18 3 39.450  4.687  4.634  0.000   0.053   1.00 0.1398  0.057    
  AZGN   22 303 114  P 0 18 3 39.490  4.727  4.770  0.000  -0.044   1.00 0.2356 -0.050    
  NMVR   22 232 114  P 0 18 3 39.720  4.957  4.842  0.000   0.114   1.00 0.1543  0.124    
  GOLJ   28  93 109  P 0 18 3 40.460  5.697  5.795  0.000  -0.099   1.00 0.2236 -0.112    
  HRS    29 246 108  P 0 18 3 40.340  5.577  5.999  0.000  -0.423   1.00 0.1271 -0.453    
  MGSL   30 235 107  P 0 18 3 40.930  6.167  6.075  0.000   0.092   1.00 0.1434  0.099    
  KRNG   32 273 105  P 0 18 3 41.160  6.397  6.435  0.000  -0.038   1.00 0.1440 -0.041    
  $$$   VELEST-Version ETH-11FEB92 located at: 0915-2026 110826.7  
 
 
1 E V E N T   N R .       11                            0                    0
0 DATE  ORIGIN   TIME   LAT      LON     DEPTH  MAG  NO  DM GAP  RMS   ALE D-SPR
 120814 18:27:31.964 38.4115N 46.8026E  13.634  1.9  14   7  90 0.16  2.33  0.00
0  ERX  ERY  ERZ Q SQD  ADJ  IN NR  AVR   AAR  NM AVXM  SDXM IT
  -0.2  0.0  0.1 A A/A  0.01  0 14 -0.00  0.11  0  0.0  0.0  10
0 F-E NR: 344 N.W. IRAN-USSR BORDER REGION    
0 STN  DIST AZM AIN PRMK HRMN  P-SEC  TPOBS  TPCAL  -TSCOR  P-RES   P-WT IMP STURES
        AMX PRX     SRMK XMAG  S-SEC  TSOBS  TSCAL  -TSCOR  S-RES   S-WT IMP STURES
  ZANG    7  72 154  P 0 1827 34.950  2.986  3.184  0.000  -0.197   1.08 0.1964 -0.220    
  ORNG   10 330 143  P 0 1827 35.500  3.536  3.397  0.000   0.140   1.08 0.2145  0.158    
  HIGH   14 124 133  P 4 1827 90.390 58.426  3.905  0.000  -5.479   0.00 0.0000 -5.479    
  VRDN   16 282 129  P 0 1827 36.120  4.156  4.052  0.000   0.105   1.08 0.1704  0.115    
  NMVR   17 224 127  P 0 1827 36.330  4.366  4.276  0.000   0.090   1.08 0.1839  0.100    
  BLVR   18 197 126  P 0 1827 36.450  4.486  4.315  0.000   0.171   1.08 0.2428  0.196    
  AZGN   18 316 125  P 0 1827 36.340  4.376  4.425  0.000  -0.048   1.08 0.2884 -0.057    
  SRND   20 124 122  P 0 1827 36.690  4.726  4.714  0.000   0.012   1.08 0.2240  0.014    
  KVCH   21 115 120  P 0 1827 36.920  4.956  4.915  0.000   0.041   1.08 0.2099  0.046    
  HRS    24 244 118  P 0 1827 36.800  4.836  5.260  0.000  -0.423   1.08 0.1596 -0.462    
  MGSL   25 230 116  P 0 1827 37.400  5.436  5.377  0.000   0.060   1.08 0.1758  0.066    
  FRMZ   25  61 116  P 0 1827 37.460  5.496  5.444  0.000   0.052   1.08 0.2599  0.061    
  KRNG   27 277 114  P 0 1827 37.710  5.746  5.683  0.000   0.064   1.08 0.2140  0.072    
  GOLJ   33  90 109  P 0 1827 38.710  6.746  6.789  0.000  -0.043   1.08 0.2051 -0.048    
  $$$   VELEST-Version ETH-11FEB92 located at: 0915-2026 110826.7  
 
 
1 E V E N T   N R .       12                            0                    0
0 DATE  ORIGIN   TIME   LAT      LON     DEPTH  MAG  NO  DM GAP  RMS   ALE D-SPR
 120814 18:42:57.710 38.4046N 46.8646E   8.067  1.9  13   9  63 0.09  1.75  0.00
0  ERX  ERY  ERZ Q SQD  ADJ  IN NR  AVR   AAR  NM AVXM  SDXM IT
  -0.2 -0.0  0.0 A A/A  0.00  0 13  0.00  0.07  0  0.0  0.0  10
0 F-E NR: 344 N.W. IRAN-USSR BORDER REGION    
0 STN  DIST AZM AIN PRMK HRMN  P-SEC  TPOBS  TPCAL  -TSCOR  P-RES   P-WT IMP STURES
        AMX PRX     SRMK XMAG  S-SEC  TSOBS  TSCAL  -TSCOR  S-RES   S-WT IMP STURES
  ORNG    9   2 127  P 0 1842 60.500  2.790  2.654  0.000   0.136   1.08 0.2454  0.157    
  VRDN   11 291 122  P 0 1842 60.530  2.820  2.817  0.000   0.004   1.08 0.2329  0.004    
  ZANG   12  77 120  P 0 1842 60.660  2.950  3.091  0.000  -0.141   1.08 0.1804 -0.155    
  NMVR   13 210 116  P 0 1842 60.950  3.240  3.221  0.000   0.020   1.08 0.2697  0.023    
  AZGN   16 332 111  P 0 1842 61.230  3.520  3.590  0.000  -0.070   1.08 0.3120 -0.084    
  BLVR   16 179 110  P 0 1842 61.410  3.700  3.638  0.000   0.063   1.08 0.2745  0.073    
  HIGH   18 113 107  P 4 1842 92.170 34.460  4.062  0.000 -29.601   0.00 0.0000-29.601    
  MGSL   20 222 105  P 0 1842 61.980  4.270  4.334  0.000  -0.063   1.08 0.2335 -0.072    
  KRNG   22 280 103  P 0 1842 62.250  4.540  4.542  0.000  -0.001   1.08 0.2672 -0.001    
  SRND   25 115 101  P 0 1842 62.790  5.080  5.048  0.000   0.033   1.08 0.1620  0.036    
  KVCH   26 108 100  P 0 1842 63.170  5.460  5.340  0.000   0.121   1.08 0.1527  0.131    
  FRMZ   30  65  98  P 0 1842 63.750  6.040  6.006  0.000   0.034   1.08 0.1874  0.038    
  GOLJ   39  89  96  P 0 1842 65.170  7.460  7.480  0.000  -0.020   1.08 0.1494 -0.021    
  $$$   VELEST-Version ETH-11FEB92 located at: 0915-2026 110826.7  
 
 
1 E V E N T   N R .       13                            0                    0
0 DATE  ORIGIN   TIME   LAT      LON     DEPTH  MAG  NO  DM GAP  RMS   ALE D-SPR
 120814 19:40:50.260 38.3826N 46.8152E   7.271  1.6  12   9  89 0.16  1.79  0.00
0  ERX  ERY  ERZ Q SQD  ADJ  IN NR  AVR   AAR  NM AVXM  SDXM IT
  -0.2 -0.0  0.0 A A/A  0.02  0 12 -0.00  0.11  0  0.0  0.0   9
0 F-E NR: 344 N.W. IRAN-USSR BORDER REGION    
0 STN  DIST AZM AIN PRMK HRMN  P-SEC  TPOBS  TPCAL  -TSCOR  P-RES   P-WT IMP STURES
        AMX PRX     SRMK XMAG  S-SEC  TSOBS  TSCAL  -TSCOR  S-RES   S-WT IMP STURES
  ZANG    9  55 126  P 0 1940 52.810  2.550  2.596  0.000  -0.045   1.00 0.2013 -0.051    
  HIGH   14 110 112  P 0 1940 53.370  3.110  3.235  0.000  -0.125   1.00 0.1656 -0.136    
  BLVR   14 196 110  P 0 1940 53.750  3.490  3.292  0.000   0.198   1.00 0.3241  0.241    
  VRDN   16 294 107  P 0 1940 53.920  3.660  3.519  0.000   0.141   1.00 0.2354  0.162    
  SRND   20 114 102  P 0 1940 54.480  4.220  4.204  0.000   0.016   1.00 0.1420  0.017    
  AZGN   20 324 101  P 0 1940 54.520  4.260  4.262  0.000  -0.001   1.00 0.3302 -0.001    
  KVCH   21 106 101  P 0 1940 54.830  4.570  4.512  0.000   0.059   1.00 0.1242  0.063    
  HRS    21 250 101  P 0 1940 54.370  4.110  4.525  0.000  -0.414   1.00 0.2002 -0.463    
  MGSL   22 235 100  P 0 1940 54.940  4.680  4.576  0.000   0.105   1.00 0.2190  0.119    
  KRNG   27 284  97  P 0 1940 55.620  5.360  5.305  0.000   0.055   1.00 0.2268  0.063    
  FRMZ   28  57  97  P 0 1940 55.890  5.630  5.556  0.000   0.075   1.00 0.1989  0.083    
  GOLJ   35  85  95  P 0 1940 56.960  6.700  6.764  0.000  -0.064   1.00 0.1222 -0.068    
  $$$   VELEST-Version ETH-11FEB92 located at: 0915-2026 110826.7  
 
 
1 E V E N T   N R .       14                            0                    0
0 DATE  ORIGIN   TIME   LAT      LON     DEPTH  MAG  NO  DM GAP  RMS   ALE D-SPR
 120814 19:58:53.478 38.4183N 46.7364E  11.155  2.8  14   1  76 0.16  1.87  0.00
0  ERX  ERY  ERZ Q SQD  ADJ  IN NR  AVR   AAR  NM AVXM  SDXM IT
   0.2 -0.0  0.0 A A/A  0.01  0 14 -0.00  0.12  0  0.0  0.0   7
0 F-E NR: 344 N.W. IRAN-USSR BORDER REGION    
0 STN  DIST AZM AIN PRMK HRMN  P-SEC  TPOBS  TPCAL  -TSCOR  P-RES   P-WT IMP STURES
        AMX PRX     SRMK XMAG  S-SEC  TSOBS  TSCAL  -TSCOR  S-RES   S-WT IMP STURES
  ZANG    1  23 173  P 0 1958 55.860  2.382  2.527  0.000  -0.145   1.00 0.2033 -0.163    
  HIGH   10 146 136  P 0 1958 56.590  3.112  3.180  0.000  -0.068   1.00 0.2178 -0.077    
  ORNG   13 306 128  P 0 1958 57.180  3.702  3.496  0.000   0.206   1.00 0.2119  0.232    
  SRND   16 137 122  P 0 1958 57.460  3.982  3.930  0.000   0.052   1.00 0.2028  0.058    
  KVCH   17 126 121  P 0 1958 57.550  4.072  4.030  0.000   0.042   1.00 0.1928  0.047    
  FRMZ   20  55 116  P 0 1958 58.020  4.542  4.454  0.000   0.088   1.00 0.3132  0.106    
  BLVR   21 212 115  P 0 1958 58.230  4.752  4.552  0.000   0.200   1.00 0.1862  0.222    
  VRDN   21 276 113  P 0 1958 58.190  4.712  4.645  0.000   0.067   1.00 0.1565  0.073    
  AZGN   22 304 112  P 0 1958 58.240  4.762  4.818  0.000  -0.057   1.00 0.2529 -0.066    
  NMVR   22 234 113  P 0 1958 58.330  4.852  4.783  0.000   0.068   1.00 0.1478  0.074    
  GOLJ   28  92 108  P 0 1958 59.100  5.622  5.734  0.000  -0.112   1.00 0.2139 -0.126    
  HRS    29 247 107  P 0 1958 59.040  5.562  5.971  0.000  -0.409   1.00 0.1376 -0.440    
  MGSL   30 236 106  P 0 1958 59.600  6.122  6.028  0.000   0.094   1.00 0.1466  0.101    
  KRNG   33 274 104  P 0 1958 59.910  6.432  6.456  0.000  -0.025   1.00 0.1727 -0.027    
  $$$   VELEST-Version ETH-11FEB92 located at: 0915-2026 110826.7  
 
 
1 E V E N T   N R .       15                            0                    0
0 DATE  ORIGIN   TIME   LAT      LON     DEPTH  MAG  NO  DM GAP  RMS   ALE D-SPR
 120814 20:10:56.316 38.3727N 46.7743E  14.125  3.3  14   7  73 0.19  2.05  0.00
0  ERX  ERY  ERZ Q SQD  ADJ  IN NR  AVR   AAR  NM AVXM  SDXM IT
   0.0  0.2  0.0 A A/A  0.01  0 14  0.00  0.16  0  0.0  0.0   9
0 F-E NR: 344 N.W. IRAN-USSR BORDER REGION    
0 STN  DIST AZM AIN PRMK HRMN  P-SEC  TPOBS  TPCAL  -TSCOR  P-RES   P-WT IMP STURES
        AMX PRX     SRMK XMAG  S-SEC  TSOBS  TSCAL  -TSCOR  S-RES   S-WT IMP STURES
  ZANG    7  31 153  P 0 2010 59.340  3.024  3.316  0.000  -0.293   1.00 0.1664 -0.321    
  HIGH   10 112 145  P 0 2010 59.690  3.374  3.502  0.000  -0.128   1.00 0.2052 -0.144    
  ORNG   15 330 132  P 0 2010 60.380  4.064  4.025  0.000   0.039   1.00 0.1959  0.043    
  SRND   16 116 130  P 0 2010 60.630  4.314  4.176  0.000   0.137   1.00 0.2014  0.154    
  NMVR   17 241 129  P 0 2010 60.770  4.454  4.238  0.000   0.216   1.00 0.1798  0.238    
  KVCH   18 106 127  P 0 2010 60.910  4.594  4.426  0.000   0.168   1.00 0.1865  0.186    
  VRDN   19 293 124  P 0 2010 60.990  4.674  4.595  0.000   0.078   1.00 0.1627  0.086    
  AZGN   23 319 119  P 0 2010 61.350  5.034  5.163  0.000  -0.130   1.00 0.2405 -0.149    
  FRMZ   26  50 116  P 0 2010 61.940  5.624  5.539  0.000   0.085   1.00 0.2557  0.099    
  HRS    24 255 118  P 0 2010 61.460  5.144  5.418  0.000  -0.275   1.00 0.1596 -0.300    
  MGSL   24 242 118  P 0 2010 61.950  5.634  5.363  0.000   0.271   1.00 0.1772  0.299    
  KRNG   30 284 112  P 0 2010 62.620  6.304  6.215  0.000   0.088   1.00 0.1874  0.098    
  TBZ    57 106 101  P 0 2010 66.890 10.574 10.550  0.000   0.024   1.00 0.1841  0.026    
  BST    75 188  98  P 0 2010 69.750 13.434 13.713  0.000  -0.280   1.00 0.2515 -0.323    
  $$$   VELEST-Version ETH-11FEB92 located at: 0915-2026 110826.7  
 
 
1 E V E N T   N R .       16                            0                    0
0 DATE  ORIGIN   TIME   LAT      LON     DEPTH  MAG  NO  DM GAP  RMS   ALE D-SPR
 120814 20:20:32.997 38.3803N 46.6505E   4.343  2.9  15   5  80 0.16  1.60  0.00
0  ERX  ERY  ERZ Q SQD  ADJ  IN NR  AVR   AAR  NM AVXM  SDXM IT
   0.0  0.2 -0.1 A A/A  0.15  0 15 -0.00  0.12  0  0.0  0.0  99
0 F-E NR: 344 N.W. IRAN-USSR BORDER REGION    
0 STN  DIST AZM AIN PRMK HRMN  P-SEC  TPOBS  TPCAL  -TSCOR  P-RES   P-WT IMP STURES
        AMX PRX     SRMK XMAG  S-SEC  TSOBS  TSCAL  -TSCOR  S-RES   S-WT IMP STURES
  HIGH    5 201 132  P 0 2020 34.650  1.653  1.686  0.000  -0.034   1.07 0.4182 -0.044    
  KVCH    8 132 107  P 0 2020 35.240  2.243  2.231  0.000   0.012   1.07 0.2664  0.014    
  SRND    9 156 105  P 0 2020 35.360  2.363  2.249  0.000   0.113   1.07 0.2461  0.131    
  ZANG    9 308 105  P 0 2020 35.190  2.193  2.336  0.000  -0.144   1.07 0.2566 -0.167    
  FRMZ   18  29  93  P 0 2020 36.900  3.903  3.874  0.000   0.029   1.07 0.4481  0.039    
  GOLJ   20  81  92  P 4 2020 34.200  1.203  4.372  0.000  -3.170   0.00 0.0000 -3.170    
  ORNG   22 304  73  P 0 2020 37.710  4.713  4.578  0.000   0.135   1.07 0.1689  0.148    
  NMVR   27 251  73  P 0 2020 38.640  5.643  5.406  0.000   0.237   1.07 0.1351  0.255    
  VRDN   30 283  73  P 0 2020 38.890  5.893  5.835  0.000   0.057   1.07 0.1319  0.062    
  AZGN   31 302  73  P 0 2020 39.030  6.033  6.099  0.000  -0.066   1.07 0.1658 -0.072    
  MGSL   35 249  73  P 0 2020 39.950  6.953  6.733  0.000   0.220   1.07 0.1363  0.236    
  HRS    35 258  73  P 0 2020 39.520  6.523  6.867  0.000  -0.344   1.07 0.1291 -0.369    
  KRNG   41 279  73  P 0 2020 40.720  7.723  7.717  0.000   0.006   1.07 0.1289  0.006    
  TBZ    47 110  73  P 0 2020 41.730  8.733  8.756  0.000  -0.023   1.07 0.2565 -0.026    
  BST    78 195  73  P 0 2020 46.970 13.973 14.160  0.000  -0.188   1.07 0.1830 -0.208    
  $$$   VELEST-Version ETH-11FEB92 located at: 0915-2026 110826.7  
 
 
1 E V E N T   N R .       17                            0                    0
0 DATE  ORIGIN   TIME   LAT      LON     DEPTH  MAG  NO  DM GAP  RMS   ALE D-SPR
 120814 21: 2:33.506 38.3892N 46.6766E   4.299  1.7  13   5  82 0.18  1.62  0.00
0  ERX  ERY  ERZ Q SQD  ADJ  IN NR  AVR   AAR  NM AVXM  SDXM IT
   0.2 -0.0 -0.1 A A/A  0.00  0 13  0.00  0.13  0  0.0  0.0   3
0 F-E NR: 344 N.W. IRAN-USSR BORDER REGION    
0 STN  DIST AZM AIN PRMK HRMN  P-SEC  TPOBS  TPCAL  -TSCOR  P-RES   P-WT IMP STURES
        AMX PRX     SRMK XMAG  S-SEC  TSOBS  TSCAL  -TSCOR  S-RES   S-WT IMP STURES
  HIGH    5 174 126  P 0 21 2 35.190  1.684  1.778  0.000  -0.094   1.00 0.4372 -0.125    
  ZANG    7 314 119  P 0 21 2 35.380  1.874  1.947  0.000  -0.072   1.00 0.3002 -0.087    
  KVCH   11 128  97  P 0 21 2 36.170  2.664  2.640  0.000   0.025   1.00 0.2241  0.028    
  FRMZ   18  37  92  P 0 21 2 37.560  4.054  3.949  0.000   0.105   1.00 0.3247  0.128    
  ORNG   20 305  92  P 0 21 2 37.790  4.284  4.149  0.000   0.135   1.00 0.1849  0.149    
  BLVR   22 228  92  P 0 21 2 38.240  4.734  4.504  0.000   0.230   1.00 0.1735  0.253    
  GOLJ   23  84  92  P 0 21 2 38.180  4.674  4.747  0.000  -0.073   1.00 0.2350 -0.083    
  NMVR   25 247  73  P 0 21 2 38.740  5.234  5.110  0.000   0.124   1.00 0.1193  0.132    
  VRDN   27 282  73  P 0 21 2 38.920  5.414  5.426  0.000  -0.012   1.00 0.1402 -0.013    
  AZGN   29 303  73  P 0 21 2 39.090  5.584  5.688  0.000  -0.103   1.00 0.1901 -0.115    
  MGSL   33 246  73  P 0 21 2 40.050  6.544  6.442  0.000   0.102   1.00 0.1195  0.108    
  HRS    33 256  73  P 0 21 2 39.560  6.054  6.531  0.000  -0.477   1.00 0.1175 -0.508    
  KRNG   38 278  73  P 0 21 2 40.930  7.424  7.313  0.000   0.111   1.00 0.1345  0.119    
  $$$   VELEST-Version ETH-11FEB92 located at: 0915-2026 110826.7  
 
 
1 E V E N T   N R .       18                            0                    0
0 DATE  ORIGIN   TIME   LAT      LON     DEPTH  MAG  NO  DM GAP  RMS   ALE D-SPR
 120814 21:11:55.008 38.4090N 46.7680E  10.972  1.2  13   4  95 0.10  2.05  0.00
0  ERX  ERY  ERZ Q SQD  ADJ  IN NR  AVR   AAR  NM AVXM  SDXM IT
  -0.2 -0.0  0.0 A A/A  0.01  0 13  0.00  0.09  0  0.0  0.0   5
0 F-E NR: 344 N.W. IRAN-USSR BORDER REGION    
0 STN  DIST AZM AIN PRMK HRMN  P-SEC  TPOBS  TPCAL  -TSCOR  P-RES   P-WT IMP STURES
        AMX PRX     SRMK XMAG  S-SEC  TSOBS  TSCAL  -TSCOR  S-RES   S-WT IMP STURES
  ZANG    4  55 160  P 0 2111 57.510  2.502  2.599  0.000  -0.098   1.00 0.1991 -0.109    
  HIGH   11 132 133  P 0 2111 58.170  3.162  3.284  0.000  -0.123   1.00 0.2074 -0.138    
  ORNG   12 318 131  P 0 2111 58.480  3.472  3.299  0.000   0.173   1.00 0.2219  0.196    
  SRND   18 128 119  P 0 2111 59.140  4.132  4.108  0.000   0.024   1.00 0.1804  0.026    
  BLVR   18 206 117  P 0 2111 59.360  4.352  4.200  0.000   0.152   1.00 0.2022  0.170    
  KVCH   19 118 117  P 0 2111 59.340  4.332  4.281  0.000   0.051   1.00 0.1672  0.055    
  VRDN   19 281 116  P 0 2111 59.250  4.242  4.237  0.000   0.005   1.00 0.1781  0.005    
  NMVR   19 231 116  P 0 2111 59.400  4.392  4.338  0.000   0.054   1.00 0.1661  0.059    
  AZGN   21 310 114  P 0 2111 59.480  4.472  4.559  0.000  -0.087   1.00 0.2689 -0.102    
  FRMZ   23  57 112  P 0 2111 60.000  4.992  4.884  0.000   0.108   1.00 0.2464  0.124    
  MGSL   27 235 108  P 0 2111 60.470  5.462  5.558  0.000  -0.096   1.00 0.1594 -0.105    
  KRNG   30 277 105  P 0 2111 60.940  5.932  6.016  0.000  -0.084   1.00 0.1969 -0.094    
  GOLJ   30  90 106  P 0 2111 61.100  6.092  6.168  0.000  -0.077   1.00 0.1677 -0.084    
  $$$   VELEST-Version ETH-11FEB92 located at: 0915-2026 110826.7  
 
 
1 E V E N T   N R .       19                            0                    0
0 DATE  ORIGIN   TIME   LAT      LON     DEPTH  MAG  NO  DM GAP  RMS   ALE D-SPR
 120814 21:17:20.450 38.4120N 46.8704E  12.448  1.2  13   9  61 0.16  1.90  0.00
0  ERX  ERY  ERZ Q SQD  ADJ  IN NR  AVR   AAR  NM AVXM  SDXM IT
  -0.2  0.0  0.0 A A/A  0.02  0 13 -0.00  0.11  0  0.0  0.0  10
0 F-E NR: 344 N.W. IRAN-USSR BORDER REGION    
0 STN  DIST AZM AIN PRMK HRMN  P-SEC  TPOBS  TPCAL  -TSCOR  P-RES   P-WT IMP STURES
        AMX PRX     SRMK XMAG  S-SEC  TSOBS  TSCAL  -TSCOR  S-RES   S-WT IMP STURES
  ORNG    9   6 145  P 0 2117 23.610  3.160  3.102  0.000   0.058   1.00 0.2311  0.066    
  VRDN   10 288 140  P 0 2117 23.770  3.320  3.217  0.000   0.103   1.00 0.2328  0.117    
  ZANG   12  81 134  P 0 2117 23.890  3.440  3.589  0.000  -0.149   1.00 0.1498 -0.162    
  NMVR   14 206 130  P 0 2117 24.220  3.770  3.701  0.000   0.069   1.00 0.1878  0.076    
  AZGN   15 332 128  P 0 2117 24.300  3.850  3.820  0.000   0.029   1.00 0.3753  0.037    
  BLVR   17 177 124  P 0 2117 24.630  4.180  4.109  0.000   0.071   1.00 0.2095  0.080    
  HRS    18 235 122  P 0 2117 24.460  4.010  4.416  0.000  -0.407   1.00 0.1837 -0.450    
  HIGH   19 115 121  P 0 2117 24.810  4.360  4.488  0.000  -0.129   1.00 0.1602 -0.140    
  MGSL   20 220 119  P 0 2117 25.310  4.860  4.658  0.000   0.201   1.00 0.1778  0.222    
  SRND   25 116 113  P 0 2117 25.920  5.470  5.398  0.000   0.072   1.00 0.1523  0.078    
  KVCH   27 110 111  P 0 2117 26.230  5.780  5.665  0.000   0.114   1.00 0.1430  0.123    
  FRMZ   30  67 109  P 0 2117 26.670  6.220  6.200  0.000   0.020   1.00 0.1850  0.022    
  GOLJ   39  90 104  P 0 2117 28.090  7.640  7.691  0.000  -0.052   1.00 0.1383 -0.056    
  $$$   VELEST-Version ETH-11FEB92 located at: 0915-2026 110826.7  
 
 
1 E V E N T   N R .       20                            0                    0
0 DATE  ORIGIN   TIME   LAT      LON     DEPTH  MAG  NO  DM GAP  RMS   ALE D-SPR
 120814 21:20: 8.930 38.4166N 46.7510E  13.252  1.2  14   2 100 0.17  1.95  0.00
0  ERX  ERY  ERZ Q SQD  ADJ  IN NR  AVR   AAR  NM AVXM  SDXM IT
   0.2 -0.0  0.1 A A/A  0.01  0 14 -0.00  0.12  0  0.0  0.0   8
0 F-E NR: 344 N.W. IRAN-USSR BORDER REGION    
0 STN  DIST AZM AIN PRMK HRMN  P-SEC  TPOBS  TPCAL  -TSCOR  P-RES   P-WT IMP STURES
        AMX PRX     SRMK XMAG  S-SEC  TSOBS  TSCAL  -TSCOR  S-RES   S-WT IMP STURES
  ZANG    2  51 170  P 0 2120 11.670  2.740  2.900  0.000  -0.160   1.00 0.1716 -0.175    
  HIGH   11 140 140  P 0 2120 12.340  3.410  3.513  0.000  -0.102   1.00 0.2009 -0.114    
  ORNG   13 311 136  P 0 2120 12.750  3.820  3.620  0.000   0.200   1.00 0.2013  0.224    
  SRND   17 134 126  P 0 2120 13.210  4.280  4.234  0.000   0.047   1.00 0.1946  0.052    
  KVCH   18 123 125  P 0 2120 13.320  4.390  4.357  0.000   0.033   1.00 0.1864  0.037    
  BLVR   20 209 121  P 0 2120 13.760  4.830  4.599  0.000   0.231   1.00 0.1741  0.254    
  VRDN   20 277 121  P 0 2120 13.630  4.700  4.619  0.000   0.081   1.00 0.1584  0.088    
  NMVR   21 232 120  P 0 2120 13.780  4.850  4.770  0.000   0.080   1.00 0.1382  0.086    
  FRMZ   21  57 120  P 0 2120 13.800  4.870  4.792  0.000   0.078   1.00 0.2823  0.092    
  AZGN   21 306 119  P 0 2120 13.700  4.770  4.829  0.000  -0.059   1.00 0.2586 -0.068    
  HRS    28 247 113  P 0 2120 14.390  5.460  5.893  0.000  -0.433   1.00 0.1305 -0.464    
  MGSL   29 235 112  P 0 2120 14.970  6.040  5.958  0.000   0.082   1.00 0.1350  0.088    
  GOLJ   29  91 112  P 0 2120 14.910  5.980  6.054  0.000  -0.074   1.00 0.2066 -0.083    
  KRNG   31 275 109  P 0 2120 15.280  6.350  6.356  0.000  -0.005   1.00 0.1816 -0.006    
  $$$   VELEST-Version ETH-11FEB92 located at: 0915-2026 110826.7  
 
 
1 E V E N T   N R .       21                            0                    0
0 DATE  ORIGIN   TIME   LAT      LON     DEPTH  MAG  NO  DM GAP  RMS   ALE D-SPR
 120814 21:26:25.348 38.4025N 46.8471E  12.372  1.3  14  10  69 0.15  2.10  0.00
0  ERX  ERY  ERZ Q SQD  ADJ  IN NR  AVR   AAR  NM AVXM  SDXM IT
  -0.2 -0.0  0.0 A A/A  0.02  0 14 -0.00  0.12  0  0.0  0.0   8
0 F-E NR: 344 N.W. IRAN-USSR BORDER REGION    
0 STN  DIST AZM AIN PRMK HRMN  P-SEC  TPOBS  TPCAL  -TSCOR  P-RES   P-WT IMP STURES
        AMX PRX     SRMK XMAG  S-SEC  TSOBS  TSCAL  -TSCOR  S-RES   S-WT IMP STURES
  ORNG   10 353 141  P 0 2126 28.650  3.302  3.200  0.000   0.103   1.00 0.2084  0.116    
  ZANG   11  73 139  P 0 2126 28.570  3.222  3.378  0.000  -0.155   1.00 0.1602 -0.169    
  VRDN   12 290 134  P 0 2126 28.910  3.562  3.468  0.000   0.094   1.00 0.1826  0.104    
  NMVR   14 216 130  P 0 2126 29.160  3.812  3.711  0.000   0.101   1.00 0.1820  0.112    
  BLVR   16 184 126  P 0 2126 29.440  4.092  3.960  0.000   0.133   1.00 0.2163  0.150    
  AZGN   17 328 124  P 0 2126 29.360  4.012  4.075  0.000  -0.063   1.00 0.2895 -0.074    
  HIGH   17 114 124  P 0 2126 29.390  4.042  4.157  0.000  -0.114   1.00 0.1721 -0.126    
  HRS    20 241 120  P 0 2126 29.500  4.152  4.579  0.000  -0.427   1.00 0.1571 -0.465    
  MGSL   21 226 118  P 0 2126 30.140  4.792  4.743  0.000   0.049   1.00 0.1639  0.054    
  KRNG   23 280 114  P 0 2126 30.510  5.162  5.025  0.000   0.138   1.00 0.2263  0.157    
  SRND   23 116 115  P 0 2126 30.460  5.112  5.040  0.000   0.072   1.00 0.1648  0.079    
  KVCH   25 109 113  P 0 2126 30.760  5.412  5.308  0.000   0.104   1.00 0.1570  0.114    
  FRMZ   29  63 109  P 0 2126 31.340  5.992  5.972  0.000   0.020   1.00 0.2079  0.022    
  GOLJ   37  89 105  P 0 2126 32.650  7.302  7.358  0.000  -0.055   1.00 0.1627 -0.060    
  $$$   VELEST-Version ETH-11FEB92 located at: 0915-2026 110826.7  
 
 
1 E V E N T   N R .       22                            0                    0
0 DATE  ORIGIN   TIME   LAT      LON     DEPTH  MAG  NO  DM GAP  RMS   ALE D-SPR
 120814 21:30:13.036 38.4062N 46.7591E  12.455  1.4  14   4  86 0.16  1.95  0.00
0  ERX  ERY  ERZ Q SQD  ADJ  IN NR  AVR   AAR  NM AVXM  SDXM IT
   0.2 -0.0  0.1 A A/A  0.01  0 14 -0.00  0.12  0  0.0  0.0   8
0 F-E NR: 344 N.W. IRAN-USSR BORDER REGION    
0 STN  DIST AZM AIN PRMK HRMN  P-SEC  TPOBS  TPCAL  -TSCOR  P-RES   P-WT IMP STURES
        AMX PRX     SRMK XMAG  S-SEC  TSOBS  TSCAL  -TSCOR  S-RES   S-WT IMP STURES
  ZANG    4  44 164  P 0 2130 15.710  2.674  2.818  0.000  -0.143   1.00 0.1776 -0.158    
  HIGH   11 133 139  P 0 2130 16.290  3.254  3.371  0.000  -0.116   1.00 0.2066 -0.131    
  ORNG   13 317 133  P 0 2130 16.790  3.754  3.561  0.000   0.193   1.00 0.2053  0.217    
  SRND   17 129 124  P 0 2130 17.210  4.174  4.123  0.000   0.051   1.00 0.1954  0.057    
  KVCH   18 118 123  P 0 2130 17.370  4.334  4.284  0.000   0.050   1.00 0.1852  0.056    
  BLVR   18 209 121  P 0 2130 17.570  4.534  4.334  0.000   0.200   1.00 0.1850  0.222    
  VRDN   20 281 119  P 0 2130 17.580  4.544  4.478  0.000   0.067   1.00 0.1609  0.073    
  NMVR   20 233 120  P 0 2130 17.660  4.624  4.518  0.000   0.106   1.00 0.1447  0.115    
  AZGN   22 309 117  P 0 2130 17.750  4.714  4.789  0.000  -0.074   1.00 0.2556 -0.086    
  FRMZ   22  55 116  P 0 2130 18.030  4.994  4.912  0.000   0.082   1.00 0.2698  0.096    
  HRS    27 248 112  P 0 2130 18.290  5.254  5.671  0.000  -0.417   1.00 0.1338 -0.448    
  MGSL   27 237 111  P 0 2130 18.810  5.774  5.716  0.000   0.059   1.00 0.1394  0.063    
  GOLJ   30  89 109  P 0 2130 19.070  6.034  6.118  0.000  -0.083   1.00 0.1999 -0.093    
  KRNG   31 277 108  P 0 2130 19.280  6.244  6.219  0.000   0.025   1.00 0.1808  0.028    
  $$$   VELEST-Version ETH-11FEB92 located at: 0915-2026 110826.7  
 
 
1 E V E N T   N R .       23                            0                    0
0 DATE  ORIGIN   TIME   LAT      LON     DEPTH  MAG  NO  DM GAP  RMS   ALE D-SPR
 120814 21:32:40.360 38.4080N 46.7625E  10.216  1.4  14   4  92 0.16  1.89  0.00
0  ERX  ERY  ERZ Q SQD  ADJ  IN NR  AVR   AAR  NM AVXM  SDXM IT
   0.2 -0.0  0.0 A A/A  0.01  0 14 -0.00  0.12  0  0.0  0.0   6
0 F-E NR: 344 N.W. IRAN-USSR BORDER REGION    
0 STN  DIST AZM AIN PRMK HRMN  P-SEC  TPOBS  TPCAL  -TSCOR  P-RES   P-WT IMP STURES
        AMX PRX     SRMK XMAG  S-SEC  TSOBS  TSCAL  -TSCOR  S-RES   S-WT IMP STURES
  ZANG    4  49 160  P 0 2132 42.680  2.320  2.462  0.000  -0.142   1.00 0.2109 -0.160    
  HIGH   11 133 131  P 0 2132 43.410  3.050  3.145  0.000  -0.095   1.00 0.2161 -0.107    
  ORNG   12 317 127  P 0 2132 43.840  3.480  3.273  0.000   0.207   1.00 0.2185  0.234    
  SRND   17 129 117  P 0 2132 44.410  4.050  3.982  0.000   0.068   1.00 0.1897  0.076    
  KVCH   18 118 116  P 0 2132 44.580  4.220  4.152  0.000   0.068   1.00 0.1799  0.075    
  BLVR   19 207 115  P 0 2132 44.690  4.330  4.161  0.000   0.169   1.00 0.1868  0.187    
  VRDN   19 281 113  P 0 2132 44.670  4.310  4.259  0.000   0.051   1.00 0.1628  0.056    
  NMVR   20 232 113  P 0 2132 44.790  4.430  4.332  0.000   0.098   1.00 0.1478  0.106    
  AZGN   21 310 111  P 0 2132 44.890  4.530  4.579  0.000  -0.049   1.00 0.2563 -0.057    
  FRMZ   22  56 110  P 0 2132 45.210  4.850  4.784  0.000   0.066   1.00 0.2726  0.077    
  HRS    27 248 106  P 0 2132 45.440  5.080  5.515  0.000  -0.435   1.00 0.1339 -0.467    
  MGSL   27 236 106  P 0 2132 46.030  5.670  5.575  0.000   0.095   1.00 0.1391  0.103    
  GOLJ   30  90 104  P 0 2132 46.310  5.950  6.057  0.000  -0.107   1.00 0.1954 -0.120    
  KRNG   31 277 103  P 0 2132 46.430  6.070  6.065  0.000   0.005   1.00 0.1755  0.006    
  $$$   VELEST-Version ETH-11FEB92 located at: 0915-2026 110826.7  
 
 
1 E V E N T   N R .       24                            0                    0
0 DATE  ORIGIN   TIME   LAT      LON     DEPTH  MAG  NO  DM GAP  RMS   ALE D-SPR
 120814 21:48:16.372 38.4289N 46.7988E  13.873  1.5  14   6 103 0.15  2.24  0.00
0  ERX  ERY  ERZ Q SQD  ADJ  IN NR  AVR   AAR  NM AVXM  SDXM IT
  -0.2  0.0  0.1 A A/A  0.01  0 14 -0.00  0.11  0  0.0  0.0   8
0 F-E NR: 344 N.W. IRAN-USSR BORDER REGION    
0 STN  DIST AZM AIN PRMK HRMN  P-SEC  TPOBS  TPCAL  -TSCOR  P-RES   P-WT IMP STURES
        AMX PRX     SRMK XMAG  S-SEC  TSOBS  TSCAL  -TSCOR  S-RES   S-WT IMP STURES
  ZANG    6  89 157  P 0 2148 19.370  2.998  3.175  0.000  -0.178   1.00 0.1663 -0.195    
  ORNG    9 322 148  P 0 2148 19.790  3.418  3.295  0.000   0.123   1.00 0.2044  0.138    
  HIGH   15 131 132  P 0 2148 20.310  3.938  4.047  0.000  -0.110   1.00 0.1814 -0.121    
  VRDN   16 274 129  P 0 2148 20.550  4.178  4.085  0.000   0.092   1.00 0.1656  0.101    
  AZGN   17 310 127  P 0 2148 20.670  4.298  4.301  0.000  -0.003   1.00 0.2880 -0.004    
  NMVR   19 221 124  P 0 2148 20.990  4.618  4.526  0.000   0.091   1.00 0.1502  0.099    
  BLVR   20 196 123  P 0 2148 21.200  4.828  4.608  0.000   0.219   1.00 0.1839  0.243    
  SRND   21 129 121  P 0 2148 21.290  4.918  4.861  0.000   0.057   1.00 0.1749  0.063    
  KVCH   22 120 120  P 0 2148 21.450  5.078  5.022  0.000   0.055   1.00 0.1680  0.061    
  FRMZ   24  65 118  P 0 2148 21.720  5.348  5.286  0.000   0.061   1.00 0.2555  0.071    
  HRS    25 240 117  P 0 2148 21.430  5.058  5.459  0.000  -0.401   1.00 0.1385 -0.432    
  MGSL   26 228 115  P 0 2148 22.040  5.668  5.624  0.000   0.043   1.00 0.1434  0.047    
  KRNG   27 273 114  P 0 2148 22.110  5.738  5.726  0.000   0.012   1.00 0.2051  0.013    
  GOLJ   33  94 110  P 0 2148 23.070  6.698  6.760  0.000  -0.062   1.00 0.1866 -0.069    
  $$$   VELEST-Version ETH-11FEB92 located at: 0915-2026 110826.7  
 
 
1 E V E N T   N R .       25                            0                    0
0 DATE  ORIGIN   TIME   LAT      LON     DEPTH  MAG  NO  DM GAP  RMS   ALE D-SPR
 120814 21:56:12.517 38.3948N 46.6612E   4.369  2.4  12   6  90 0.18  1.62  0.00
0  ERX  ERY  ERZ Q SQD  ADJ  IN NR  AVR   AAR  NM AVXM  SDXM IT
   0.2 -0.0 -0.1 A A/A -0.22  0 12  0.00  0.13  0  0.0  0.0  99
0 F-E NR: 344 N.W. IRAN-USSR BORDER REGION    
0 STN  DIST AZM AIN PRMK HRMN  P-SEC  TPOBS  TPCAL  -TSCOR  P-RES   P-WT IMP STURES
        AMX PRX     SRMK XMAG  S-SEC  TSOBS  TSCAL  -TSCOR  S-RES   S-WT IMP STURES
  HIGH    6 187 122  P 0 2156 14.330  1.813  1.879  0.000  -0.066   1.00 0.3724 -0.083    
  ZANG    7 303 115  P 0 2156 14.510  1.993  2.056  0.000  -0.064   1.00 0.2367 -0.073    
  KVCH   10 135 100  P 0 2156 15.040  2.523  2.538  0.000  -0.016   1.00 0.2367 -0.018    
  FRMZ   17  35  93  P 0 2156 16.350  3.833  3.722  0.000   0.111   1.00 0.3388  0.136    
  GOLJ   21  85  92  P 0 2156 16.940  4.423  4.502  0.000  -0.079   1.00 0.2378 -0.091    
  ORNG   20 301  92  P 0 2156 16.970  4.453  4.288  0.000   0.165   1.00 0.1833  0.182    
  BLVR   23 229  73  P 0 2156 17.550  5.033  4.745  0.000   0.288   1.00 0.1267  0.308    
  NMVR   27 247  73  P 0 2156 18.040  5.523  5.356  0.000   0.167   1.00 0.1160  0.177    
  AZGN   29 301  73  P 0 2156 18.270  5.753  5.821  0.000  -0.068   1.00 0.2075 -0.077    
  MGSL   34 246  73  P 0 2156 19.270  6.753  6.688  0.000   0.064   1.00 0.1161  0.068    
  HRS    35 256  73  P 0 2156 18.860  6.343  6.773  0.000  -0.430   1.00 0.1168 -0.458    
  KRNG   40 277  73  P 0 2156 19.970  7.453  7.520  0.000  -0.067   1.00 0.1426 -0.072    
  $$$   VELEST-Version ETH-11FEB92 located at: 0915-2026 110826.7  
 
 
1 E V E N T   N R .       26                            0                    0
0 DATE  ORIGIN   TIME   LAT      LON     DEPTH  MAG  NO  DM GAP  RMS   ALE D-SPR
 120814 21:58:40.007 38.3932N 46.6732E   4.338  2.2  14   6  87 0.16  1.61  0.00
0  ERX  ERY  ERZ Q SQD  ADJ  IN NR  AVR   AAR  NM AVXM  SDXM IT
   0.2 -0.0 -0.1 A A/A  0.18  0 14 -0.00  0.11  0  0.0  0.0  99
0 F-E NR: 344 N.W. IRAN-USSR BORDER REGION    
0 STN  DIST AZM AIN PRMK HRMN  P-SEC  TPOBS  TPCAL  -TSCOR  P-RES   P-WT IMP STURES
        AMX PRX     SRMK XMAG  S-SEC  TSOBS  TSCAL  -TSCOR  S-RES   S-WT IMP STURES
  HIGH    6 177 123  P 0 2158 41.750  1.743  1.844  0.000  -0.100   1.00 0.3826 -0.128    
  ZANG    6 309 120  P 0 2158 41.870  1.863  1.938  0.000  -0.075   1.00 0.3114 -0.090    
  SRND   11 149  98  P 0 2158 42.660  2.653  2.629  0.000   0.024   1.00 0.2127  0.028    
  KVCH   11 131  98  P 0 2158 42.650  2.643  2.650  0.000  -0.007   1.00 0.2140 -0.007    
  FRMZ   18  37  93  P 0 2158 43.980  3.973  3.855  0.000   0.119   1.00 0.3644  0.149    
  ORNG   20 303  92  P 0 2158 44.310  4.303  4.149  0.000   0.155   1.00 0.1850  0.171    
  BLVR   22 228  73  P 0 2158 44.860  4.853  4.595  0.000   0.259   1.00 0.1262  0.277    
  GOLJ   22  85  92  P 0 2158 44.610  4.603  4.688  0.000  -0.084   1.00 0.2685 -0.099    
  NMVR   26 246  73  P 0 2158 45.320  5.313  5.184  0.000   0.129   1.00 0.1160  0.137    
  VRDN   27 281  73  P 0 2158 45.480  5.473  5.458  0.000   0.015   1.00 0.1354  0.016    
  AZGN   29 302  73  P 0 2158 45.620  5.613  5.687  0.000  -0.074   1.00 0.1836 -0.082    
  MGSL   33 246  73  P 0 2158 46.620  6.613  6.517  0.000   0.096   1.00 0.1161  0.103    
  HRS    33 255  73  P 0 2158 46.180  6.173  6.596  0.000  -0.423   1.00 0.1148 -0.449    
  KRNG   39 278  73  P 0 2158 47.320  7.313  7.350  0.000  -0.037   1.00 0.1306 -0.040    
  $$$   VELEST-Version ETH-11FEB92 located at: 0915-2026 110826.7  
 
 
1 E V E N T   N R .       27                            0                    0
0 DATE  ORIGIN   TIME   LAT      LON     DEPTH  MAG  NO  DM GAP  RMS   ALE D-SPR
 120814 22:37:18.900 38.4117N 46.8319E   9.961  1.5  13   9  78 0.10  1.77  0.00
0  ERX  ERY  ERZ Q SQD  ADJ  IN NR  AVR   AAR  NM AVXM  SDXM IT
  -0.2  0.0  0.0 A A/A  0.01  0 13 -0.00  0.08  0  0.0  0.0   7
0 F-E NR: 344 N.W. IRAN-USSR BORDER REGION    
0 STN  DIST AZM AIN PRMK HRMN  P-SEC  TPOBS  TPCAL  -TSCOR  P-RES   P-WT IMP STURES
        AMX PRX     SRMK XMAG  S-SEC  TSOBS  TSCAL  -TSCOR  S-RES   S-WT IMP STURES
  ORNG    9 344 137  P 0 2237 21.860  2.960  2.811  0.000   0.149   1.08 0.2297  0.170    
  ZANG    9  77 137  P 0 2237 21.650  2.750  2.901  0.000  -0.150   1.08 0.1886 -0.167    
  VRDN   13 284 124  P 0 2237 22.270  3.370  3.344  0.000   0.026   1.08 0.1963  0.029    
  AZGN   17 322 117  P 0 2237 22.720  3.820  3.860  0.000  -0.039   1.08 0.2576 -0.046    
  HIGH   16 119 118  P 0 2237 22.620  3.720  3.839  0.000  -0.119   1.08 0.1770 -0.131    
  BLVR   17 188 116  P 0 2237 22.910  4.010  3.915  0.000   0.096   1.08 0.2846  0.113    
  HRS    21 240 111  P 4 2237 23.000  4.100  4.656  0.000  -0.555   0.00 0.0000 -0.555    
  MGSL   23 226 109  P 0 2237 23.660  4.760  4.841  0.000  -0.080   1.08 0.2318 -0.092    
  SRND   22 120 109  P 0 2237 23.770  4.870  4.778  0.000   0.092   1.08 0.1612  0.100    
  KRNG   25 277 107  P 0 2237 23.920  5.020  5.065  0.000  -0.045   1.08 0.1969 -0.050    
  KVCH   24 112 108  P 0 2237 24.030  5.130  5.023  0.000   0.107   1.08 0.1531  0.116    
  FRMZ   27  64 105  P 0 2237 24.520  5.620  5.587  0.000   0.033   1.08 0.2364  0.038    
  GOLJ   36  90 101  P 0 2237 25.880  6.980  7.048  0.000  -0.067   1.08 0.1727 -0.074    
  $$$   VELEST-Version ETH-11FEB92 located at: 0915-2026 110826.7  
 
 
1 E V E N T   N R .       28                            0                    0
0 DATE  ORIGIN   TIME   LAT      LON     DEPTH  MAG  NO  DM GAP  RMS   ALE D-SPR
 120814 22:55: 4.965 38.4169N 46.7876E  12.191  1.5  12   5  98 0.17  2.21  0.00
0  ERX  ERY  ERZ Q SQD  ADJ  IN NR  AVR   AAR  NM AVXM  SDXM IT
  -0.2  0.0  0.0 A A/A  0.01  0 12 -0.00  0.13  0  0.0  0.0   9
0 F-E NR: 344 N.W. IRAN-USSR BORDER REGION    
0 STN  DIST AZM AIN PRMK HRMN  P-SEC  TPOBS  TPCAL  -TSCOR  P-RES   P-WT IMP STURES
        AMX PRX     SRMK XMAG  S-SEC  TSOBS  TSCAL  -TSCOR  S-RES   S-WT IMP STURES
  ZANG    5  74 157  P 0 2255  7.640  2.675  2.863  0.000  -0.189   1.00 0.1716 -0.207    
  ORNG   10 322 139  P 0 2255  8.380  3.415  3.232  0.000   0.183   1.00 0.2171  0.206    
  HIGH   13 130 131  P 0 2255  8.530  3.565  3.656  0.000  -0.091   1.00 0.1746 -0.101    
  VRDN   17 279 123  P 0 2255  9.150  4.185  4.070  0.000   0.114   1.00 0.1777  0.126    
  AZGN   19 312 120  P 0 2255  9.300  4.335  4.371  0.000  -0.037   1.00 0.2581 -0.043    
  BLVR   19 200 121  P 0 2255  9.500  4.535  4.320  0.000   0.215   1.00 0.2171  0.243    
  SRND   20 127 119  P 0 2255  9.520  4.555  4.486  0.000   0.068   1.00 0.1593  0.075    
  KVCH   21 118 118  P 0 2255  9.710  4.745  4.663  0.000   0.081   1.00 0.1468  0.088    
  FRMZ   24  61 114  P 0 2255 10.130  5.165  5.122  0.000   0.043   1.00 0.2193  0.048    
  HRS    25 244 113  P 0 2255  9.950  4.985  5.374  0.000  -0.390   1.00 0.1630 -0.426    
  MGSL   26 231 112  P 0 2255 10.540  5.575  5.493  0.000   0.082   1.00 0.1726  0.090    
  GOLJ   32  91 107  P 0 2255 11.390  6.425  6.505  0.000  -0.080   1.00 0.1529 -0.087    
  $$$   VELEST-Version ETH-11FEB92 located at: 0915-2026 110826.7  
 
 
1 E V E N T   N R .       29                            0                    0
0 DATE  ORIGIN   TIME   LAT      LON     DEPTH  MAG  NO  DM GAP  RMS   ALE D-SPR
 120814 22:55:52.685 38.3760N 46.7990E   6.527  2.4  13   9  90 0.16  1.78  0.00
0  ERX  ERY  ERZ Q SQD  ADJ  IN NR  AVR   AAR  NM AVXM  SDXM IT
  -0.2 -0.0  0.0 A A/A  0.01  0 13 -0.00  0.12  0  0.0  0.0  11
0 F-E NR: 344 N.W. IRAN-USSR BORDER REGION    
0 STN  DIST AZM AIN PRMK HRMN  P-SEC  TPOBS  TPCAL  -TSCOR  P-RES   P-WT IMP STURES
        AMX PRX     SRMK XMAG  S-SEC  TSOBS  TSCAL  -TSCOR  S-RES   S-WT IMP STURES
  ZANG    9  45 124  P 0 2255 55.040  2.355  2.439  0.000  -0.084   1.00 0.2271 -0.095    
  HIGH   12 110 111  P 0 2255 55.490  2.805  2.942  0.000  -0.137   1.00 0.2112 -0.154    
  BLVR   14 203 106  P 0 2255 56.110  3.425  3.219  0.000   0.206   1.00 0.2850  0.244    
  ORNG   14 337 106  P 0 2255 56.050  3.365  3.175  0.000   0.190   1.00 0.2165  0.215    
  VRDN   17 294 100  P 0 2255 56.550  3.865  3.750  0.000   0.115   1.00 0.1632  0.125    
  SRND   18 114 100  P 0 2255 56.640  3.955  3.918  0.000   0.037   1.00 0.1724  0.041    
  KVCH   20 105  98  P 0 2255 56.990  4.305  4.232  0.000   0.073   1.00 0.1603  0.079    
  AZGN   22 322  97  P 0 2255 57.070  4.385  4.479  0.000  -0.094   1.00 0.2115 -0.106    
  HRS    22 253  97  P 0 2255 56.960  4.275  4.691  0.000  -0.416   1.00 0.1599 -0.453    
  MGSL   23 239  96  P 0 2255 57.480  4.795  4.689  0.000   0.106   1.00 0.1786  0.117    
  FRMZ   27  54  95  P 0 2255 58.130  5.445  5.418  0.000   0.027   1.00 0.2055  0.031    
  KRNG   28 285  94  P 0 2255 58.260  5.575  5.552  0.000   0.023   1.00 0.1538  0.025    
  GOLJ   33  84  93  P 0 2255 59.170  6.485  6.531  0.000  -0.046   1.00 0.1602 -0.050    
  $$$   VELEST-Version ETH-11FEB92 located at: 0915-2026 110826.7  
 
 
1 E V E N T   N R .       30                            0                    0
0 DATE  ORIGIN   TIME   LAT      LON     DEPTH  MAG  NO  DM GAP  RMS   ALE D-SPR
 120814 23:11:15.096 38.3971N 46.6405E   3.201  1.3  12   7  91 0.11  1.43  0.00
0  ERX  ERY  ERZ Q SQD  ADJ  IN NR  AVR   AAR  NM AVXM  SDXM IT
   0.2 -0.0 -0.1 A A/A  0.00  0 12  0.00  0.10  0  0.0  0.0   5
0 F-E NR: 344 N.W. IRAN-USSR BORDER REGION    
0 STN  DIST AZM AIN PRMK HRMN  P-SEC  TPOBS  TPCAL  -TSCOR  P-RES   P-WT IMP STURES
        AMX PRX     SRMK XMAG  S-SEC  TSOBS  TSCAL  -TSCOR  S-RES   S-WT IMP STURES
  HIGH    7 202 123  P 0 2311 16.920  1.824  1.872  0.000  -0.048   1.00 0.2936 -0.057    
  KVCH    9 145 115  P 0 2311 17.340  2.244  2.300  0.000  -0.057   1.00 0.2588 -0.066    
  SRND   10 165 111  P 0 2311 17.600  2.504  2.457  0.000   0.047   1.00 0.2401  0.054    
  ZANG    9 295 117  P 0 2311 17.360  2.264  2.214  0.000   0.050   1.00 0.4470  0.068    
  FRMZ   16  30  56  P 0 2311 18.840  3.744  3.591  0.000   0.153   1.00 0.3269  0.187    
  GOLJ   19  86  56  P 0 2311 19.260  4.164  4.260  0.000  -0.096   1.00 0.2664 -0.112    
  ORNG   22 298  56  P 0 2311 19.790  4.694  4.622  0.000   0.072   1.00 0.1599  0.079    
  BLVR   25 232  56  P 0 2311 20.350  5.254  5.108  0.000   0.146   1.00 0.1688  0.160    
  VRDN   30 279  53  P 0 2311 21.030  5.934  6.031  0.000  -0.097   1.00 0.1366 -0.104    
  AZGN   31 299  53  P 0 2311 21.140  6.044  6.177  0.000  -0.133   1.00 0.1573 -0.145    
  MGSL   36 247  53  P 0 2311 22.310  7.214  7.098  0.000   0.116   1.00 0.1502  0.126    
  KRNG   41 277  53  P 0 2311 22.870  7.774  7.930  0.000  -0.156   1.00 0.1355 -0.168    
  $$$   VELEST-Version ETH-11FEB92 located at: 0915-2026 110826.7  
 
 
1 E V E N T   N R .       31                            0                    0
0 DATE  ORIGIN   TIME   LAT      LON     DEPTH  MAG  NO  DM GAP  RMS   ALE D-SPR
 120814 23:11:52.270 38.4186N 46.7513E  11.208  1.2  13   2 105 0.10  1.97  0.00
0  ERX  ERY  ERZ Q SQD  ADJ  IN NR  AVR   AAR  NM AVXM  SDXM IT
   0.2 -0.0  0.0 A A/A  0.01  0 13 -0.00  0.08  0  0.0  0.0   5
0 F-E NR: 344 N.W. IRAN-USSR BORDER REGION    
0 STN  DIST AZM AIN PRMK HRMN  P-SEC  TPOBS  TPCAL  -TSCOR  P-RES   P-WT IMP STURES
        AMX PRX     SRMK XMAG  S-SEC  TSOBS  TSCAL  -TSCOR  S-RES   S-WT IMP STURES
  ZANG    2  56 169  P 0 2311 54.710  2.440  2.557  0.000  -0.118   1.00 0.1979 -0.131    
  HIGH   11 141 134  P 0 2311 55.470  3.200  3.282  0.000  -0.082   1.00 0.1937 -0.092    
  ORNG   12 310 130  P 0 2311 55.840  3.570  3.365  0.000   0.205   1.00 0.1981  0.229    
  SRND   17 134 120  P 0 2311 56.380  4.110  4.070  0.000   0.040   1.00 0.1775  0.044    
  KVCH   18 123 119  P 0 2311 56.500  4.230  4.193  0.000   0.036   1.00 0.1719  0.040    
  BLVR   20 208 116  P 0 2311 56.880  4.610  4.462  0.000   0.148   1.00 0.1863  0.164    
  VRDN   20 277 115  P 0 2311 56.720  4.450  4.450  0.000  -0.000   1.00 0.1482 -0.000    
  NMVR   21 231 114  P 0 2311 56.910  4.640  4.632  0.000   0.008   1.00 0.1550  0.009    
  AZGN   21 305 114  P 0 2311 56.840  4.570  4.653  0.000  -0.083   1.00 0.2214 -0.094    
  FRMZ   21  57 115  P 0 2311 56.980  4.710  4.619  0.000   0.091   1.00 0.2909  0.108    
  MGSL   29 235 107  P 0 2311 58.070  5.800  5.861  0.000  -0.062   1.00 0.1465 -0.067    
  GOLJ   29  92 107  P 0 2311 58.130  5.860  5.945  0.000  -0.085   1.00 0.2068 -0.095    
  KRNG   31 274 105  P 0 2311 58.420  6.150  6.247  0.000  -0.098   1.00 0.1539 -0.106    
  $$$   VELEST-Version ETH-11FEB92 located at: 0915-2026 110826.7  
 
 
1 E V E N T   N R .       32                            0                    0
0 DATE  ORIGIN   TIME   LAT      LON     DEPTH  MAG  NO  DM GAP  RMS   ALE D-SPR
 120814 23:12: 1.685 38.3973N 46.6865E   3.455  1.6  13   5  87 0.10  1.41  0.00
0  ERX  ERY  ERZ Q SQD  ADJ  IN NR  AVR   AAR  NM AVXM  SDXM IT
   0.2 -0.0 -0.1 A A/A  0.01  0 13 -0.00  0.07  0  0.0  0.0   5
0 F-E NR: 344 N.W. IRAN-USSR BORDER REGION    
0 STN  DIST AZM AIN PRMK HRMN  P-SEC  TPOBS  TPCAL  -TSCOR  P-RES   P-WT IMP STURES
        AMX PRX     SRMK XMAG  S-SEC  TSOBS  TSCAL  -TSCOR  S-RES   S-WT IMP STURES
  ZANG    5 314 133  P 0 2312  3.380  1.695  1.656  0.000   0.038   1.08 0.5793  0.059    
  HIGH    7 167 126  P 0 2312  3.490  1.805  1.846  0.000  -0.041   1.08 0.3162 -0.050    
  SRND   12 145 108  P 0 2312  4.500  2.815  2.822  0.000  -0.008   1.08 0.2434 -0.009    
  KVCH   12 129 109  P 0 2312  4.550  2.865  2.871  0.000  -0.006   1.08 0.2546 -0.007    
  ORNG   18 304  56  P 0 2312  5.760  4.075  3.984  0.000   0.091   1.08 0.1929  0.101    
  FRMZ   18  41  56  P 0 2312  5.780  4.095  3.973  0.000   0.122   1.08 0.3862  0.156    
  BLVR   22 225  56  P 0 2312  6.370  4.685  4.552  0.000   0.133   1.08 0.1799  0.147    
  GOLJ   23  87  56  P 0 2312  6.540  4.855  4.936  0.000  -0.082   1.08 0.3109 -0.098    
  NMVR   25 244  56  P 0 2312  6.780  5.095  5.108  0.000  -0.014   1.08 0.1595 -0.015    
  VRDN   26 280  53  P 0 2312  6.900  5.215  5.329  0.000  -0.115   1.08 0.1526 -0.125    
  AZGN   27 303  53  P 0 2312  7.080  5.395  5.559  0.000  -0.164   1.08 0.1851 -0.182    
  MGSL   32 244  53  P 0 2312  8.180  6.495  6.449  0.000   0.045   1.08 0.1583  0.049    
  KRNG   37 277  53  P 4 2312  8.730  7.045  7.224  0.000  -0.179   0.00 0.0000 -0.179    
  $$$   VELEST-Version ETH-11FEB92 located at: 0915-2026 110826.7  
 
 
1 E V E N T   N R .       33                            0                    0
0 DATE  ORIGIN   TIME   LAT      LON     DEPTH  MAG  NO  DM GAP  RMS   ALE D-SPR
 120814 23:26:52.077 38.4125N 46.7909E  11.674  1.2  12   6  95 0.09  2.09  0.00
0  ERX  ERY  ERZ Q SQD  ADJ  IN NR  AVR   AAR  NM AVXM  SDXM IT
  -0.2  0.0  0.0 A A/A  0.01  0 12  0.00  0.07  0  0.0  0.0   8
0 F-E NR: 344 N.W. IRAN-USSR BORDER REGION    
0 STN  DIST AZM AIN PRMK HRMN  P-SEC  TPOBS  TPCAL  -TSCOR  P-RES   P-WT IMP STURES
        AMX PRX     SRMK XMAG  S-SEC  TSOBS  TSCAL  -TSCOR  S-RES   S-WT IMP STURES
  ZANG    6  70 155  P 0 2326 54.800  2.723  2.812  0.000  -0.089   1.00 0.1836 -0.099    
  ORNG   11 325 137  P 0 2326 55.430  3.353  3.192  0.000   0.161   1.00 0.2269  0.183    
  HIGH   13 127 130  P 0 2326 55.560  3.483  3.589  0.000  -0.106   1.00 0.1789 -0.117    
  VRDN   17 280 122  P 0 2326 56.080  4.003  3.995  0.000   0.008   1.00 0.1881  0.009    
  NMVR   18 226 120  P 0 2326 56.270  4.193  4.208  0.000  -0.015   1.00 0.1862 -0.017    
  BLVR   18 200 120  P 0 2326 56.370  4.293  4.195  0.000   0.098   1.00 0.2098  0.111    
  AZGN   19 313 118  P 0 2326 56.320  4.243  4.346  0.000  -0.103   1.00 0.2661 -0.120    
  SRND   19 126 118  P 0 2326 56.560  4.483  4.435  0.000   0.048   1.00 0.1676  0.052    
  KVCH   21 116 117  P 0 2326 56.780  4.703  4.628  0.000   0.075   1.00 0.1617  0.082    
  FRMZ   24  60 112  P 0 2326 57.290  5.213  5.164  0.000   0.050   1.00 0.2525  0.057    
  MGSL   26 232 111  P 0 2326 57.390  5.313  5.378  0.000  -0.065   1.00 0.1752 -0.072    
  GOLJ   32  90 106  P 0 2326 58.540  6.463  6.525  0.000  -0.062   1.00 0.1869 -0.068    
  $$$   VELEST-Version ETH-11FEB92 located at: 0915-2026 110826.7  
 
 
1 E V E N T   N R .       34                            0                    0
0 DATE  ORIGIN   TIME   LAT      LON     DEPTH  MAG  NO  DM GAP  RMS   ALE D-SPR
 120814 23:33:32.301 38.3985N 46.6591E   3.606  2.1  14   7  94 0.10  1.42  0.00
0  ERX  ERY  ERZ Q SQD  ADJ  IN NR  AVR   AAR  NM AVXM  SDXM IT
   0.2 -0.0 -0.1 A A/A  0.00  0 14  0.00  0.07  0  0.0  0.0   7
0 F-E NR: 344 N.W. IRAN-USSR BORDER REGION    
0 STN  DIST AZM AIN PRMK HRMN  P-SEC  TPOBS  TPCAL  -TSCOR  P-RES   P-WT IMP STURES
        AMX PRX     SRMK XMAG  S-SEC  TSOBS  TSCAL  -TSCOR  S-RES   S-WT IMP STURES
  HIGH    7 188 127  P 0 2333 34.160  1.859  1.872  0.000  -0.013   1.17 0.3173 -0.015    
  ZANG    7 299 125  P 0 2333 34.300  1.999  1.982  0.000   0.018   1.17 0.5733  0.027    
  KVCH   10 138 114  P 0 2333 34.840  2.539  2.556  0.000  -0.016   1.17 0.2872 -0.019    
  SRND   11 156 112  P 0 2333 34.920  2.619  2.624  0.000  -0.004   1.17 0.2609 -0.005    
  FRMZ   17  35  56  P 0 2333 36.100  3.799  3.675  0.000   0.125   1.17 0.4130  0.163    
  ORNG   20 300  56  P 0 2333 36.720  4.419  4.311  0.000   0.108   1.17 0.2017  0.121    
  GOLJ   21  87  56  P 0 2333 36.710  4.409  4.496  0.000  -0.086   1.17 0.3401 -0.106    
  BLVR   23 229  56  P 0 2333 37.320  5.019  4.858  0.000   0.161   1.17 0.1907  0.179    
  NMVR   27 246  53  P 0 2333 37.760  5.459  5.473  0.000  -0.014   1.17 0.1704 -0.015    
  VRDN   28 279  53  P 0 2333 37.890  5.589  5.704  0.000  -0.115   1.17 0.1647 -0.126    
  AZGN   29 300  53  P 0 2333 38.020  5.719  5.873  0.000  -0.154   1.17 0.1948 -0.172    
  MGSL   35 246  53  P 0 2333 39.100  6.799  6.806  0.000  -0.006   1.17 0.1707 -0.007    
  HRS    35 255  53  P 4 2333 38.630  6.329  6.881  0.000  -0.552   0.00 0.0000 -0.552    
  KRNG   40 277  53  P 4 2333 39.690  7.389  7.603  0.000  -0.214   0.00 0.0000 -0.214    
  $$$   VELEST-Version ETH-11FEB92 located at: 0915-2026 110826.7  
 
 
1 E V E N T   N R .       35                            0                    0
0 DATE  ORIGIN   TIME   LAT      LON     DEPTH  MAG  NO  DM GAP  RMS   ALE D-SPR
 120814 23:34:16.070 38.3930N 46.7837E   8.104  1.2  13   6  84 0.09  1.74  0.00
0  ERX  ERY  ERZ Q SQD  ADJ  IN NR  AVR   AAR  NM AVXM  SDXM IT
  -0.2 -0.0  0.0 A A/A  0.01  0 13  0.00  0.07  0  0.0  0.0   7
0 F-E NR: 344 N.W. IRAN-USSR BORDER REGION    
0 STN  DIST AZM AIN PRMK HRMN  P-SEC  TPOBS  TPCAL  -TSCOR  P-RES   P-WT IMP STURES
        AMX PRX     SRMK XMAG  S-SEC  TSOBS  TSCAL  -TSCOR  S-RES   S-WT IMP STURES
  ZANG    6  49 143  P 0 2334 18.350  2.280  2.345  0.000  -0.065   1.00 0.2322 -0.075    
  HIGH   12 121 122  P 0 2334 18.970  2.900  2.997  0.000  -0.097   1.00 0.2210 -0.110    
  ORNG   13 328 118  P 0 2334 19.360  3.290  3.110  0.000   0.180   1.00 0.2367  0.206    
  BLVR   16 204 110  P 0 2334 19.850  3.780  3.664  0.000   0.116   1.00 0.2296  0.132    
  NMVR   17 233 109  P 0 2334 19.880  3.810  3.813  0.000  -0.003   1.00 0.1875 -0.004    
  SRND   18 121 108  P 0 2334 19.980  3.910  3.930  0.000  -0.020   1.00 0.1819 -0.022    
  VRDN   18 287 107  P 0 2334 19.980  3.910  3.913  0.000  -0.003   1.00 0.1882 -0.003    
  KVCH   19 111 106  P 0 2334 20.320  4.250  4.176  0.000   0.074   1.00 0.1704  0.082    
  AZGN   21 316 104  P 0 2334 20.390  4.320  4.437  0.000  -0.117   1.00 0.2601 -0.136    
  FRMZ   25  55 101  P 0 2334 21.240  5.170  5.089  0.000   0.081   1.00 0.2395  0.093    
  MGSL   25 237 101  P 0 2334 21.130  5.060  5.087  0.000  -0.027   1.00 0.1702 -0.030    
  KRNG   29 280  99  P 0 2334 21.740  5.670  5.735  0.000  -0.065   1.00 0.1926 -0.072    
  GOLJ   32  87  98  P 0 2334 22.320  6.250  6.305  0.000  -0.055   1.00 0.1777 -0.060    
  $$$   VELEST-Version ETH-11FEB92 located at: 0915-2026 110826.7  
 
 
1 E V E N T   N R .       36                            0                    0
0 DATE  ORIGIN   TIME   LAT      LON     DEPTH  MAG  NO  DM GAP  RMS   ALE D-SPR
 120814 23:40:46.174 38.3824N 46.6627E   7.575  1.7  12   5  80 0.18  1.69  0.00
0  ERX  ERY  ERZ Q SQD  ADJ  IN NR  AVR   AAR  NM AVXM  SDXM IT
   0.2  0.0  0.0 A A/A  0.01  0 12 -0.00  0.13  0  0.0  0.0   4
0 F-E NR: 344 N.W. IRAN-USSR BORDER REGION    
0 STN  DIST AZM AIN PRMK HRMN  P-SEC  TPOBS  TPCAL  -TSCOR  P-RES   P-WT IMP STURES
        AMX PRX     SRMK XMAG  S-SEC  TSOBS  TSCAL  -TSCOR  S-RES   S-WT IMP STURES
  HIGH    5 188 148  P 0 2340 48.240  2.066  2.109  0.000  -0.042   1.00 0.2914 -0.050    
  ZANG    8 312 132  P 0 2340 48.590  2.416  2.470  0.000  -0.054   1.00 0.1987 -0.060    
  KVCH    9 129 127  P 0 2340 48.810  2.636  2.634  0.000   0.002   1.00 0.2400  0.003    
  SRND    9 150 126  P 0 2340 48.840  2.666  2.603  0.000   0.064   1.00 0.2573  0.074    
  FRMZ   18  33 105  P 0 2340 50.250  4.076  3.977  0.000   0.099   1.00 0.3045  0.119    
  GOLJ   21  82 102  P 0 2340 50.620  4.446  4.558  0.000  -0.112   1.00 0.2160 -0.126    
  ORNG   21 305 102  P 0 2340 50.770  4.596  4.406  0.000   0.190   1.00 0.2003  0.212    
  NMVR   26 249  99  P 0 2340 51.620  5.446  5.237  0.000   0.210   1.00 0.1434  0.227    
  VRDN   28 283  97  P 0 2340 51.780  5.606  5.633  0.000  -0.027   1.00 0.1606 -0.030    
  AZGN   30 303  97  P 0 2340 51.980  5.806  5.907  0.000  -0.100   1.00 0.2076 -0.113    
  MGSL   34 248  96  P 0 2340 52.950  6.776  6.556  0.000   0.220   1.00 0.1442  0.238    
  HRS    34 258  96  P 0 2340 52.400  6.226  6.676  0.000  -0.450   1.00 0.1412 -0.485    
  $$$   VELEST-Version ETH-11FEB92 located at: 0915-2026 110826.7  
 
 
1 E V E N T   N R .       37                            0                    0
0 DATE  ORIGIN   TIME   LAT      LON     DEPTH  MAG  NO  DM GAP  RMS   ALE D-SPR
 120814 23:42: 5.374 38.3906N 46.6745E   3.585  1.6  13   6  85 0.09  1.41  0.00
0  ERX  ERY  ERZ Q SQD  ADJ  IN NR  AVR   AAR  NM AVXM  SDXM IT
   0.2  0.0 -0.1 A A/A  0.00  0 13  0.00  0.07  0  0.0  0.0   6
0 F-E NR: 344 N.W. IRAN-USSR BORDER REGION    
0 STN  DIST AZM AIN PRMK HRMN  P-SEC  TPOBS  TPCAL  -TSCOR  P-RES   P-WT IMP STURES
        AMX PRX     SRMK XMAG  S-SEC  TSOBS  TSCAL  -TSCOR  S-RES   S-WT IMP STURES
  HIGH    6 176 132  P 0 2342  7.040  1.666  1.717  0.000  -0.051   1.08 0.3336 -0.063    
  ZANG    7 312 128  P 0 2342  7.280  1.906  1.879  0.000   0.027   1.08 0.5733  0.041    
  SRND   11 148 112  P 0 2342  7.980  2.606  2.595  0.000   0.011   1.08 0.2531  0.013    
  KVCH   11 129 113  P 0 2342  8.010  2.636  2.628  0.000   0.008   1.08 0.2690  0.009    
  FRMZ   18  37  56  P 0 2342  9.440  4.066  3.942  0.000   0.124   1.08 0.3816  0.158    
  ORNG   20 304  56  P 0 2342  9.660  4.286  4.194  0.000   0.092   1.08 0.2040  0.103    
  BLVR   22 228  56  P 0 2342 10.100  4.726  4.581  0.000   0.145   1.08 0.1856  0.161    
  GOLJ   22  84  56  P 0 2342 10.020  4.646  4.747  0.000  -0.101   1.08 0.3215 -0.123    
  NMVR   25 247  56  P 0 2342 10.590  5.216  5.206  0.000   0.010   1.08 0.1682  0.010    
  VRDN   27 282  53  P 0 2342 10.780  5.406  5.510  0.000  -0.104   1.08 0.1651 -0.114    
  AZGN   29 303  53  P 0 2342 10.990  5.616  5.758  0.000  -0.142   1.08 0.1947 -0.159    
  MGSL   33 246  53  P 0 2342 11.900  6.526  6.541  0.000  -0.015   1.08 0.1670 -0.016    
  HRS    33 256  53  P 4 2342 11.420  6.046  6.627  0.000  -0.581   0.00 0.0000 -0.581    
  $$$   VELEST-Version ETH-11FEB92 located at: 0915-2026 110826.7  
 
 
1 E V E N T   N R .       38                            0                    0
0 DATE  ORIGIN   TIME   LAT      LON     DEPTH  MAG  NO  DM GAP  RMS   ALE D-SPR
 120814 23:50:17.160 38.4052N 46.7016E   4.375  2.8  15   4  88 0.19  1.59  0.00
0  ERX  ERY  ERZ Q SQD  ADJ  IN NR  AVR   AAR  NM AVXM  SDXM IT
   0.0  0.2 -0.1 A A/A  0.01  0 15 -0.00  0.14  0  0.0  0.0   5
0 F-E NR: 344 N.W. IRAN-USSR BORDER REGION    
0 STN  DIST AZM AIN PRMK HRMN  P-SEC  TPOBS  TPCAL  -TSCOR  P-RES   P-WT IMP STURES
        AMX PRX     SRMK XMAG  S-SEC  TSOBS  TSCAL  -TSCOR  S-RES   S-WT IMP STURES
  ZANG    4 318 142  P 0 2350 18.540  1.380  1.580  0.000  -0.200   1.00 0.4333 -0.266    
  HIGH    8 159 111  P 0 2350 19.250  2.090  2.134  0.000  -0.044   1.00 0.2844 -0.052    
  SRND   13 143  95  P 0 2350 20.310  3.150  3.066  0.000   0.084   1.00 0.1862  0.093    
  KVCH   14 128  95  P 0 2350 20.340  3.180  3.134  0.000   0.046   1.00 0.1808  0.051    
  ORNG   17 304  93  P 0 2350 21.010  3.850  3.656  0.000   0.194   1.00 0.2263  0.220    
  FRMZ   18  46  93  P 0 2350 21.230  4.070  3.972  0.000   0.098   1.00 0.3320  0.120    
  BLVR   21 221  92  P 0 2350 21.920  4.760  4.458  0.000   0.302   1.00 0.1775  0.333    
  NMVR   24 241  73  P 0 2350 22.220  5.060  4.908  0.000   0.152   1.00 0.1358  0.164    
  GOLJ   25  89  73  P 0 2350 22.220  5.060  5.094  0.000  -0.034   1.00 0.2161 -0.039    
  AZGN   26 303  73  P 0 2350 22.350  5.190  5.212  0.000  -0.022   1.00 0.2384 -0.025    
  HRS    31 252  73  P 0 2350 22.960  5.800  6.255  0.000  -0.455   1.00 0.1387 -0.491    
  MGSL   32 242  73  P 0 2350 23.540  6.380  6.238  0.000   0.142   1.00 0.1358  0.152    
  KRNG   36 276  73  P 0 2350 24.070  6.910  6.906  0.000   0.004   1.00 0.1680  0.005    
  TBZ    52 111  73  P 0 2350 26.720  9.560  9.623  0.000  -0.063   1.00 0.1646 -0.069    
  BST    80 192  73  P 0 2350 31.390 14.230 14.434  0.000  -0.204   1.00 0.1485 -0.221    
  $$$   VELEST-Version ETH-11FEB92 located at: 0915-2026 110826.7  
 
 
1 E V E N T   N R .       39                            0                    0
0 DATE  ORIGIN   TIME   LAT      LON     DEPTH  MAG  NO  DM GAP  RMS   ALE D-SPR
 120814 23:56:12.942 38.4100N 46.7479E  11.248  1.1  12   3  82 0.09  1.78  0.00
0  ERX  ERY  ERZ Q SQD  ADJ  IN NR  AVR   AAR  NM AVXM  SDXM IT
   0.2 -0.0  0.0 A A/A  0.01  0 12 -0.00  0.07  0  0.0  0.0   7
0 F-E NR: 344 N.W. IRAN-USSR BORDER REGION    
0 STN  DIST AZM AIN PRMK HRMN  P-SEC  TPOBS  TPCAL  -TSCOR  P-RES   P-WT IMP STURES
        AMX PRX     SRMK XMAG  S-SEC  TSOBS  TSCAL  -TSCOR  S-RES   S-WT IMP STURES
  ZANG    3  35 167  P 0 2356 15.450  2.508  2.580  0.000  -0.073   1.00 0.2209 -0.082    
  HIGH   10 139 137  P 0 2356 16.010  3.068  3.178  0.000  -0.110   1.00 0.2005 -0.123    
  ORNG   13 312 128  P 0 2356 16.600  3.658  3.480  0.000   0.178   1.00 0.2211  0.202    
  SRND   16 133 122  P 0 2356 16.930  3.988  3.947  0.000   0.041   1.00 0.1795  0.045    
  KVCH   17 121 121  P 0 2356 17.090  4.148  4.086  0.000   0.062   1.00 0.1752  0.068    
  BLVR   19 211 117  P 0 2356 17.420  4.478  4.361  0.000   0.117   1.00 0.2031  0.131    
  NMVR   21 234 115  P 0 2356 17.520  4.578  4.582  0.000  -0.004   1.00 0.1628 -0.004    
  VRDN   21 279 115  P 0 2356 17.480  4.538  4.518  0.000   0.020   1.00 0.1485  0.022    
  AZGN   22 307 113  P 0 2356 17.660  4.718  4.780  0.000  -0.062   1.00 0.2407 -0.071    
  MGSL   28 237 107  P 0 2356 18.680  5.738  5.816  0.000  -0.078   1.00 0.1559 -0.085    
  GOLJ   29  90 107  P 0 2356 18.820  5.878  5.897  0.000  -0.019   1.00 0.2299 -0.022    
  KRNG   32 276 105  P 0 2356 19.180  6.238  6.311  0.000  -0.073   1.00 0.1536 -0.079    
  $$$   VELEST-Version ETH-11FEB92 located at: 0915-2026 110826.7  
 
 
1 E V E N T   N R .       40                            0                    0
0 DATE  ORIGIN   TIME   LAT      LON     DEPTH  MAG  NO  DM GAP  RMS   ALE D-SPR
 120815  0:30:25.061 38.4045N 46.8374E   9.931  1.1  12  10  73 0.09  1.78  0.00
0  ERX  ERY  ERZ Q SQD  ADJ  IN NR  AVR   AAR  NM AVXM  SDXM IT
  -0.2 -0.0  0.0 A A/A  0.01  0 12  0.00  0.07  0  0.0  0.0   6
0 F-E NR: 344 N.W. IRAN-USSR BORDER REGION    
0 STN  DIST AZM AIN PRMK HRMN  P-SEC  TPOBS  TPCAL  -TSCOR  P-RES   P-WT IMP STURES
        AMX PRX     SRMK XMAG  S-SEC  TSOBS  TSCAL  -TSCOR  S-RES   S-WT IMP STURES
  ORNG   10 348 134  P 0  030 28.100  3.039  2.886  0.000   0.152   1.00 0.2411  0.175    
  ZANG   10  73 135  P 0  030 27.920  2.859  2.976  0.000  -0.118   1.00 0.1756 -0.130    
  VRDN   13 288 124  P 0  030 28.370  3.309  3.305  0.000   0.003   1.00 0.2127  0.004    
  NMVR   15 218 121  P 0  030 28.600  3.539  3.565  0.000  -0.027   1.00 0.2211 -0.030    
  BLVR   16 187 118  P 0  030 28.910  3.849  3.784  0.000   0.065   1.00 0.2331  0.074    
  AZGN   17 325 116  P 0  030 28.920  3.859  3.910  0.000  -0.052   1.00 0.2846 -0.061    
  HIGH   16 116 118  P 0  030 28.790  3.729  3.846  0.000  -0.117   1.00 0.1587 -0.128    
  MGSL   22 227 110  P 0  030 29.700  4.639  4.695  0.000  -0.057   1.00 0.1980 -0.063    
  SRND   22 118 109  P 0  030 29.930  4.869  4.783  0.000   0.086   1.00 0.1440  0.092    
  KVCH   24 110 108  P 0  030 30.240  5.179  5.048  0.000   0.130   1.00 0.1369  0.140    
  FRMZ   28  63 104  P 0  030 30.760  5.699  5.715  0.000  -0.017   1.00 0.1980 -0.018    
  GOLJ   37  89 100  P 0  030 32.140  7.079  7.128  0.000  -0.050   1.00 0.1445 -0.054    
  $$$   VELEST-Version ETH-11FEB92 located at: 0915-2026 110826.7  
 
 
1 E V E N T   N R .       41                            0                    0
0 DATE  ORIGIN   TIME   LAT      LON     DEPTH  MAG  NO  DM GAP  RMS   ALE D-SPR
 120815  1: 4:19.772 38.4181N 46.7384E  12.994  0.9  14   2  82 0.15  1.92  0.00
0  ERX  ERY  ERZ Q SQD  ADJ  IN NR  AVR   AAR  NM AVXM  SDXM IT
   0.2 -0.0  0.1 A A/A  0.01  0 14 -0.00  0.11  0  0.0  0.0   8
0 F-E NR: 344 N.W. IRAN-USSR BORDER REGION    
0 STN  DIST AZM AIN PRMK HRMN  P-SEC  TPOBS  TPCAL  -TSCOR  P-RES   P-WT IMP STURES
        AMX PRX     SRMK XMAG  S-SEC  TSOBS  TSCAL  -TSCOR  S-RES   S-WT IMP STURES
  ZANG    2  29 174  P 0  1 4 22.460  2.688  2.837  0.000  -0.149   1.00 0.1739 -0.164    
  HIGH   11 145 141  P 0  1 4 23.100  3.328  3.421  0.000  -0.093   1.00 0.2041 -0.105    
  ORNG   13 307 133  P 0  1 4 23.650  3.878  3.681  0.000   0.197   1.00 0.1998  0.220    
  SRND   16 137 127  P 0  1 4 23.930  4.158  4.119  0.000   0.039   1.00 0.1980  0.044    
  KVCH   17 125 126  P 0  1 4 24.020  4.248  4.219  0.000   0.029   1.00 0.1905  0.032    
  BLVR   21 211 120  P 0  1 4 24.680  4.908  4.677  0.000   0.231   1.00 0.1696  0.254    
  FRMZ   20  55 121  P 0  1 4 24.480  4.708  4.625  0.000   0.083   1.00 0.2956  0.099    
  VRDN   21 277 118  P 0  1 4 24.580  4.808  4.755  0.000   0.053   1.00 0.1563  0.058    
  NMVR   22 233 118  P 0  1 4 24.760  4.988  4.893  0.000   0.095   1.00 0.1358  0.103    
  AZGN   22 304 117  P 0  1 4 24.650  4.878  4.929  0.000  -0.051   1.00 0.2530 -0.059    
  GOLJ   28  92 112  P 0  1 4 25.560  5.788  5.867  0.000  -0.079   1.00 0.2136 -0.089    
  HRS    29 247 111  P 0  1 4 25.440  5.668  6.045  0.000  -0.377   1.00 0.1298 -0.404    
  MGSL   30 236 110  P 0  1 4 25.910  6.138  6.100  0.000   0.038   1.00 0.1341  0.041    
  KRNG   33 274 108  P 0  1 4 26.270  6.498  6.515  0.000  -0.017   1.00 0.1775 -0.018    
  $$$   VELEST-Version ETH-11FEB92 located at: 0915-2026 110826.7  
 
 
1 E V E N T   N R .       42                            0                    0
0 DATE  ORIGIN   TIME   LAT      LON     DEPTH  MAG  NO  DM GAP  RMS   ALE D-SPR
 120815  1: 8:50.413 38.4151N 46.7610E  11.175  1.4  13   3 103 0.11  2.02  0.00
0  ERX  ERY  ERZ Q SQD  ADJ  IN NR  AVR   AAR  NM AVXM  SDXM IT
  -0.2  0.0  0.0 A A/A  0.01  0 13 -0.00  0.10  0  0.0  0.0   4
0 F-E NR: 344 N.W. IRAN-USSR BORDER REGION    
0 STN  DIST AZM AIN PRMK HRMN  P-SEC  TPOBS  TPCAL  -TSCOR  P-RES   P-WT IMP STURES
        AMX PRX     SRMK XMAG  S-SEC  TSOBS  TSCAL  -TSCOR  S-RES   S-WT IMP STURES
  ZANG    3  59 165  P 0  1 8 52.910  2.497  2.588  0.000  -0.091   1.00 0.1995 -0.102    
  HIGH   12 136 133  P 0  1 8 53.580  3.167  3.311  0.000  -0.145   1.00 0.2076 -0.162    
  ORNG   12 314 131  P 0  1 8 53.930  3.517  3.314  0.000   0.203   1.00 0.1980  0.227    
  SRND   18 131 119  P 0  1 8 54.540  4.127  4.119  0.000   0.007   1.00 0.1864  0.008    
  KVCH   18 121 118  P 0  1 8 54.710  4.297  4.267  0.000   0.030   1.00 0.1776  0.033    
  BLVR   19 207 117  P 0  1 8 54.920  4.507  4.346  0.000   0.160   1.00 0.1947  0.179    
  VRDN   19 278 116  P 0  1 8 54.710  4.297  4.327  0.000  -0.030   1.00 0.1506 -0.033    
  NMVR   20 231 115  P 0  1 8 55.000  4.587  4.489  0.000   0.097   1.00 0.1563  0.106    
  AZGN   21 308 114  P 0  1 8 54.890  4.477  4.581  0.000  -0.105   1.00 0.2369 -0.120    
  FRMZ   22  58 113  P 0  1 8 55.300  4.887  4.760  0.000   0.126   1.00 0.2824  0.149    
  MGSL   28 235 108  P 0  1 8 56.050  5.637  5.710  0.000  -0.074   1.00 0.1482 -0.080    
  KRNG   31 275 105  P 0  1 8 56.410  5.997  6.113  0.000  -0.116   1.00 0.1662 -0.127    
  GOLJ   30  91 106  P 0  1 8 56.430  6.017  6.080  0.000  -0.063   1.00 0.2004 -0.071    
  $$$   VELEST-Version ETH-11FEB92 located at: 0915-2026 110826.7  
 
 
1 E V E N T   N R .       43                            0                    0
0 DATE  ORIGIN   TIME   LAT      LON     DEPTH  MAG  NO  DM GAP  RMS   ALE D-SPR
 120815  1:10:32.382 38.4044N 46.7356E  11.187  1.9  14   3  74 0.17  1.85  0.00
0  ERX  ERY  ERZ Q SQD  ADJ  IN NR  AVR   AAR  NM AVXM  SDXM IT
   0.2 -0.0  0.0 A A/A  0.01  0 14 -0.00  0.12  0  0.0  0.0   4
0 F-E NR: 344 N.W. IRAN-USSR BORDER REGION    
0 STN  DIST AZM AIN PRMK HRMN  P-SEC  TPOBS  TPCAL  -TSCOR  P-RES   P-WT IMP STURES
        AMX PRX     SRMK XMAG  S-SEC  TSOBS  TSCAL  -TSCOR  S-RES   S-WT IMP STURES
  ZANG    3  10 166  P 0  110 34.840  2.458  2.577  0.000  -0.119   1.00 0.1918 -0.132    
  HIGH    9 141 140  P 0  110 35.310  2.928  3.040  0.000  -0.112   1.00 0.2225 -0.127    
  ORNG   14 311 125  P 0  110 36.230  3.848  3.638  0.000   0.211   1.00 0.2046  0.236    
  SRND   15 134 124  P 0  110 36.180  3.798  3.771  0.000   0.028   1.00 0.2046  0.031    
  KVCH   16 121 123  P 0  110 36.310  3.928  3.903  0.000   0.026   1.00 0.1943  0.029    
  BLVR   19 214 117  P 0  110 37.000  4.618  4.364  0.000   0.255   1.00 0.1766  0.281    
  FRMZ   21  52 115  P 0  110 37.080  4.698  4.587  0.000   0.111   1.00 0.2921  0.133    
  NMVR   21 237 114  P 0  110 37.150  4.768  4.659  0.000   0.109   1.00 0.1394  0.117    
  VRDN   22 280 113  P 0  110 37.120  4.738  4.693  0.000   0.045   1.00 0.1562  0.049    
  AZGN   23 307 111  P 0  110 37.270  4.888  4.968  0.000  -0.080   1.00 0.2415 -0.092    
  GOLJ   28  89 108  P 0  110 38.010  5.628  5.722  0.000  -0.094   1.00 0.2119 -0.106    
  HRS    29 250 107  P 0  110 37.850  5.468  5.894  0.000  -0.425   1.00 0.1308 -0.456    
  MGSL   29 239 107  P 0  110 38.350  5.968  5.907  0.000   0.061   1.00 0.1361  0.066    
  KRNG   33 277 104  P 0  110 38.860  6.478  6.494  0.000  -0.016   1.00 0.1689 -0.017    
  $$$   VELEST-Version ETH-11FEB92 located at: 0915-2026 110826.7  
 
 
1 E V E N T   N R .       44                            0                    0
0 DATE  ORIGIN   TIME   LAT      LON     DEPTH  MAG  NO  DM GAP  RMS   ALE D-SPR
 120815  1:12:32.736 38.3945N 46.6813E   4.381  0.0  14   6  86 0.10  1.59  0.00
0  ERX  ERY  ERZ Q SQD  ADJ  IN NR  AVR   AAR  NM AVXM  SDXM IT
   0.2 -0.0 -0.1 A A/A  0.00  0 14 -0.00  0.08  0  0.0  0.0   6
0 F-E NR: 344 N.W. IRAN-USSR BORDER REGION    
0 STN  DIST AZM AIN PRMK HRMN  P-SEC  TPOBS  TPCAL  -TSCOR  P-RES   P-WT IMP STURES
        AMX PRX     SRMK XMAG  S-SEC  TSOBS  TSCAL  -TSCOR  S-RES   S-WT IMP STURES
  ZANG    6 313 125  P 0  112 34.570  1.834  1.849  0.000  -0.015   1.08 0.3586 -0.018    
  HIGH    6 171 122  P 0  112 34.520  1.784  1.880  0.000  -0.096   1.08 0.3891 -0.123    
  KVCH   11 129  97  P 0  112 35.500  2.764  2.762  0.000   0.002   1.08 0.2246  0.002    
  SRND   11 146  97  P 0  112 35.460  2.724  2.717  0.000   0.007   1.08 0.2238  0.008    
  FRMZ   18  39  93  P 0  112 36.780  4.044  3.913  0.000   0.131   1.08 0.3738  0.165    
  ORNG   19 304  92  P 0  112 36.900  4.164  4.031  0.000   0.133   1.08 0.1985  0.148    
  BLVR   22 226  73  P 0  112 37.410  4.674  4.521  0.000   0.153   1.08 0.1529  0.166    
  GOLJ   23  86  73  P 0  112 37.460  4.724  4.805  0.000  -0.081   1.08 0.2865 -0.096    
  NMVR   25 245  73  P 0  112 37.890  5.154  5.083  0.000   0.071   1.08 0.1414  0.077    
  VRDN   27 281  73  P 0  112 38.010  5.274  5.334  0.000  -0.060   1.08 0.1537 -0.065    
  AZGN   28 303  73  P 0  112 38.180  5.444  5.571  0.000  -0.127   1.08 0.1978 -0.142    
  MGSL   33 245  73  P 0  112 39.180  6.444  6.416  0.000   0.028   1.08 0.1415  0.030    
  HRS    33 255  73  P 4  112 38.650  5.914  6.484  0.000  -0.571   0.00 0.0000 -0.571    
  KRNG   38 278  73  P 0  112 39.820  7.084  7.226  0.000  -0.142   1.08 0.1497 -0.154    
  $$$   VELEST-Version ETH-11FEB92 located at: 0915-2026 110826.7  
 
 
1 E V E N T   N R .       45                            0                    0
0 DATE  ORIGIN   TIME   LAT      LON     DEPTH  MAG  NO  DM GAP  RMS   ALE D-SPR
 120815  1:13:31.763 38.3814N 46.7652E  11.543  1.3  13   6  92 0.10  2.04  0.00
0  ERX  ERY  ERZ Q SQD  ADJ  IN NR  AVR   AAR  NM AVXM  SDXM IT
  -0.2 -0.0  0.0 A A/A  0.01  0 13 -0.00  0.08  0  0.0  0.0   3
0 F-E NR: 344 N.W. IRAN-USSR BORDER REGION    
0 STN  DIST AZM AIN PRMK HRMN  P-SEC  TPOBS  TPCAL  -TSCOR  P-RES   P-WT IMP STURES
        AMX PRX     SRMK XMAG  S-SEC  TSOBS  TSCAL  -TSCOR  S-RES   S-WT IMP STURES
  ZANG    6  30 152  P 0  113 34.530  2.767  2.833  0.000  -0.067   1.00 0.1769 -0.073    
  HIGH   10 119 140  P 0  113 34.760  2.997  3.123  0.000  -0.126   1.00 0.1987 -0.141    
  ORNG   15 325 126  P 0  113 35.640  3.877  3.699  0.000   0.178   1.00 0.1893  0.198    
  BLVR   16 212 124  P 0  113 35.740  3.977  3.875  0.000   0.102   1.00 0.2259  0.116    
  SRND   16 120 124  P 0  113 35.640  3.877  3.879  0.000  -0.002   1.00 0.1864 -0.002    
  NMVR   18 239 120  P 0  113 35.940  4.177  4.154  0.000   0.023   1.00 0.1750  0.025    
  KVCH   17 109 122  P 0  113 35.940  4.177  4.113  0.000   0.064   1.00 0.1749  0.070    
  VRDN   20 289 117  P 0  113 36.220  4.457  4.435  0.000   0.022   1.00 0.1498  0.024    
  AZGN   23 316 113  P 0  113 36.590  4.827  4.949  0.000  -0.122   1.00 0.2065 -0.137    
  FRMZ   24  51 112  P 0  113 37.050  5.287  5.170  0.000   0.116   1.00 0.2463  0.134    
  MGSL   26 241 110  P 0  113 37.120  5.357  5.364  0.000  -0.007   1.00 0.1633 -0.008    
  KRNG   31 282 106  P 0  113 37.820  6.057  6.163  0.000  -0.106   1.00 0.1534 -0.116    
  GOLJ   30  84 107  P 0  113 37.870  6.107  6.182  0.000  -0.075   1.00 0.1919 -0.083    
  $$$   VELEST-Version ETH-11FEB92 located at: 0915-2026 110826.7  
 
 
1 E V E N T   N R .       46                            0                    0
0 DATE  ORIGIN   TIME   LAT      LON     DEPTH  MAG  NO  DM GAP  RMS   ALE D-SPR
 120815  1:15:31.972 38.4210N 46.7258E  12.062  1.6  13   1  74 0.11  1.92  0.00
0  ERX  ERY  ERZ Q SQD  ADJ  IN NR  AVR   AAR  NM AVXM  SDXM IT
   0.2 -0.0  0.0 A A/A  0.01  0 13 -0.00  0.09  0  0.0  0.0   4
0 F-E NR: 344 N.W. IRAN-USSR BORDER REGION    
0 STN  DIST AZM AIN PRMK HRMN  P-SEC  TPOBS  TPCAL  -TSCOR  P-RES   P-WT IMP STURES
        AMX PRX     SRMK XMAG  S-SEC  TSOBS  TSCAL  -TSCOR  S-RES   S-WT IMP STURES
  ZANG    1 340 175  P 0  115 34.540  2.568  2.673  0.000  -0.105   1.00 0.1838 -0.117    
  HIGH   10 152 139  P 0  115 35.150  3.178  3.268  0.000  -0.091   1.00 0.1932 -0.101    
  ORNG   14 303 129  P 0  115 35.840  3.868  3.669  0.000   0.198   1.00 0.1837  0.220    
  SRND   16 141 125  P 0  115 35.960  3.988  3.961  0.000   0.027   1.00 0.1840  0.030    
  KVCH   16 128 125  P 0  115 36.020  4.048  4.033  0.000   0.014   1.00 0.1794  0.016    
  FRMZ   19  54 120  P 0  115 36.480  4.508  4.386  0.000   0.121   1.00 0.3129  0.147    
  BLVR   21 213 116  P 0  115 36.870  4.898  4.733  0.000   0.165   1.00 0.1748  0.182    
  VRDN   22 275 115  P 0  115 36.820  4.848  4.845  0.000   0.003   1.00 0.1391  0.003    
  AZGN   23 302 114  P 0  115 36.850  4.878  4.975  0.000  -0.097   1.00 0.2070 -0.109    
  NMVR   23 234 114  P 0  115 36.990  5.018  4.989  0.000   0.029   1.00 0.1446  0.031    
  GOLJ   27  93 111  P 0  115 37.520  5.548  5.638  0.000  -0.091   1.00 0.2224 -0.103    
  MGSL   31 237 108  P 0  115 38.150  6.178  6.225  0.000  -0.048   1.00 0.1399 -0.051    
  KRNG   34 274 106  P 0  115 38.490  6.518  6.644  0.000  -0.126   1.00 0.1452 -0.137    
  $$$   VELEST-Version ETH-11FEB92 located at: 0915-2026 110826.7  
 
 
1 E V E N T   N R .       47                            0                    0
0 DATE  ORIGIN   TIME   LAT      LON     DEPTH  MAG  NO  DM GAP  RMS   ALE D-SPR
 120815  1:16:29.869 38.4080N 46.8658E  11.834  0.8  13   9  63 0.09  1.88  0.00
0  ERX  ERY  ERZ Q SQD  ADJ  IN NR  AVR   AAR  NM AVXM  SDXM IT
  -0.2 -0.0  0.0 A A/A  0.01  0 13 -0.00  0.07  0  0.0  0.0  10
0 F-E NR: 344 N.W. IRAN-USSR BORDER REGION    
0 STN  DIST AZM AIN PRMK HRMN  P-SEC  TPOBS  TPCAL  -TSCOR  P-RES   P-WT IMP STURES
        AMX PRX     SRMK XMAG  S-SEC  TSOBS  TSCAL  -TSCOR  S-RES   S-WT IMP STURES
  ORNG    9   3 142  P 0  116 33.080  3.211  3.060  0.000   0.151   1.00 0.2021  0.170    
  VRDN   11 290 137  P 0  116 33.070  3.201  3.197  0.000   0.004   1.00 0.1817  0.005    
  NMVR   14 208 129  P 0  116 33.500  3.631  3.607  0.000   0.024   1.00 0.2173  0.027    
  ZANG   12  78 134  P 0  116 33.200  3.331  3.480  0.000  -0.148   1.00 0.1526 -0.161    
  AZGN   15 332 125  P 0  116 33.640  3.771  3.836  0.000  -0.065   1.00 0.2466 -0.075    
  BLVR   16 178 123  P 0  116 33.910  4.041  3.987  0.000   0.054   1.00 0.2208  0.061    
  HIGH   19 114 120  P 0  116 34.100  4.231  4.357  0.000  -0.126   1.00 0.1462 -0.136    
  MGSL   20 221 117  P 0  116 34.390  4.521  4.598  0.000  -0.077   1.00 0.1977 -0.086    
  KRNG   22 279 115  P 0  116 34.600  4.731  4.724  0.000   0.007   1.00 0.1928  0.008    
  SRND   25 116 112  P 0  116 35.220  5.351  5.273  0.000   0.079   1.00 0.1423  0.085    
  KVCH   26 109 110  P 0  116 35.540  5.671  5.547  0.000   0.125   1.00 0.1391  0.134    
  FRMZ   30  66 107  P 0  116 36.030  6.161  6.138  0.000   0.023   1.00 0.2027  0.026    
  GOLJ   39  90 103  P 0  116 37.420  7.551  7.602  0.000  -0.051   1.00 0.1574 -0.056    
  $$$   VELEST-Version ETH-11FEB92 located at: 0915-2026 110826.7  
 
 
1 E V E N T   N R .       48                            0                    0
0 DATE  ORIGIN   TIME   LAT      LON     DEPTH  MAG  NO  DM GAP  RMS   ALE D-SPR
 120815  1:19: 1.368 38.4070N 46.8497E   8.489  1.3  13   9  69 0.09  1.76  0.00
0  ERX  ERY  ERZ Q SQD  ADJ  IN NR  AVR   AAR  NM AVXM  SDXM IT
  -0.2 -0.0  0.0 A A/A  0.01  0 13 -0.00  0.07  0  0.0  0.0   4
0 F-E NR: 344 N.W. IRAN-USSR BORDER REGION    
0 STN  DIST AZM AIN PRMK HRMN  P-SEC  TPOBS  TPCAL  -TSCOR  P-RES   P-WT IMP STURES
        AMX PRX     SRMK XMAG  S-SEC  TSOBS  TSCAL  -TSCOR  S-RES   S-WT IMP STURES
  ORNG    9 354 130  P 0  119  4.170  2.802  2.667  0.000   0.135   1.00 0.2328  0.154    
  ZANG   11  76 126  P 0  119  4.190  2.822  2.942  0.000  -0.120   1.00 0.1813 -0.132    
  VRDN   12 288 121  P 0  119  4.390  3.022  3.017  0.000   0.006   1.00 0.1892  0.006    
  NMVR   14 214 116  P 0  119  4.730  3.362  3.391  0.000  -0.028   1.00 0.2251 -0.032    
  AZGN   16 327 112  P 0  119  5.000  3.632  3.682  0.000  -0.050   1.00 0.2489 -0.058    
  BLVR   16 183 112  P 0  119  5.170  3.802  3.710  0.000   0.092   1.00 0.2301  0.105    
  HIGH   17 115 111  P 0  119  5.150  3.782  3.913  0.000  -0.131   1.00 0.1570 -0.143    
  MGSL   21 224 105  P 0  119  5.840  4.472  4.530  0.000  -0.058   1.00 0.1881 -0.064    
  KRNG   23 279 103  P 0  119  6.120  4.752  4.760  0.000  -0.008   1.00 0.1822 -0.009    
  SRND   24 117 103  P 0  119  6.330  4.962  4.891  0.000   0.072   1.00 0.1454  0.077    
  KVCH   25 110 102  P 0  119  6.670  5.302  5.165  0.000   0.137   1.00 0.1415  0.148    
  FRMZ   29  64 100  P 0  119  7.190  5.822  5.802  0.000   0.020   1.00 0.2023  0.023    
  GOLJ   38  89  97  P 0  119  8.570  7.202  7.270  0.000  -0.068   1.00 0.1548 -0.074    
  $$$   VELEST-Version ETH-11FEB92 located at: 0915-2026 110826.7  
 
 
1 E V E N T   N R .       49                            0                    0
0 DATE  ORIGIN   TIME   LAT      LON     DEPTH  MAG  NO  DM GAP  RMS   ALE D-SPR
 120815  1:22:56.625 38.4137N 46.7565E  12.823  1.9  14   3  97 0.17  1.96  0.00
0  ERX  ERY  ERZ Q SQD  ADJ  IN NR  AVR   AAR  NM AVXM  SDXM IT
   0.2 -0.0  0.1 A A/A  0.02  0 14 -0.00  0.12  0  0.0  0.0   6
0 F-E NR: 344 N.W. IRAN-USSR BORDER REGION    
0 STN  DIST AZM AIN PRMK HRMN  P-SEC  TPOBS  TPCAL  -TSCOR  P-RES   P-WT IMP STURES
        AMX PRX     SRMK XMAG  S-SEC  TSOBS  TSCAL  -TSCOR  S-RES   S-WT IMP STURES
  ZANG    3  52 168  P 0  122 59.310  2.685  2.848  0.000  -0.163   1.00 0.1767 -0.180    
  HIGH   11 137 139  P 0  122 59.990  3.365  3.466  0.000  -0.101   1.00 0.2024 -0.113    
  ORNG   12 313 135  P 0  122 60.370  3.745  3.552  0.000   0.193   1.00 0.2040  0.216    
  SRND   17 132 125  P 0  122 60.880  4.255  4.210  0.000   0.045   1.00 0.1930  0.050    
  KVCH   18 121 124  P 0  122 61.010  4.385  4.349  0.000   0.036   1.00 0.1842  0.039    
  BLVR   19 208 121  P 0  122 61.360  4.735  4.487  0.000   0.248   1.00 0.1804  0.274    
  VRDN   20 279 120  P 0  122 61.220  4.595  4.520  0.000   0.075   1.00 0.1601  0.082    
  NMVR   20 232 119  P 0  122 61.370  4.745  4.649  0.000   0.096   1.00 0.1433  0.104    
  AZGN   21 307 118  P 0  122 61.340  4.715  4.766  0.000  -0.051   1.00 0.2588 -0.059    
  FRMZ   22  57 118  P 0  122 61.550  4.925  4.844  0.000   0.081   1.00 0.2785  0.096    
  HRS    27 247 112  P 0  122 61.950  5.325  5.776  0.000  -0.451   1.00 0.1342 -0.485    
  MGSL   28 235 111  P 0  122 62.520  5.895  5.840  0.000   0.055   1.00 0.1396  0.059    
  GOLJ   29  91 110  P 0  122 62.650  6.025  6.104  0.000  -0.079   1.00 0.2029 -0.088    
  KRNG   31 275 109  P 0  122 62.900  6.275  6.260  0.000   0.015   1.00 0.1828  0.017    
  $$$   VELEST-Version ETH-11FEB92 located at: 0915-2026 110826.7  
 
 
1 E V E N T   N R .       50                            0                    0
0 DATE  ORIGIN   TIME   LAT      LON     DEPTH  MAG  NO  DM GAP  RMS   ALE D-SPR
 120815  1:23:39.749 38.4215N 46.6709E  15.296  3.0  15   5 106 0.17  1.92  0.00
0  ERX  ERY  ERZ Q SQD  ADJ  IN NR  AVR   AAR  NM AVXM  SDXM IT
  -0.1  0.1  0.0 A A/A  0.01  0 15  0.00  0.13  0  0.0  0.0   8
0 F-E NR: 344 N.W. IRAN-USSR BORDER REGION    
0 STN  DIST AZM AIN PRMK HRMN  P-SEC  TPOBS  TPCAL  -TSCOR  P-RES   P-WT IMP STURES
        AMX PRX     SRMK XMAG  S-SEC  TSOBS  TSCAL  -TSCOR  S-RES   S-WT IMP STURES
  ZANG    5 280 161  P 0  123 42.890  3.141  3.355  0.000  -0.213   1.00 0.1364 -0.229    
  HIGH    9 180 150  P 0  123 43.220  3.471  3.598  0.000  -0.127   1.00 0.1818 -0.140    
  KVCH   13 142 140  P 0  123 43.770  4.021  3.980  0.000   0.042   1.00 0.1943  0.046    
  SRND   13 157 138  P 0  123 43.820  4.071  4.012  0.000   0.060   1.00 0.2027  0.067    
  FRMZ   15  44 135  P 0  123 44.100  4.351  4.222  0.000   0.129   1.00 0.3224  0.157    
  ORNG   18 295 129  P 0  123 44.490  4.741  4.562  0.000   0.180   1.00 0.1803  0.199    
  GOLJ   22  93 123  P 0  123 44.920  5.171  5.167  0.000   0.004   1.00 0.2144  0.005    
  BLVR   24 223 120  P 0  123 45.460  5.711  5.437  0.000   0.274   1.00 0.1568  0.299    
  VRDN   27 274 117  P 0  123 45.580  5.831  5.808  0.000   0.023   1.00 0.1431  0.025    
  AZGN   27 296 117  P 0  123 45.540  5.791  5.846  0.000  -0.055   1.00 0.2298 -0.062    
  NMVR   27 240 117  P 0  123 45.710  5.961  5.844  0.000   0.117   1.00 0.1260  0.126    
  HRS    35 250 111  P 0  123 46.390  6.641  7.074  0.000  -0.432   1.00 0.1245 -0.462    
  MGSL   35 241 111  P 0  123 46.930  7.181  7.066  0.000   0.116   1.00 0.1317  0.124    
  KRNG   38 273 109  P 0  123 47.320  7.571  7.577  0.000  -0.005   1.00 0.1624 -0.006    
  TBZ    50 114 104  P 0  123 49.130  9.381  9.494  0.000  -0.112   1.00 0.1993 -0.126    
  $$$   VELEST-Version ETH-11FEB92 located at: 0915-2026 110826.7  
 
 
1 E V E N T   N R .       51                            0                    0
0 DATE  ORIGIN   TIME   LAT      LON     DEPTH  MAG  NO  DM GAP  RMS   ALE D-SPR
 120815  1:32:21.884 38.4144N 46.7930E   8.121  1.9  13   6  95 0.09  1.73  0.00
0  ERX  ERY  ERZ Q SQD  ADJ  IN NR  AVR   AAR  NM AVXM  SDXM IT
  -0.2  0.0  0.0 A A/A  0.01  0 13 -0.00  0.07  0  0.0  0.0   3
0 F-E NR: 344 N.W. IRAN-USSR BORDER REGION    
0 STN  DIST AZM AIN PRMK HRMN  P-SEC  TPOBS  TPCAL  -TSCOR  P-RES   P-WT IMP STURES
        AMX PRX     SRMK XMAG  S-SEC  TSOBS  TSCAL  -TSCOR  S-RES   S-WT IMP STURES
  ZANG    6  73 145  P 0  132 24.080  2.196  2.301  0.000  -0.106   1.00 0.2338 -0.121    
  ORNG   10 325 125  P 0  132 24.830  2.946  2.761  0.000   0.185   1.00 0.2343  0.212    
  HIGH   14 128 116  P 0  132 25.080  3.196  3.295  0.000  -0.099   1.00 0.1786 -0.110    
  VRDN   17 280 109  P 0  132 25.580  3.696  3.698  0.000  -0.003   1.00 0.1617 -0.003    
  NMVR   18 225 108  P 0  132 25.860  3.976  3.965  0.000   0.011   1.00 0.1903  0.012    
  BLVR   18 199 107  P 0  132 25.950  4.066  3.970  0.000   0.096   1.00 0.2268  0.109    
  AZGN   19 313 107  P 0  132 25.880  3.996  4.071  0.000  -0.075   1.00 0.2552 -0.087    
  SRND   20 126 106  P 0  132 26.200  4.316  4.252  0.000   0.063   1.00 0.1502  0.069    
  KVCH   21 117 105  P 0  132 26.410  4.526  4.455  0.000   0.071   1.00 0.1404  0.076    
  FRMZ   24  61 102  P 0  132 26.940  5.056  4.997  0.000   0.059   1.00 0.2487  0.068    
  MGSL   26 231 101  P 0  132 27.050  5.166  5.211  0.000  -0.046   1.00 0.1747 -0.050    
  KRNG   28 276  99  P 0  132 27.350  5.466  5.545  0.000  -0.079   1.00 0.1727 -0.087    
  GOLJ   33  91  98  P 0  132 28.240  6.356  6.432  0.000  -0.077   1.00 0.1604 -0.084    
  $$$   VELEST-Version ETH-11FEB92 located at: 0915-2026 110826.7  
 
 
1 E V E N T   N R .       52                            0                    0
0 DATE  ORIGIN   TIME   LAT      LON     DEPTH  MAG  NO  DM GAP  RMS   ALE D-SPR
 120815  1:35:40.167 38.3943N 46.6554E   4.145  2.0  14   6  91 0.17  1.65  0.00
0  ERX  ERY  ERZ Q SQD  ADJ  IN NR  AVR   AAR  NM AVXM  SDXM IT
   0.2 -0.0 -0.1 A A/A  0.06  0 14  0.00  0.11  0  0.0  0.0  99
0 F-E NR: 344 N.W. IRAN-USSR BORDER REGION    
0 STN  DIST AZM AIN PRMK HRMN  P-SEC  TPOBS  TPCAL  -TSCOR  P-RES   P-WT IMP STURES
        AMX PRX     SRMK XMAG  S-SEC  TSOBS  TSCAL  -TSCOR  S-RES   S-WT IMP STURES
  HIGH    6 192 119  P 0  135 41.990  1.823  1.864  0.000  -0.041   1.00 0.3340 -0.051    
  ZANG    8 301 108  P 0  135 42.240  2.073  2.116  0.000  -0.043   1.00 0.2503 -0.049    
  KVCH   10 137  97  P 0  135 42.600  2.433  2.466  0.000  -0.033   1.00 0.1933 -0.037    
  SRND   10 157  95  P 0  135 42.720  2.553  2.521  0.000   0.031   1.00 0.1980  0.035    
  FRMZ   17  33  92  P 0  135 43.950  3.783  3.678  0.000   0.105   1.00 0.3706  0.132    
  GOLJ   21  85  91  P 0  135 44.490  4.323  4.413  0.000  -0.091   1.00 0.2471 -0.105    
  ORNG   21 301  91  P 0  135 44.700  4.533  4.367  0.000   0.165   1.00 0.1800  0.182    
  BLVR   23 230  91  P 0  135 45.270  5.103  4.815  0.000   0.288   1.00 0.1608  0.314    
  NMVR   27 247  73  P 0  135 45.710  5.543  5.442  0.000   0.101   1.00 0.1231  0.107    
  VRDN   29 280  73  P 0  135 45.890  5.723  5.721  0.000   0.002   1.00 0.1324  0.002    
  AZGN   30 300  73  P 0  135 46.000  5.833  5.909  0.000  -0.077   1.00 0.1755 -0.085    
  MGSL   35 247  73  P 0  135 47.010  6.843  6.774  0.000   0.069   1.00 0.1235  0.073    
  HRS    35 256  73  P 0  135 46.580  6.413  6.864  0.000  -0.452   1.00 0.1191 -0.481    
  KRNG   40 277  73  P 0  135 47.760  7.593  7.616  0.000  -0.024   1.00 0.1286 -0.025    
  $$$   VELEST-Version ETH-11FEB92 located at: 0915-2026 110826.7  
 
 
1 E V E N T   N R .       53                            0                    0
0 DATE  ORIGIN   TIME   LAT      LON     DEPTH  MAG  NO  DM GAP  RMS   ALE D-SPR
 120815  1:39:55.485 38.4252N 46.7182E  13.487  3.1  15   1 113 0.16  1.97  0.00
0  ERX  ERY  ERZ Q SQD  ADJ  IN NR  AVR   AAR  NM AVXM  SDXM IT
  -0.2  0.1  0.0 A A/A  0.02  0 15 -0.00  0.12  0  0.0  0.0   7
0 F-E NR: 344 N.W. IRAN-USSR BORDER REGION    
0 STN  DIST AZM AIN PRMK HRMN  P-SEC  TPOBS  TPCAL  -TSCOR  P-RES   P-WT IMP STURES
        AMX PRX     SRMK XMAG  S-SEC  TSOBS  TSCAL  -TSCOR  S-RES   S-WT IMP STURES
  ZANG    1 297 175  P 0  139 58.180  2.695  2.914  0.000  -0.218   1.00 0.1654 -0.239    
  HIGH   10 156 142  P 0  139 58.870  3.385  3.468  0.000  -0.083   1.00 0.1927 -0.092    
  ORNG   14 300 132  P 0  139 59.530  4.045  3.866  0.000   0.179   1.00 0.1972  0.200    
  SRND   16 143 129  P 0  139 59.670  4.185  4.099  0.000   0.086   1.00 0.1892  0.096    
  KVCH   16 131 129  P 0  139 59.700  4.215  4.148  0.000   0.067   1.00 0.1777  0.074    
  FRMZ   18  54 125  P 0  139 60.000  4.515  4.400  0.000   0.115   1.00 0.3048  0.138    
  BLVR   22 214 119  P 0  139 60.640  5.155  4.956  0.000   0.199   1.00 0.1735  0.219    
  VRDN   23 274 118  P 0  139 60.560  5.075  5.045  0.000   0.030   1.00 0.1509  0.033    
  AZGN   23 300 117  P 0  139 60.570  5.085  5.130  0.000  -0.044   1.00 0.2495 -0.051    
  NMVR   24 234 117  P 0  139 60.790  5.305  5.215  0.000   0.091   1.00 0.1385  0.098    
  GOLJ   26  94 115  P 0  139 61.110  5.625  5.632  0.000  -0.007   1.00 0.1932 -0.008    
  HRS    31 247 111  P 0  139 61.480  5.995  6.380  0.000  -0.384   1.00 0.1326 -0.412    
  MGSL   32 237 110  P 0  139 62.020  6.535  6.431  0.000   0.104   1.00 0.1411  0.112    
  KRNG   34 273 108  P 0  139 62.300  6.815  6.816  0.000  -0.000   1.00 0.1723 -0.000    
  TBZ    54 113 101  P 0  139 65.430  9.945 10.081  0.000  -0.135   1.00 0.1738 -0.149    
  $$$   VELEST-Version ETH-11FEB92 located at: 0915-2026 110826.7  
 
 
1 E V E N T   N R .       54                            0                    0
0 DATE  ORIGIN   TIME   LAT      LON     DEPTH  MAG  NO  DM GAP  RMS   ALE D-SPR
 120815  1:45:31.768 38.4272N 46.7356E  10.569  1.4  13   1 115 0.16  1.77  0.00
0  ERX  ERY  ERZ Q SQD  ADJ  IN NR  AVR   AAR  NM AVXM  SDXM IT
   0.2 -0.0  0.0 A A/A  0.01  0 13 -0.00  0.11  0  0.0  0.0   5
0 F-E NR: 344 N.W. IRAN-USSR BORDER REGION    
0 STN  DIST AZM AIN PRMK HRMN  P-SEC  TPOBS  TPCAL  -TSCOR  P-RES   P-WT IMP STURES
        AMX PRX     SRMK XMAG  S-SEC  TSOBS  TSCAL  -TSCOR  S-RES   S-WT IMP STURES
  ZANG    1  58 177  P 0  145 34.130  2.362  2.416  0.000  -0.055   1.00 0.2259 -0.062    
  HIGH   11 149 132  P 0  145 34.890  3.122  3.208  0.000  -0.086   1.00 0.2014 -0.096    
  SRND   17 140 119  P 0  145 35.770  4.002  3.982  0.000   0.020   1.00 0.1783  0.022    
  KVCH   17 128 118  P 0  145 35.840  4.072  4.060  0.000   0.012   1.00 0.1658  0.013    
  FRMZ   19  58 115  P 0  145 36.210  4.442  4.319  0.000   0.123   1.00 0.3299  0.150    
  BLVR   22 210 112  P 0  145 36.690  4.922  4.650  0.000   0.272   1.00 0.1775  0.300    
  VRDN   21 274 112  P 0  145 36.460  4.692  4.604  0.000   0.088   1.00 0.1575  0.096    
  AZGN   22 301 111  P 0  145 36.520  4.752  4.708  0.000   0.044   1.00 0.2789  0.052    
  NMVR   23 232 110  P 0  145 36.710  4.942  4.850  0.000   0.092   1.00 0.1391  0.099    
  GOLJ   28  94 106  P 0  145 37.350  5.582  5.701  0.000  -0.119   1.00 0.1882 -0.132    
  HRS    30 246 105  P 0  145 37.370  5.602  6.018  0.000  -0.416   1.00 0.1272 -0.445    
  MGSL   30 235 104  P 0  145 37.910  6.142  6.102  0.000   0.040   1.00 0.1358  0.043    
  KRNG   33 272 103  P 0  145 38.190  6.422  6.435  0.000  -0.014   1.00 0.1691 -0.015    
  $$$   VELEST-Version ETH-11FEB92 located at: 0915-2026 110826.7  
 
 
1 E V E N T   N R .       55                            0                    0
0 DATE  ORIGIN   TIME   LAT      LON     DEPTH  MAG  NO  DM GAP  RMS   ALE D-SPR
 120815  1:46:48.092 38.4043N 46.6739E   4.212  1.5  13   6  99 0.11  1.62  0.00
0  ERX  ERY  ERZ Q SQD  ADJ  IN NR  AVR   AAR  NM AVXM  SDXM IT
   0.2  0.0 -0.1 A A/A  0.01  0 13 -0.00  0.09  0  0.0  0.0   4
0 F-E NR: 344 N.W. IRAN-USSR BORDER REGION    
0 STN  DIST AZM AIN PRMK HRMN  P-SEC  TPOBS  TPCAL  -TSCOR  P-RES   P-WT IMP STURES
        AMX PRX     SRMK XMAG  S-SEC  TSOBS  TSCAL  -TSCOR  S-RES   S-WT IMP STURES
  ZANG    6 300 124  P 0  146 49.870  1.778  1.813  0.000  -0.035   1.08 0.3144 -0.042    
  HIGH    7 177 112  P 0  146 50.030  1.938  2.026  0.000  -0.087   1.08 0.2955 -0.104    
  KVCH   12 135  95  P 0  146 50.870  2.778  2.803  0.000  -0.025   1.08 0.1896 -0.027    
  SRND   12 152  94  P 0  146 50.930  2.838  2.820  0.000   0.018   1.08 0.1966  0.020    
  FRMZ   17  40  92  P 0  146 51.930  3.838  3.692  0.000   0.146   1.08 0.3844  0.186    
  ORNG   19 300  92  P 0  146 52.220  4.128  4.024  0.000   0.104   1.08 0.1984  0.116    
  GOLJ   22  88  91  P 0  146 52.700  4.608  4.686  0.000  -0.078   1.08 0.2448 -0.090    
  BLVR   23 225  91  P 0  146 52.940  4.848  4.736  0.000   0.113   1.08 0.1797  0.124    
  NMVR   26 244  73  P 0  146 53.350  5.258  5.269  0.000  -0.011   1.08 0.1589 -0.012    
  VRDN   27 278  73  P 0  146 53.380  5.288  5.419  0.000  -0.131   1.08 0.1751 -0.144    
  AZGN   28 300  73  P 0  146 53.510  5.418  5.577  0.000  -0.159   1.08 0.2275 -0.180    
  MGSL   34 244  73  P 0  146 54.840  6.748  6.602  0.000   0.146   1.08 0.1588  0.159    
  HRS    34 253  73  P 4  146 54.100  6.008  6.648  0.000  -0.640   0.00 0.0000 -0.640    
  $$$   VELEST-Version ETH-11FEB92 located at: 0915-2026 110826.7  
 
 
1 E V E N T   N R .       56                            0                    0
0 DATE  ORIGIN   TIME   LAT      LON     DEPTH  MAG  NO  DM GAP  RMS   ALE D-SPR
 120815  2: 4:37.812 38.3912N 46.6542E   3.041  1.8  13   6  89 0.10  1.44  0.00
0  ERX  ERY  ERZ Q SQD  ADJ  IN NR  AVR   AAR  NM AVXM  SDXM IT
   0.2 -0.0 -0.1 A A/A  0.00  0 13  0.00  0.08  0  0.0  0.0   5
0 F-E NR: 344 N.W. IRAN-USSR BORDER REGION    
0 STN  DIST AZM AIN PRMK HRMN  P-SEC  TPOBS  TPCAL  -TSCOR  P-RES   P-WT IMP STURES
        AMX PRX     SRMK XMAG  S-SEC  TSOBS  TSCAL  -TSCOR  S-RES   S-WT IMP STURES
  HIGH    6 194 127  P 0  2 4 39.430  1.618  1.680  0.000  -0.062   1.00 0.2974 -0.074    
  ZANG    8 303 118  P 0  2 4 39.930  2.118  2.061  0.000   0.057   1.00 0.4228  0.075    
  KVCH    9 136 113  P 0  2 4 40.140  2.328  2.337  0.000  -0.009   1.00 0.2408 -0.010    
  SRND   10 157 110  P 0  2 4 40.220  2.408  2.401  0.000   0.007   1.00 0.2372  0.008    
  FRMZ   17  32  56  P 0  2 4 41.750  3.938  3.817  0.000   0.121   1.00 0.3631  0.151    
  GOLJ   21  84  56  P 0  2 4 42.230  4.418  4.498  0.000  -0.080   1.00 0.2777 -0.095    
  ORNG   21 301  56  P 0  2 4 42.430  4.618  4.515  0.000   0.103   1.00 0.1603  0.112    
  BLVR   23 231  56  P 0  2 4 42.880  5.068  4.891  0.000   0.177   1.00 0.1807  0.196    
  NMVR   27 248  53  P 0  2 4 43.340  5.528  5.559  0.000  -0.031   1.00 0.1514 -0.033    
  VRDN   29 281  53  P 0  2 4 43.610  5.798  5.872  0.000  -0.074   1.00 0.1308 -0.079    
  AZGN   30 301  53  P 0  2 4 43.740  5.928  6.077  0.000  -0.149   1.00 0.1560 -0.162    
  MGSL   35 247  53  P 0  2 4 44.790  6.978  6.890  0.000   0.088   1.00 0.1526  0.095    
  KRNG   40 278  53  P 0  2 4 45.430  7.618  7.764  0.000  -0.146   1.00 0.1297 -0.157    
  $$$   VELEST-Version ETH-11FEB92 located at: 0915-2026 110826.7  
 
 
1 E V E N T   N R .       57                            0                    0
0 DATE  ORIGIN   TIME   LAT      LON     DEPTH  MAG  NO  DM GAP  RMS   ALE D-SPR
 120815  2:22:39.145 38.3891N 46.7441E  10.624  1.7  13   5  86 0.13  1.92  0.00
0  ERX  ERY  ERZ Q SQD  ADJ  IN NR  AVR   AAR  NM AVXM  SDXM IT
  -0.2 -0.0  0.0 A A/A  0.01  0 13 -0.00  0.11  0  0.0  0.0   5
0 F-E NR: 344 N.W. IRAN-USSR BORDER REGION    
0 STN  DIST AZM AIN PRMK HRMN  P-SEC  TPOBS  TPCAL  -TSCOR  P-RES   P-WT IMP STURES
        AMX PRX     SRMK XMAG  S-SEC  TSOBS  TSCAL  -TSCOR  S-RES   S-WT IMP STURES
  ZANG    5  15 157  P 0  222 41.650  2.505  2.584  0.000  -0.079   1.00 0.1948 -0.088    
  HIGH    8 130 141  P 0  222 41.910  2.765  2.892  0.000  -0.127   1.00 0.2168 -0.143    
  SRND   15 127 123  P 0  222 42.820  3.675  3.643  0.000   0.032   1.00 0.1911  0.036    
  ORNG   15 318 122  P 0  222 43.010  3.865  3.678  0.000   0.187   1.00 0.2163  0.211    
  KVCH   16 115 121  P 0  222 43.030  3.885  3.832  0.000   0.053   1.00 0.1722  0.059    
  BLVR   18 215 118  P 0  222 43.370  4.225  4.047  0.000   0.178   1.00 0.2063  0.200    
  NMVR   20 240 114  P 0  222 43.610  4.465  4.387  0.000   0.078   1.00 0.1554  0.085    
  VRDN   21 285 112  P 0  222 43.780  4.635  4.603  0.000   0.032   1.00 0.1605  0.035    
  FRMZ   22  49 111  P 0  222 44.050  4.905  4.806  0.000   0.099   1.00 0.2680  0.116    
  AZGN   24 311 109  P 0  222 44.050  4.905  5.012  0.000  -0.107   1.00 0.2455 -0.123    
  HRS    27 253 107  P 0  222 44.530  5.385  5.666  0.000  -0.281   1.00 0.1419 -0.303    
  MGSL   28 241 106  P 0  222 44.810  5.665  5.639  0.000   0.026   1.00 0.1537  0.028    
  GOLJ   28  85 106  P 0  222 44.880  5.735  5.828  0.000  -0.093   1.00 0.1782 -0.102    
  $$$   VELEST-Version ETH-11FEB92 located at: 0915-2026 110826.7  
 
 
1 E V E N T   N R .       58                            0                    0
0 DATE  ORIGIN   TIME   LAT      LON     DEPTH  MAG  NO  DM GAP  RMS   ALE D-SPR
 120815  2:24:22.398 38.4097N 46.8013E  12.724  1.9  13   7  89 0.13  2.01  0.00
0  ERX  ERY  ERZ Q SQD  ADJ  IN NR  AVR   AAR  NM AVXM  SDXM IT
   0.2 -0.0  0.1 A A/A  0.01  0 13  0.00  0.09  0  0.0  0.0   4
0 F-E NR: 344 N.W. IRAN-USSR BORDER REGION    
0 STN  DIST AZM AIN PRMK HRMN  P-SEC  TPOBS  TPCAL  -TSCOR  P-RES   P-WT IMP STURES
        AMX PRX     SRMK XMAG  S-SEC  TSOBS  TSCAL  -TSCOR  S-RES   S-WT IMP STURES
  ZANG    7  70 153  P 0  224 25.300  2.902  3.043  0.000  -0.142   1.00 0.1845 -0.157    
  ORNG   10 330 140  P 0  224 25.860  3.462  3.300  0.000   0.161   1.00 0.2060  0.181    
  HIGH   14 124 132  P 0  224 26.060  3.662  3.776  0.000  -0.114   1.00 0.1816 -0.127    
  VRDN   16 282 126  P 0  224 26.460  4.062  3.978  0.000   0.084   1.00 0.1441  0.091    
  NMVR   17 225 124  P 0  224 26.640  4.242  4.178  0.000   0.064   1.00 0.1683  0.070    
  BLVR   17 197 124  P 0  224 26.760  4.362  4.205  0.000   0.157   1.00 0.2133  0.177    
  AZGN   19 316 122  P 0  224 26.700  4.302  4.372  0.000  -0.071   1.00 0.2496 -0.081    
  SRND   20 123 120  P 0  224 27.030  4.632  4.606  0.000   0.026   1.00 0.1712  0.029    
  KVCH   21 115 118  P 0  224 27.270  4.872  4.813  0.000   0.059   1.00 0.1641  0.064    
  HRS    24 244 116  P 0  224 27.300  4.902  5.191  0.000  -0.290   1.00 0.1416 -0.313    
  FRMZ   25  61 114  P 0  224 27.800  5.402  5.380  0.000   0.021   1.00 0.2696  0.025    
  MGSL   25 231 114  P 0  224 27.730  5.332  5.304  0.000   0.027   1.00 0.1598  0.030    
  KRNG   27 277 111  P 0  224 28.060  5.662  5.645  0.000   0.017   1.00 0.1679  0.018    
  $$$   VELEST-Version ETH-11FEB92 located at: 0915-2026 110826.7  
 
 
1 E V E N T   N R .       59                            0                    0
0 DATE  ORIGIN   TIME   LAT      LON     DEPTH  MAG  NO  DM GAP  RMS   ALE D-SPR
 120815  2:27:22.063 38.3985N 46.6975E   3.115  1.8  13   5  82 0.09  1.42  0.00
0  ERX  ERY  ERZ Q SQD  ADJ  IN NR  AVR   AAR  NM AVXM  SDXM IT
   0.2 -0.0 -0.1 A A/A  0.00  0 13  0.00  0.07  0  0.0  0.0   5
0 F-E NR: 344 N.W. IRAN-USSR BORDER REGION    
0 STN  DIST AZM AIN PRMK HRMN  P-SEC  TPOBS  TPCAL  -TSCOR  P-RES   P-WT IMP STURES
        AMX PRX     SRMK XMAG  S-SEC  TSOBS  TSCAL  -TSCOR  S-RES   S-WT IMP STURES
  ZANG    5 321 136  P 0  227 23.590  1.527  1.493  0.000   0.034   1.00 0.5055  0.049    
  HIGH    7 160 122  P 0  227 23.850  1.787  1.876  0.000  -0.089   1.00 0.2853 -0.106    
  SRND   12 142 105  P 0  227 25.050  2.987  2.939  0.000   0.048   1.00 0.2138  0.054    
  KVCH   13 126 105  P 0  227 25.090  3.027  3.021  0.000   0.006   1.00 0.2055  0.006    
  ORNG   17 306  56  P 0  227 26.050  3.987  3.871  0.000   0.116   1.00 0.1807  0.128    
  FRMZ   19  44  56  P 0  227 26.270  4.207  4.109  0.000   0.098   1.00 0.3617  0.122    
  BLVR   21 223  56  P 0  227 26.700  4.637  4.491  0.000   0.145   1.00 0.1884  0.161    
  NMVR   24 243  56  P 0  227 27.050  4.987  5.007  0.000  -0.021   1.00 0.1588 -0.022    
  GOLJ   24  87  56  P 0  227 27.110  5.047  5.144  0.000  -0.097   1.00 0.2630 -0.113    
  VRDN   25 281  56  P 0  227 27.230  5.167  5.203  0.000  -0.036   1.00 0.1389 -0.039    
  AZGN   26 303  53  P 0  227 27.400  5.337  5.454  0.000  -0.117   1.00 0.1730 -0.129    
  MGSL   32 243  53  P 0  227 28.450  6.387  6.357  0.000   0.029   1.00 0.1562  0.032    
  KRNG   36 277  53  P 0  227 29.050  6.987  7.103  0.000  -0.117   1.00 0.1365 -0.126    
  $$$   VELEST-Version ETH-11FEB92 located at: 0915-2026 110826.7  
 
 
1 E V E N T   N R .       60                            0                    0
0 DATE  ORIGIN   TIME   LAT      LON     DEPTH  MAG  NO  DM GAP  RMS   ALE D-SPR
 120815  2:39:11.667 38.4040N 46.8376E   9.541  2.0  14  10  73 0.09  1.78  0.00
0  ERX  ERY  ERZ Q SQD  ADJ  IN NR  AVR   AAR  NM AVXM  SDXM IT
  -0.2 -0.0  0.0 A A/A  0.01  0 14 -0.00  0.07  0  0.0  0.0   6
0 F-E NR: 344 N.W. IRAN-USSR BORDER REGION    
0 STN  DIST AZM AIN PRMK HRMN  P-SEC  TPOBS  TPCAL  -TSCOR  P-RES   P-WT IMP STURES
        AMX PRX     SRMK XMAG  S-SEC  TSOBS  TSCAL  -TSCOR  S-RES   S-WT IMP STURES
  ORNG   10 348 133  P 0  239 14.670  3.003  2.846  0.000   0.157   1.08 0.2447  0.180    
  ZANG   10  73 133  P 0  239 14.480  2.813  2.934  0.000  -0.121   1.08 0.1855 -0.134    
  VRDN   13 288 123  P 0  239 14.950  3.283  3.270  0.000   0.013   1.08 0.2093  0.015    
  NMVR   15 218 119  P 0  239 15.180  3.513  3.526  0.000  -0.013   1.08 0.2374 -0.014    
  BLVR   16 187 116  P 0  239 15.490  3.823  3.747  0.000   0.076   1.08 0.2556  0.089    
  HIGH   16 116 117  P 0  239 15.360  3.693  3.814  0.000  -0.121   1.08 0.1638 -0.132    
  AZGN   17 325 115  P 0  239 15.480  3.813  3.887  0.000  -0.074   1.08 0.2972 -0.088    
  HRS    20 242 111  P 4  239 15.560  3.893  4.497  0.000  -0.604   0.00 0.0000 -0.604    
  MGSL   22 227 109  P 0  239 16.280  4.613  4.667  0.000  -0.054   1.08 0.2198 -0.062    
  SRND   22 118 108  P 0  239 16.490  4.823  4.760  0.000   0.063   1.08 0.1480  0.068    
  KRNG   24 280 106  P 0  239 16.640  4.973  4.985  0.000  -0.012   1.08 0.2413 -0.014    
  KVCH   24 110 106  P 0  239 16.810  5.143  5.028  0.000   0.115   1.08 0.1399  0.124    
  FRMZ   28  63 103  P 0  239 17.390  5.723  5.705  0.000   0.018   1.08 0.2122  0.021    
  GOLJ   37  89 100  P 0  239 18.740  7.073  7.119  0.000  -0.046   1.08 0.1517 -0.050    
  $$$   VELEST-Version ETH-11FEB92 located at: 0915-2026 110826.7  
 
 
1 E V E N T   N R .       61                            0                    0
0 DATE  ORIGIN   TIME   LAT      LON     DEPTH  MAG  NO  DM GAP  RMS   ALE D-SPR
 120815  2:41:53.515 38.4279N 46.7188E  11.505  1.5  13   1 115 0.10  1.89  0.00
0  ERX  ERY  ERZ Q SQD  ADJ  IN NR  AVR   AAR  NM AVXM  SDXM IT
   0.2 -0.0  0.0 A A/A  0.01  0 13  0.00  0.08  0  0.0  0.0   4
0 F-E NR: 344 N.W. IRAN-USSR BORDER REGION    
0 STN  DIST AZM AIN PRMK HRMN  P-SEC  TPOBS  TPCAL  -TSCOR  P-RES   P-WT IMP STURES
        AMX PRX     SRMK XMAG  S-SEC  TSOBS  TSCAL  -TSCOR  S-RES   S-WT IMP STURES
  ZANG    1 283 175  P 0  241 55.990  2.475  2.579  0.000  -0.104   1.00 0.1897 -0.115    
  HIGH   11 156 137  P 0  241 56.680  3.165  3.246  0.000  -0.081   1.00 0.2024 -0.091    
  ORNG   14 299 127  P 0  241 57.340  3.825  3.629  0.000   0.196   1.00 0.2102  0.221    
  SRND   16 144 123  P 0  241 57.480  3.965  3.940  0.000   0.025   1.00 0.1832  0.027    
  KVCH   16 132 123  P 0  241 57.520  4.005  3.984  0.000   0.021   1.00 0.1668  0.023    
  FRMZ   18  55 120  P 0  241 57.840  4.325  4.201  0.000   0.124   1.00 0.2681  0.144    
  BLVR   22 214 113  P 0  241 58.510  4.995  4.843  0.000   0.152   1.00 0.1834  0.168    
  VRDN   23 273 113  P 0  241 58.390  4.875  4.893  0.000  -0.018   1.00 0.1663 -0.020    
  AZGN   23 299 113  P 0  241 58.380  4.865  4.960  0.000  -0.095   1.00 0.2559 -0.110    
  NMVR   24 234 112  P 0  241 58.650  5.135  5.099  0.000   0.035   1.00 0.1534  0.039    
  GOLJ   26  94 110  P 0  241 58.930  5.415  5.516  0.000  -0.101   1.00 0.1569 -0.110    
  MGSL   32 236 106  P 0  241 59.830  6.315  6.349  0.000  -0.035   1.00 0.1551 -0.038    
  KRNG   34 272 104  P 0  241 60.110  6.595  6.714  0.000  -0.119   1.00 0.1844 -0.131    
  $$$   VELEST-Version ETH-11FEB92 located at: 0915-2026 110826.7  
 
 
1 E V E N T   N R .       62                            0                    0
0 DATE  ORIGIN   TIME   LAT      LON     DEPTH  MAG  NO  DM GAP  RMS   ALE D-SPR
 120815  2:45:44.108 38.4232N 46.7132E  11.350  1.3  12   2 111 0.09  1.76  0.00
0  ERX  ERY  ERZ Q SQD  ADJ  IN NR  AVR   AAR  NM AVXM  SDXM IT
   0.2 -0.0  0.0 A A/A  0.01  0 12  0.00  0.07  0  0.0  0.0   6
0 F-E NR: 344 N.W. IRAN-USSR BORDER REGION    
0 STN  DIST AZM AIN PRMK HRMN  P-SEC  TPOBS  TPCAL  -TSCOR  P-RES   P-WT IMP STURES
        AMX PRX     SRMK XMAG  S-SEC  TSOBS  TSCAL  -TSCOR  S-RES   S-WT IMP STURES
  ZANG    2 297 172  P 0  245 46.580  2.472  2.565  0.000  -0.093   1.00 0.1914 -0.103    
  HIGH   10 158 138  P 0  245 47.210  3.102  3.149  0.000  -0.047   1.00 0.2308 -0.054    
  ORNG   15 300 125  P 0  245 47.980  3.872  3.707  0.000   0.165   1.00 0.1865  0.183    
  KVCH   16 132 124  P 0  245 48.040  3.932  3.869  0.000   0.063   1.00 0.1803  0.069    
  SRND   15 144 124  P 0  245 47.960  3.852  3.825  0.000   0.027   1.00 0.2054  0.030    
  FRMZ   18  53 120  P 0  245 48.380  4.272  4.176  0.000   0.096   1.00 0.2813  0.113    
  VRDN   23 275 112  P 0  245 49.110  5.002  4.964  0.000   0.038   1.00 0.1446  0.041    
  AZGN   24 300 111  P 0  245 49.030  4.922  5.057  0.000  -0.135   1.00 0.2208 -0.153    
  NMVR   24 235 111  P 0  245 49.270  5.162  5.104  0.000   0.058   1.00 0.1709  0.064    
  GOLJ   26  93 110  P 0  245 49.430  5.322  5.424  0.000  -0.103   1.00 0.1589 -0.112    
  MGSL   32 238 105  P 0  245 50.470  6.362  6.362  0.000   0.000   1.00 0.1683  0.000    
  KRNG   35 273 104  P 0  245 50.830  6.722  6.791  0.000  -0.069   1.00 0.1572 -0.075    
  $$$   VELEST-Version ETH-11FEB92 located at: 0915-2026 110826.7  
 
 
1 E V E N T   N R .       63                            0                    0
0 DATE  ORIGIN   TIME   LAT      LON     DEPTH  MAG  NO  DM GAP  RMS   ALE D-SPR
 120815  2:53:43.382 38.4115N 46.7646E   8.958  1.5  12   4  98 0.10  1.73  0.00
0  ERX  ERY  ERZ Q SQD  ADJ  IN NR  AVR   AAR  NM AVXM  SDXM IT
  -0.2  0.0  0.0 A A/A  0.02  0 12 -0.00  0.09  0  0.0  0.0   5
0 F-E NR: 344 N.W. IRAN-USSR BORDER REGION    
0 STN  DIST AZM AIN PRMK HRMN  P-SEC  TPOBS  TPCAL  -TSCOR  P-RES   P-WT IMP STURES
        AMX PRX     SRMK XMAG  S-SEC  TSOBS  TSCAL  -TSCOR  S-RES   S-WT IMP STURES
  ZANG    4  56 159  P 0  253 45.570  2.188  2.257  0.000  -0.069   1.00 0.2270 -0.078    
  ORNG   12 316 123  P 0  253 46.660  3.278  3.094  0.000   0.184   1.00 0.2387  0.211    
  HIGH   11 134 126  P 0  253 46.350  2.968  3.065  0.000  -0.097   1.00 0.1972 -0.108    
  SRND   18 130 112  P 0  253 47.370  3.988  3.954  0.000   0.035   1.00 0.1594  0.038    
  BLVR   19 206 110  P 0  253 47.670  4.288  4.122  0.000   0.167   1.00 0.2196  0.189    
  VRDN   19 280 109  P 0  253 47.470  4.088  4.143  0.000  -0.054   1.00 0.1819 -0.060    
  KVCH   19 119 111  P 0  253 47.550  4.168  4.122  0.000   0.047   1.00 0.1416  0.050    
  NMVR   20 231 109  P 0  253 47.620  4.238  4.272  0.000  -0.033   1.00 0.1825 -0.037    
  AZGN   21 309 107  P 0  253 47.720  4.338  4.447  0.000  -0.109   1.00 0.2712 -0.128    
  FRMZ   22  57 106  P 0  253 48.180  4.798  4.708  0.000   0.090   1.00 0.2360  0.103    
  MGSL   27 235 102  P 0  253 48.850  5.468  5.535  0.000  -0.067   1.00 0.1760 -0.074    
  GOLJ   30  90 101  P 0  253 49.330  5.948  6.041  0.000  -0.093   1.00 0.1431 -0.101    
  $$$   VELEST-Version ETH-11FEB92 located at: 0915-2026 110826.7  
 
 
1 E V E N T   N R .       64                            0                    0
0 DATE  ORIGIN   TIME   LAT      LON     DEPTH  MAG  NO  DM GAP  RMS   ALE D-SPR
 120815  3:41:30.604 38.4099N 46.7667E  10.934  3.6  14   4 105 0.16  2.24  0.00
0  ERX  ERY  ERZ Q SQD  ADJ  IN NR  AVR   AAR  NM AVXM  SDXM IT
  -0.2  0.1  0.0 A A/A  0.01  0 14 -0.00  0.11  0  0.0  0.0   7
0 F-E NR: 344 N.W. IRAN-USSR BORDER REGION    
0 STN  DIST AZM AIN PRMK HRMN  P-SEC  TPOBS  TPCAL  -TSCOR  P-RES   P-WT IMP STURES
        AMX PRX     SRMK XMAG  S-SEC  TSOBS  TSCAL  -TSCOR  S-RES   S-WT IMP STURES
  ZANG    4  55 161  P 0  341 33.060  2.456  2.585  0.000  -0.129   1.00 0.2167 -0.146    
  HIGH   11 133 133  P 0  341 33.800  3.196  3.277  0.000  -0.081   1.00 0.1846 -0.090    
  SRND   18 129 119  P 0  341 34.760  4.156  4.100  0.000   0.056   1.00 0.1589  0.061    
  BLVR   19 206 117  P 0  341 35.030  4.426  4.217  0.000   0.209   1.00 0.2055  0.234    
  VRDN   19 280 116  P 0  341 34.940  4.336  4.249  0.000   0.087   1.00 0.1948  0.096    
  KVCH   19 118 117  P 0  341 34.950  4.346  4.269  0.000   0.077   1.00 0.1431  0.083    
  NMVR   19 231 116  P 0  341 35.050  4.446  4.358  0.000   0.088   1.00 0.1637  0.096    
  AZGN   21 310 114  P 0  341 35.170  4.566  4.561  0.000   0.004   1.00 0.3276  0.005    
  FRMZ   23  57 112  P 0  341 35.620  5.016  4.858  0.000   0.158   1.00 0.2799  0.187    
  HRS    26 247 109  P 0  341 35.710  5.106  5.510  0.000  -0.404   1.00 0.1514 -0.439    
  MGSL   27 235 108  P 0  341 36.270  5.666  5.580  0.000   0.086   1.00 0.1588  0.094    
  KRNG   30 276 105  P 0  341 36.670  6.066  6.032  0.000   0.034   1.00 0.2084  0.038    
  GOLJ   30  90 106  P 0  341 36.750  6.146  6.147  0.000  -0.001   1.00 0.1561 -0.002    
  TBZ    57 110  97  P 0  341 40.990 10.386 10.569  0.000  -0.183   1.00 0.1323 -0.197    
  $$$   VELEST-Version ETH-11FEB92 located at: 0915-2026 110826.7  
 
 
1 E V E N T   N R .       65                            0                    0
0 DATE  ORIGIN   TIME   LAT      LON     DEPTH  MAG  NO  DM GAP  RMS   ALE D-SPR
 120815  3:44:30.350 38.4011N 46.6892E  12.546  0.0  12   5  89 0.09  1.88  0.00
0  ERX  ERY  ERZ Q SQD  ADJ  IN NR  AVR   AAR  NM AVXM  SDXM IT
   0.2 -0.0  0.0 A A/A  0.01  0 12  0.00  0.06  0  0.0  0.0   7
0 F-E NR: 344 N.W. IRAN-USSR BORDER REGION    
0 STN  DIST AZM AIN PRMK HRMN  P-SEC  TPOBS  TPCAL  -TSCOR  P-RES   P-WT IMP STURES
        AMX PRX     SRMK XMAG  S-SEC  TSOBS  TSCAL  -TSCOR  S-RES   S-WT IMP STURES
  HIGH    7 166 151  P 0  344 33.260  2.910  3.023  0.000  -0.113   1.00 0.2030 -0.127    
  ZANG    5 312 160  P 0  344 33.250  2.900  2.892  0.000   0.008   1.00 0.1811  0.009    
  SRND   12 146 135  P 0  344 33.890  3.540  3.534  0.000   0.006   1.00 0.1983  0.006    
  KVCH   12 130 135  P 0  344 33.940  3.590  3.581  0.000   0.009   1.00 0.1750  0.010    
  FRMZ   18  43 123  P 0  344 34.800  4.450  4.294  0.000   0.156   1.00 0.2980  0.186    
  BLVR   22 224 117  P 0  344 35.320  4.970  4.808  0.000   0.162   1.00 0.1854  0.180    
  GOLJ   24  88 115  P 0  344 35.420  5.070  5.173  0.000  -0.103   1.00 0.1567 -0.112    
  NMVR   25 243 114  P 0  344 35.630  5.280  5.266  0.000   0.014   1.00 0.1552  0.016    
  VRDN   26 280 112  P 0  344 35.780  5.430  5.413  0.000   0.017   1.00 0.1892  0.019    
  AZGN   27 302 111  P 0  344 35.910  5.560  5.611  0.000  -0.051   1.00 0.2832 -0.060    
  MGSL   32 243 107  P 0  344 36.860  6.510  6.518  0.000  -0.009   1.00 0.1603 -0.009    
  KRNG   37 277 105  P 0  344 37.470  7.120  7.216  0.000  -0.096   1.00 0.2019 -0.107    
  $$$   VELEST-Version ETH-11FEB92 located at: 0915-2026 110826.7  
 
 
1 E V E N T   N R .       66                            0                    0
0 DATE  ORIGIN   TIME   LAT      LON     DEPTH  MAG  NO  DM GAP  RMS   ALE D-SPR
 120815  4:27:43.423 38.3916N 46.6478E   4.968  1.8  13   6  89 0.11  1.59  0.00
0  ERX  ERY  ERZ Q SQD  ADJ  IN NR  AVR   AAR  NM AVXM  SDXM IT
   0.2 -0.0 -0.1 A A/A  0.01  0 13  0.00  0.09  0  0.0  0.0   6
0 F-E NR: 344 N.W. IRAN-USSR BORDER REGION    
0 STN  DIST AZM AIN PRMK HRMN  P-SEC  TPOBS  TPCAL  -TSCOR  P-RES   P-WT IMP STURES
        AMX PRX     SRMK XMAG  S-SEC  TSOBS  TSCAL  -TSCOR  S-RES   S-WT IMP STURES
  HIGH    6 199 128  P 0  427 45.330  1.907  1.928  0.000  -0.021   1.00 0.3068 -0.025    
  KVCH    9 139 112  P 0  427 45.770  2.347  2.390  0.000  -0.043   1.00 0.2111 -0.048    
  SRND   10 160 109  P 0  427 45.930  2.507  2.463  0.000   0.044   1.00 0.2135  0.050    
  ZANG    8 301 116  P 0  427 45.740  2.317  2.290  0.000   0.027   1.00 0.3148  0.033    
  FRMZ   17  31  73  P 0  427 47.220  3.797  3.669  0.000   0.128   1.00 0.3518  0.159    
  GOLJ   20  84  73  P 0  427 47.600  4.177  4.288  0.000  -0.110   1.00 0.2263 -0.125    
  ORNG   22 300  73  P 0  427 48.040  4.617  4.468  0.000   0.150   1.00 0.1748  0.165    
  BLVR   24 232  73  P 0  427 48.470  5.047  4.830  0.000   0.217   1.00 0.1598  0.237    
  NMVR   28 248  73  P 0  427 48.850  5.427  5.486  0.000  -0.059   1.00 0.1390 -0.064    
  VRDN   30 280  73  P 0  427 49.160  5.737  5.800  0.000  -0.063   1.00 0.1377 -0.068    
  AZGN   31 300  73  P 0  427 49.320  5.897  5.991  0.000  -0.094   1.00 0.1740 -0.103    
  MGSL   35 247  73  P 0  427 50.240  6.817  6.817  0.000   0.000   1.00 0.1399  0.000    
  KRNG   41 278  73  P 0  427 50.940  7.517  7.694  0.000  -0.176   1.00 0.1348 -0.190    
  $$$   VELEST-Version ETH-11FEB92 located at: 0915-2026 110826.7  
 
 
1 E V E N T   N R .       67                            0                    0
0 DATE  ORIGIN   TIME   LAT      LON     DEPTH  MAG  NO  DM GAP  RMS   ALE D-SPR
 120815  4:29:39.348 38.4120N 46.7994E   9.213  2.9  14   6  92 0.18  1.76  0.00
0  ERX  ERY  ERZ Q SQD  ADJ  IN NR  AVR   AAR  NM AVXM  SDXM IT
  -0.2  0.0  0.0 A A/A  0.01  0 14 -0.00  0.13  0  0.0  0.0   7
0 F-E NR: 344 N.W. IRAN-USSR BORDER REGION    
0 STN  DIST AZM AIN PRMK HRMN  P-SEC  TPOBS  TPCAL  -TSCOR  P-RES   P-WT IMP STURES
        AMX PRX     SRMK XMAG  S-SEC  TSOBS  TSCAL  -TSCOR  S-RES   S-WT IMP STURES
  ZANG    6  72 146  P 0  429 41.650  2.302  2.512  0.000  -0.209   1.00 0.2120 -0.236    
  ORNG   10 329 130  P 0  429 42.450  3.102  2.861  0.000   0.242   1.00 0.2430  0.278    
  HIGH   14 125 120  P 0  429 42.680  3.332  3.427  0.000  -0.095   1.00 0.1784 -0.105    
  VRDN   16 281 115  P 0  429 43.080  3.732  3.689  0.000   0.044   1.00 0.1736  0.048    
  NMVR   17 225 113  P 0  429 43.390  4.042  3.936  0.000   0.106   1.00 0.1798  0.117    
  BLVR   18 197 113  P 0  429 43.510  4.162  3.966  0.000   0.196   1.00 0.2167  0.222    
  AZGN   19 315 111  P 0  429 43.400  4.052  4.095  0.000  -0.042   1.00 0.2786 -0.050    
  SRND   20 124 109  P 0  429 43.790  4.442  4.358  0.000   0.084   1.00 0.1538  0.092    
  KVCH   21 115 108  P 0  429 44.010  4.662  4.571  0.000   0.092   1.00 0.1435  0.099    
  HRS    24 244 106  P 0  429 43.910  4.562  5.020  0.000  -0.458   1.00 0.1552 -0.498    
  FRMZ   25  61 105  P 0  429 44.520  5.172  5.141  0.000   0.031   1.00 0.2366  0.036    
  MGSL   25 231 105  P 0  429 44.560  5.212  5.152  0.000   0.060   1.00 0.1660  0.066    
  KRNG   27 277 103  P 0  429 44.870  5.522  5.491  0.000   0.031   1.00 0.1900  0.035    
  GOLJ   33  90 100  P 0  429 45.820  6.472  6.554  0.000  -0.082   1.00 0.1569 -0.089    
  $$$   VELEST-Version ETH-11FEB92 located at: 0915-2026 110826.7  
 
 
1 E V E N T   N R .       68                            0                    0
0 DATE  ORIGIN   TIME   LAT      LON     DEPTH  MAG  NO  DM GAP  RMS   ALE D-SPR
 120815  4:35:56.946 38.3839N 46.6857E   4.433  1.7  14   5  75 0.18  1.59  0.00
0  ERX  ERY  ERZ Q SQD  ADJ  IN NR  AVR   AAR  NM AVXM  SDXM IT
   0.2 -0.0 -0.1 A A/A  0.01  0 14  0.00  0.12  0  0.0  0.0   5
0 F-E NR: 344 N.W. IRAN-USSR BORDER REGION    
0 STN  DIST AZM AIN PRMK HRMN  P-SEC  TPOBS  TPCAL  -TSCOR  P-RES   P-WT IMP STURES
        AMX PRX     SRMK XMAG  S-SEC  TSOBS  TSCAL  -TSCOR  S-RES   S-WT IMP STURES
  HIGH    5 164 130  P 0  435 58.550  1.604  1.734  0.000  -0.129   1.08 0.3915 -0.166    
  ZANG    6 323 121  P 0  435 58.810  1.864  1.944  0.000  -0.080   1.08 0.3459 -0.099    
  SRND   11 141  99  P 0  435 59.570  2.624  2.593  0.000   0.031   1.08 0.2112  0.035    
  KVCH   11 123  99  P 0  435 59.640  2.694  2.698  0.000  -0.004   1.08 0.1942 -0.004    
  ORNG   19 308  93  P 0  435 61.200  4.254  4.098  0.000   0.156   1.08 0.2240  0.177    
  FRMZ   19  38  93  P 0  435 61.150  4.204  4.118  0.000   0.086   1.08 0.3560  0.107    
  BLVR   21 228  92  P 0  435 61.560  4.614  4.331  0.000   0.284   1.08 0.1960  0.316    
  NMVR   24 247  73  P 0  435 61.970  5.024  4.940  0.000   0.084   1.08 0.1468  0.091    
  GOLJ   23  83  73  P 0  435 61.790  4.844  4.887  0.000  -0.043   1.08 0.2621 -0.050    
  VRDN   26 284  73  P 0  435 62.250  5.304  5.310  0.000  -0.005   1.08 0.1665 -0.006    
  AZGN   28 305  73  P 4  435 62.260  5.314  5.625  0.000  -0.310   0.00 0.0000 -0.310    
  MGSL   32 247  73  P 0  435 63.340  6.394  6.272  0.000   0.122   1.08 0.1473  0.132    
  HRS    32 257  73  P 0  435 62.860  5.914  6.369  0.000  -0.455   1.08 0.1429 -0.492    
  KRNG   38 280  73  P 0  435 64.090  7.144  7.189  0.000  -0.044   1.08 0.1592 -0.048    
  $$$   VELEST-Version ETH-11FEB92 located at: 0915-2026 110826.7  
 
 
1 E V E N T   N R .       69                            0                    0
0 DATE  ORIGIN   TIME   LAT      LON     DEPTH  MAG  NO  DM GAP  RMS   ALE D-SPR
 120815  4:42:32.623 38.4254N 46.6981E  14.747  1.8  13  10 112 0.20  1.89  0.00
0  ERX  ERY  ERZ Q SQD  ADJ  IN NR  AVR   AAR  NM AVXM  SDXM IT
   0.2 -0.0  0.1 A A/A  0.02  0 13 -0.00  0.13  0  0.0  0.0  13
0 F-E NR: 344 N.W. IRAN-USSR BORDER REGION    
0 STN  DIST AZM AIN PRMK HRMN  P-SEC  TPOBS  TPCAL  -TSCOR  P-RES   P-WT IMP STURES
        AMX PRX     SRMK XMAG  S-SEC  TSOBS  TSCAL  -TSCOR  S-RES   S-WT IMP STURES
  HIGH   10 165 147  P 0  442 35.980  3.357  3.587  0.000  -0.229   1.00 0.1841 -0.254    
  KVCH   15 136 134  P 0  442 36.730  4.107  4.131  0.000  -0.023   1.00 0.1782 -0.026    
  SRND   15 149 134  P 0  442 36.730  4.107  4.119  0.000  -0.012   1.00 0.1857 -0.013    
  ORNG   16 297 132  P 0  442 36.980  4.357  4.201  0.000   0.156   1.00 0.1803  0.173    
  FRMZ   17  51 130  P 0  442 37.070  4.447  4.341  0.000   0.106   1.00 0.3282  0.129    
  BLVR   23 218 120  P 0  442 38.230  5.607  5.216  0.000   0.392   1.00 0.1688  0.430    
  GOLJ   24  94 119  P 0  442 38.060  5.437  5.465  0.000  -0.028   1.00 0.2093 -0.031    
  VRDN   25 274 118  P 0  442 38.020  5.397  5.406  0.000  -0.009   1.00 0.1275 -0.009    
  AZGN   25 298 118  P 0  442 37.980  5.357  5.457  0.000  -0.099   1.00 0.2033 -0.111    
  NMVR   25 237 118  P 0  442 38.230  5.607  5.532  0.000   0.075   1.00 0.1335  0.081    
  HRS    32 248 112  P 0  442 38.900  6.277  6.714  0.000  -0.437   1.00 0.1197 -0.466    
  MGSL   33 239 111  P 0  442 39.470  6.847  6.743  0.000   0.104   1.00 0.1329  0.112    
  KRNG   36 273 109  P 0  442 39.790  7.167  7.164  0.000   0.003   1.00 0.1332  0.004    
  $$$   VELEST-Version ETH-11FEB92 located at: 0915-2026 110826.7  
 
 
1 E V E N T   N R .       70                            0                    0
0 DATE  ORIGIN   TIME   LAT      LON     DEPTH  MAG  NO  DM GAP  RMS   ALE D-SPR
 120815  4:53:20.034 38.3833N 46.6873E   4.401  1.9  13   5  73 0.16  1.60  0.00
0  ERX  ERY  ERZ Q SQD  ADJ  IN NR  AVR   AAR  NM AVXM  SDXM IT
   0.2 -0.0 -0.1 A A/A  0.01  0 13 -0.00  0.11  0  0.0  0.0   4
0 F-E NR: 344 N.W. IRAN-USSR BORDER REGION    
0 STN  DIST AZM AIN PRMK HRMN  P-SEC  TPOBS  TPCAL  -TSCOR  P-RES   P-WT IMP STURES
        AMX PRX     SRMK XMAG  S-SEC  TSOBS  TSCAL  -TSCOR  S-RES   S-WT IMP STURES
  HIGH    5 162 130  P 0  453 21.730  1.696  1.727  0.000  -0.031   1.08 0.5079 -0.044    
  ZANG    6 324 121  P 0  453 21.900  1.866  1.937  0.000  -0.072   1.08 0.3257 -0.087    
  KVCH   11 122  98  P 0  453 22.790  2.756  2.711  0.000   0.044   1.08 0.2403  0.051    
  ORNG   19 308  92  P 0  453 24.270  4.236  4.086  0.000   0.150   1.08 0.1806  0.166    
  FRMZ   19  38  92  P 0  453 24.230  4.196  4.142  0.000   0.053   1.08 0.3486  0.066    
  BLVR   20 228  92  P 4  453 24.670  4.636  4.304  0.000   0.331   0.00 0.0000  0.331    
  GOLJ   24  83  73  P 0  453 24.880  4.846  4.914  0.000  -0.068   1.08 0.2719 -0.080    
  NMVR   24 247  73  P 0  453 25.150  5.116  4.916  0.000   0.200   1.08 0.1548  0.218    
  VRDN   26 284  73  P 0  453 25.350  5.316  5.291  0.000   0.025   1.08 0.1279  0.026    
  AZGN   28 305  73  P 0  453 25.600  5.566  5.613  0.000  -0.048   1.08 0.1727 -0.053    
  MGSL   32 247  73  P 0  453 26.450  6.416  6.248  0.000   0.168   1.08 0.1562  0.183    
  HRS    32 257  73  P 0  453 25.980  5.946  6.346  0.000  -0.400   1.08 0.1374 -0.431    
  KRNG   37 280  73  P 0  453 27.180  7.146  7.169  0.000  -0.023   1.08 0.1247 -0.025    
  $$$   VELEST-Version ETH-11FEB92 located at: 0915-2026 110826.7  
 
 
1 E V E N T   N R .       71                            0                    0
0 DATE  ORIGIN   TIME   LAT      LON     DEPTH  MAG  NO  DM GAP  RMS   ALE D-SPR
 120815  5: 9:26.645 38.4049N 46.7527E  11.625  1.7  13   3  79 0.19  1.85  0.00
0  ERX  ERY  ERZ Q SQD  ADJ  IN NR  AVR   AAR  NM AVXM  SDXM IT
   0.2 -0.0  0.0 A A/A  0.01  0 13 -0.00  0.14  0  0.0  0.0   7
0 F-E NR: 344 N.W. IRAN-USSR BORDER REGION    
0 STN  DIST AZM AIN PRMK HRMN  P-SEC  TPOBS  TPCAL  -TSCOR  P-RES   P-WT IMP STURES
        AMX PRX     SRMK XMAG  S-SEC  TSOBS  TSCAL  -TSCOR  S-RES   S-WT IMP STURES
  ZANG    3  35 164  P 0  5 9 29.200  2.555  2.672  0.000  -0.117   1.00 0.1987 -0.131    
  HIGH   10 135 138  P 0  5 9 29.720  3.075  3.210  0.000  -0.135   1.00 0.2103 -0.152    
  ORNG   13 315 129  P 0  5 9 30.370  3.725  3.532  0.000   0.193   1.00 0.1928  0.215    
  SRND   16 130 123  P 0  5 9 30.640  3.995  3.972  0.000   0.023   1.00 0.1957  0.025    
  BLVR   19 210 119  P 0  5 9 31.210  4.565  4.285  0.000   0.279   1.00 0.2096  0.314    
  NMVR   20 235 117  P 0  5 9 31.260  4.615  4.507  0.000   0.108   1.00 0.1580  0.117    
  VRDN   20 281 116  P 0  5 9 31.200  4.555  4.498  0.000   0.057   1.00 0.1333  0.061    
  FRMZ   22  54 115  P 0  5 9 31.560  4.915  4.795  0.000   0.119   1.00 0.2749  0.140    
  AZGN   22 309 114  P 0  5 9 31.390  4.745  4.808  0.000  -0.064   1.00 0.2092 -0.072    
  HRS    27 249 109  P 0  5 9 31.860  5.215  5.696  0.000  -0.481   1.00 0.1317 -0.516    
  MGSL   28 237 109  P 0  5 9 32.490  5.845  5.730  0.000   0.115   1.00 0.1501  0.124    
  GOLJ   29  89 108  P 0  5 9 32.560  5.915  5.984  0.000  -0.069   1.00 0.1950 -0.077    
  KRNG   31 277 106  P 0  5 9 32.890  6.245  6.271  0.000  -0.026   1.00 0.1382 -0.028    
  $$$   VELEST-Version ETH-11FEB92 located at: 0915-2026 110826.7  
 
 
1 E V E N T   N R .       72                            0                    0
0 DATE  ORIGIN   TIME   LAT      LON     DEPTH  MAG  NO  DM GAP  RMS   ALE D-SPR
 120815  5:26:26.853 38.4058N 46.7404E  11.814  2.7  13   3  74 0.16  1.91  0.00
0  ERX  ERY  ERZ Q SQD  ADJ  IN NR  AVR   AAR  NM AVXM  SDXM IT
   0.2 -0.0  0.0 A A/A  0.02  0 13 -0.00  0.10  0  0.0  0.0   4
0 F-E NR: 344 N.W. IRAN-USSR BORDER REGION    
0 STN  DIST AZM AIN PRMK HRMN  P-SEC  TPOBS  TPCAL  -TSCOR  P-RES   P-WT IMP STURES
        AMX PRX     SRMK XMAG  S-SEC  TSOBS  TSCAL  -TSCOR  S-RES   S-WT IMP STURES
  ZANG    3  19 167  P 0  526 29.480  2.627  2.678  0.000  -0.052   1.00 0.2055 -0.058    
  HIGH   10 140 141  P 0  526 29.920  3.067  3.163  0.000  -0.096   1.00 0.1853 -0.106    
  SRND   16 133 125  P 0  526 30.760  3.907  3.887  0.000   0.020   1.00 0.1718  0.022    
  KVCH   16 121 124  P 0  526 30.880  4.027  4.022  0.000   0.005   1.00 0.1591  0.005    
  BLVR   19 213 118  P 0  526 31.490  4.637  4.396  0.000   0.241   1.00 0.1948  0.268    
  FRMZ   21  53 116  P 0  526 31.660  4.807  4.669  0.000   0.138   1.00 0.3029  0.165    
  NMVR   21 236 116  P 0  526 31.610  4.757  4.663  0.000   0.094   1.00 0.1509  0.102    
  VRDN   21 280 115  P 0  526 31.640  4.787  4.669  0.000   0.118   1.00 0.1525  0.128    
  AZGN   23 307 114  P 0  526 31.780  4.927  4.943  0.000  -0.016   1.00 0.2474 -0.018    
  GOLJ   28  89 109  P 0  526 32.570  5.717  5.823  0.000  -0.106   1.00 0.1857 -0.117    
  HRS    28 250 109  P 0  526 32.320  5.467  5.872  0.000  -0.405   1.00 0.1320 -0.435    
  MGSL   29 238 108  P 0  526 32.780  5.927  5.894  0.000   0.033   1.00 0.1460  0.036    
  KRNG   33 277 106  P 0  526 33.330  6.477  6.451  0.000   0.026   1.00 0.1532  0.029    
  $$$   VELEST-Version ETH-11FEB92 located at: 0915-2026 110826.7  
 
 
1 E V E N T   N R .       73                            0                    0
0 DATE  ORIGIN   TIME   LAT      LON     DEPTH  MAG  NO  DM GAP  RMS   ALE D-SPR
 120815  6:13:54.398 38.4129N 46.7789E   8.740  1.9  13   5  98 0.10  1.73  0.00
0  ERX  ERY  ERZ Q SQD  ADJ  IN NR  AVR   AAR  NM AVXM  SDXM IT
  -0.2  0.0  0.0 A A/A  0.01  0 13  0.00  0.08  0  0.0  0.0   6
0 F-E NR: 344 N.W. IRAN-USSR BORDER REGION    
0 STN  DIST AZM AIN PRMK HRMN  P-SEC  TPOBS  TPCAL  -TSCOR  P-RES   P-WT IMP STURES
        AMX PRX     SRMK XMAG  S-SEC  TSOBS  TSCAL  -TSCOR  S-RES   S-WT IMP STURES
  ZANG    5  66 153  P 0  613 56.600  2.202  2.295  0.000  -0.093   1.00 0.2293 -0.106    
  ORNG   11 320 125  P 0  613 57.540  3.142  2.942  0.000   0.200   1.00 0.2245  0.227    
  HIGH   12 130 122  P 0  613 57.490  3.092  3.189  0.000  -0.097   1.00 0.1782 -0.107    
  VRDN   18 280 110  P 0  613 58.310  3.912  3.931  0.000  -0.019   1.00 0.1545 -0.021    
  BLVR   18 203 110  P 0  613 58.580  4.182  4.048  0.000   0.134   1.00 0.2292  0.152    
  SRND   19 128 109  P 0  613 58.550  4.152  4.109  0.000   0.043   1.00 0.1519  0.047    
  NMVR   19 228 109  P 0  613 58.500  4.102  4.123  0.000  -0.021   1.00 0.1926 -0.024    
  AZGN   20 311 108  P 0  613 58.560  4.162  4.268  0.000  -0.106   1.00 0.2261 -0.120    
  KVCH   20 118 108  P 0  613 58.740  4.342  4.295  0.000   0.047   1.00 0.1420  0.051    
  FRMZ   23  59 104  P 0  613 59.340  4.942  4.858  0.000   0.084   1.00 0.2565  0.097    
  MGSL   26 233 102  P 0  613 59.740  5.342  5.376  0.000  -0.034   1.00 0.1770 -0.037    
  KRNG   29 276 100  P 0  613 60.110  5.712  5.769  0.000  -0.057   1.00 0.1542 -0.062    
  GOLJ   31  91 100  P 0  613 60.560  6.162  6.242  0.000  -0.080   1.00 0.1663 -0.088    
  $$$   VELEST-Version ETH-11FEB92 located at: 0915-2026 110826.7  
 
 
1 E V E N T   N R .       74                            0                    0
0 DATE  ORIGIN   TIME   LAT      LON     DEPTH  MAG  NO  DM GAP  RMS   ALE D-SPR
 120815  6:25:10.467 38.4079N 46.7756E  10.504  2.6  13   5  95 0.10  1.77  0.00
0  ERX  ERY  ERZ Q SQD  ADJ  IN NR  AVR   AAR  NM AVXM  SDXM IT
  -0.2 -0.0  0.0 A A/A  0.01  0 13  0.00  0.08  0  0.0  0.0   7
0 F-E NR: 344 N.W. IRAN-USSR BORDER REGION    
0 STN  DIST AZM AIN PRMK HRMN  P-SEC  TPOBS  TPCAL  -TSCOR  P-RES   P-WT IMP STURES
        AMX PRX     SRMK XMAG  S-SEC  TSOBS  TSCAL  -TSCOR  S-RES   S-WT IMP STURES
  ZANG    5  58 157  P 0  625 12.950  2.483  2.564  0.000  -0.082   1.00 0.1986 -0.091    
  ORNG   12 321 130  P 0  625 13.850  3.383  3.204  0.000   0.179   1.00 0.2106  0.201    
  HIGH   12 129 130  P 0  625 13.630  3.163  3.286  0.000  -0.124   1.00 0.1765 -0.136    
  VRDN   18 281 116  P 0  625 14.570  4.103  4.107  0.000  -0.004   1.00 0.1520 -0.005    
  BLVR   18 204 116  P 0  625 14.710  4.243  4.105  0.000   0.137   1.00 0.2303  0.157    
  SRND   18 127 116  P 0  625 14.640  4.173  4.139  0.000   0.034   1.00 0.1567  0.037    
  NMVR   19 230 115  P 0  625 14.680  4.213  4.214  0.000  -0.002   1.00 0.1902 -0.002    
  KVCH   19 117 115  P 0  625 14.840  4.373  4.327  0.000   0.046   1.00 0.1459  0.050    
  AZGN   20 312 113  P 0  625 14.820  4.353  4.462  0.000  -0.109   1.00 0.2221 -0.124    
  FRMZ   23  58 110  P 0  625 15.520  5.053  4.954  0.000   0.099   1.00 0.2549  0.115    
  MGSL   26 234 107  P 0  625 15.860  5.393  5.436  0.000  -0.043   1.00 0.1784 -0.047    
  KRNG   29 277 105  P 0  625 16.300  5.833  5.890  0.000  -0.058   1.00 0.1552 -0.063    
  GOLJ   31  90 104  P 0  625 16.650  6.183  6.257  0.000  -0.074   1.00 0.1689 -0.081    
  $$$   VELEST-Version ETH-11FEB92 located at: 0915-2026 110826.7  
 
 
1 E V E N T   N R .       75                            0                    0
0 DATE  ORIGIN   TIME   LAT      LON     DEPTH  MAG  NO  DM GAP  RMS   ALE D-SPR
 120815  6:54:27.388 38.4093N 46.6426E   3.311  2.8  12   8  96 0.11  1.44  0.00
0  ERX  ERY  ERZ Q SQD  ADJ  IN NR  AVR   AAR  NM AVXM  SDXM IT
   0.2 -0.0 -0.1 A A/A  0.01  0 12 -0.00  0.09  0  0.0  0.0   5
0 F-E NR: 344 N.W. IRAN-USSR BORDER REGION    
0 STN  DIST AZM AIN PRMK HRMN  P-SEC  TPOBS  TPCAL  -TSCOR  P-RES   P-WT IMP STURES
        AMX PRX     SRMK XMAG  S-SEC  TSOBS  TSCAL  -TSCOR  S-RES   S-WT IMP STURES
  HIGH    8 197 119  P 0  654 29.460  2.072  2.102  0.000  -0.030   1.00 0.2789 -0.036    
  ZANG    8 287 120  P 0  654 29.520  2.132  2.102  0.000   0.030   1.00 0.4434  0.040    
  KVCH   10 148 112  P 0  654 29.910  2.522  2.548  0.000  -0.026   1.00 0.2244 -0.029    
  SRND   11 165 108  P 0  654 30.130  2.742  2.733  0.000   0.009   1.00 0.2303  0.010    
  FRMZ   15  33  56  P 0  654 30.920  3.532  3.393  0.000   0.139   1.00 0.3428  0.171    
  GOLJ   19  90  56  P 0  654 31.560  4.172  4.270  0.000  -0.098   1.00 0.2473 -0.113    
  ORNG   21 295  56  P 0  654 31.980  4.592  4.472  0.000   0.120   1.00 0.1594  0.130    
  BLVR   25 229  56  P 0  654 32.800  5.412  5.222  0.000   0.190   1.00 0.1888  0.211    
  NMVR   29 245  53  P 0  654 33.240  5.852  5.815  0.000   0.037   1.00 0.1603  0.041    
  VRDN   30 277  53  P 0  654 33.210  5.822  5.954  0.000  -0.132   1.00 0.1362 -0.142    
  AZGN   30 297  53  P 0  654 33.280  5.892  6.030  0.000  -0.138   1.00 0.1586 -0.150    
  KRNG   41 275  53  P 0  654 35.150  7.762  7.862  0.000  -0.100   1.00 0.1357 -0.107    
  $$$   VELEST-Version ETH-11FEB92 located at: 0915-2026 110826.7  
 
 
1 E V E N T   N R .       76                            0                    0
0 DATE  ORIGIN   TIME   LAT      LON     DEPTH  MAG  NO  DM GAP  RMS   ALE D-SPR
 120815  7:12:14.081 38.3925N 46.6401E   4.382  2.5  12   9  89 0.09  1.65  0.00
0  ERX  ERY  ERZ Q SQD  ADJ  IN NR  AVR   AAR  NM AVXM  SDXM IT
   0.2 -0.0 -0.1 A A/A  0.17  0 12  0.00  0.08  0  0.0  0.0  99
0 F-E NR: 344 N.W. IRAN-USSR BORDER REGION    
0 STN  DIST AZM AIN PRMK HRMN  P-SEC  TPOBS  TPCAL  -TSCOR  P-RES   P-WT IMP STURES
        AMX PRX     SRMK XMAG  S-SEC  TSOBS  TSCAL  -TSCOR  S-RES   S-WT IMP STURES
  KVCH    9 143 106  P 0  712 16.330  2.249  2.297  0.000  -0.048   1.09 0.2902 -0.057    
  SRND   10 164 102  P 0  712 16.520  2.439  2.414  0.000   0.025   1.09 0.3243  0.030    
  ZANG    9 298 105  P 0  712 16.360  2.279  2.342  0.000  -0.063   1.09 0.2827 -0.074    
  FRMZ   16  29  93  P 0  712 17.780  3.699  3.588  0.000   0.111   1.09 0.3738  0.140    
  GOLJ   19  84  92  P 0  712 18.200  4.119  4.182  0.000  -0.063   1.09 0.2324 -0.072    
  ORNG   22 299  73  P 0  712 18.790  4.709  4.588  0.000   0.121   1.09 0.1601  0.132    
  BLVR   24 233  73  P 4  712 19.300  5.219  4.959  0.000   0.260   0.00 0.0000  0.260    
  NMVR   28 249  73  P 0  712 19.810  5.729  5.627  0.000   0.102   1.09 0.1541  0.111    
  VRDN   30 280  73  P 0  712 19.970  5.889  5.939  0.000  -0.049   1.09 0.1288 -0.053    
  AZGN   31 299  73  P 0  712 20.090  6.009  6.112  0.000  -0.103   1.09 0.1602 -0.112    
  MGSL   36 248  73  P 0  712 21.110  7.029  6.957  0.000   0.072   1.09 0.1558  0.078    
  KRNG   41 277  73  P 0  712 21.810  7.729  7.834  0.000  -0.105   1.09 0.1275 -0.112    
  $$$   VELEST-Version ETH-11FEB92 located at: 0915-2026 110826.7  
 
 
1 E V E N T   N R .       77                            0                    0
0 DATE  ORIGIN   TIME   LAT      LON     DEPTH  MAG  NO  DM GAP  RMS   ALE D-SPR
 120815  9: 3:23.569 38.3945N 46.7977E   9.741  1.6  12  12  84 0.10  1.83  0.00
0  ERX  ERY  ERZ Q SQD  ADJ  IN NR  AVR   AAR  NM AVXM  SDXM IT
  -0.2 -0.0  0.0 A A/A  0.02  0 12 -0.00  0.07  0  0.0  0.0  10
0 F-E NR: 344 N.W. IRAN-USSR BORDER REGION    
0 STN  DIST AZM AIN PRMK HRMN  P-SEC  TPOBS  TPCAL  -TSCOR  P-RES   P-WT IMP STURES
        AMX PRX     SRMK XMAG  S-SEC  TSOBS  TSCAL  -TSCOR  S-RES   S-WT IMP STURES
  ORNG   12 333 127  P 0  9 3 26.840  3.271  3.151  0.000   0.120   1.00 0.2379  0.137    
  HIGH   13 118 125  P 0  9 3 26.670  3.101  3.311  0.000  -0.210   1.00 0.1767 -0.232    
  BLVR   16 200 118  P 0  9 3 27.440  3.871  3.729  0.000   0.141   1.00 0.2543  0.164    
  NMVR   16 230 117  P 0  9 3 27.360  3.791  3.789  0.000   0.002   1.00 0.2104  0.003    
  VRDN   17 288 116  P 0  9 3 27.380  3.811  3.824  0.000  -0.013   1.00 0.1668 -0.014    
  SRND   19 120 113  P 0  9 3 27.790  4.221  4.207  0.000   0.014   1.00 0.1497  0.015    
  KVCH   20 111 111  P 0  9 3 28.090  4.521  4.457  0.000   0.064   1.00 0.1384  0.069    
  AZGN   20 319 111  P 0  9 3 27.830  4.261  4.366  0.000  -0.106   1.00 0.2339 -0.121    
  MGSL   24 235 107  P 0  9 3 28.540  4.971  5.005  0.000  -0.034   1.00 0.1896 -0.038    
  FRMZ   26  57 105  P 0  9 3 28.960  5.391  5.305  0.000   0.086   1.00 0.2245  0.098    
  KRNG   28 280 104  P 0  9 3 29.120  5.551  5.584  0.000  -0.033   1.00 0.1622 -0.036    
  GOLJ   33  87 101  P 0  9 3 30.090  6.521  6.553  0.000  -0.032   1.00 0.1487 -0.035    
  $$$   VELEST-Version ETH-11FEB92 located at: 0915-2026 110826.7  
 
 
1 E V E N T   N R .       78                            0                    0
0 DATE  ORIGIN   TIME   LAT      LON     DEPTH  MAG  NO  DM GAP  RMS   ALE D-SPR
 120815  9: 3:48.406 38.3764N 46.6664E   4.326  2.6  13   4  85 0.12  1.60  0.00
0  ERX  ERY  ERZ Q SQD  ADJ  IN NR  AVR   AAR  NM AVXM  SDXM IT
   0.2 -0.0 -0.1 A A/A  0.01  0 13 -0.00  0.09  0  0.0  0.0   5
0 F-E NR: 344 N.W. IRAN-USSR BORDER REGION    
0 STN  DIST AZM AIN PRMK HRMN  P-SEC  TPOBS  TPCAL  -TSCOR  P-RES   P-WT IMP STURES
        AMX PRX     SRMK XMAG  S-SEC  TSOBS  TSCAL  -TSCOR  S-RES   S-WT IMP STURES
  HIGH    4 184 138  P 0  9 3 49.870  1.464  1.592  0.000  -0.128   1.08 0.4372 -0.171    
  SRND    9 146 103  P 0  9 3 50.710  2.304  2.299  0.000   0.004   1.08 0.2179  0.005    
  KVCH    9 124 103  P 0  9 3 50.770  2.364  2.371  0.000  -0.007   1.08 0.2004 -0.008    
  HMLO   17  46  93  P 4  9 3102.820 54.414  3.677  0.000  -9.263   0.00 0.0000 -9.263    
  FRMZ   19  33  92  P 0  9 3 52.600  4.194  4.066  0.000   0.128   1.08 0.3843  0.163    
  BLVR   21 233  92  P 0  9 3 53.080  4.674  4.465  0.000   0.209   1.08 0.1922  0.233    
  ORNG   21 307  92  P 0  9 3 52.970  4.564  4.423  0.000   0.141   1.08 0.2249  0.160    
  GOLJ   22  80  92  P 0  9 3 53.010  4.604  4.627  0.000  -0.023   1.08 0.2535 -0.026    
  NMVR   25 251  73  P 0  9 3 53.590  5.184  5.161  0.000   0.023   1.08 0.1414  0.025    
  VRDN   28 284  73  P 0  9 3 53.980  5.574  5.626  0.000  -0.052   1.08 0.1418 -0.056    
  AZGN   30 305  73  P 0  9 3 54.230  5.824  5.945  0.000  -0.121   1.08 0.1869 -0.134    
  MGSL   33 249  73  P 0  9 3 54.920  6.514  6.488  0.000   0.026   1.08 0.1432  0.028    
  KRNG   39 280  73  P 0  9 3 55.740  7.334  7.499  0.000  -0.165   1.08 0.1366 -0.178    
  $$$   VELEST-Version ETH-11FEB92 located at: 0915-2026 110826.7  
 
 
1 E V E N T   N R .       79                            0                    0
0 DATE  ORIGIN   TIME   LAT      LON     DEPTH  MAG  NO  DM GAP  RMS   ALE D-SPR
 120815  9:11:16.341 38.3976N 46.7084E   9.382  1.7  14   4  72 0.22  1.70  0.00
0  ERX  ERY  ERZ Q SQD  ADJ  IN NR  AVR   AAR  NM AVXM  SDXM IT
   0.0  0.2  0.0 A A/A  0.01  0 14 -0.00  0.16  0  0.0  0.0   7
0 F-E NR: 344 N.W. IRAN-USSR BORDER REGION    
0 STN  DIST AZM AIN PRMK HRMN  P-SEC  TPOBS  TPCAL  -TSCOR  P-RES   P-WT IMP STURES
        AMX PRX     SRMK XMAG  S-SEC  TSOBS  TSCAL  -TSCOR  S-RES   S-WT IMP STURES
  ZANG    4 332 157  P 0  911 18.660  2.319  2.349  0.000  -0.031   1.00 0.2477 -0.035    
  HIGH    7 152 142  P 0  911 18.710  2.369  2.598  0.000  -0.229   1.00 0.2184 -0.259    
  SRND   13 138 123  P 0  911 19.680  3.339  3.294  0.000   0.045   1.00 0.1796  0.050    
  KVCH   14 124 122  P 0  911 19.760  3.419  3.396  0.000   0.023   1.00 0.1642  0.025    
  FRMZ   19  46 111  P 0  911 20.720  4.379  4.268  0.000   0.111   1.00 0.3199  0.134    
  BLVR   20 221 110  P 0  911 21.160  4.819  4.377  0.000   0.442   1.00 0.1588  0.482    
  NMVR   23 242 107  P 0  911 21.390  5.049  4.817  0.000   0.231   1.00 0.1438  0.250    
  GOLJ   25  87 105  P 0  911 21.620  5.279  5.255  0.000   0.023   1.00 0.1773  0.026    
  AZGN   26 305 104  P 0  911 21.520  5.179  5.255  0.000  -0.077   1.00 0.3165 -0.093    
  HRS    31 253 102  P 0  911 22.070  5.729  6.147  0.000  -0.419   1.00 0.1522 -0.455    
  MGSL   31 243 101  P 0  911 22.660  6.319  6.112  0.000   0.206   1.00 0.1453  0.223    
  KRNG   35 278  99  P 0  911 23.140  6.799  6.838  0.000  -0.039   1.00 0.2158 -0.044    
  TBZ    52 110  96  P 0  911 26.020  9.679  9.660  0.000   0.019   1.00 0.1451  0.020    
  BST    79 192  94  P 0  911 30.290 13.949 14.254  0.000  -0.305   1.00 0.1789 -0.337    
  $$$   VELEST-Version ETH-11FEB92 located at: 0915-2026 110826.7  
 
 
1 E V E N T   N R .       80                            0                    0
0 DATE  ORIGIN   TIME   LAT      LON     DEPTH  MAG  NO  DM GAP  RMS   ALE D-SPR
 120815  9:25:48.931 38.4044N 46.7946E  11.035  2.2  15   6  90 0.10  3.06  0.00
0  ERX  ERY  ERZ Q SQD  ADJ  IN NR  AVR   AAR  NM AVXM  SDXM IT
  -0.2  0.1  0.0 A A/A  0.00  0 15  0.00  0.08  0  0.0  0.0  10
0 F-E NR: 344 N.W. IRAN-USSR BORDER REGION    
0 STN  DIST AZM AIN PRMK HRMN  P-SEC  TPOBS  TPCAL  -TSCOR  P-RES   P-WT IMP STURES
        AMX PRX     SRMK XMAG  S-SEC  TSOBS  TSCAL  -TSCOR  S-RES   S-WT IMP STURES
  ZANG    6  63 151  P 0  925 51.660  2.729  2.767  0.000  -0.039   1.15 0.2159 -0.044    
  ORNG   11 329 133  P 0  925 52.210  3.279  3.184  0.000   0.095   1.15 0.2390  0.108    
  HIGH   13 123 129  P 0  925 52.250  3.319  3.488  0.000  -0.169   1.15 0.2014 -0.189    
  VRDN   17 284 120  P 0  925 52.830  3.899  3.920  0.000  -0.022   1.15 0.1903 -0.024    
  BLVR   17 200 120  P 0  925 53.040  4.109  4.001  0.000   0.107   1.15 0.2536  0.124    
  NMVR   17 228 120  P 0  925 52.920  3.989  4.030  0.000  -0.041   1.15 0.2145 -0.047    
  AZGN   19 316 116  P 0  925 53.200  4.269  4.357  0.000  -0.088   1.15 0.2850 -0.104    
  SRND   19 123 116  P 0  925 53.350  4.419  4.350  0.000   0.068   1.15 0.1820  0.075    
  KVCH   21 114 115  P 0  925 53.600  4.669  4.568  0.000   0.100   1.15 0.1732  0.110    
  MGSL   25 233 110  P 0  925 54.160  5.229  5.213  0.000   0.015   1.15 0.2094  0.017    
  HMLO   25  70 110  P 4  925104.900 55.969  5.216  0.000  -9.247   0.00 0.0000 -9.247    
  FRMZ   25  59 110  P 0  925 54.310  5.379  5.241  0.000   0.138   1.15 0.2848  0.163    
  KRNG   28 278 107  P 0  925 54.580  5.649  5.656  0.000  -0.008   1.15 0.2202 -0.009    
  GOLJ   33  89 104  P 4  925106.190 57.259  6.550  0.000  -9.292   0.00 0.0000 -9.292    
  TBZ    59 108  97  P 0  925 59.770 10.839 10.924  0.000  -0.086   1.15 0.1812 -0.095    
  $$$   VELEST-Version ETH-11FEB92 located at: 0915-2026 110826.7  
 
 
1 E V E N T   N R .       81                            0                    0
0 DATE  ORIGIN   TIME   LAT      LON     DEPTH  MAG  NO  DM GAP  RMS   ALE D-SPR
 120815 10: 0:34.508 38.4205N 46.7965E  15.325  2.6  17   2  70 0.17  2.15  0.00
0  ERX  ERY  ERZ Q SQD  ADJ  IN NR  AVR   AAR  NM AVXM  SDXM IT
   0.0  0.2  0.0 A A/A  0.07  0 17 -0.00  0.13  0  0.0  0.0   6
0 F-E NR: 344 N.W. IRAN-USSR BORDER REGION    
0 STN  DIST AZM AIN PRMK HRMN  P-SEC  TPOBS  TPCAL  -TSCOR  P-RES   P-WT IMP STURES
        AMX PRX     SRMK XMAG  S-SEC  TSOBS  TSCAL  -TSCOR  S-RES   S-WT IMP STURES
  GZCH    2 352 172  P 0 10 0 37.510  3.002  3.205  0.000  -0.204   1.06 0.2118 -0.230    
  ZANG    6  80 159  P 0 10 0 37.670  3.162  3.396  0.000  -0.235   1.06 0.2009 -0.262    
  ORNG   10 324 148  P 0 10 0 38.140  3.632  3.580  0.000   0.052   1.06 0.2022  0.058    
  HIGH   14 129 137  P 0 10 0 38.580  4.072  4.127  0.000  -0.056   1.06 0.1660 -0.061    
  VRDN   16 278 132  P 0 10 0 38.840  4.332  4.283  0.000   0.048   1.06 0.1746  0.053    
  AZGN   18 312 129  P 0 10 0 39.000  4.492  4.554  0.000  -0.062   1.06 0.2768 -0.073    
  NMVR   18 223 129  P 0 10 0 39.180  4.672  4.595  0.000   0.076   1.06 0.1778  0.084    
  BLVR   19 197 128  P 0 10 0 39.370  4.862  4.636  0.000   0.225   1.06 0.1995  0.252    
  SRND   20 127 125  P 0 10 0 39.540  5.032  4.892  0.000   0.140   1.06 0.1512  0.152    
  KVCH   21 118 124  P 0 10 0 39.770  5.262  5.063  0.000   0.199   1.06 0.1468  0.215    
  FRMZ   24  63 120  P 0 10 0 40.070  5.562  5.439  0.000   0.122   1.06 0.2793  0.144    
  HMLO   24  74 121  P 4 10 0 83.310 48.802  5.469  0.000 -16.667   0.00 0.0000-16.668    
  MGSL   26 230 119  P 0 10 0 40.250  5.742  5.665  0.000   0.077   1.06 0.2004  0.086    
  KRNG   27 275 117  P 0 10 0 40.430  5.922  5.869  0.000   0.052   1.06 0.2696  0.061    
  GOLJ   33  92 112  P 0 10 0 41.400  6.892  6.809  0.000   0.082   1.06 0.2269  0.093    
  TBZ    60 110 101  P 0 10 0 45.590 11.082 11.163  0.000  -0.081   1.06 0.2830 -0.096    
  BST    80 186  98  P 0 10 0 48.720 14.212 14.583  0.000  -0.371   1.06 0.3465 -0.459    
  $$$   VELEST-Version ETH-11FEB92 located at: 0915-2026 110826.7  
 
 
1 E V E N T   N R .       82                            0                    0
0 DATE  ORIGIN   TIME   LAT      LON     DEPTH  MAG  NO  DM GAP  RMS   ALE D-SPR
 120815 10:16: 0.438 38.3973N 46.7227E  13.679  2.7  18   4  57 0.19  1.93  0.00
0  ERX  ERY  ERZ Q SQD  ADJ  IN NR  AVR   AAR  NM AVXM  SDXM IT
   0.0  0.2  0.0 A A/A  0.02  0 18 -0.00  0.15  0  0.0  0.0   7
0 F-E NR: 344 N.W. IRAN-USSR BORDER REGION    
0 STN  DIST AZM AIN PRMK HRMN  P-SEC  TPOBS  TPCAL  -TSCOR  P-RES   P-WT IMP STURES
        AMX PRX     SRMK XMAG  S-SEC  TSOBS  TSCAL  -TSCOR  S-RES   S-WT IMP STURES
  ZANG    4 350 165  P 0 1016  3.170  2.732  3.018  0.000  -0.286   1.06 0.2304 -0.325    
  GZCH    8 305 149  P 0 1016  3.600  3.162  3.284  0.000  -0.121   1.06 0.1824 -0.134    
  HIGH    8 144 150  P 0 1016  3.620  3.182  3.262  0.000  -0.079   1.06 0.2236 -0.090    
  SRND   14 135 134  P 0 1016  4.410  3.972  3.856  0.000   0.116   1.06 0.1857  0.128    
  KVCH   15 121 132  P 0 1016  4.520  4.082  3.976  0.000   0.106   1.06 0.1749  0.117    
  ORNG   16 311 129  P 0 1016  4.650  4.212  4.077  0.000   0.135   1.06 0.1779  0.149    
  HMLO   19  61 124  P 4 1016 55.780 55.342  4.602  0.000  -9.260   0.00 0.0000 -9.260    
  BLVR   19 218 123  P 0 1016  5.290  4.852  4.578  0.000   0.275   1.06 0.1758  0.302    
  FRMZ   20  48 122  P 0 1016  5.280  4.842  4.735  0.000   0.108   1.06 0.3050  0.129    
  NMVR   22 240 120  P 0 1016  5.550  5.112  4.933  0.000   0.179   1.06 0.1404  0.193    
  VRDN   23 282 118  P 0 1016  5.550  5.112  5.067  0.000   0.045   1.06 0.1434  0.048    
  AZGN   25 307 116  P 0 1016  5.700  5.262  5.351  0.000  -0.089   1.06 0.2228 -0.101    
  GOLJ   27  87 115  P 0 1016  6.180  5.742  5.703  0.000   0.039   1.06 0.2548  0.046    
  HRS    29 252 112  P 0 1016  6.320  5.882  6.166  0.000  -0.284   1.06 0.1455 -0.307    
  MGSL   30 241 112  P 0 1016  6.780  6.342  6.140  0.000   0.202   1.06 0.1572  0.220    
  KRNG   34 278 108  P 0 1016  7.310  6.872  6.810  0.000   0.062   1.06 0.1873  0.069    
  TBZ    53 110 101  P 0 1016 10.390  9.952  9.960  0.000  -0.008   1.06 0.3370 -0.009    
  BST    79 191  97  P 0 1016 14.350 13.912 14.275  0.000  -0.363   1.06 0.3331 -0.444    
  $$$   VELEST-Version ETH-11FEB92 located at: 0915-2026 110826.7  
 
 
1 E V E N T   N R .       83                            0                    0
0 DATE  ORIGIN   TIME   LAT      LON     DEPTH  MAG  NO  DM GAP  RMS   ALE D-SPR
 120815 10:53:24.677 38.3922N 46.6413E   4.294  2.4  15   6  89 0.11  1.63  0.00
0  ERX  ERY  ERZ Q SQD  ADJ  IN NR  AVR   AAR  NM AVXM  SDXM IT
  -0.2  0.1 -0.1 A A/A  0.00  0 15 -0.00  0.08  0  0.0  0.0   3
0 F-E NR: 344 N.W. IRAN-USSR BORDER REGION    
0 STN  DIST AZM AIN PRMK HRMN  P-SEC  TPOBS  TPCAL  -TSCOR  P-RES   P-WT IMP STURES
        AMX PRX     SRMK XMAG  S-SEC  TSOBS  TSCAL  -TSCOR  S-RES   S-WT IMP STURES
  HIGH    6 203 119  P 0 1053 26.520  1.843  1.900  0.000  -0.057   1.07 0.3172 -0.069    
  KVCH    9 142 104  P 0 1053 26.980  2.303  2.300  0.000   0.003   1.07 0.1973  0.003    
  ZANG    9 298 104  P 0 1053 26.940  2.263  2.325  0.000  -0.062   1.07 0.2187 -0.070    
  SRND   10 163 100  P 0 1053 27.100  2.423  2.412  0.000   0.011   1.07 0.1951  0.012    
  HMLO   14  45  94  P 4 1053 78.670 53.993  3.184  0.000  -9.191   0.00 0.0000 -9.191    
  GZCH   15 291  93  P 0 1053 27.990  3.313  3.357  0.000  -0.044   1.07 0.1459 -0.048    
  FRMZ   16  29  93  P 0 1053 28.460  3.783  3.601  0.000   0.182   1.07 0.3747  0.230    
  GOLJ   19  84  92  P 0 1053 28.900  4.223  4.201  0.000   0.023   1.07 0.2666  0.026    
  ORNG   22 300  92  P 0 1053 29.350  4.673  4.578  0.000   0.095   1.07 0.1592  0.104    
  BLVR   24 233  73  P 0 1053 29.820  5.143  4.946  0.000   0.197   1.07 0.2086  0.221    
  NMVR   28 249  73  P 0 1053 30.300  5.623  5.613  0.000   0.010   1.07 0.1802  0.011    
  VRDN   30 280  73  P 0 1053 30.520  5.843  5.926  0.000  -0.083   1.07 0.1619 -0.091    
  AZGN   31 300  73  P 0 1053 30.630  5.953  6.103  0.000  -0.150   1.07 0.1885 -0.167    
  MGSL   36 248  73  P 0 1053 31.670  6.993  6.944  0.000   0.049   1.07 0.1815  0.055    
  TBZ    46 112  73  P 0 1053 33.250  8.573  8.712  0.000  -0.139   1.07 0.3143 -0.167    
  $$$   VELEST-Version ETH-11FEB92 located at: 0915-2026 110826.7  
 
 
1 E V E N T   N R .       84                            0                    0
0 DATE  ORIGIN   TIME   LAT      LON     DEPTH  MAG  NO  DM GAP  RMS   ALE D-SPR
 120815 10:56:56.968 38.4084N 46.7111E   3.352  2.9  17   3  82 0.09  1.57  0.00
0  ERX  ERY  ERZ Q SQD  ADJ  IN NR  AVR   AAR  NM AVXM  SDXM IT
   0.0  0.2 -0.1 A A/A  0.00  0 17  0.00  0.07  0  0.0  0.0   4
0 F-E NR: 344 N.W. IRAN-USSR BORDER REGION    
0 STN  DIST AZM AIN PRMK HRMN  P-SEC  TPOBS  TPCAL  -TSCOR  P-RES   P-WT IMP STURES
        AMX PRX     SRMK XMAG  S-SEC  TSOBS  TSCAL  -TSCOR  S-RES   S-WT IMP STURES
  ZANG    3 325 150  P 0 1056 58.240  1.272  1.329  0.000  -0.057   1.21 0.5058 -0.081    
  HIGH    8 155 118  P 0 1056 59.120  2.152  2.171  0.000  -0.019   1.21 0.4037 -0.024    
  GZCH    9 294 117  P 0 1056 59.250  2.282  2.189  0.000   0.093   1.21 0.3168  0.113    
  SRND   14 141  56  P 0 1056 60.230  3.262  3.265  0.000  -0.003   1.21 0.2239 -0.003    
  KVCH   14 127  56  P 0 1056 60.310  3.342  3.347  0.000  -0.005   1.21 0.2327 -0.006    
  ORNG   16 305  56  P 0 1056 60.660  3.692  3.561  0.000   0.131   1.21 0.2001  0.147    
  HMLO   18  63  56  P 4 1056111.600 54.632  3.940  0.000  -9.307   0.00 0.0000 -9.308    
  FRMZ   19  49  56  P 0 1056 61.180  4.212  4.099  0.000   0.113   1.21 0.4189  0.148    
  BLVR   21 218  56  P 0 1056 61.580  4.612  4.473  0.000   0.139   1.21 0.2107  0.156    
  NMVR   23 239  56  P 0 1056 61.850  4.882  4.890  0.000  -0.008   1.21 0.1829 -0.009    
  VRDN   24 278  56  P 0 1056 61.850  4.882  4.936  0.000  -0.054   1.21 0.1570 -0.059    
  AZGN   25 303  56  P 0 1056 61.990  5.022  5.147  0.000  -0.125   1.21 0.1950 -0.140    
  GOLJ   25  90  56  P 0 1056 62.240  5.272  5.320  0.000  -0.048   1.21 0.3104 -0.057    
  HRS    31 251  53  P 4 1056 62.600  5.632  6.234  0.000  -0.602   0.00 0.0000 -0.602    
  MGSL   31 240  53  P 0 1056 63.170  6.202  6.237  0.000  -0.035   1.21 0.1777 -0.039    
  KRNG   35 276  53  P 0 1056 63.740  6.772  6.853  0.000  -0.081   1.21 0.1567 -0.088    
  BST    80 191  53  P 4 1056 70.930 13.962 14.557  0.000  -0.595   0.00 0.0000 -0.595    
  $$$   VELEST-Version ETH-11FEB92 located at: 0915-2026 110826.7  
 
 
1 E V E N T   N R .       85                            0                    0
0 DATE  ORIGIN   TIME   LAT      LON     DEPTH  MAG  NO  DM GAP  RMS   ALE D-SPR
 120815 11:23:43.855 38.3978N 46.6747E   3.640  1.9  13   6  91 0.08  1.41  0.00
0  ERX  ERY  ERZ Q SQD  ADJ  IN NR  AVR   AAR  NM AVXM  SDXM IT
   0.2  0.1 -0.1 A A/A  0.04  0 13  0.00  0.06  0  0.0  0.0  99
0 F-E NR: 344 N.W. IRAN-USSR BORDER REGION    
0 STN  DIST AZM AIN PRMK HRMN  P-SEC  TPOBS  TPCAL  -TSCOR  P-RES   P-WT IMP STURES
        AMX PRX     SRMK XMAG  S-SEC  TSOBS  TSCAL  -TSCOR  S-RES   S-WT IMP STURES
  HIGH    6 176 128  P 0 1123 45.650  1.795  1.854  0.000  -0.059   1.08 0.2975 -0.071    
  ZANG    6 306 130  P 0 1123 45.690  1.835  1.801  0.000   0.034   1.08 0.6736  0.060    
  SRND   11 150 111  P 0 1123 46.580  2.725  2.735  0.000  -0.010   1.08 0.2585 -0.012    
  KVCH   11 132 112  P 0 1123 46.600  2.745  2.737  0.000   0.008   1.08 0.2778  0.010    
  GZCH   12 293  56  P 0 1123 46.750  2.895  2.866  0.000   0.029   1.08 0.1558  0.032    
  HMLO   16  54  56  P 4 1123 98.140 54.285  3.532  0.000  -9.247   0.00 0.0000 -9.247    
  FRMZ   17  39  56  P 0 1123 47.830  3.975  3.826  0.000   0.149   1.08 0.4581  0.202    
  BLVR   22 227  56  P 0 1123 48.650  4.795  4.667  0.000   0.128   1.08 0.1807  0.141    
  GOLJ   22  87  56  P 0 1123 48.520  4.665  4.733  0.000  -0.068   1.08 0.4325 -0.090    
  NMVR   26 245  53  P 0 1123 49.130  5.275  5.254  0.000   0.021   1.08 0.1429  0.023    
  VRDN   27 280  53  P 0 1123 49.240  5.385  5.475  0.000  -0.090   1.08 0.1289 -0.096    
  AZGN   28 301  53  P 0 1123 49.410  5.555  5.677  0.000  -0.122   1.08 0.1698 -0.134    
  MGSL   33 245  53  P 0 1123 50.460  6.605  6.587  0.000   0.018   1.08 0.1431  0.020    
  $$$   VELEST-Version ETH-11FEB92 located at: 0915-2026 110826.7  
 
 
1 E V E N T   N R .       86                            0                    0
0 DATE  ORIGIN   TIME   LAT      LON     DEPTH  MAG  NO  DM GAP  RMS   ALE D-SPR
 120815 11:27: 5.720 38.4080N 46.7727E  11.067  2.3  16   4  89 0.17  2.17  0.00
0  ERX  ERY  ERZ Q SQD  ADJ  IN NR  AVR   AAR  NM AVXM  SDXM IT
  -0.2  0.1  0.0 A A/A  0.00  0 16 -0.00  0.13  0  0.0  0.0   8
0 F-E NR: 344 N.W. IRAN-USSR BORDER REGION    
0 STN  DIST AZM AIN PRMK HRMN  P-SEC  TPOBS  TPCAL  -TSCOR  P-RES   P-WT IMP STURES
        AMX PRX     SRMK XMAG  S-SEC  TSOBS  TSCAL  -TSCOR  S-RES   S-WT IMP STURES
  GZCH    4 326 159  P 0 1127  8.230  2.510  2.592  0.000  -0.083   1.07 0.2793 -0.097    
  ZANG    4  57 159  P 0 1127  8.180  2.460  2.638  0.000  -0.178   1.07 0.3003 -0.213    
  ORNG   12 320 131  P 0 1127  9.190  3.470  3.286  0.000   0.184   1.07 0.2073  0.206    
  SRND   18 127 119  P 0 1127  9.940  4.220  4.153  0.000   0.067   1.07 0.1936  0.074    
  VRDN   18 281 117  P 0 1127  9.980  4.260  4.187  0.000   0.073   1.07 0.1580  0.079    
  BLVR   18 205 118  P 0 1127 10.060  4.340  4.166  0.000   0.174   1.07 0.2078  0.195    
  NMVR   19 231 117  P 0 1127 10.080  4.360  4.287  0.000   0.073   1.07 0.1616  0.079    
  KVCH   19 117 117  P 0 1127 10.160  4.440  4.335  0.000   0.105   1.07 0.1831  0.117    
  AZGN   21 311 114  P 0 1127 10.210  4.490  4.529  0.000  -0.039   1.07 0.2614 -0.046    
  HMLO   23  69 112  P 4 1127 61.390 55.670  4.914  0.000  -9.244   0.00 0.0000 -9.244    
  FRMZ   23  57 112  P 0 1127 10.800  5.080  4.952  0.000   0.128   1.07 0.2924  0.152    
  HRS    26 247 109  P 0 1127 10.720  5.000  5.427  0.000  -0.428   1.07 0.1560 -0.465    
  MGSL   27 235 108  P 0 1127 11.310  5.590  5.499  0.000   0.091   1.07 0.1673  0.099    
  KRNG   30 277 106  P 0 1127 11.730  6.010  5.957  0.000   0.053   1.07 0.2164  0.060    
  GOLJ   31  90 105  P 0 1127 11.950  6.230  6.239  0.000  -0.009   1.07 0.2409 -0.010    
  TBZ    58 109  97  P 0 1127 16.190 10.470 10.643  0.000  -0.174   1.07 0.2731 -0.204    
  $$$   VELEST-Version ETH-11FEB92 located at: 0915-2026 110826.7  
 
 
1 E V E N T   N R .       87                            0                    0
0 DATE  ORIGIN   TIME   LAT      LON     DEPTH  MAG  NO  DM GAP  RMS   ALE D-SPR
 120815 11:39:29.007 38.3866N 46.6831E   3.919  2.0  15   5  78 0.09  1.62  0.00
0  ERX  ERY  ERZ Q SQD  ADJ  IN NR  AVR   AAR  NM AVXM  SDXM IT
  -0.2  0.1 -0.1 A A/A  0.00  0 15 -0.00  0.07  0  0.0  0.0   4
0 F-E NR: 344 N.W. IRAN-USSR BORDER REGION    
0 STN  DIST AZM AIN PRMK HRMN  P-SEC  TPOBS  TPCAL  -TSCOR  P-RES   P-WT IMP STURES
        AMX PRX     SRMK XMAG  S-SEC  TSOBS  TSCAL  -TSCOR  S-RES   S-WT IMP STURES
  HIGH    5 168 123  P 0 1139 30.610  1.603  1.712  0.000  -0.110   1.07 0.3745 -0.139    
  ZANG    6 320 114  P 0 1139 30.890  1.883  1.888  0.000  -0.005   1.07 0.4281 -0.007    
  SRND   11 143  91  P 0 1139 31.590  2.583  2.601  0.000  -0.018   1.07 0.1788 -0.020    
  KVCH   11 125  91  P 0 1139 31.710  2.703  2.686  0.000   0.017   1.07 0.1713  0.019    
  GZCH   12 300  90  P 0 1139 31.880  2.873  2.820  0.000   0.053   1.07 0.1844  0.059    
  HMLO   17  52  90  P 4 1139 83.490 54.483  3.738  0.000  -9.255   0.00 0.0000 -9.255    
  FRMZ   19  38  90  P 0 1139 33.200  4.193  4.049  0.000   0.144   1.07 0.3396  0.177    
  BLVR   21 228  90  P 0 1139 33.590  4.583  4.394  0.000   0.189   1.07 0.1855  0.209    
  GOLJ   23  84  90  P 0 1139 33.800  4.793  4.851  0.000  -0.058   1.07 0.2266 -0.066    
  NMVR   24 247  90  P 0 1139 34.060  5.053  5.018  0.000   0.035   1.07 0.1612  0.038    
  VRDN   27 283  73  P 0 1139 34.330  5.323  5.362  0.000  -0.039   1.07 0.1780 -0.043    
  AZGN   28 304  73  P 0 1139 34.590  5.583  5.654  0.000  -0.071   1.07 0.2086 -0.080    
  MGSL   32 246  73  P 0 1139 35.340  6.333  6.354  0.000  -0.021   1.07 0.2026 -0.024    
  KRNG   38 279  73  P 0 1139 36.150  7.143  7.245  0.000  -0.102   1.07 0.1762 -0.112    
  TBZ    50 110  73  P 0 1139 38.300  9.293  9.269  0.000   0.024   1.07 0.2752  0.028    
  $$$   VELEST-Version ETH-11FEB92 located at: 0915-2026 110826.7  
 
 
1 E V E N T   N R .       88                            0                    0
0 DATE  ORIGIN   TIME   LAT      LON     DEPTH  MAG  NO  DM GAP  RMS   ALE D-SPR
 120815 12: 3:56.664 38.3852N 46.8046E   8.592  1.6  14   6  84 0.09  1.73  0.00
0  ERX  ERY  ERZ Q SQD  ADJ  IN NR  AVR   AAR  NM AVXM  SDXM IT
  -0.2 -0.0  0.0 A A/A  0.00  0 14  0.00  0.07  0  0.0  0.0   9
0 F-E NR: 344 N.W. IRAN-USSR BORDER REGION    
0 STN  DIST AZM AIN PRMK HRMN  P-SEC  TPOBS  TPCAL  -TSCOR  P-RES   P-WT IMP STURES
        AMX PRX     SRMK XMAG  S-SEC  TSOBS  TSCAL  -TSCOR  S-RES   S-WT IMP STURES
  GZCH    6   4 145  P 0 12 3 59.020  2.356  2.366  0.000  -0.009   1.08 0.2806 -0.011    
  ZANG    8  53 136  P 0 12 3 59.210  2.546  2.625  0.000  -0.079   1.08 0.2493 -0.091    
  ORNG   13 337 120  P 0 12 3 59.990  3.326  3.140  0.000   0.186   1.08 0.2288  0.212    
  HIGH   13 113 120  P 0 12 3 59.810  3.146  3.220  0.000  -0.074   1.08 0.1826 -0.082    
  BLVR   15 199 115  P 0 12 3 60.200  3.536  3.465  0.000   0.071   1.08 0.2542  0.082    
  NMVR   15 231 114  P 0 12 3 60.230  3.566  3.534  0.000   0.033   1.08 0.2168  0.037    
  VRDN   16 292 112  P 0 12 3 60.380  3.716  3.710  0.000   0.006   1.08 0.1890  0.006    
  SRND   19 116 108  P 0 12 3 60.740  4.076  4.147  0.000  -0.071   1.08 0.1482 -0.077    
  AZGN   20 322 106  P 0 12 3 60.950  4.286  4.368  0.000  -0.082   1.08 0.2734 -0.097    
  KVCH   21 107 107  P 0 12 3 61.200  4.536  4.433  0.000   0.103   1.08 0.1450  0.112    
  MGSL   23 236 104  P 0 12 3 61.390  4.726  4.776  0.000  -0.049   1.08 0.2162 -0.056    
  HMLO   26  66 102  P 4 12 3112.840 56.176  5.362  0.000  -9.186   0.00 0.0000 -9.186    
  KRNG   27 283 101  P 0 12 3 62.080  5.416  5.479  0.000  -0.063   1.08 0.2382 -0.072    
  GOLJ   34  85  98  P 0 12 3 63.360  6.696  6.632  0.000   0.064   1.08 0.1958  0.072    
  $$$   VELEST-Version ETH-11FEB92 located at: 0915-2026 110826.7  
 
 
1 E V E N T   N R .       89                            0                    0
0 DATE  ORIGIN   TIME   LAT      LON     DEPTH  MAG  NO  DM GAP  RMS   ALE D-SPR
 120815 13:19: 0.861 38.4356N 46.7047E   3.454  2.2  19   2  61 0.10  1.43  0.00
0  ERX  ERY  ERZ Q SQD  ADJ  IN NR  AVR   AAR  NM AVXM  SDXM IT
   0.0  0.2 -0.1 A A/A  0.00  0 19 -0.00  0.07  0  0.0  0.0   4
0 F-E NR: 344 N.W. IRAN-USSR BORDER REGION    
0 STN  DIST AZM AIN PRMK HRMN  P-SEC  TPOBS  TPCAL  -TSCOR  P-RES   P-WT IMP STURES
        AMX PRX     SRMK XMAG  S-SEC  TSOBS  TSCAL  -TSCOR  S-RES   S-WT IMP STURES
  ZANG    2 254 156  P 0 1319  2.020  1.159  1.289  0.000  -0.130   1.27 0.3685 -0.164    
  MHTR    4 353 142  P 0 1319  2.390  1.529  1.432  0.000   0.096   1.27 0.4448  0.129    
  GZCH    8 273 118  P 0 1319  3.080  2.219  2.164  0.000   0.054   1.27 0.2487  0.062    
  HIGH   11 164 111  P 0 1319  3.550  2.689  2.689  0.000  -0.000   1.27 0.3793 -0.000    
  ORNG   15 294  56  P 0 1319  4.370  3.509  3.372  0.000   0.136   1.27 0.2048  0.153    
  HMLO   16  72  56  P 4 1319 55.160 54.299  3.634  0.000  -9.335   0.00 0.0000 -9.335    
  FRMZ   16  55  56  P 0 1319  4.600  3.739  3.681  0.000   0.058   1.27 0.4362  0.077    
  KVCH   16 137  56  P 0 1319  4.480  3.619  3.621  0.000  -0.002   1.27 0.2323 -0.003    
  SRND   16 149  56  P 0 1319  4.540  3.679  3.635  0.000   0.044   1.27 0.2261  0.050    
  AZGN   24 296  56  P 0 1319  5.700  4.839  4.959  0.000  -0.120   1.27 0.2110 -0.135    
  BLVR   24 215  56  P 0 1319  5.960  5.099  4.948  0.000   0.151   1.27 0.1910  0.168    
  VRDN   24 271  56  P 0 1319  5.820  4.959  4.978  0.000  -0.019   1.27 0.1592 -0.021    
  GOLJ   25  97  56  P 0 1319  6.020  5.159  5.238  0.000  -0.079   1.27 0.3053 -0.095    
  NMVR   26 234  56  P 0 1319  6.090  5.229  5.255  0.000  -0.026   1.27 0.1680 -0.029    
  HRS    32 246  53  P 4 1319  6.750  5.889  6.496  0.000  -0.608   0.00 0.0000 -0.608    
  MGSL   33 236  53  P 0 1319  7.400  6.539  6.572  0.000  -0.034   1.27 0.1619 -0.037    
  KRNG   35 271  53  P 0 1319  7.680  6.819  6.905  0.000  -0.086   1.27 0.1598 -0.094    
  TBZ    53 115  53  P 4 1319 10.700  9.839  9.969  0.000  -0.130   0.00 0.0000 -0.130    
  BST    83 191  53  P 4 1319 15.400 14.539 15.063  0.000  -0.524   0.00 0.0000 -0.524    
  $$$   VELEST-Version ETH-11FEB92 located at: 0915-2026 110826.7  
 
 
1 E V E N T   N R .       90                            0                    0
0 DATE  ORIGIN   TIME   LAT      LON     DEPTH  MAG  NO  DM GAP  RMS   ALE D-SPR
 120815 13:34:32.689 38.4058N 46.7614E  14.003  3.0  19   4  73 0.20  2.12  0.00
0  ERX  ERY  ERZ Q SQD  ADJ  IN NR  AVR   AAR  NM AVXM  SDXM IT
   0.0  0.2  0.0 A A/A  0.04  0 19 -0.00  0.16  0  0.0  0.0   6
0 F-E NR: 344 N.W. IRAN-USSR BORDER REGION    
0 STN  DIST AZM AIN PRMK HRMN  P-SEC  TPOBS  TPCAL  -TSCOR  P-RES   P-WT IMP STURES
        AMX PRX     SRMK XMAG  S-SEC  TSOBS  TSCAL  -TSCOR  S-RES   S-WT IMP STURES
  ZANG    4  46 165  P 0 1334 35.500  2.811  3.077  0.000  -0.266   1.06 0.1934 -0.296    
  GZCH    5 318 160  P 0 1334 35.620  2.931  3.104  0.000  -0.173   1.06 0.1800 -0.191    
  MHTR    8  32 149  P 0 1334 35.920  3.231  3.351  0.000  -0.120   1.06 0.1756 -0.132    
  HIGH   11 132 142  P 0 1334 36.240  3.551  3.586  0.000  -0.034   1.06 0.1859 -0.038    
  ORNG   13 317 137  P 0 1334 36.560  3.871  3.733  0.000   0.139   1.06 0.1702  0.152    
  SRND   17 129 128  P 0 1334 37.140  4.451  4.295  0.000   0.156   1.06 0.1629  0.170    
  KVCH   18 118 127  P 0 1334 37.290  4.601  4.456  0.000   0.146   1.06 0.1534  0.159    
  VRDN   19 281 123  P 0 1334 37.360  4.671  4.586  0.000   0.085   1.06 0.1485  0.093    
  BLVR   18 208 126  P 0 1334 37.450  4.761  4.459  0.000   0.302   1.06 0.1854  0.335    
  NMVR   20 233 124  P 0 1334 37.470  4.781  4.628  0.000   0.154   1.06 0.1500  0.167    
  AZGN   21 310 121  P 0 1334 37.530  4.841  4.896  0.000  -0.054   1.06 0.2357 -0.062    
  HMLO   22  68 121  P 4 1334 88.520 55.831  5.011  0.000  -9.180   0.00 0.0000 -9.180    
  FRMZ   22  56 120  P 0 1334 37.880  5.191  5.064  0.000   0.127   1.06 0.2643  0.148    
  HRS    27 248 115  P 0 1334 38.140  5.451  5.744  0.000  -0.293   1.06 0.1529 -0.318    
  MGSL   27 236 114  P 0 1334 38.660  5.971  5.786  0.000   0.185   1.06 0.1628  0.202    
  GOLJ   30  89 112  P 0 1334 38.990  6.301  6.243  0.000   0.058   1.06 0.2301  0.066    
  KRNG   31 277 111  P 0 1334 39.050  6.361  6.276  0.000   0.086   1.06 0.2117  0.097    
  TBZ    57 110 101  P 0 1334 43.210 10.521 10.551  0.000  -0.030   1.06 0.3020 -0.035    
  BST    79 188  97  P 0 1334 46.600 13.911 14.344  0.000  -0.433   1.06 0.3074 -0.520    
  $$$   VELEST-Version ETH-11FEB92 located at: 0915-2026 110826.7  
 
 
1 E V E N T   N R .       91                            0                    0
0 DATE  ORIGIN   TIME   LAT      LON     DEPTH  MAG  NO  DM GAP  RMS   ALE D-SPR
 120815 13:37: 5.326 38.4195N 46.7020E  15.412  2.0  16   6  56 0.16  1.96  0.00
0  ERX  ERY  ERZ Q SQD  ADJ  IN NR  AVR   AAR  NM AVXM  SDXM IT
   0.0  0.2  0.0 A A/A  0.03  0 16 -0.00  0.13  0  0.0  0.0   7
0 F-E NR: 344 N.W. IRAN-USSR BORDER REGION    
0 STN  DIST AZM AIN PRMK HRMN  P-SEC  TPOBS  TPCAL  -TSCOR  P-RES   P-WT IMP STURES
        AMX PRX     SRMK XMAG  S-SEC  TSOBS  TSCAL  -TSCOR  S-RES   S-WT IMP STURES
  MHTR    6 353 160  P 0 1337  8.520  3.194  3.367  0.000  -0.173   1.07 0.2263 -0.196    
  GZCH    9 285 150  P 0 1337  8.790  3.464  3.588  0.000  -0.124   1.07 0.1761 -0.136    
  HIGH    9 162 149  P 0 1337  8.900  3.574  3.633  0.000  -0.059   1.07 0.2291 -0.067    
  KVCH   15 133 136  P 0 1337  9.580  4.254  4.184  0.000   0.070   1.07 0.1728  0.076    
  SRND   15 146 136  P 0 1337  9.620  4.294  4.153  0.000   0.141   1.07 0.1867  0.156    
  HMLO   16  66 132  P 4 1337 60.510 55.184  4.423  0.000  -9.239   0.00 0.0000 -9.239    
  FRMZ   17  50 131  P 0 1337  9.930  4.604  4.502  0.000   0.102   1.07 0.2876  0.121    
  GOLJ   25  92 120  P 0 1337 10.940  5.614  5.565  0.000   0.048   1.07 0.2003  0.054    
  VRDN   24 275 120  P 0 1337 10.810  5.484  5.418  0.000   0.066   1.07 0.1355  0.071    
  AZGN   25 300 120  P 0 1337 10.810  5.484  5.513  0.000  -0.030   1.07 0.2159 -0.033    
  NMVR   25 238 120  P 0 1337 11.060  5.734  5.490  0.000   0.243   1.07 0.1317  0.261    
  HRS    32 249 113  P 0 1337 11.730  6.404  6.671  0.000  -0.267   1.07 0.1287 -0.286    
  MGSL   32 239 113  P 0 1337 12.240  6.914  6.686  0.000   0.228   1.07 0.1366  0.245    
  KRNG   36 274 110  P 0 1337 12.560  7.234  7.153  0.000   0.081   1.07 0.1718  0.089    
  TBZ    53 113 103  P 0 1337 15.180  9.854  9.892  0.000  -0.038   1.07 0.2465 -0.044    
  BST    81 192  98  P 0 1337 19.850 14.524 14.776  0.000  -0.252   1.07 0.2475 -0.291    
  $$$   VELEST-Version ETH-11FEB92 located at: 0915-2026 110826.7  
 
 
1 E V E N T   N R .       92                            0                    0
0 DATE  ORIGIN   TIME   LAT      LON     DEPTH  MAG  NO  DM GAP  RMS   ALE D-SPR
 120815 13:38:50.872 38.3897N 46.6772E   4.230  2.3  18   6  54 0.17  1.61  0.00
0  ERX  ERY  ERZ Q SQD  ADJ  IN NR  AVR   AAR  NM AVXM  SDXM IT
   0.0  0.2 -0.1 A A/A  0.22  0 18  0.00  0.12  0  0.0  0.0  99
0 F-E NR: 344 N.W. IRAN-USSR BORDER REGION    
0 STN  DIST AZM AIN PRMK HRMN  P-SEC  TPOBS  TPCAL  -TSCOR  P-RES   P-WT IMP STURES
        AMX PRX     SRMK XMAG  S-SEC  TSOBS  TSCAL  -TSCOR  S-RES   S-WT IMP STURES
  HIGH    6 173 124  P 0 1338 52.590  1.718  1.779  0.000  -0.061   1.06 0.3690 -0.077    
  ZANG    6 314 119  P 0 1338 52.720  1.848  1.929  0.000  -0.080   1.06 0.3374 -0.099    
  MHTR    9 342 100  P 0 1338 53.320  2.448  2.398  0.000   0.050   1.06 0.2468  0.058    
  SRND   11 146  96  P 0 1338 53.560  2.688  2.601  0.000   0.087   1.06 0.1790  0.096    
  KVCH   11 128  96  P 0 1338 53.510  2.638  2.652  0.000  -0.014   1.06 0.1889 -0.015    
  GZCH   12 298  94  P 0 1338 53.820  2.948  2.872  0.000   0.076   1.06 0.1561  0.083    
  HMLO   16  52  92  P 4 1338105.230 54.358  3.632  0.000  -9.274   0.00 0.0000 -9.274    
  FRMZ   18  38  92  P 0 1338 54.900  4.028  3.948  0.000   0.080   1.06 0.3078  0.096    
  BLVR   22 228  91  P 0 1338 55.690  4.818  4.502  0.000   0.316   1.06 0.1534  0.344    
  GOLJ   23  84  91  P 0 1338 55.550  4.678  4.756  0.000  -0.078   1.06 0.2580 -0.091    
  NMVR   25 247  73  P 0 1338 56.140  5.268  5.108  0.000   0.160   1.06 0.1393  0.173    
  VRDN   27 282  73  P 0 1338 56.330  5.458  5.418  0.000   0.040   1.06 0.1406  0.043    
  AZGN   28 303  73  P 0 1338 56.490  5.618  5.678  0.000  -0.060   1.06 0.1713 -0.066    
  MGSL   33 246  73  P 0 1338 57.440  6.568  6.440  0.000   0.128   1.06 0.1396  0.138    
  HRS    33 256  73  P 0 1338 56.970  6.098  6.527  0.000  -0.429   1.06 0.1347 -0.461    
  KRNG   38 278  73  P 0 1338 58.160  7.288  7.306  0.000  -0.018   1.06 0.1379 -0.019    
  TBZ    49 110  73  P 0 1338 60.130  9.258  9.192  0.000   0.066   1.06 0.2992  0.079    
  BST    79 194  73  P 0 1338 64.890 14.018 14.237  0.000  -0.219   1.06 0.1879 -0.243    
  $$$   VELEST-Version ETH-11FEB92 located at: 0915-2026 110826.7  
 
 
1 E V E N T   N R .       93                            0                    0
0 DATE  ORIGIN   TIME   LAT      LON     DEPTH  MAG  NO  DM GAP  RMS   ALE D-SPR
 120815 14: 2:40.799 38.3801N 46.7894E  11.054  2.0  17   7  71 0.19  2.06  0.00
0  ERX  ERY  ERZ Q SQD  ADJ  IN NR  AVR   AAR  NM AVXM  SDXM IT
   0.0  0.2  0.0 A A/A  0.01  0 17 -0.00  0.15  0  0.0  0.0   8
0 F-E NR: 344 N.W. IRAN-USSR BORDER REGION    
0 STN  DIST AZM AIN PRMK HRMN  P-SEC  TPOBS  TPCAL  -TSCOR  P-RES   P-WT IMP STURES
        AMX PRX     SRMK XMAG  S-SEC  TSOBS  TSCAL  -TSCOR  S-RES   S-WT IMP STURES
  GZCH    7 352 149  P 0 14 2 43.450  2.651  2.770  0.000  -0.119   1.00 0.1726 -0.130    
  ZANG    8  43 146  P 0 14 2 43.430  2.631  2.883  0.000  -0.252   1.00 0.1627 -0.275    
  HIGH   11 113 133  P 0 14 2 43.970  3.171  3.276  0.000  -0.105   1.00 0.1898 -0.117    
  MHTR   12  35 131  P 0 14 2 44.080  3.281  3.371  0.000  -0.090   1.00 0.1463 -0.097    
  ORNG   14 333 127  P 0 14 2 44.490  3.691  3.519  0.000   0.172   1.00 0.1867  0.190    
  BLVR   15 205 124  P 0 14 2 44.710  3.911  3.671  0.000   0.240   1.00 0.1972  0.268    
  NMVR   16 236 122  P 0 14 2 44.810  4.011  3.841  0.000   0.170   1.00 0.1620  0.186    
  SRND   18 116 119  P 0 14 2 45.010  4.211  4.094  0.000   0.117   1.00 0.1563  0.127    
  VRDN   18 292 118  P 0 14 2 45.000  4.201  4.106  0.000   0.095   1.00 0.1878  0.105    
  KVCH   19 107 117  P 0 14 2 45.300  4.501  4.363  0.000   0.138   1.00 0.1470  0.149    
  AZGN   22 320 113  P 0 14 2 45.460  4.661  4.711  0.000  -0.050   1.00 0.2643 -0.059    
  HRS    23 253 112  P 0 14 2 45.520  4.721  5.040  0.000  -0.319   1.00 0.1566 -0.347    
  MGSL   24 239 111  P 0 14 2 46.040  5.241  5.034  0.000   0.207   1.00 0.1492  0.225    
  FRMZ   26  53 109  P 0 14 2 46.320  5.521  5.421  0.000   0.100   1.00 0.2238  0.113    
  GOLJ   32  84 104  P 0 14 2 47.350  6.551  6.505  0.000   0.046   1.00 0.1916  0.052    
  TBZ    58 106  97  P 0 14 2 51.540 10.741 10.719  0.000   0.022   1.00 0.2051  0.025    
  BST    76 187  95  P 0 14 2 54.190 13.391 13.764  0.000  -0.373   1.00 0.1664 -0.408    
  $$$   VELEST-Version ETH-11FEB92 located at: 0915-2026 110826.7  
 
 
1 E V E N T   N R .       94                            0                    0
0 DATE  ORIGIN   TIME   LAT      LON     DEPTH  MAG  NO  DM GAP  RMS   ALE D-SPR
 120815 14: 6:47.014 38.3870N 46.9203E  12.311  1.6  16  10  61 0.14  1.81  0.00
0  ERX  ERY  ERZ Q SQD  ADJ  IN NR  AVR   AAR  NM AVXM  SDXM IT
  -0.0  0.2  0.0 A A/A  0.02  0 16 -0.00  0.11  0  0.0  0.0   9
0 F-E NR: 344 N.W. IRAN-USSR BORDER REGION    
0 STN  DIST AZM AIN PRMK HRMN  P-SEC  TPOBS  TPCAL  -TSCOR  P-RES   P-WT IMP STURES
        AMX PRX     SRMK XMAG  S-SEC  TSOBS  TSCAL  -TSCOR  S-RES   S-WT IMP STURES
  NMVR   10 190 141  P 0 14 6 50.250  3.236  3.207  0.000   0.029   1.14 0.3015  0.035    
  GZCH   12  61 135  P 0 14 6 50.420  3.406  3.497  0.000  -0.090   1.14 0.1495 -0.098    
  ORNG   13  25 133  P 0 14 6 50.640  3.626  3.517  0.000   0.109   1.14 0.1969  0.122    
  HRS    13 234 132  P 0 14 6 50.460  3.446  3.707  0.000  -0.261   1.14 0.2319 -0.298    
  BLVR   15 160 127  P 4 14 6 50.920  3.906  3.843  0.000   0.064   0.00 0.0000  0.064    
  AZGN   16 351 125  P 0 14 6 50.950  3.936  3.976  0.000  -0.040   1.14 0.3414 -0.049    
  MGSL   16 214 126  P 0 14 6 51.090  4.076  3.956  0.000   0.120   1.14 0.2217  0.136    
  KRNG   18 290 122  P 0 14 6 51.300  4.286  4.164  0.000   0.122   1.14 0.3605  0.153    
  ZANG   17  74 124  P 0 14 6 51.160  4.146  4.215  0.000  -0.069   1.14 0.1256 -0.074    
  MHTR   21  63 118  P 0 14 6 51.620  4.606  4.665  0.000  -0.058   1.14 0.1387 -0.063    
  HIGH   22 103 116  P 0 14 6 52.010  4.996  4.960  0.000   0.036   1.14 0.1376  0.039    
  SRND   28 107 110  P 0 14 6 53.020  6.006  5.865  0.000   0.142   1.14 0.1394  0.153    
  KVCH   30 102 108  P 0 14 6 53.390  6.376  6.205  0.000   0.172   1.14 0.1359  0.185    
  GOLJ   44  87 102  P 0 14 6 55.460  8.446  8.416  0.000   0.030   1.14 0.1664  0.033    
  TBZ    70 104  97  P 0 14 6 59.400 12.386 12.627  0.000  -0.241   1.14 0.1794 -0.266    
  BST    76 178  96  P 4 14 6 60.180 13.166 13.835  0.000  -0.669   0.00 0.0000 -0.669    
  $$$   VELEST-Version ETH-11FEB92 located at: 0915-2026 110826.7  
 
 
1 E V E N T   N R .       95                            0                    0
0 DATE  ORIGIN   TIME   LAT      LON     DEPTH  MAG  NO  DM GAP  RMS   ALE D-SPR
 120815 14:17:20.701 38.4092N 46.7668E  11.097  2.0  17   4  76 0.16  1.98  0.00
0  ERX  ERY  ERZ Q SQD  ADJ  IN NR  AVR   AAR  NM AVXM  SDXM IT
  -0.2 -0.0  0.0 A A/A  0.00  0 17 -0.00  0.11  0  0.0  0.0   8
0 F-E NR: 344 N.W. IRAN-USSR BORDER REGION    
0 STN  DIST AZM AIN PRMK HRMN  P-SEC  TPOBS  TPCAL  -TSCOR  P-RES   P-WT IMP STURES
        AMX PRX     SRMK XMAG  S-SEC  TSOBS  TSCAL  -TSCOR  S-RES   S-WT IMP STURES
  ZANG    4  54 161  P 0 1417 23.180  2.479  2.614  0.000  -0.135   1.06 0.1995 -0.151    
  GZCH    4 320 158  P 0 1417 23.280  2.579  2.610  0.000  -0.031   1.06 0.1964 -0.035    
  MHTR    8  36 143  P 0 1417 23.640  2.939  2.940  0.000  -0.001   1.06 0.1749 -0.001    
  HIGH   11 132 133  P 0 1417 23.910  3.209  3.290  0.000  -0.081   1.06 0.1920 -0.090    
  ORNG   12 318 131  P 0 1417 24.230  3.529  3.320  0.000   0.208   1.06 0.1778  0.230    
  SRND   18 129 119  P 0 1417 24.850  4.149  4.107  0.000   0.042   1.06 0.1746  0.046    
  BLVR   18 206 118  P 0 1417 25.080  4.379  4.219  0.000   0.160   1.06 0.1774  0.176    
  KVCH   19 118 118  P 0 1417 25.040  4.339  4.277  0.000   0.061   1.06 0.1740  0.067    
  VRDN   19 280 117  P 0 1417 25.030  4.329  4.262  0.000   0.066   1.06 0.1531  0.072    
  NMVR   19 231 116  P 0 1417 25.230  4.529  4.362  0.000   0.167   1.06 0.1468  0.181    
  AZGN   21 310 114  P 0 1417 25.220  4.519  4.579  0.000  -0.060   1.06 0.2403 -0.069    
  HMLO   22  69 113  P 4 1417 76.760 56.059  4.834  0.000  -8.775   0.00 0.0000 -8.775    
  FRMZ   23  57 112  P 0 1417 25.670  4.969  4.876  0.000   0.093   1.06 0.3150  0.112    
  HRS    26 247 109  P 0 1417 25.760  5.059  5.512  0.000  -0.454   1.06 0.1374 -0.489    
  MGSL   27 235 108  P 0 1417 26.340  5.639  5.580  0.000   0.059   1.06 0.1407  0.063    
  KRNG   30 277 106  P 0 1417 26.760  6.059  6.039  0.000   0.020   1.06 0.1904  0.022    
  GOLJ   30  90 106  P 0 1417 26.780  6.079  6.156  0.000  -0.078   1.06 0.2771 -0.091    
  $$$   VELEST-Version ETH-11FEB92 located at: 0915-2026 110826.7  
 
 
1 E V E N T   N R .       96                            0                    0
0 DATE  ORIGIN   TIME   LAT      LON     DEPTH  MAG  NO  DM GAP  RMS   ALE D-SPR
 120815 14:20:41.268 38.4120N 46.7879E  10.112  1.6  14   3  78 0.09  1.97  0.00
0  ERX  ERY  ERZ Q SQD  ADJ  IN NR  AVR   AAR  NM AVXM  SDXM IT
   0.2 -0.0  0.0 A A/A  0.00  0 14 -0.00  0.07  0  0.0  0.0   8
0 F-E NR: 344 N.W. IRAN-USSR BORDER REGION    
0 STN  DIST AZM AIN PRMK HRMN  P-SEC  TPOBS  TPCAL  -TSCOR  P-RES   P-WT IMP STURES
        AMX PRX     SRMK XMAG  S-SEC  TSOBS  TSCAL  -TSCOR  S-RES   S-WT IMP STURES
  GZCH    3 341 162  P 0 1420 43.590  2.322  2.385  0.000  -0.064   1.08 0.2554 -0.074    
  ZANG    5  68 152  P 0 1420 43.760  2.492  2.560  0.000  -0.069   1.08 0.2290 -0.078    
  ORNG   11 324 132  P 0 1420 44.510  3.242  3.032  0.000   0.210   1.08 0.1957  0.234    
  HIGH   13 128 126  P 0 1420 44.610  3.342  3.395  0.000  -0.054   1.08 0.1802 -0.060    
  VRDN   17 280 116  P 0 1420 45.170  3.902  3.905  0.000  -0.003   1.08 0.1435 -0.003    
  BLVR   18 201 115  P 0 1420 45.320  4.052  4.077  0.000  -0.026   1.08 0.1794 -0.028    
  NMVR   18 227 115  P 0 1420 45.480  4.212  4.108  0.000   0.103   1.08 0.1496  0.112    
  AZGN   19 313 113  P 0 1420 45.490  4.222  4.266  0.000  -0.044   1.08 0.2372 -0.050    
  SRND   19 126 114  P 0 1420 45.600  4.332  4.284  0.000   0.047   1.08 0.1694  0.052    
  KVCH   20 117 112  P 0 1420 45.860  4.592  4.480  0.000   0.111   1.08 0.1748  0.123    
  HMLO   24  71 108  P 4 1420 97.650 56.382  5.033  0.000  -8.651   0.00 0.0000 -8.651    
  FRMZ   24  60 108  P 0 1420 46.270  5.002  5.042  0.000  -0.041   1.08 0.3365 -0.050    
  MGSL   26 232 107  P 0 1420 46.500  5.232  5.321  0.000  -0.089   1.08 0.1363 -0.096    
  KRNG   28 276 104  P 0 1420 46.910  5.642  5.691  0.000  -0.049   1.08 0.1735 -0.054    
  $$$   VELEST-Version ETH-11FEB92 located at: 0915-2026 110826.7  
 
 
1 E V E N T   N R .       97                            0                    0
0 DATE  ORIGIN   TIME   LAT      LON     DEPTH  MAG  NO  DM GAP  RMS   ALE D-SPR
 120815 14:56:56.825 38.4125N 46.7792E   9.401  2.4  19   4  73 0.17  2.44  0.00
0  ERX  ERY  ERZ Q SQD  ADJ  IN NR  AVR   AAR  NM AVXM  SDXM IT
   0.0  0.2  0.0 A A/A  0.00  0 19 -0.00  0.12  0  0.0  0.0   7
0 F-E NR: 344 N.W. IRAN-USSR BORDER REGION    
0 STN  DIST AZM AIN PRMK HRMN  P-SEC  TPOBS  TPCAL  -TSCOR  P-RES   P-WT IMP STURES
        AMX PRX     SRMK XMAG  S-SEC  TSOBS  TSCAL  -TSCOR  S-RES   S-WT IMP STURES
  GZCH    4 329 160  P 0 1456 59.070  2.245  2.287  0.000  -0.042   1.12 0.2809 -0.049    
  ZANG    5  66 154  P 0 1456 59.070  2.245  2.398  0.000  -0.153   1.12 0.2564 -0.177    
  MHTR    9  43 136  P 0 1456 59.570  2.745  2.767  0.000  -0.022   1.12 0.2026 -0.025    
  ORNG   11 321 128  P 0 1456 60.030  3.205  3.010  0.000   0.195   1.12 0.2033  0.218    
  HIGH   12 130 125  P 0 1456 60.030  3.205  3.249  0.000  -0.044   1.12 0.1880 -0.049    
  VRDN   18 280 113  P 0 1456 60.850  4.025  3.969  0.000   0.056   1.12 0.1603  0.061    
  BLVR   18 203 112  P 0 1456 61.090  4.265  4.080  0.000   0.185   1.12 0.2293  0.210    
  NMVR   19 228 112  P 0 1456 61.060  4.235  4.154  0.000   0.081   1.12 0.1862  0.089    
  SRND   19 128 112  P 0 1456 61.070  4.245  4.148  0.000   0.097   1.12 0.1717  0.107    
  AZGN   20 311 110  P 0 1456 61.090  4.265  4.305  0.000  -0.040   1.12 0.2564 -0.046    
  KVCH   20 118 111  P 0 1456 61.270  4.445  4.333  0.000   0.112   1.12 0.1616  0.122    
  HMLO   23  71 107  P 4 1456112.950 56.125  4.877  0.000  -8.752   0.00 0.0000 -8.752    
  FRMZ   23  59 107  P 0 1456 61.850  5.025  4.896  0.000   0.129   1.12 0.2765  0.152    
  HRS    25 245 105  P 0 1456 61.650  4.825  5.292  0.000  -0.467   1.12 0.1762 -0.515    
  MGSL   26 233 104  P 0 1456 62.320  5.495  5.393  0.000   0.102   1.12 0.1940  0.113    
  KRNG   29 276 102  P 0 1456 62.660  5.835  5.787  0.000   0.048   1.12 0.2117  0.054    
  GOLJ   31  91 101  P 0 1456 63.030  6.205  6.267  0.000  -0.062   1.12 0.2265 -0.071    
  TBZ    59 110  95  P 0 1456 67.420 10.595 10.732  0.000  -0.137   1.12 0.2550 -0.159    
  BST    80 187  94  P 4 1456 70.470 13.645 14.360  0.000  -0.715   0.00 0.0000 -0.715    
  $$$   VELEST-Version ETH-11FEB92 located at: 0915-2026 110826.7  
 
 
1 E V E N T   N R .       98                            0                    0
0 DATE  ORIGIN   TIME   LAT      LON     DEPTH  MAG  NO  DM GAP  RMS   ALE D-SPR
 120815 15:20:25.740 38.3899N 46.7525E  13.033  1.6  16   5  62 0.22  2.07  0.00
0  ERX  ERY  ERZ Q SQD  ADJ  IN NR  AVR   AAR  NM AVXM  SDXM IT
   0.0  0.2  0.0 A A/A  0.03  0 16 -0.00  0.17  0  0.0  0.0   6
0 F-E NR: 344 N.W. IRAN-USSR BORDER REGION    
0 STN  DIST AZM AIN PRMK HRMN  P-SEC  TPOBS  TPCAL  -TSCOR  P-RES   P-WT IMP STURES
        AMX PRX     SRMK XMAG  S-SEC  TSOBS  TSCAL  -TSCOR  S-RES   S-WT IMP STURES
  ZANG    5  24 160  P 0 1520 28.490  2.750  2.973  0.000  -0.223   1.07 0.2169 -0.251    
  GZCH    7 323 152  P 0 1520 28.720  2.980  3.080  0.000  -0.100   1.07 0.1914 -0.111    
  MHTR   10  23 143  P 0 1520 28.990  3.250  3.329  0.000  -0.078   1.07 0.1951 -0.087    
  HIGH    9 127 145  P 0 1520 28.970  3.230  3.281  0.000  -0.051   1.07 0.2407 -0.058    
  SRND   15 125 129  P 0 1520 29.860  4.120  3.971  0.000   0.149   1.07 0.1896  0.166    
  BLVR   17 213 125  P 0 1520 30.380  4.640  4.210  0.000   0.431   1.07 0.2278  0.490    
  VRDN   21 286 119  P 0 1520 30.500  4.760  4.669  0.000   0.092   1.07 0.1762  0.101    
  HMLO   22  63 118  P 4 1520 81.970 56.230  4.935  0.000  -8.705   0.00 0.0000 -8.705    
  FRMZ   23  51 117  P 0 1520 30.980  5.240  5.051  0.000   0.189   1.07 0.2181  0.214    
  AZGN   23 312 116  P 0 1520 30.740  5.000  5.076  0.000  -0.076   1.07 0.2599 -0.088    
  HRS    27 252 113  P 0 1520 31.140  5.400  5.698  0.000  -0.298   1.07 0.1780 -0.328    
  MGSL   27 240 113  P 0 1520 31.620  5.880  5.680  0.000   0.201   1.07 0.1900  0.223    
  GOLJ   29  86 111  P 0 1520 31.870  6.130  6.074  0.000   0.056   1.07 0.1550  0.061    
  KRNG   32 280 109  P 0 1520 32.280  6.540  6.384  0.000   0.157   1.07 0.2308  0.179    
  TBZ    55 108 100  P 0 1520 36.040 10.300 10.305  0.000  -0.005   1.07 0.1891 -0.006    
  BST    77 189  97  P 0 1520 39.380 13.640 14.051  0.000  -0.411   1.07 0.3123 -0.495    
  $$$   VELEST-Version ETH-11FEB92 located at: 0915-2026 110826.7  
 
 
1 E V E N T   N R .       99                            0                    0
0 DATE  ORIGIN   TIME   LAT      LON     DEPTH  MAG  NO  DM GAP  RMS   ALE D-SPR
 120815 15:33:26.049 38.3860N 46.6427E   7.341  1.9  19   6  60 0.17  1.71  0.00
0  ERX  ERY  ERZ Q SQD  ADJ  IN NR  AVR   AAR  NM AVXM  SDXM IT
   0.0  0.2  0.0 A A/A  0.02  0 19 -0.00  0.11  0  0.0  0.0   6
0 F-E NR: 344 N.W. IRAN-USSR BORDER REGION    
0 STN  DIST AZM AIN PRMK HRMN  P-SEC  TPOBS  TPCAL  -TSCOR  P-RES   P-WT IMP STURES
        AMX PRX     SRMK XMAG  S-SEC  TSOBS  TSCAL  -TSCOR  S-RES   S-WT IMP STURES
  HIGH    6 205 142  P 0 1533 28.170  2.121  2.162  0.000  -0.040   1.06 0.3152 -0.049    
  KVCH    8 139 129  P 0 1533 28.540  2.491  2.479  0.000   0.012   1.06 0.2473  0.014    
  SRND    9 161 126  P 0 1533 28.640  2.591  2.532  0.000   0.060   1.06 0.2366  0.068    
  ZANG    9 303 126  P 0 1533 28.510  2.461  2.595  0.000  -0.133   1.06 0.2038 -0.149    
  MHTR   11 328 119  P 0 1533 28.890  2.841  2.851  0.000  -0.009   1.06 0.2108 -0.010    
  HMLO   14  43 111  P 4 1533 80.650 54.601  3.378  0.000  -8.776   0.00 0.0000 -8.776    
  GZCH   15 294 109  P 0 1533 29.510  3.461  3.459  0.000   0.002   1.06 0.1175  0.002    
  FRMZ   17  29 106  P 0 1533 29.930  3.881  3.765  0.000   0.116   1.06 0.3319  0.142    
  GOLJ   20  82 103  P 0 1533 30.270  4.221  4.256  0.000  -0.035   1.06 0.3166 -0.042    
  ORNG   22 301 100  P 0 1533 30.810  4.761  4.605  0.000   0.157   1.06 0.1318  0.168    
  BLVR   24 234  99  P 0 1533 31.250  5.201  4.842  0.000   0.359   1.06 0.1486  0.389    
  NMVR   28 250  97  P 0 1533 31.730  5.681  5.528  0.000   0.154   1.06 0.1264  0.164    
  VRDN   30 281  96  P 0 1533 31.960  5.911  5.900  0.000   0.012   1.06 0.1141  0.012    
  AZGN   31 301  96  P 0 1533 32.060  6.011  6.114  0.000  -0.103   1.06 0.1428 -0.111    
  MGSL   35 249  95  P 0 1533 33.030  6.981  6.850  0.000   0.132   1.06 0.1358  0.142    
  HRS    36 258  95  P 0 1533 32.620  6.571  6.973  0.000  -0.401   1.06 0.1239 -0.429    
  KRNG   41 278  94  P 0 1533 33.810  7.761  7.782  0.000  -0.020   1.06 0.1208 -0.022    
  TBZ    46 111  93  P 0 1533 34.710  8.661  8.653  0.000   0.009   1.06 0.3516  0.011    
  BST    79 196  92  P 0 1533 40.070 14.021 14.256  0.000  -0.235   1.06 0.2635 -0.274    
  $$$   VELEST-Version ETH-11FEB92 located at: 0915-2026 110826.7  
 
 
1 E V E N T   N R .      100                            0                    0
0 DATE  ORIGIN   TIME   LAT      LON     DEPTH  MAG  NO  DM GAP  RMS   ALE D-SPR
 120815 15:43:25.277 38.4119N 46.7944E   9.768  2.1  17   3  61 0.21  2.14  0.00
0  ERX  ERY  ERZ Q SQD  ADJ  IN NR  AVR   AAR  NM AVXM  SDXM IT
   0.0  0.2  0.0 A A/A  0.00  0 17 -0.00  0.16  0  0.0  0.0  10
0 F-E NR: 344 N.W. IRAN-USSR BORDER REGION    
0 STN  DIST AZM AIN PRMK HRMN  P-SEC  TPOBS  TPCAL  -TSCOR  P-RES   P-WT IMP STURES
        AMX PRX     SRMK XMAG  S-SEC  TSOBS  TSCAL  -TSCOR  S-RES   S-WT IMP STURES
  GZCH    3 351 163  P 0 1543 27.460  2.183  2.324  0.000  -0.140   1.06 0.2669 -0.164    
  ZANG    6  70 149  P 0 1543 27.620  2.343  2.553  0.000  -0.210   1.06 0.2205 -0.238    
  MHTR   10  49 134  P 0 1543 28.140  2.863  2.931  0.000  -0.068   1.06 0.1814 -0.075    
  ORNG   10 327 131  P 0 1543 28.410  3.133  2.953  0.000   0.180   1.06 0.2188  0.203    
  HIGH   13 126 123  P 0 1543 28.700  3.423  3.425  0.000  -0.002   1.06 0.1645 -0.002    
  NMVR   18 226 114  P 0 1543 29.490  4.213  4.021  0.000   0.192   1.06 0.1605  0.210    
  BLVR   18 199 114  P 0 1543 29.560  4.283  4.023  0.000   0.260   1.06 0.1774  0.287    
  AZGN   19 314 113  P 0 1543 29.440  4.163  4.180  0.000  -0.017   1.06 0.2999 -0.020    
  SRND   20 125 112  P 0 1543 29.760  4.483  4.333  0.000   0.150   1.06 0.1403  0.162    
  KVCH   21 116 111  P 0 1543 30.020  4.743  4.538  0.000   0.205   1.06 0.1387  0.221    
  HMLO   24  72 107  P 4 1543 81.630 56.353  5.102  0.000  -8.749   0.00 0.0000 -8.749    
  FRMZ   24  61 107  P 0 1543 30.450  5.173  5.105  0.000   0.068   1.06 0.2741  0.080    
  HRS    24 244 107  P 0 1543 30.040  4.763  5.110  0.000  -0.347   1.06 0.1622 -0.379    
  MGSL   25 231 106  P 0 1543 30.660  5.383  5.232  0.000   0.151   1.06 0.1577  0.165    
  KRNG   28 276 104  P 0 1543 30.950  5.673  5.585  0.000   0.088   1.06 0.2473  0.102    
  TBZ    60 109  95  P 0 1543 36.160 10.883 10.945  0.000  -0.062   1.06 0.2134 -0.069    
  BST    79 186  94  P 0 1543 39.190 13.913 14.329  0.000  -0.416   1.06 0.1831 -0.460    
  $$$   VELEST-Version ETH-11FEB92 located at: 0915-2026 110826.7  
 
 
1 E V E N T   N R .      101                            0                    0
0 DATE  ORIGIN   TIME   LAT      LON     DEPTH  MAG  NO  DM GAP  RMS   ALE D-SPR
 120815 16: 1:21.234 38.4026N 46.6760E   4.860  1.6  12   6  97 0.11  1.58  0.00
0  ERX  ERY  ERZ Q SQD  ADJ  IN NR  AVR   AAR  NM AVXM  SDXM IT
   0.0  0.2 -0.1 A A/A -0.11  0 12  0.00  0.08  0  0.0  0.0  99
0 F-E NR: 344 N.W. IRAN-USSR BORDER REGION    
0 STN  DIST AZM AIN PRMK HRMN  P-SEC  TPOBS  TPCAL  -TSCOR  P-RES   P-WT IMP STURES
        AMX PRX     SRMK XMAG  S-SEC  TSOBS  TSCAL  -TSCOR  S-RES   S-WT IMP STURES
  ZANG    6 303 130  P 0 16 1 23.070  1.836  1.875  0.000  -0.038   1.20 0.4729 -0.053    
  SRND   12 151 102  P 0 16 1 24.080  2.846  2.822  0.000   0.025   1.20 0.2039  0.028    
  KVCH   12 134 103  P 0 16 1 24.070  2.836  2.819  0.000   0.017   1.20 0.1962  0.019    
  HMLO   15  56  97  P 4 16 1 75.970 54.736  3.478  0.000  -8.742   0.00 0.0000 -8.742    
  FRMZ   17  40  96  P 0 16 1 25.120  3.886  3.747  0.000   0.139   1.20 0.3959  0.179    
  ORNG   19 301  73  P 0 16 1 25.350  4.116  4.010  0.000   0.106   1.20 0.3121  0.128    
  BLVR   23 225  73  P 0 16 1 26.020  4.786  4.657  0.000   0.129   1.20 0.2244  0.147    
  GOLJ   22  88  73  P 0 16 1 25.850  4.616  4.695  0.000  -0.078   1.20 0.2733 -0.092    
  MGSL   34 244  73  P 0 16 1 27.750  6.516  6.527  0.000  -0.010   1.20 0.2127 -0.011    
  KRNG   38 276  73  P 0 16 1 28.300  7.066  7.261  0.000  -0.194   1.20 0.2395 -0.223    
  TBZ    50 112  73  P 0 16 1 30.410  9.176  9.231  0.000  -0.054   1.20 0.2284 -0.062    
  BST    80 193  73  P 4 16 1 35.310 14.076 14.444  0.000  -0.367   0.00 0.0000 -0.367    
  $$$   VELEST-Version ETH-11FEB92 located at: 0915-2026 110826.7  
 
 
1 E V E N T   N R .      102                            0                    0
0 DATE  ORIGIN   TIME   LAT      LON     DEPTH  MAG  NO  DM GAP  RMS   ALE D-SPR
 120815 16:18:13.819 38.4112N 46.7833E   4.901  1.9  17   4  83 0.17  1.56  0.00
0  ERX  ERY  ERZ Q SQD  ADJ  IN NR  AVR   AAR  NM AVXM  SDXM IT
   0.0  0.2 -0.1 A A/A  0.21  0 17  0.00  0.11  0  0.0  0.0  99
0 F-E NR: 344 N.W. IRAN-USSR BORDER REGION    
0 STN  DIST AZM AIN PRMK HRMN  P-SEC  TPOBS  TPCAL  -TSCOR  P-RES   P-WT IMP STURES
        AMX PRX     SRMK XMAG  S-SEC  TSOBS  TSCAL  -TSCOR  S-RES   S-WT IMP STURES
  GZCH    4 335 146  P 0 1618 15.460  1.641  1.603  0.000   0.038   1.21 0.5210  0.055    
  ZANG    5  66 134  P 0 1618 15.470  1.651  1.813  0.000  -0.162   1.21 0.3975 -0.209    
  ORNG   11 323 103  P 4 1618 16.120  2.301  2.669  0.000  -0.367   0.00 0.0000 -0.367    
  VRDN   17 281  73  P 0 1618 17.680  3.861  3.772  0.000   0.090   1.21 0.2118  0.101    
  BLVR   18 202  73  P 0 1618 17.880  4.061  3.896  0.000   0.165   1.21 0.2113  0.186    
  NMVR   18 228  73  P 0 1618 17.860  4.041  3.960  0.000   0.081   1.21 0.1733  0.089    
  SRND   19 127  73  P 0 1618 17.900  4.081  4.046  0.000   0.036   1.21 0.1801  0.039    
  AZGN   20 312  73  P 0 1618 18.010  4.191  4.156  0.000   0.036   1.21 0.3489  0.044    
  KVCH   20 117  73  P 0 1618 18.140  4.321  4.250  0.000   0.071   1.21 0.1759  0.079    
  HMLO   23  71  73  P 4 1618 69.920 56.101  4.847  0.000  -8.745   0.00 0.0000 -8.745    
  FRMZ   24  59  73  P 0 1618 18.790  4.971  4.868  0.000   0.103   1.21 0.3206  0.125    
  HRS    25 245  73  P 0 1618 18.500  4.681  5.145  0.000  -0.463   1.21 0.1587 -0.505    
  MGSL   26 233  73  P 0 1618 19.120  5.301  5.255  0.000   0.046   1.21 0.1674  0.051    
  KRNG   29 276  73  P 0 1618 19.590  5.771  5.669  0.000   0.103   1.21 0.1989  0.115    
  GOLJ   32  90  73  P 0 1618 20.070  6.251  6.272  0.000  -0.021   1.21 0.2062 -0.023    
  TBZ    59 109  73  P 0 1618 24.530 10.711 10.766  0.000  -0.054   1.21 0.1775 -0.060    
  BST    79 187  73  P 4 1618 27.460 13.641 14.323  0.000  -0.681   0.00 0.0000 -0.681    
  $$$   VELEST-Version ETH-11FEB92 located at: 0915-2026 110826.7  
 
 
1 E V E N T   N R .      103                            0                    0
0 DATE  ORIGIN   TIME   LAT      LON     DEPTH  MAG  NO  DM GAP  RMS   ALE D-SPR
 120815 16:28:53.733 38.3795N 46.7670E  14.176  3.0  17   6  70 0.16  2.16  0.00
0  ERX  ERY  ERZ Q SQD  ADJ  IN NR  AVR   AAR  NM AVXM  SDXM IT
   0.0  0.2  0.0 A A/A  0.02  0 17 -0.00  0.12  0  0.0  0.0   7
0 F-E NR: 344 N.W. IRAN-USSR BORDER REGION    
0 STN  DIST AZM AIN PRMK HRMN  P-SEC  TPOBS  TPCAL  -TSCOR  P-RES   P-WT IMP STURES
        AMX PRX     SRMK XMAG  S-SEC  TSOBS  TSCAL  -TSCOR  S-RES   S-WT IMP STURES
  ZANG    6  30 156  P 0 1628 56.780  3.047  3.253  0.000  -0.206   1.13 0.2264 -0.234    
  GZCH    7 337 153  P 0 1628 56.940  3.207  3.279  0.000  -0.073   1.13 0.1967 -0.081    
  ORNG   15 326 133  P 0 1628 57.880  4.147  3.993  0.000   0.154   1.13 0.1825  0.171    
  BLVR   16 212 131  P 0 1628 58.020  4.287  4.110  0.000   0.177   1.13 0.2402  0.203    
  SRND   16 119 131  P 0 1628 57.880  4.147  4.154  0.000  -0.007   1.13 0.2118 -0.008    
  NMVR   18 240 127  P 0 1628 58.170  4.437  4.367  0.000   0.070   1.13 0.1677  0.077    
  KVCH   17 109 128  P 0 1628 58.180  4.447  4.379  0.000   0.068   1.13 0.1863  0.075    
  VRDN   20 290 123  P 0 1628 58.470  4.737  4.646  0.000   0.091   1.13 0.1512  0.099    
  AZGN   23 316 119  P 0 1628 58.820  5.087  5.150  0.000  -0.063   1.13 0.2418 -0.072    
  HMLO   24  62 119  P 4 1628110.330 56.597  5.273  0.000  -8.676   0.00 0.0000 -8.676    
  FRMZ   25  51 118  P 0 1628 59.290  5.557  5.396  0.000   0.161   1.13 0.2432  0.185    
  HRS    25 254 117  P 0 1628 58.910  5.177  5.545  0.000  -0.368   1.13 0.1547 -0.400    
  MGSL   25 241 117  P 0 1628 59.330  5.597  5.505  0.000   0.092   1.13 0.1709  0.101    
  KRNG   31 283 112  P 0 1628 60.060  6.327  6.289  0.000   0.038   1.13 0.2134  0.043    
  GOLJ   31  84 112  P 0 1628 60.130  6.397  6.360  0.000   0.037   1.13 0.1922  0.041    
  TBZ    56 107 101  P 0 1628 64.080 10.347 10.484  0.000  -0.137   1.13 0.2347 -0.157    
  BST    76 188  98  P 4 1628 66.990 13.257 13.854  0.000  -0.597   0.00 0.0000 -0.597    
  $$$   VELEST-Version ETH-11FEB92 located at: 0915-2026 110826.7  
 
 
1 E V E N T   N R .      104                            0                    0
0 DATE  ORIGIN   TIME   LAT      LON     DEPTH  MAG  NO  DM GAP  RMS   ALE D-SPR
 120815 16:37:20.802 38.3930N 46.6710E   4.411  2.2  14   7  87 0.11  1.61  0.00
0  ERX  ERY  ERZ Q SQD  ADJ  IN NR  AVR   AAR  NM AVXM  SDXM IT
   0.0  0.2 -0.1 A A/A  0.01  0 14 -0.00  0.08  0  0.0  0.0   6
0 F-E NR: 344 N.W. IRAN-USSR BORDER REGION    
0 STN  DIST AZM AIN PRMK HRMN  P-SEC  TPOBS  TPCAL  -TSCOR  P-RES   P-WT IMP STURES
        AMX PRX     SRMK XMAG  S-SEC  TSOBS  TSCAL  -TSCOR  S-RES   S-WT IMP STURES
  ZANG    7 309 120  P 0 1637 22.650  1.848  1.970  0.000  -0.122   1.27 0.4846 -0.170    
  KVCH   11 131 100  P 0 1637 23.460  2.658  2.624  0.000   0.035   1.27 0.2147  0.039    
  SRND   11 150  99  P 0 1637 23.430  2.628  2.609  0.000   0.019   1.27 0.2634  0.022    
  HMLO   16  52  94  P 4 1637 75.640 54.838  3.518  0.000  -8.680   0.00 0.0000 -8.680    
  FRMZ   18  37  93  P 0 1637 24.800  3.998  3.840  0.000   0.159   1.27 0.3700  0.200    
  ORNG   20 303  92  P 0 1637 25.070  4.268  4.180  0.000   0.088   1.27 0.2681  0.103    
  GOLJ   22  85  73  P 0 1637 25.430  4.628  4.655  0.000  -0.026   1.27 0.3273 -0.032    
  BLVR   22 228  73  P 0 1637 25.520  4.718  4.611  0.000   0.107   1.27 0.2291  0.122    
  NMVR   26 246  73  P 0 1637 26.020  5.218  5.208  0.000   0.010   1.27 0.2117  0.012    
  VRDN   28 281  73  P 0 1637 26.180  5.378  5.487  0.000  -0.109   1.27 0.2454 -0.125    
  MGSL   33 246  73  P 0 1637 27.340  6.538  6.540  0.000  -0.002   1.27 0.2119 -0.002    
  HRS    34 256  73  P 4 1637 26.850  6.048  6.622  0.000  -0.574   0.00 0.0000 -0.574    
  TBZ    49 111  73  P 0 1637 29.800  8.998  9.119  0.000  -0.121   1.27 0.2570 -0.140    
  BST    79 194  73  P 4 1637 34.660 13.858 14.310  0.000  -0.451   0.00 0.0000 -0.451    
  $$$   VELEST-Version ETH-11FEB92 located at: 0915-2026 110826.7  
 
 
1 E V E N T   N R .      105                            0                    0
0 DATE  ORIGIN   TIME   LAT      LON     DEPTH  MAG  NO  DM GAP  RMS   ALE D-SPR
 120815 17:49: 4.704 38.3805N 46.6554E   9.269  4.7  19   9  43 0.15  1.77  0.00
0  ERX  ERY  ERZ Q SQD  ADJ  IN NR  AVR   AAR  NM AVXM  SDXM IT
   0.0  0.2  0.0 A A/A  0.01  0 19 -0.00  0.11  0  0.0  0.0   8
0 F-E NR: 344 N.W. IRAN-USSR BORDER REGION    
0 STN  DIST AZM AIN PRMK HRMN  P-SEC  TPOBS  TPCAL  -TSCOR  P-RES   P-WT IMP STURES
        AMX PRX     SRMK XMAG  S-SEC  TSOBS  TSCAL  -TSCOR  S-RES   S-WT IMP STURES
  ZANG    9 310 137  P 0 1749  7.260  2.556  2.745  0.000  -0.189   1.12 0.2349 -0.216    
  SRND    9 153 135  P 0 1749  7.450  2.746  2.729  0.000   0.018   1.12 0.4483  0.024    
  MHTR   11 334 128  P 0 1749  7.670  2.966  3.031  0.000  -0.065   1.12 0.1795 -0.072    
  VRZ1   14 355 121  P 0 1749  8.130  3.426  3.393  0.000   0.033   1.12 0.1926  0.037    
  GZCH   14 298 120  P 0 1749  8.140  3.436  3.481  0.000  -0.045   1.12 0.1225 -0.048    
  HMLO   16  45 117  P 4 1749 10.680  5.976  3.697  0.000   2.279   0.00 0.0000  2.279    
  FRMZ   18  31 112  P 0 1749  8.880  4.176  4.045  0.000   0.131   1.12 0.2693  0.154    
  GOLJ   21  81 109  P 0 1749  9.240  4.536  4.538  0.000  -0.002   1.12 0.3037 -0.002    
  ORNG   22 304 108  P 0 1749  9.440  4.736  4.584  0.000   0.152   1.12 0.1271  0.163    
  BLVR   22 233 107  P 0 1749  9.770  5.066  4.709  0.000   0.357   1.12 0.1713  0.392    
  NMVR   26 250 104  P 0 1749 10.180  5.476  5.378  0.000   0.098   1.12 0.1318  0.105    
  VRDN   29 283 102  P 0 1749 10.480  5.776  5.792  0.000  -0.015   1.12 0.1222 -0.016    
  AZGN   31 303 101  P 0 1749 10.680  5.976  6.059  0.000  -0.083   1.12 0.1612 -0.090    
  MGSL   34 249 100  P 0 1749 11.490  6.786  6.681  0.000   0.105   1.12 0.1421  0.114    
  HRS    35 258 100  P 0 1749 11.380  6.676  6.811  0.000  -0.135   1.12 0.1307 -0.145    
  KRNG   40 279  98  P 0 1749 12.260  7.556  7.646  0.000  -0.090   1.12 0.1434 -0.097    
  TBZ    47 110  96  P 0 1749 13.500  8.796  8.819  0.000  -0.022   1.12 0.3939 -0.029    
  GRVN   48 254  96  P 4 1749 10.680  5.976  9.003  0.000  -3.027   0.00 0.0000 -3.027    
  BST    78 195  93  P 0 1749 18.580 13.876 14.122  0.000  -0.246   1.12 0.2944 -0.292    
  $$$   VELEST-Version ETH-11FEB92 located at: 0915-2026 110826.7  
 
 
1 E V E N T   N R .      106                            0                    0
0 DATE  ORIGIN   TIME   LAT      LON     DEPTH  MAG  NO  DM GAP  RMS   ALE D-SPR
 120815 19: 2:15.352 38.3879N 46.6565E   7.100  2.1  19   5  59 0.20  1.71  0.00
0  ERX  ERY  ERZ Q SQD  ADJ  IN NR  AVR   AAR  NM AVXM  SDXM IT
   0.0  0.2  0.0 A A/A  0.00  0 19 -0.00  0.13  0  0.0  0.0   7
0 F-E NR: 344 N.W. IRAN-USSR BORDER REGION    
0 STN  DIST AZM AIN PRMK HRMN  P-SEC  TPOBS  TPCAL  -TSCOR  P-RES   P-WT IMP STURES
        AMX PRX     SRMK XMAG  S-SEC  TSOBS  TSCAL  -TSCOR  S-RES   S-WT IMP STURES
  HIGH    5 192 142  P 0 19 2 17.380  2.028  2.109  0.000  -0.081   1.19 0.3519 -0.101    
  KVCH    9 134 124  P 0 19 2 17.930  2.578  2.588  0.000  -0.010   1.19 0.2813 -0.012    
  ZANG    8 306 130  P 0 19 2 17.710  2.358  2.422  0.000  -0.064   1.19 0.2790 -0.075    
  SRND   10 155 122  P 0 19 2 17.980  2.628  2.598  0.000   0.030   1.19 0.2787  0.035    
  MHTR   10 333 120  P 0 19 2 18.130  2.778  2.716  0.000   0.062   1.19 0.2535  0.071    
  GZCH   14 295 110  P 0 19 2 18.650  3.298  3.257  0.000   0.041   1.19 0.1331  0.044    
  HMLO   15  47 108  P 4 19 2 70.110 54.758  3.478  0.000  -8.720   0.00 0.0000 -8.720    
  FRMZ   17  32 104  P 0 19 2 19.310  3.958  3.826  0.000   0.132   1.19 0.3864  0.169    
  GOLJ   21  83 100  P 0 19 2 19.690  4.338  4.441  0.000  -0.103   1.19 0.4566 -0.140    
  ORNG   21 303 100  P 0 19 2 19.960  4.608  4.409  0.000   0.199   1.19 0.1377  0.214    
  BLVR   23 231  99  P 0 19 2 20.350  4.998  4.697  0.000   0.301   1.19 0.1986  0.336    
  NMVR   27 249  97  P 0 19 2 20.900  5.548  5.346  0.000   0.202   1.19 0.1565  0.220    
  VRDN   29 282  96  P 0 19 2 21.020  5.668  5.690  0.000  -0.022   1.19 0.1205 -0.024    
  AZGN   30 302  96  P 0 19 2 21.170  5.818  5.919  0.000  -0.101   1.19 0.1486 -0.110    
  MGSL   34 248  95  P 0 19 2 22.100  6.748  6.671  0.000   0.077   1.19 0.1705  0.085    
  HRS    35 257  95  P 0 19 2 21.620  6.268  6.779  0.000  -0.511   1.19 0.1476 -0.553    
  KRNG   40 278  94  P 0 19 2 22.810  7.458  7.573  0.000  -0.115   1.19 0.1300 -0.123    
  TBZ    48 111  93  P 4 19 2 23.970  8.618  8.853  0.000  -0.235   0.00 0.0000 -0.235    
  BST    79 195  92  P 4 19 2 29.400 14.048 14.234  0.000  -0.186   0.00 0.0000 -0.186    
  $$$   VELEST-Version ETH-11FEB92 located at: 0915-2026 110826.7  
 
 
1 E V E N T   N R .      107                            0                    0
0 DATE  ORIGIN   TIME   LAT      LON     DEPTH  MAG  NO  DM GAP  RMS   ALE D-SPR
 120815 19:23:57.860 38.3894N 46.6537E   7.067  1.8  16   6  59 0.19  1.71  0.00
0  ERX  ERY  ERZ Q SQD  ADJ  IN NR  AVR   AAR  NM AVXM  SDXM IT
   0.2 -0.0  0.0 A A/A  0.00  0 16 -0.00  0.13  0  0.0  0.0   4
0 F-E NR: 344 N.W. IRAN-USSR BORDER REGION    
0 STN  DIST AZM AIN PRMK HRMN  P-SEC  TPOBS  TPCAL  -TSCOR  P-RES   P-WT IMP STURES
        AMX PRX     SRMK XMAG  S-SEC  TSOBS  TSCAL  -TSCOR  S-RES   S-WT IMP STURES
  HIGH    6 195 141  P 0 1923 59.920  2.060  2.128  0.000  -0.068   1.07 0.3369 -0.083    
  ZANG    8 304 129  P 0 1923 60.220  2.360  2.432  0.000  -0.073   1.07 0.2699 -0.085    
  KVCH    9 136 124  P 0 1923 60.420  2.560  2.576  0.000  -0.017   1.07 0.2831 -0.020    
  SRND   10 157 122  P 0 1923 60.520  2.660  2.602  0.000   0.058   1.07 0.2803  0.068    
  MHTR   10 331 120  P 0 1923 60.620  2.760  2.709  0.000   0.050   1.07 0.2606  0.058    
  GZCH   14 294 110  P 0 1923 61.170  3.310  3.280  0.000   0.029   1.07 0.1325  0.032    
  HMLO   15  47 108  P 4 1923112.580 54.720  3.429  0.000  -8.710   0.00 0.0000 -8.710    
  FRMZ   17  32 104  P 0 1923 61.770  3.910  3.781  0.000   0.129   1.07 0.3984  0.166    
  GOLJ   21  84 100  P 0 1923 62.140  4.280  4.397  0.000  -0.117   1.07 0.4521 -0.158    
  ORNG   21 302  99  P 0 1923 62.440  4.580  4.429  0.000   0.151   1.07 0.1418  0.163    
  BLVR   23 231  98  P 0 1923 62.910  5.050  4.745  0.000   0.305   1.07 0.1845  0.337    
  NMVR   27 248  96  P 0 1923 63.440  5.580  5.394  0.000   0.186   1.07 0.1428  0.201    
  VRDN   29 281  96  P 0 1923 63.530  5.670  5.725  0.000  -0.055   1.07 0.1156 -0.058    
  MGSL   35 248  94  P 0 1923 64.620  6.760  6.719  0.000   0.041   1.07 0.1548  0.044    
  HRS    35 257  94  P 0 1923 64.170  6.310  6.825  0.000  -0.515   1.07 0.1339 -0.554    
  KRNG   40 278  94  P 0 1923 65.400  7.540  7.609  0.000  -0.070   1.07 0.1226 -0.075    
  $$$   VELEST-Version ETH-11FEB92 located at: 0915-2026 110826.7  
 
 
1 E V E N T   N R .      108                            0                    0
0 DATE  ORIGIN   TIME   LAT      LON     DEPTH  MAG  NO  DM GAP  RMS   ALE D-SPR
 120815 19:36:20.989 38.3845N 46.6729E   8.132  2.6  18   5  53 0.14  1.74  0.00
0  ERX  ERY  ERZ Q SQD  ADJ  IN NR  AVR   AAR  NM AVXM  SDXM IT
   0.0  0.2  0.0 A A/A  0.01  0 18 -0.00  0.11  0  0.0  0.0   6
0 F-E NR: 344 N.W. IRAN-USSR BORDER REGION    
0 STN  DIST AZM AIN PRMK HRMN  P-SEC  TPOBS  TPCAL  -TSCOR  P-RES   P-WT IMP STURES
        AMX PRX     SRMK XMAG  S-SEC  TSOBS  TSCAL  -TSCOR  S-RES   S-WT IMP STURES
  HIGH    5 177 149  P 0 1936 23.110  2.121  2.206  0.000  -0.085   1.06 0.3242 -0.103    
  ZANG    7 315 139  P 0 1936 23.270  2.281  2.442  0.000  -0.161   1.06 0.2331 -0.184    
  MHTR   10 341 126  P 0 1936 23.780  2.791  2.783  0.000   0.008   1.06 0.2130  0.010    
  SRND   10 146 127  P 0 1936 23.830  2.841  2.749  0.000   0.092   1.06 0.2212  0.104    
  KVCH   10 127 126  P 0 1936 23.840  2.851  2.805  0.000   0.046   1.06 0.2116  0.052    
  GZCH   13 299 118  P 0 1936 24.120  3.131  3.159  0.000  -0.028   1.06 0.1379 -0.030    
  HMLO   16  50 111  P 4 1936 76.060 55.071  3.745  0.000  -8.674   0.00 0.0000 -8.674    
  FRMZ   18  35 107  P 0 1936 25.220  4.231  4.053  0.000   0.178   1.06 0.3133  0.215    
  ORNG   20 306 105  P 0 1936 25.420  4.431  4.287  0.000   0.144   1.06 0.1470  0.156    
  BLVR   21 230 104  P 0 1936 25.790  4.801  4.508  0.000   0.293   1.06 0.1767  0.323    
  GOLJ   22  83 103  P 0 1936 25.710  4.721  4.719  0.000   0.002   1.06 0.2912  0.003    
  NMVR   25 248 101  P 0 1936 26.230  5.241  5.128  0.000   0.113   1.06 0.1524  0.123    
  VRDN   28 283  99  P 0 1936 26.450  5.461  5.493  0.000  -0.032   1.06 0.1361 -0.035    
  AZGN   29 304  99  P 0 1936 26.600  5.611  5.774  0.000  -0.163   1.06 0.1669 -0.178    
  MGSL   33 247  97  P 0 1936 27.500  6.511  6.444  0.000   0.068   1.06 0.1653  0.074    
  KRNG   39 279  96  P 0 1936 28.250  7.261  7.360  0.000  -0.099   1.06 0.1505 -0.107    
  TBZ    49 110  94  P 0 1936 29.980  8.991  9.067  0.000  -0.076   1.06 0.3276 -0.092    
  BST    78 194  93  P 0 1936 34.840 13.851 14.119  0.000  -0.268   1.06 0.2818 -0.316    
  $$$   VELEST-Version ETH-11FEB92 located at: 0915-2026 110826.7  
 
 
1 E V E N T   N R .      109                            0                    0
0 DATE  ORIGIN   TIME   LAT      LON     DEPTH  MAG  NO  DM GAP  RMS   ALE D-SPR
 120815 19:37:25.563 38.3999N 46.6947E   4.748  1.5  15   5  62 0.18  1.57  0.00
0  ERX  ERY  ERZ Q SQD  ADJ  IN NR  AVR   AAR  NM AVXM  SDXM IT
   0.2 -0.0 -0.1 A A/A  0.00  0 15 -0.00  0.13  0  0.0  0.0   6
0 F-E NR: 344 N.W. IRAN-USSR BORDER REGION    
0 STN  DIST AZM AIN PRMK HRMN  P-SEC  TPOBS  TPCAL  -TSCOR  P-RES   P-WT IMP STURES
        AMX PRX     SRMK XMAG  S-SEC  TSOBS  TSCAL  -TSCOR  S-RES   S-WT IMP STURES
  ZANG    5 317 137  P 0 1937 27.200  1.637  1.726  0.000  -0.088   1.07 0.3548 -0.110    
  HIGH    7 162 120  P 0 1937 27.530  1.967  2.043  0.000  -0.076   1.07 0.3261 -0.093    
  MHTR    8 350 115  P 0 1937 27.800  2.237  2.179  0.000   0.058   1.07 0.2648  0.067    
  GZCH   10 296 105  P 0 1937 28.170  2.607  2.561  0.000   0.046   1.07 0.1661  0.051    
  SRND   12 143  99  P 0 1937 28.510  2.947  2.930  0.000   0.017   1.07 0.2027  0.020    
  KVCH   13 128  99  P 0 1937 28.560  2.997  2.997  0.000   0.000   1.07 0.1974  0.000    
  HMLO   17  58  95  P 4 1937 80.530 54.967  3.744  0.000  -8.777   0.00 0.0000 -8.777    
  ORNG   18 305  95  P 0 1937 29.510  3.947  3.805  0.000   0.142   1.07 0.1662  0.155    
  FRMZ   18  43  95  P 0 1937 29.640  4.077  3.975  0.000   0.102   1.07 0.3344  0.125    
  BLVR   21 223  73  P 0 1937 30.250  4.687  4.435  0.000   0.252   1.07 0.1775  0.278    
  NMVR   24 243  73  P 0 1937 30.640  5.077  4.931  0.000   0.146   1.07 0.1627  0.160    
  GOLJ   24  87  73  P 0 1937 30.460  4.897  4.978  0.000  -0.081   1.07 0.3773 -0.103    
  HRS    32 253  73  P 0 1937 31.410  5.847  6.303  0.000  -0.456   1.07 0.1601 -0.498    
  MGSL   32 243  73  P 0 1937 31.990  6.427  6.263  0.000   0.164   1.07 0.1625  0.179    
  KRNG   37 277  73  P 0 1937 32.370  6.807  6.998  0.000  -0.191   1.07 0.1784 -0.211    
  $$$   VELEST-Version ETH-11FEB92 located at: 0915-2026 110826.7  
 
 
1 E V E N T   N R .      110                            0                    0
0 DATE  ORIGIN   TIME   LAT      LON     DEPTH  MAG  NO  DM GAP  RMS   ALE D-SPR
 120815 19:39:16.367 38.4165N 46.7393E  13.795  2.9  19   2  75 0.21  2.00  0.00
0  ERX  ERY  ERZ Q SQD  ADJ  IN NR  AVR   AAR  NM AVXM  SDXM IT
   0.0  0.2  0.0 A A/A  0.04  0 19 -0.00  0.16  0  0.0  0.0   6
0 F-E NR: 344 N.W. IRAN-USSR BORDER REGION    
0 STN  DIST AZM AIN PRMK HRMN  P-SEC  TPOBS  TPCAL  -TSCOR  P-RES   P-WT IMP STURES
        AMX PRX     SRMK XMAG  S-SEC  TSOBS  TSCAL  -TSCOR  S-RES   S-WT IMP STURES
  ZANG    2  28 173  P 0 1939 19.080  2.713  2.975  0.000  -0.262   1.06 0.2037 -0.293    
  MHTR    6  23 155  P 0 1939 19.400  3.033  3.166  0.000  -0.133   1.06 0.1910 -0.148    
  GZCH    6 296 157  P 0 1939 19.340  2.973  3.122  0.000  -0.149   1.06 0.1722 -0.163    
  HIGH   10 144 143  P 0 1939 19.850  3.483  3.517  0.000  -0.034   1.06 0.1905 -0.038    
  ORNG   13 308 135  P 0 1939 20.300  3.933  3.781  0.000   0.153   1.06 0.1678  0.167    
  SRND   16 136 129  P 0 1939 20.710  4.343  4.191  0.000   0.152   1.06 0.1672  0.166    
  KVCH   17 125 128  P 0 1939 20.790  4.423  4.295  0.000   0.128   1.06 0.1584  0.140    
  HMLO   20  69 123  P 4 1939 72.400 56.033  4.673  0.000  -8.640   0.00 0.0000 -8.640    
  FRMZ   20  55 122  P 0 1939 21.240  4.873  4.719  0.000   0.154   1.06 0.2865  0.183    
  VRDN   21 277 120  P 0 1939 21.250  4.883  4.813  0.000   0.070   1.06 0.1448  0.076    
  BLVR   20 211 122  P 0 1939 21.440  5.073  4.719  0.000   0.354   1.06 0.1720  0.389    
  AZGN   22 304 119  P 0 1939 21.330  4.963  4.998  0.000  -0.035   1.06 0.2329 -0.040    
  NMVR   22 234 120  P 0 1939 21.480  5.113  4.934  0.000   0.180   1.06 0.1413  0.194    
  GOLJ   28  91 114  P 0 1939 22.330  5.963  5.931  0.000   0.033   1.06 0.2426  0.038    
  HRS    29 248 113  P 0 1939 22.110  5.743  6.074  0.000  -0.331   1.06 0.1472 -0.358    
  MGSL   29 236 112  P 0 1939 22.670  6.303  6.124  0.000   0.180   1.06 0.1561  0.196    
  KRNG   33 275 110  P 0 1939 22.960  6.593  6.548  0.000   0.045   1.06 0.2017  0.051    
  TBZ    55 111 101  P 0 1939 26.630 10.263 10.313  0.000  -0.050   1.06 0.3145 -0.060    
  BST    81 189  97  P 0 1939 30.530 14.163 14.586  0.000  -0.423   1.06 0.2920 -0.502    
  $$$   VELEST-Version ETH-11FEB92 located at: 0915-2026 110826.7  
 
 
1 E V E N T   N R .      111                            0                    0
0 DATE  ORIGIN   TIME   LAT      LON     DEPTH  MAG  NO  DM GAP  RMS   ALE D-SPR
 120815 19:59:43.528 38.3899N 46.6501E   4.799  1.6  14   6  61 0.09  1.60  0.00
0  ERX  ERY  ERZ Q SQD  ADJ  IN NR  AVR   AAR  NM AVXM  SDXM IT
   0.2 -0.0 -0.1 A A/A  0.00  0 14 -0.00  0.08  0  0.0  0.0   6
0 F-E NR: 344 N.W. IRAN-USSR BORDER REGION    
0 STN  DIST AZM AIN PRMK HRMN  P-SEC  TPOBS  TPCAL  -TSCOR  P-RES   P-WT IMP STURES
        AMX PRX     SRMK XMAG  S-SEC  TSOBS  TSCAL  -TSCOR  S-RES   S-WT IMP STURES
  HIGH    6 197 128  P 4 1959 96.700 53.172  1.875  0.000  -8.703   0.00 0.0000 -8.703    
  KVCH    9 137 110  P 0 1959 45.870  2.342  2.378  0.000  -0.036   1.27 0.2842 -0.042    
  ZANG    8 303 114  P 0 1959 45.730  2.202  2.265  0.000  -0.063   1.27 0.2564 -0.073    
  SRND   10 158 108  P 0 1959 46.000  2.472  2.435  0.000   0.037   1.27 0.2773  0.043    
  MHTR   10 330 105  P 0 1959 46.190  2.662  2.584  0.000   0.078   1.27 0.2687  0.092    
  GZCH   14 293  98  P 0 1959 46.780  3.252  3.256  0.000  -0.004   1.27 0.1513 -0.004    
  HMLO   14  46  98  P 4 1959 98.160 54.632  3.322  0.000  -8.690   0.00 0.0000 -8.690    
  FRMZ   17  31  96  P 0 1959 47.370  3.842  3.715  0.000   0.127   1.27 0.3830  0.162    
  GOLJ   20  84  73  P 0 1959 47.800  4.272  4.335  0.000  -0.062   1.27 0.4440 -0.084    
  BLVR   23 232  73  P 4 1959 48.550  5.022  4.791  0.000   0.232   0.00 0.0000  0.232    
  NMVR   27 249  73  P 0 1959 49.090  5.562  5.450  0.000   0.112   1.27 0.2461  0.129    
  AZGN   30 301  73  P 0 1959 49.410  5.882  5.986  0.000  -0.104   1.27 0.2264 -0.118    
  MGSL   35 248  73  P 0 1959 50.380  6.852  6.781  0.000   0.072   1.27 0.2480  0.083    
  KRNG   41 278  73  P 0 1959 51.110  7.582  7.672  0.000  -0.090   1.27 0.2086 -0.101    
  $$$   VELEST-Version ETH-11FEB92 located at: 0915-2026 110826.7  
 
 
1 E V E N T   N R .      112                            0                    0
0 DATE  ORIGIN   TIME   LAT      LON     DEPTH  MAG  NO  DM GAP  RMS   ALE D-SPR
 120815 20:15:12.110 38.3851N 46.6550E   7.729  1.9  17   5  83 0.20  1.71  0.00
0  ERX  ERY  ERZ Q SQD  ADJ  IN NR  AVR   AAR  NM AVXM  SDXM IT
   0.0  0.2  0.0 A A/A  0.02  0 17 -0.00  0.14  0  0.0  0.0   6
0 F-E NR: 344 N.W. IRAN-USSR BORDER REGION    
0 STN  DIST AZM AIN PRMK HRMN  P-SEC  TPOBS  TPCAL  -TSCOR  P-RES   P-WT IMP STURES
        AMX PRX     SRMK XMAG  S-SEC  TSOBS  TSCAL  -TSCOR  S-RES   S-WT IMP STURES
  HIGH    5 195 146  P 0 2015 14.230  2.120  2.169  0.000  -0.049   1.06 0.3284 -0.060    
  ZANG    8 307 132  P 0 2015 14.530  2.420  2.529  0.000  -0.109   1.06 0.2521 -0.126    
  KVCH    9 133 129  P 0 2015 14.690  2.580  2.608  0.000  -0.028   1.06 0.2213 -0.032    
  SRND    9 155 127  P 0 2015 14.770  2.660  2.612  0.000   0.048   1.06 0.2100  0.054    
  GZCH   14 296 113  P 0 2015 15.470  3.360  3.336  0.000   0.024   1.06 0.1433  0.026    
  HMLO   15  46 111  P 4 2015 66.890 54.780  3.532  0.000  -8.752   0.00 0.0000 -8.752    
  FRMZ   18  31 107  P 0 2015 16.080  3.970  3.886  0.000   0.084   1.06 0.4071  0.109    
  ORNG   21 303 102  P 0 2015 16.760  4.650  4.476  0.000   0.174   1.06 0.1548  0.189    
  BLVR   23 232 101  P 0 2015 17.180  5.070  4.700  0.000   0.369   1.06 0.1362  0.398    
  NMVR   27 249  99  P 0 2015 17.710  5.600  5.362  0.000   0.237   1.06 0.1200  0.253    
  VRDN   29 282  98  P 0 2015 17.860  5.750  5.735  0.000   0.015   1.06 0.1221  0.016    
  AZGN   30 302  97  P 0 2015 17.990  5.880  5.978  0.000  -0.098   1.06 0.1655 -0.107    
  MGSL   34 248  96  P 0 2015 18.900  6.790  6.682  0.000   0.108   1.06 0.1284  0.116    
  HRS    35 258  96  P 0 2015 18.440  6.330  6.799  0.000  -0.469   1.06 0.1205 -0.500    
  KRNG   40 279  95  P 0 2015 19.640  7.530  7.611  0.000  -0.081   1.06 0.1281 -0.086    
  TBZ    47 111  94  P 0 2015 20.950  8.840  8.819  0.000   0.021   1.06 0.3258  0.025    
  BST    79 195  92  P 0 2015 26.090 13.980 14.193  0.000  -0.213   1.06 0.2185 -0.241    
  $$$   VELEST-Version ETH-11FEB92 located at: 0915-2026 110826.7  
 
 
1 E V E N T   N R .      113                            0                    0
 DELETED: AZGN unknown phase is: I
0 DATE  ORIGIN   TIME   LAT      LON     DEPTH  MAG  NO  DM GAP  RMS   ALE D-SPR
 120815 20:18:59.538 38.4053N 46.7308E  12.182  2.4  19   3  51 0.16  1.97  0.00
0  ERX  ERY  ERZ Q SQD  ADJ  IN NR  AVR   AAR  NM AVXM  SDXM IT
   0.0  0.2  0.0 A A/A  0.04  0 19 -0.00  0.12  0  0.0  0.0   5
0 F-E NR: 344 N.W. IRAN-USSR BORDER REGION    
0 STN  DIST AZM AIN PRMK HRMN  P-SEC  TPOBS  TPCAL  -TSCOR  P-RES   P-WT IMP STURES
        AMX PRX     SRMK XMAG  S-SEC  TSOBS  TSCAL  -TSCOR  S-RES   S-WT IMP STURES
  ZANG    3   2 168  P 0 2018 62.090  2.552  2.735  0.000  -0.183   1.12 0.2375 -0.210    
  GZCH    7 303 150  P 0 2018 62.470  2.932  2.973  0.000  -0.041   1.12 0.1857 -0.045    
  MHTR    7  14 149  P 0 2018 62.510  2.972  3.000  0.000  -0.028   1.12 0.2186 -0.032    
  HIGH    9 144 144  P 0 2018 62.630  3.092  3.154  0.000  -0.062   1.12 0.2207 -0.070    
  ORNG   15 310 128  P 0 2018 63.490  3.952  3.773  0.000   0.180   1.12 0.1724  0.197    
  SRND   15 135 127  P 0 2018 63.470  3.932  3.837  0.000   0.096   1.12 0.1942  0.106    
  KVCH   16 122 126  P 0 2018 63.560  4.022  3.955  0.000   0.067   1.12 0.1776  0.074    
  HMLO   19  65 120  P 4 2018115.410 55.872  4.503  0.000  -8.631   0.00 0.0000 -8.631    
  BLVR   20 215 119  P 0 2018 64.240  4.702  4.488  0.000   0.214   1.12 0.2147  0.241    
  FRMZ   20  51 118  P 0 2018 64.330  4.792  4.604  0.000   0.188   1.12 0.2944  0.224    
  NMVR   22 237 116  P 0 2018 64.410  4.872  4.792  0.000   0.080   1.12 0.1684  0.088    
  VRDN   22 280 115  P 0 2018 64.400  4.862  4.823  0.000   0.039   1.12 0.1447  0.042    
  AZGN   24 306 114  P 0 2018 64.560  5.022  5.077  0.000  -0.054   1.12 0.2228 -0.062    
  GOLJ   27  89 111  P 0 2018 65.250  5.712  5.711  0.000   0.001   1.12 0.2552  0.001    
  HRS    29 250 109  P 0 2018 65.150  5.612  6.014  0.000  -0.402   1.12 0.1698 -0.442    
  MGSL   29 239 109  P 0 2018 65.660  6.122  6.023  0.000   0.099   1.12 0.1915  0.110    
  KRNG   33 277 106  P 0 2018 66.170  6.632  6.603  0.000   0.029   1.12 0.1959  0.032    
  TBZ    54 110  99  P 0 2018 69.430  9.892 10.078  0.000  -0.186   1.12 0.3510 -0.230    
  BST    79 190  96  P 4 2018 73.350 13.812 14.370  0.000  -0.558   0.00 0.0000 -0.558    
  $$$   VELEST-Version ETH-11FEB92 located at: 0915-2026 110826.7  
 
 
1 E V E N T   N R .      114                            0                    0
0 DATE  ORIGIN   TIME   LAT      LON     DEPTH  MAG  NO  DM GAP  RMS   ALE D-SPR
 120815 20:27:44.775 38.3865N 46.6653E   7.743  1.6  19   5  56 0.20  1.72  0.00
0  ERX  ERY  ERZ Q SQD  ADJ  IN NR  AVR   AAR  NM AVXM  SDXM IT
   0.0  0.2  0.0 A A/A  0.00  0 19  0.00  0.13  0  0.0  0.0   7
0 F-E NR: 344 N.W. IRAN-USSR BORDER REGION    
0 STN  DIST AZM AIN PRMK HRMN  P-SEC  TPOBS  TPCAL  -TSCOR  P-RES   P-WT IMP STURES
        AMX PRX     SRMK XMAG  S-SEC  TSOBS  TSCAL  -TSCOR  S-RES   S-WT IMP STURES
  HIGH    5 185 146  P 0 2027 46.890  2.115  2.172  0.000  -0.057   1.19 0.3431 -0.070    
  ZANG    7 310 135  P 0 2027 47.110  2.335  2.433  0.000  -0.097   1.19 0.2815 -0.115    
  SRND   10 150 125  P 0 2027 47.490  2.715  2.689  0.000   0.026   1.19 0.2754  0.030    
  KVCH   10 130 126  P 0 2027 47.460  2.685  2.714  0.000  -0.029   1.19 0.2715 -0.034    
  MHTR   10 337 124  P 0 2027 47.580  2.805  2.748  0.000   0.057   1.19 0.2494  0.066    
  GZCH   13 297 115  P 0 2027 47.990  3.215  3.202  0.000   0.013   1.19 0.1431  0.014    
  HMLO   16  49 110  P 4 2027 99.700 54.925  3.620  0.000  -8.695   0.00 0.0000 -8.695    
  FRMZ   18  34 106  P 0 2027 48.840  4.065  3.943  0.000   0.122   1.19 0.3787  0.155    
  ORNG   21 304 103  P 0 2027 49.400  4.625  4.339  0.000   0.286   1.19 0.1418  0.309    
  GOLJ   22  83 103  P 0 2027 49.280  4.505  4.591  0.000  -0.086   1.19 0.4474 -0.116    
  BLVR   22 231 102  P 0 2027 49.670  4.895  4.601  0.000   0.294   1.19 0.2015  0.329    
  NMVR   26 248  99  P 0 2027 50.180  5.405  5.233  0.000   0.172   1.19 0.1586  0.187    
  VRDN   28 282  98  P 0 2027 50.330  5.555  5.583  0.000  -0.028   1.19 0.1238 -0.030    
  AZGN   30 303  98  P 0 2027 50.500  5.725  5.837  0.000  -0.111   1.19 0.1562 -0.121    
  MGSL   34 247  96  P 0 2027 51.430  6.655  6.553  0.000   0.102   1.19 0.1758  0.113    
  HRS    34 257  96  P 0 2027 50.930  6.155  6.658  0.000  -0.503   1.19 0.1520 -0.547    
  KRNG   39 279  95  P 0 2027 52.110  7.335  7.458  0.000  -0.123   1.19 0.1371 -0.132    
  TBZ    48 110  94  P 4 2027 53.620  8.845  8.970  0.000  -0.125   0.00 0.0000 -0.125    
  BST    79 194  92  P 4 2027 58.510 13.735 14.180  0.000  -0.445   0.00 0.0000 -0.445    
  $$$   VELEST-Version ETH-11FEB92 located at: 0915-2026 110826.7  
 
 
1 E V E N T   N R .      115                            0                    0
0 DATE  ORIGIN   TIME   LAT      LON     DEPTH  MAG  NO  DM GAP  RMS   ALE D-SPR
 120815 20:38:42.742 38.4101N 46.7957E  10.130  1.8  16   3  74 0.09  2.25  0.00
0  ERX  ERY  ERZ Q SQD  ADJ  IN NR  AVR   AAR  NM AVXM  SDXM IT
  -0.2  0.0  0.0 A A/A  0.00  0 16 -0.00  0.07  0  0.0  0.0   4
0 F-E NR: 344 N.W. IRAN-USSR BORDER REGION    
0 STN  DIST AZM AIN PRMK HRMN  P-SEC  TPOBS  TPCAL  -TSCOR  P-RES   P-WT IMP STURES
        AMX PRX     SRMK XMAG  S-SEC  TSOBS  TSCAL  -TSCOR  S-RES   S-WT IMP STURES
  GZCH    3 354 162  P 0 2038 45.080  2.338  2.391  0.000  -0.053   1.07 0.2826 -0.063    
  ZANG    6  69 149  P 0 2038 45.260  2.518  2.621  0.000  -0.104   1.07 0.2130 -0.117    
  MHTR   10  48 134  P 0 2038 45.760  3.018  3.000  0.000   0.018   1.07 0.1878  0.019    
  ORNG   11 328 132  P 0 2038 45.950  3.208  3.008  0.000   0.200   1.07 0.2042  0.224    
  HIGH   13 125 125  P 0 2038 46.150  3.408  3.455  0.000  -0.047   1.07 0.1792 -0.052    
  VRDN   16 282 118  P 0 2038 46.570  3.828  3.812  0.000   0.016   1.07 0.1484  0.018    
  NMVR   18 226 116  P 0 2038 46.740  3.998  4.012  0.000  -0.014   1.07 0.2155 -0.015    
  BLVR   18 199 116  P 0 2038 46.860  4.118  4.013  0.000   0.105   1.07 0.2614  0.122    
  AZGN   19 315 114  P 0 2038 46.880  4.138  4.213  0.000  -0.075   1.07 0.2147 -0.085    
  SRND   20 124 113  P 0 2038 47.130  4.388  4.353  0.000   0.035   1.07 0.1976  0.039    
  KVCH   21 115 112  P 0 2038 47.370  4.628  4.563  0.000   0.065   1.07 0.1936  0.073    
  HMLO   24  72 108  P 4 2038 99.200 56.458  5.149  0.000  -8.691   0.00 0.0000 -8.691    
  MGSL   25 232 107  P 0 2038 47.900  5.158  5.213  0.000  -0.055   1.07 0.2154 -0.062    
  FRMZ   25  60 107  P 0 2038 47.970  5.228  5.156  0.000   0.072   1.07 0.2925  0.086    
  KRNG   28 277 105  P 0 2038 48.270  5.528  5.585  0.000  -0.057   1.07 0.1804 -0.063    
  GOLJ   33  90 102  P 0 2038 49.200  6.458  6.531  0.000  -0.073   1.07 0.2794 -0.086    
  $$$   VELEST-Version ETH-11FEB92 located at: 0915-2026 110826.7  
 
 
1 E V E N T   N R .      116                            0                    0
0 DATE  ORIGIN   TIME   LAT      LON     DEPTH  MAG  NO  DM GAP  RMS   ALE D-SPR
 120815 20:39:41.656 38.3998N 46.7291E  13.854  2.4  19   3  49 0.20  1.97  0.00
0  ERX  ERY  ERZ Q SQD  ADJ  IN NR  AVR   AAR  NM AVXM  SDXM IT
   0.0  0.2  0.0 A A/A  0.02  0 19 -0.00  0.17  0  0.0  0.0   7
0 F-E NR: 344 N.W. IRAN-USSR BORDER REGION    
0 STN  DIST AZM AIN PRMK HRMN  P-SEC  TPOBS  TPCAL  -TSCOR  P-RES   P-WT IMP STURES
        AMX PRX     SRMK XMAG  S-SEC  TSOBS  TSCAL  -TSCOR  S-RES   S-WT IMP STURES
  ZANG    3 359 167  P 0 2039 44.390  2.734  3.033  0.000  -0.299   1.06 0.1953 -0.334    
  GZCH    8 306 151  P 0 2039 44.770  3.114  3.258  0.000  -0.144   1.06 0.1600 -0.157    
  MHTR    8  12 150  P 0 2039 44.830  3.174  3.291  0.000  -0.117   1.06 0.1821 -0.130    
  HIGH    8 142 149  P 0 2039 44.940  3.284  3.335  0.000  -0.051   1.06 0.2082 -0.057    
  ORNG   15 311 131  P 0 2039 45.810  4.154  4.018  0.000   0.135   1.06 0.1602  0.148    
  SRND   14 134 133  P 0 2039 45.770  4.114  3.950  0.000   0.164   1.06 0.1786  0.181    
  KVCH   15 121 132  P 0 2039 45.870  4.214  4.074  0.000   0.140   1.06 0.1665  0.153    
  HMLO   20  63 124  P 4 2039 97.720 56.064  4.670  0.000  -8.607   0.00 0.0000 -8.607    
  BLVR   19 216 124  P 0 2039 46.510  4.854  4.576  0.000   0.277   1.06 0.1765  0.305    
  FRMZ   21  50 122  P 0 2039 46.610  4.954  4.785  0.000   0.169   1.06 0.2767  0.198    
  NMVR   22 239 120  P 0 2039 46.710  5.054  4.897  0.000   0.157   1.06 0.1415  0.169    
  VRDN   22 282 119  P 0 2039 46.710  5.054  4.991  0.000   0.062   1.06 0.1413  0.067    
  AZGN   24 307 117  P 0 2039 46.860  5.204  5.272  0.000  -0.068   1.06 0.2168 -0.077    
  GOLJ   27  88 115  P 0 2039 47.560  5.904  5.799  0.000   0.104   1.06 0.2448  0.120    
  HRS    29 252 113  P 0 2039 47.490  5.834  6.107  0.000  -0.274   1.06 0.1464 -0.296    
  MGSL   29 240 112  P 0 2039 47.960  6.304  6.095  0.000   0.209   1.06 0.1568  0.227    
  KRNG   34 278 109  P 0 2039 48.460  6.804  6.724  0.000   0.079   1.06 0.1914  0.088    
  TBZ    54 110 101  P 0 2039 51.600  9.944 10.068  0.000  -0.125   1.06 0.3311 -0.153    
  BST    79 190  97  P 0 2039 55.580 13.924 14.307  0.000  -0.383   1.06 0.3135 -0.462    
  $$$   VELEST-Version ETH-11FEB92 located at: 0915-2026 110826.7  
 
 
1 E V E N T   N R .      117                            0                    0
0 DATE  ORIGIN   TIME   LAT      LON     DEPTH  MAG  NO  DM GAP  RMS   ALE D-SPR
 120815 20:41:15.950 38.4015N 46.8218E   3.703  1.2  13   5  75 0.09  1.42  0.00
0  ERX  ERY  ERZ Q SQD  ADJ  IN NR  AVR   AAR  NM AVXM  SDXM IT
  -0.1 -0.1 -0.1 A A/A -0.07  0 13  0.00  0.07  0  0.0  0.0  99
0 F-E NR: 344 N.W. IRAN-USSR BORDER REGION    
0 STN  DIST AZM AIN PRMK HRMN  P-SEC  TPOBS  TPCAL  -TSCOR  P-RES   P-WT IMP STURES
        AMX PRX     SRMK XMAG  S-SEC  TSOBS  TSCAL  -TSCOR  S-RES   S-WT IMP STURES
  GZCH    5  24 138  P 0 2041 17.550  1.600  1.581  0.000   0.019   1.08 0.2849  0.022    
  ZANG    9  68 120  P 0 2041 18.160  2.210  2.262  0.000  -0.052   1.08 0.2392 -0.060    
  ORNG   10 341 113  P 0 2041 18.650  2.700  2.546  0.000   0.154   1.08 0.2758  0.180    
  MHTR   12  52  56  P 0 2041 18.840  2.890  2.945  0.000  -0.055   1.08 0.2295 -0.063    
  VRDN   14 287  56  P 0 2041 19.150  3.200  3.258  0.000  -0.058   1.08 0.2626 -0.068    
  HIGH   15 117  56  P 0 2041 19.230  3.280  3.397  0.000  -0.117   1.08 0.1738 -0.129    
  BLVR   16 192  56  P 0 2041 19.590  3.640  3.563  0.000   0.077   1.08 0.2259  0.088    
  AZGN   18 322  56  P 0 2041 19.790  3.840  3.921  0.000  -0.081   1.08 0.3137 -0.098    
  SRND   21 119  56  P 0 2041 20.460  4.510  4.470  0.000   0.040   1.08 0.1747  0.044    
  MGSL   23 230  56  P 0 2041 20.680  4.730  4.752  0.000  -0.022   1.08 0.2212 -0.024    
  KVCH   23 111  56  P 0 2041 20.750  4.800  4.749  0.000   0.051   1.08 0.1708  0.056    
  HMLO   27  71  53  P 4 2041 72.760 56.810  5.517  0.000  -8.707   0.00 0.0000 -8.707    
  FRMZ   27  61  53  P 0 2041 21.570  5.620  5.526  0.000   0.094   1.08 0.2162  0.107    
  $$$   VELEST-Version ETH-11FEB92 located at: 0915-2026 110826.7  
 
 
1 E V E N T   N R .      118                            0                    0
0 DATE  ORIGIN   TIME   LAT      LON     DEPTH  MAG  NO  DM GAP  RMS   ALE D-SPR
 120815 20:52:33.621 38.4201N 46.7510E  12.624  1.2  12   5  94 0.12  2.17  0.00
0  ERX  ERY  ERZ Q SQD  ADJ  IN NR  AVR   AAR  NM AVXM  SDXM IT
   0.2 -0.0  0.1 A A/A  0.00  0 12  0.00  0.09  0  0.0  0.0   9
0 F-E NR: 344 N.W. IRAN-USSR BORDER REGION    
0 STN  DIST AZM AIN PRMK HRMN  P-SEC  TPOBS  TPCAL  -TSCOR  P-RES   P-WT IMP STURES
        AMX PRX     SRMK XMAG  S-SEC  TSOBS  TSCAL  -TSCOR  S-RES   S-WT IMP STURES
  GZCH    5 297 159  P 0 2052 36.460  2.839  2.871  0.000  -0.031   1.09 0.2270 -0.036    
  MHTR    7  33 153  P 0 2052 36.630  3.009  2.998  0.000   0.011   1.09 0.2701  0.013    
  HIGH   11 141 138  P 0 2052 36.970  3.349  3.466  0.000  -0.117   1.09 0.1675 -0.128    
  SRND   17 135 124  P 0 2052 37.820  4.199  4.210  0.000  -0.011   1.09 0.1664 -0.012    
  KVCH   18 124 123  P 0 2052 37.920  4.299  4.327  0.000  -0.028   1.09 0.1538 -0.030    
  BLVR   20 208 119  P 0 2052 38.420  4.799  4.595  0.000   0.204   1.09 0.1685  0.224    
  VRDN   20 276 119  P 0 2052 38.260  4.639  4.560  0.000   0.079   1.09 0.1741  0.087    
  HMLO   20  71 119  P 4 2052 89.700 56.079  4.688  0.000  -8.609   0.00 0.0000 -8.609    
  FRMZ   21  58 119  P 0 2052 38.510  4.889  4.710  0.000   0.180   1.09 0.2214  0.204    
  MGSL   29 235 110  P 0 2052 39.570  5.949  5.956  0.000  -0.007   1.09 0.1536 -0.007    
  GOLJ   29  92 110  P 0 2052 39.570  5.949  6.018  0.000  -0.069   1.09 0.1442 -0.074    
  KRNG   31 274 108  P 0 2052 39.760  6.139  6.317  0.000  -0.178   1.09 0.1926 -0.198    
  $$$   VELEST-Version ETH-11FEB92 located at: 0915-2026 110826.7  
 
 
1 E V E N T   N R .      119                            0                    0
0 DATE  ORIGIN   TIME   LAT      LON     DEPTH  MAG  NO  DM GAP  RMS   ALE D-SPR
 120815 20:54: 2.827 38.4234N 46.7411E  11.194  1.3  14   1  81 0.10  1.89  0.00
0  ERX  ERY  ERZ Q SQD  ADJ  IN NR  AVR   AAR  NM AVXM  SDXM IT
   0.2 -0.0  0.0 A A/A  0.01  0 14  0.00  0.07  0  0.0  0.0   6
0 F-E NR: 344 N.W. IRAN-USSR BORDER REGION    
0 STN  DIST AZM AIN PRMK HRMN  P-SEC  TPOBS  TPCAL  -TSCOR  P-RES   P-WT IMP STURES
        AMX PRX     SRMK XMAG  S-SEC  TSOBS  TSCAL  -TSCOR  S-RES   S-WT IMP STURES
  ZANG    1  53 174  P 0 2054  5.300  2.473  2.530  0.000  -0.057   1.00 0.2422 -0.065    
  MHTR    6  28 153  P 0 2054  5.540  2.713  2.725  0.000  -0.012   1.00 0.2209 -0.014    
  GZCH    5 290 154  P 0 2054  5.490  2.663  2.691  0.000  -0.028   1.00 0.1934 -0.031    
  HIGH   11 146 134  P 0 2054  6.020  3.193  3.268  0.000  -0.075   1.00 0.1824 -0.083    
  ORNG   13 305 129  P 0 2054  6.450  3.623  3.412  0.000   0.211   1.00 0.1556  0.230    
  SRND   17 138 120  P 0 2054  6.840  4.013  4.035  0.000  -0.021   1.00 0.1700 -0.023    
  KVCH   18 126 120  P 0 2054  6.930  4.103  4.130  0.000  -0.027   1.00 0.1731 -0.030    
  FRMZ   20  57 116  P 0 2054  7.360  4.533  4.460  0.000   0.073   1.00 0.3601  0.091    
  BLVR   21 210 114  P 0 2054  7.590  4.763  4.598  0.000   0.166   1.00 0.1505  0.180    
  VRDN   21 275 114  P 0 2054  7.380  4.553  4.576  0.000  -0.022   1.00 0.1150 -0.024    
  AZGN   22 303 113  P 0 2054  7.460  4.633  4.719  0.000  -0.086   1.00 0.2029 -0.096    
  NMVR   22 232 113  P 0 2054  7.680  4.853  4.789  0.000   0.064   1.00 0.1194  0.068    
  MGSL   30 235 106  P 0 2054  8.800  5.973  6.027  0.000  -0.054   1.00 0.1269 -0.058    
  KRNG   32 273 105  P 0 2054  9.080  6.253  6.385  0.000  -0.132   1.00 0.1543 -0.143    
  $$$   VELEST-Version ETH-11FEB92 located at: 0915-2026 110826.7  
 
 
1 E V E N T   N R .      120                            0                    0
0 DATE  ORIGIN   TIME   LAT      LON     DEPTH  MAG  NO  DM GAP  RMS   ALE D-SPR
 120815 20:58:14.092 38.3987N 46.6691E   7.569  1.5  17   6  93 0.19  1.73  0.00
0  ERX  ERY  ERZ Q SQD  ADJ  IN NR  AVR   AAR  NM AVXM  SDXM IT
   0.0  0.2  0.0 A A/A  0.01  0 17 -0.00  0.13  0  0.0  0.0   9
0 F-E NR: 344 N.W. IRAN-USSR BORDER REGION    
0 STN  DIST AZM AIN PRMK HRMN  P-SEC  TPOBS  TPCAL  -TSCOR  P-RES   P-WT IMP STURES
        AMX PRX     SRMK XMAG  S-SEC  TSOBS  TSCAL  -TSCOR  S-RES   S-WT IMP STURES
  ZANG    6 303 140  P 0 2058 16.230  2.138  2.288  0.000  -0.149   1.06 0.3841 -0.190    
  KVCH   11 134 121  P 0 2058 16.920  2.828  2.862  0.000  -0.034   1.06 0.2322 -0.039    
  SRND   11 152 120  P 0 2058 17.020  2.928  2.866  0.000   0.063   1.06 0.2389  0.072    
  GZCH   12 292 116  P 0 2058 17.160  3.068  3.058  0.000   0.010   1.06 0.1673  0.011    
  HMLO   15  53 110  P 4 2058 68.920 54.828  3.517  0.000  -8.689   0.00 0.0000 -8.689    
  FRMZ   17  38 107  P 0 2058 18.020  3.928  3.790  0.000   0.138   1.06 0.3416  0.170    
  ORNG   20 301 103  P 0 2058 18.460  4.368  4.165  0.000   0.203   1.06 0.1620  0.221    
  GOLJ   22  87 102  P 0 2058 18.650  4.558  4.621  0.000  -0.063   1.06 0.2457 -0.072    
  BLVR   23 227 101  P 0 2058 19.150  5.058  4.701  0.000   0.357   1.06 0.1409  0.386    
  NMVR   26 245  98  P 0 2058 19.530  5.438  5.266  0.000   0.172   1.06 0.1200  0.184    
  VRDN   28 280  98  P 0 2058 19.580  5.488  5.481  0.000   0.007   1.06 0.1285  0.008    
  AZGN   29 301  97  P 0 2058 19.680  5.588  5.666  0.000  -0.078   1.06 0.1826 -0.086    
  MGSL   34 245  96  P 0 2058 20.800  6.708  6.589  0.000   0.119   1.06 0.1269  0.127    
  HRS    34 255  96  P 0 2058 20.300  6.208  6.656  0.000  -0.448   1.06 0.1206 -0.478    
  KRNG   39 277  95  P 0 2058 21.380  7.288  7.368  0.000  -0.080   1.06 0.1382 -0.086    
  TBZ    49 112  94  P 0 2058 23.200  9.108  9.104  0.000   0.004   1.06 0.2422  0.005    
  BST    80 194  92  P 0 2058 28.290 14.198 14.386  0.000  -0.188   1.06 0.2049 -0.211    
  $$$   VELEST-Version ETH-11FEB92 located at: 0915-2026 110826.7  
 
 
1 E V E N T   N R .      121                            0                    0
0 DATE  ORIGIN   TIME   LAT      LON     DEPTH  MAG  NO  DM GAP  RMS   ALE D-SPR
 120815 20:59:12.289 38.3900N 46.6773E   4.488  1.2  14   6  55 0.19  1.58  0.00
0  ERX  ERY  ERZ Q SQD  ADJ  IN NR  AVR   AAR  NM AVXM  SDXM IT
   0.2  0.0 -0.1 A A/A  0.01  0 14 -0.00  0.13  0  0.0  0.0   5
0 F-E NR: 344 N.W. IRAN-USSR BORDER REGION    
0 STN  DIST AZM AIN PRMK HRMN  P-SEC  TPOBS  TPCAL  -TSCOR  P-RES   P-WT IMP STURES
        AMX PRX     SRMK XMAG  S-SEC  TSOBS  TSCAL  -TSCOR  S-RES   S-WT IMP STURES
  HIGH    6 173 127  P 0 2059 14.040  1.751  1.812  0.000  -0.061   1.08 0.3337 -0.074    
  ZANG    6 314 122  P 0 2059 14.150  1.861  1.947  0.000  -0.086   1.08 0.3043 -0.103    
  MHTR    9 342 105  P 0 2059 14.760  2.471  2.401  0.000   0.070   1.08 0.2336  0.080    
  SRND   11 146 100  P 0 2059 14.920  2.631  2.614  0.000   0.017   1.08 0.1620  0.019    
  KVCH   11 128 100  P 0 2059 14.950  2.661  2.664  0.000  -0.003   1.08 0.1643 -0.003    
  GZCH   12 297  97  P 0 2059 15.190  2.901  2.872  0.000   0.029   1.08 0.1502  0.031    
  HMLO   16  52  94  P 4 2059 67.200 54.911  3.631  0.000  -8.720   0.00 0.0000 -8.720    
  FRMZ   18  38  93  P 0 2059 16.330  4.041  3.945  0.000   0.096   1.08 0.2919  0.114    
  ORNG   19 305  93  P 0 2059 16.560  4.271  4.132  0.000   0.139   1.08 0.1502  0.151    
  BLVR   22 228  73  P 0 2059 17.090  4.801  4.501  0.000   0.300   1.08 0.2124  0.338    
  GOLJ   23  84  73  P 0 2059 16.960  4.671  4.749  0.000  -0.078   1.08 0.3475 -0.096    
  AZGN   28 303  73  P 0 2059 17.870  5.581  5.660  0.000  -0.079   1.08 0.2062 -0.089    
  MGSL   33 246  73  P 0 2059 18.900  6.611  6.429  0.000   0.182   1.08 0.1964  0.204    
  HRS    33 256  73  P 0 2059 18.310  6.021  6.514  0.000  -0.493   1.08 0.1891 -0.548    
  $$$   VELEST-Version ETH-11FEB92 located at: 0915-2026 110826.7  
 
 
1 E V E N T   N R .      122                            0                    0
0 DATE  ORIGIN   TIME   LAT      LON     DEPTH  MAG  NO  DM GAP  RMS   ALE D-SPR
 120815 21: 2:49.769 38.3972N 46.6671E   4.930  2.5  15   6  60 0.10  1.57  0.00
0  ERX  ERY  ERZ Q SQD  ADJ  IN NR  AVR   AAR  NM AVXM  SDXM IT
   0.2  0.1 -0.1 A A/A  0.13  0 15 -0.00  0.07  0  0.0  0.0  99
0 F-E NR: 344 N.W. IRAN-USSR BORDER REGION    
0 STN  DIST AZM AIN PRMK HRMN  P-SEC  TPOBS  TPCAL  -TSCOR  P-RES   P-WT IMP STURES
        AMX PRX     SRMK XMAG  S-SEC  TSOBS  TSCAL  -TSCOR  S-RES   S-WT IMP STURES
  HIGH    6 182 126  P 0 21 2 51.710  1.941  1.967  0.000  -0.026   1.07 0.2640 -0.030    
  ZANG    7 303 125  P 0 21 2 51.760  1.991  2.019  0.000  -0.028   1.07 0.3373 -0.034    
  MHTR    9 335 112  P 0 21 2 52.230  2.461  2.356  0.000   0.105   1.07 0.3062  0.126    
  KVCH   11 134 106  P 0 21 2 52.400  2.631  2.656  0.000  -0.025   1.07 0.1709 -0.028    
  SRND   11 153 105  P 0 21 2 52.450  2.681  2.671  0.000   0.009   1.07 0.1649  0.010    
  GZCH   13 292 101  P 0 21 2 52.720  2.951  2.968  0.000  -0.017   1.07 0.1759 -0.018    
  HMLO   15  53  98  P 4 21 2104.530 54.761  3.429  0.000  -8.669   0.00 0.0000 -8.669    
  FRMZ   17  37  73  P 0 21 2 53.640  3.871  3.744  0.000   0.127   1.07 0.3486  0.158    
  ORNG   20 301  73  P 0 21 2 54.030  4.261  4.171  0.000   0.090   1.07 0.1701  0.098    
  GOLJ   22  86  73  P 0 21 2 54.250  4.481  4.565  0.000  -0.084   1.07 0.3042 -0.101    
  BLVR   23 228  73  P 0 21 2 54.590  4.821  4.681  0.000   0.140   1.07 0.1935  0.156    
  NMVR   26 246  73  P 0 21 2 55.050  5.281  5.266  0.000   0.015   1.07 0.1729  0.016    
  VRDN   28 280  73  P 0 21 2 55.140  5.371  5.503  0.000  -0.132   1.07 0.1536 -0.143    
  AZGN   29 301  73  P 0 21 2 55.290  5.521  5.694  0.000  -0.174   1.07 0.1693 -0.190    
  MGSL   34 245  73  P 0 21 2 56.400  6.631  6.599  0.000   0.032   1.07 0.1732  0.035    
  $$$   VELEST-Version ETH-11FEB92 located at: 0915-2026 110826.7  
 
 
1 E V E N T   N R .      123                            0                    0
0 DATE  ORIGIN   TIME   LAT      LON     DEPTH  MAG  NO  DM GAP  RMS   ALE D-SPR
 120815 21:14: 4.408 38.4326N 46.7331E  10.915  1.2  16   0  85 0.11  1.93  0.00
0  ERX  ERY  ERZ Q SQD  ADJ  IN NR  AVR   AAR  NM AVXM  SDXM IT
   0.2 -0.0  0.0 A A/A  0.00  0 16 -0.00  0.09  0  0.0  0.0   7
0 F-E NR: 344 N.W. IRAN-USSR BORDER REGION    
0 STN  DIST AZM AIN PRMK HRMN  P-SEC  TPOBS  TPCAL  -TSCOR  P-RES   P-WT IMP STURES
        AMX PRX     SRMK XMAG  S-SEC  TSOBS  TSCAL  -TSCOR  S-RES   S-WT IMP STURES
  ZANG    0 136 178  P 0 2114  6.770  2.362  2.473  0.000  -0.112   1.07 0.2508 -0.129    
  MHTR    5  26 158  P 0 2114  7.030  2.622  2.596  0.000   0.025   1.07 0.2237  0.029    
  GZCH    6 278 152  P 0 2114  7.060  2.652  2.683  0.000  -0.031   1.07 0.1965 -0.034    
  HIGH   12 152 132  P 0 2114  7.640  3.232  3.298  0.000  -0.067   1.07 0.1811 -0.074    
  ORNG   13 300 128  P 0 2114  8.010  3.602  3.389  0.000   0.213   1.07 0.1812  0.236    
  SRND   17 142 119  P 0 2114  8.470  4.062  4.057  0.000   0.004   1.07 0.1537  0.005    
  KVCH   18 130 119  P 0 2114  8.530  4.122  4.118  0.000   0.003   1.07 0.1516  0.004    
  HMLO   19  73 117  P 4 2114 60.030 55.622  4.267  0.000  -8.646   0.00 0.0000 -8.646    
  FRMZ   19  59 117  P 0 2114  8.820  4.412  4.268  0.000   0.143   1.07 0.3204  0.174    
  VRDN   22 272 113  P 0 2114  9.020  4.612  4.656  0.000  -0.044   1.07 0.1607 -0.048    
  AZGN   22 300 112  P 0 2114  9.030  4.622  4.712  0.000  -0.090   1.07 0.2521 -0.105    
  BLVR   22 210 112  P 0 2114  9.330  4.922  4.769  0.000   0.152   1.07 0.1525  0.165    
  NMVR   23 231 111  P 0 2114  9.480  5.072  4.957  0.000   0.115   1.07 0.1379  0.124    
  GOLJ   27  95 107  P 0 2114 10.020  5.612  5.690  0.000  -0.078   1.07 0.2541 -0.091    
  MGSL   31 234 105  P 0 2114 10.540  6.132  6.203  0.000  -0.071   1.07 0.1495 -0.077    
  KRNG   33 271 104  P 0 2114 10.760  6.352  6.482  0.000  -0.130   1.07 0.2079 -0.146    
  $$$   VELEST-Version ETH-11FEB92 located at: 0915-2026 110826.7  
 
 
