eid,sta,dis,azm,pha,wet,ptt,res,ort,lat,lon,dep,mag,gap,rms,nst,erh,erz
0,ZANG,7.413,127.852,PG,0,2.850,0.160,,,,,,,,,,
0,ZANG,7.413,127.852,SG,0,4.530,-0.120,,,,,,,,,,
0,HIGH,12.360,63.854,PG,0,3.340,0.140,,,,,,,,,,
0,HIGH,12.360,63.854,SG,0,5.480,-0.050,,,,,,,,,,
0,BLVR,15.342,338.977,PG,0,3.790,-0.030,,,,,,,,,,
0,BLVR,15.342,338.977,SG,0,6.670,0.040,,,,,,,,,,
0,NMVR,15.933,308.363,PG,0,3.710,-0.060,,,,,,,,,,
0,NMVR,15.933,308.363,SG,0,6.580,0.060,,,,,,,,,,
0,VRDN,16.955,250.552,PG,0,3.880,0.040,,,,,,,,,,
0,VRDN,16.955,250.552,SG,0,6.640,-0.000,,,,,,,,,,
0,SRND,18.550,61.730,PG,0,4.280,0.180,,,,,,,,,,
0,SRND,18.550,61.730,SG,0,7.060,-0.040,,,,,,,,,,
0,AZGN,20.574,220.518,PG,0,4.330,0.040,,,,,,,,,,
0,AZGN,20.574,220.518,SG,0,7.420,-0.010,,,,,,,,,,
0,MGSL,23.552,304.185,PG,0,4.780,-0.120,,,,,,,,,,
0,MGSL,23.552,304.185,PG,0,4.790,-0.110,,,,,,,,,,
0,FRMZ,26.006,123.922,PG,0,5.200,-0.040,,,,,,,,,,
0,FRMZ,26.006,123.922,SG,0,9.110,0.010,,,,,,,,,,
0,KRNG,27.916,258.397,PG,0,5.410,0.000,,,,,,,,,,
0,KRNG,27.916,258.397,SG,0,9.380,0.000,,,,,,,,,,
0,GOLJ,33.015,93.932,PG,0,6.210,-0.030,,,,,,,,,,
0,GOLJ,33.015,93.932,SG,0,10.760,-0.070,,,,,,,,,,
0,GRVN,36.424,293.268,PG,4,-1.670,-8.520,,,,,,,,,,
0,,,,,,,,2012-08-14T12:10:18.800000Z,38.389,46.797,11.900,2.300,92.000,0.100,12.000,,1.200
1,ZANG,4.406,123.643,PG,0,2.330,-0.060,,,,,,,,,,
1,ZANG,4.406,123.643,SG,0,4.160,-0.020,,,,,,,,,,
1,HIGH,11.680,49.708,PG,0,2.980,-0.050,,,,,,,,,,
1,HIGH,11.680,49.708,SG,0,5.320,0.020,,,,,,,,,,
1,SRND,17.856,52.415,PG,0,3.910,-0.010,,,,,,,,,,
1,SRND,17.856,52.415,SG,0,6.960,0.110,,,,,,,,,,
1,BLVR,18.141,334.932,PG,0,4.110,-0.000,,,,,,,,,,
1,BLVR,18.141,334.932,SG,0,7.120,-0.070,,,,,,,,,,
1,VRDN,18.508,258.999,PG,0,3.950,-0.010,,,,,,,,,,
1,VRDN,18.508,258.999,SG,0,7.010,0.100,,,,,,,,,,
1,NMVR,18.957,309.280,PG,0,4.090,0.000,,,,,,,,,,
1,NMVR,18.957,309.280,SG,0,7.080,-0.060,,,,,,,,,,
1,AZGN,20.609,228.973,PG,0,4.140,-0.060,,,,,,,,,,
1,AZGN,20.609,228.973,SG,0,7.280,-0.050,,,,,,,,,,
1,FRMZ,23.021,122.618,PG,0,4.680,-0.040,,,,,,,,,,
1,FRMZ,23.021,122.618,SG,0,8.330,0.090,,,,,,,,,,
1,MGSL,26.547,305.318,PG,0,5.210,-0.040,,,,,,,,,,
1,MGSL,26.547,305.318,SG,0,9.270,0.100,,,,,,,,,,
1,KRNG,29.729,263.243,PG,0,5.600,0.010,,,,,,,,,,
1,KRNG,29.729,263.243,SG,0,9.830,0.070,,,,,,,,,,
1,GOLJ,30.745,90.304,PG,0,5.790,-0.020,,,,,,,,,,
1,GRVN,39.274,294.854,PG,4,-1.230,-8.440,,,,,,,,,,
1,,,,,,,,2012-08-14T12:22:56.500000Z,38.408,46.772,11.800,2.400,105.000,0.100,12.000,,1.000
2,ZANG,0.141,141.811,PG,0,2.090,-0.080,,,,,,,,,,
2,ZANG,0.141,141.811,SG,0,3.680,-0.100,,,,,,,,,,
2,HIGH,11.225,28.327,PG,0,2.890,-0.040,,,,,,,,,,
2,HIGH,11.225,28.327,SG,0,5.080,-0.020,,,,,,,,,,
2,SRND,16.920,38.640,PG,0,3.770,-0.000,,,,,,,,,,
2,SRND,16.920,38.640,SG,0,6.680,0.120,,,,,,,,,,
2,FRMZ,18.749,122.545,PG,0,4.180,0.090,,,,,,,,,,
2,FRMZ,18.749,122.545,SG,0,7.110,-0.010,,,,,,,,,,
2,VRDN,21.775,266.863,PG,0,4.340,-0.070,,,,,,,,,,
2,VRDN,21.775,266.863,SG,0,7.820,0.150,,,,,,,,,,
2,BLVR,21.888,329.028,PG,0,4.480,-0.160,,,,,,,,,,
2,AZGN,22.156,239.668,PG,0,4.390,-0.020,,,,,,,,,,
2,AZGN,22.156,239.668,SG,0,7.800,0.130,,,,,,,,,,
2,NMVR,23.210,308.159,PG,0,4.630,-0.060,,,,,,,,,,
2,NMVR,23.210,308.159,SG,0,8.370,0.210,,,,,,,,,,
2,GOLJ,27.241,85.463,PG,0,5.340,0.040,,,,,,,,,,
2,GOLJ,27.241,85.463,SG,0,9.290,0.080,,,,,,,,,,
2,HRS,29.975,294.531,PG,0,5.220,-0.200,,,,,,,,,,
2,HRS,29.975,294.531,SG,0,9.420,-0.000,,,,,,,,,,
2,MGSL,30.817,305.029,PG,0,5.830,-0.080,,,,,,,,,,
2,MGSL,30.817,305.029,SG,0,10.360,0.070,,,,,,,,,,
2,KRNG,33.114,268.005,PG,0,6.100,-0.030,,,,,,,,,,
2,KRNG,33.114,268.005,SG,0,10.690,0.030,,,,,,,,,,
2,GRVN,43.504,295.684,PG,4,-0.580,-8.470,,,,,,,,,,
2,TBZ,55.200,66.833,PG,0,9.700,0.100,,,,,,,,,,
2,BST,82.061,350.333,PG,0,13.680,-0.170,,,,,,,,,,
2,MRD,94.983,109.085,PG,0,15.690,-0.210,,,,,,,,,,
2,SHB,98.730,80.226,PG,4,17.060,0.440,,,,,,,,,,
2,SRB,106.181,309.597,PG,4,17.210,-0.340,,,,,,,,,,
2,AZR,106.187,37.971,PG,0,18.030,0.220,,,,,,,,,,
2,,,,,,,,2012-08-14T12:33:18.200000Z,38.429,46.731,10.900,3.100,102.000,0.100,19.000,,1.100
3,HIGH,5.772,0.000,PG,0,1.400,-0.090,,,,,,,,,,
3,HIGH,5.772,0.000,SG,0,2.710,0.090,,,,,,,,,,
3,ZANG,6.727,231.187,PG,0,1.480,-0.140,,,,,,,,,,
3,ZANG,6.727,231.187,SG,0,3.010,0.160,,,,,,,,,,
3,SRND,10.505,29.932,PG,0,2.270,-0.060,,,,,,,,,,
3,SRND,10.505,29.932,SG,0,4.220,0.120,,,,,,,,,,
3,FRMZ,17.652,143.566,PG,0,3.540,-0.090,,,,,,,,,,
3,FRMZ,17.652,143.566,SG,0,6.490,0.140,,,,,,,,,,
3,GOLJ,21.929,95.150,PG,0,4.140,-0.160,,,,,,,,,,
3,GOLJ,21.929,95.150,SG,0,7.620,0.100,,,,,,,,,,
3,BLVR,22.152,311.469,PG,0,4.570,0.060,,,,,,,,,,
3,NMVR,25.717,293.480,PG,0,5.080,0.080,,,,,,,,,,
3,NMVR,25.717,293.480,SG,4,9.480,0.740,,,,,,,,,,
3,VRDN,27.593,258.963,PG,0,5.220,-0.050,,,,,,,,,,
3,VRDN,27.593,258.963,SG,0,9.260,0.050,,,,,,,,,,
3,AZGN,28.843,238.006,PG,0,5.330,-0.100,,,,,,,,,,
3,AZGN,28.843,238.006,SG,0,9.570,0.090,,,,,,,,,,
3,MGSL,33.465,293.979,PG,0,6.340,-0.080,,,,,,,,,,
3,MGSL,33.465,293.979,SG,4,11.770,0.560,,,,,,,,,,
3,KRNG,38.795,262.243,PG,0,7.030,-0.200,,,,,,,,,,
3,KRNG,38.795,262.243,SG,0,12.700,0.090,,,,,,,,,,
3,GRVN,46.941,288.347,PG,4,0.000,-8.790,,,,,,,,,,
3,GRVN,46.941,288.347,SG,4,6.820,-8.510,,,,,,,,,,
3,,,,,,,,2012-08-14T12:34:10.800000Z,38.392,46.670,4.100,2.700,87.000,0.100,12.000,,1.600
4,HIGH,5.704,7.038,PG,0,1.410,-0.090,,,,,,,,,,
4,HIGH,5.704,7.038,SG,0,2.650,0.030,,,,,,,,,,
4,ZANG,6.274,226.389,PG,0,1.560,-0.020,,,,,,,,,,
4,ZANG,6.274,226.389,SG,0,2.920,0.160,,,,,,,,,,
4,SRND,10.778,33.447,PG,0,2.350,-0.050,,,,,,,,,,
4,SRND,10.778,33.447,SG,0,4.400,0.210,,,,,,,,,,
4,KVCH,10.918,51.642,PG,0,2.360,-0.080,,,,,,,,,,
4,KVCH,10.918,51.642,SG,0,4.310,0.050,,,,,,,,,,
4,FRMZ,18.163,141.998,PG,0,3.690,-0.050,,,,,,,,,,
4,FRMZ,18.163,141.998,SG,0,6.640,0.110,,,,,,,,,,
4,BLVR,21.557,312.475,PG,0,4.460,0.020,,,,,,,,,,
4,GOLJ,22.635,95.266,PG,0,4.330,-0.120,,,,,,,,,,
4,NMVR,25.032,293.880,PG,0,4.930,0.020,,,,,,,,,,
4,NMVR,25.032,293.880,SG,4,9.290,0.730,,,,,,,,,,
4,AZGN,28.314,237.063,PG,0,5.250,-0.120,,,,,,,,,,
4,AZGN,28.314,237.063,SG,0,9.420,0.060,,,,,,,,,,
4,MGSL,32.781,294.294,PG,0,6.290,-0.040,,,,,,,,,,
4,MGSL,32.781,294.294,SG,4,11.420,0.390,,,,,,,,,,
4,KRNG,38.119,261.931,PG,0,6.930,-0.210,,,,,,,,,,
4,KRNG,38.119,261.931,SG,0,12.550,0.110,,,,,,,,,,
4,GRVN,46.242,288.484,PG,4,-0.060,-8.760,,,,,,,,,,
4,,,,,,,,2012-08-14T13:58:41.600000Z,38.391,46.678,4.100,2.000,84.000,0.100,12.000,,1.500
5,ZANG,4.306,60.659,PG,0,2.650,-0.090,,,,,,,,,,
5,ZANG,4.306,60.659,SG,0,4.790,0.020,,,,,,,,,,
5,ORNG,8.852,239.087,PG,0,3.180,-0.060,,,,,,,,,,
5,ORNG,8.852,239.087,SG,0,5.650,0.000,,,,,,,,,,
5,VRZ1,11.010,123.645,PG,0,3.540,0.180,,,,,,,,,,
5,VRZ1,11.010,123.645,SG,4,4.760,-1.090,,,,,,,,,,
5,HIGH,15.079,36.605,PG,0,3.630,-0.060,,,,,,,,,,
5,HIGH,15.079,36.605,SG,0,6.400,-0.030,,,,,,,,,,
5,AZGN,17.869,239.845,PG,0,4.060,0.040,,,,,,,,,,
5,AZGN,17.869,239.845,SG,0,7.030,0.030,,,,,,,,,,
5,SRND,20.998,42.659,PG,0,4.550,-0.000,,,,,,,,,,
5,SRND,20.998,42.659,SG,0,7.910,-0.020,,,,,,,,,,
5,KVCH,21.420,51.865,PG,0,4.600,-0.030,,,,,,,,,,
5,KVCH,21.420,51.865,SG,0,7.930,-0.130,,,,,,,,,,
5,NMVR,22.057,318.629,PG,0,4.680,-0.030,,,,,,,,,,
5,NMVR,22.057,318.629,SG,0,8.300,0.100,,,,,,,,,,
5,BLVR,22.315,340.103,PG,0,4.790,-0.090,,,,,,,,,,
5,BLVR,22.315,340.103,SG,0,8.450,-0.050,,,,,,,,,,
5,HRS,27.776,301.842,PG,0,5.120,-0.100,,,,,,,,,,
5,HRS,27.776,301.842,SG,0,9.230,0.150,,,,,,,,,,
5,MGSL,29.340,312.703,PG,0,5.740,-0.070,,,,,,,,,,
5,MGSL,29.340,312.703,SG,0,10.200,0.090,,,,,,,,,,
5,KRNG,29.437,272.050,PG,0,5.640,-0.030,,,,,,,,,,
5,KRNG,29.437,272.050,SG,0,9.830,-0.050,,,,,,,,,,
5,GOLJ,31.126,81.895,PG,0,6.000,-0.010,,,,,,,,,,
5,GOLJ,31.126,81.895,SG,0,10.550,0.090,,,,,,,,,,
5,GRVN,41.300,300.655,PG,4,-0.720,-8.330,,,,,,,,,,
5,TABZ,58.458,41.760,PG,4,10.900,0.710,,,,,,,,,,
5,TABZ,58.458,41.760,SG,4,19.460,1.720,,,,,,,,,,
5,TBZ,59.444,66.230,PG,0,10.270,-0.020,,,,,,,,,,
5,TBZ,59.444,66.230,SG,0,18.100,0.190,,,,,,,,,,
5,BST,83.723,353.065,PG,0,14.030,-0.090,,,,,,,,,,
5,BST,83.723,353.065,SG,0,24.740,0.160,,,,,,,,,,
5,MRD,97.741,107.134,PG,0,16.370,0.030,,,,,,,,,,
5,MRD,97.741,107.134,SG,4,28.750,0.320,,,,,,,,,,
5,SHB,102.713,79.326,PG,0,17.220,-0.030,,,,,,,,,,
5,SHB,102.713,79.326,SG,0,29.900,-0.120,,,,,,,,,,
5,SRB,104.808,311.803,PG,0,17.240,-0.100,,,,,,,,,,
5,SRB,104.808,311.803,SG,0,30.200,0.020,,,,,,,,,,
5,AZR,110.216,38.746,PG,0,18.530,0.090,,,,,,,,,,
5,AZR,110.216,38.746,SG,0,32.110,0.010,,,,,,,,,,
5,GZV,381.331,307.937,PG,4,55.150,-5.990,,,,,,,,,,
5,,,,,,,,2012-08-14T14:02:26.300000Z,38.449,46.773,13.900,4.900,115.000,0.100,22.000,,0.800
6,HIGH,5.249,338.518,PG,0,1.320,-0.150,,,,,,,,,,
6,HIGH,5.249,338.518,SG,0,2.530,-0.020,,,,,,,,,,
6,KVCH,8.441,44.736,PG,0,1.950,-0.100,,,,,,,,,,
6,KVCH,8.441,44.736,SG,0,3.660,0.080,,,,,,,,,,
6,ZANG,8.796,234.539,PG,0,1.850,-0.130,,,,,,,,,,
6,ZANG,8.796,234.539,SG,0,3.550,0.100,,,,,,,,,,
6,SRND,8.860,22.007,PG,0,2.070,-0.040,,,,,,,,,,
6,SRND,8.860,22.007,SG,0,3.750,0.080,,,,,,,,,,
6,VRZ1,13.435,187.474,PG,0,2.730,-0.160,,,,,,,,,,
6,VRZ1,13.435,187.474,SG,0,4.900,-0.120,,,,,,,,,,
6,FRMZ,17.352,150.432,PG,0,3.550,-0.040,,,,,,,,,,
6,FRMZ,17.352,150.432,SG,0,6.390,0.140,,,,,,,,,,
6,GOLJ,20.125,98.174,PG,0,3.980,-0.010,,,,,,,,,,
6,GOLJ,20.125,98.174,SG,4,7.740,0.800,,,,,,,,,,
6,ORNG,21.933,237.622,PG,0,4.380,-0.040,,,,,,,,,,
6,ORNG,21.933,237.622,SG,0,7.780,0.080,,,,,,,,,,
6,BLVR,23.090,306.658,PG,0,4.840,0.180,,,,,,,,,,
6,BLVR,23.090,306.658,SG,4,9.230,1.110,,,,,,,,,,
6,NMVR,27.177,290.156,PG,0,5.300,0.080,,,,,,,,,,
6,NMVR,27.177,290.156,SG,4,10.100,1.020,,,,,,,,,,
6,VRDN,29.655,258.003,PG,0,5.580,0.010,,,,,,,,,,
6,VRDN,29.655,258.003,SG,0,9.620,-0.070,,,,,,,,,,
6,AZGN,30.944,238.510,PG,0,5.700,-0.030,,,,,,,,,,
6,AZGN,30.944,238.510,SG,0,10.120,0.160,,,,,,,,,,
6,MGSL,34.903,291.373,PG,0,6.600,0.020,,,,,,,,,,
6,MGSL,34.903,291.373,SG,4,11.250,-0.190,,,,,,,,,,
6,HRS,35.338,282.216,PG,0,6.210,-0.070,,,,,,,,,,
6,HRS,35.338,282.216,SG,4,11.500,0.570,,,,,,,,,,
6,TABZ,45.909,37.656,PG,4,9.280,0.940,,,,,,,,,,
6,TBZ,46.615,69.035,PG,0,8.480,0.080,,,,,,,,,,
6,TBZ,46.615,69.035,SG,4,15.190,0.580,,,,,,,,,,
6,BST,78.778,344.510,PG,0,13.720,-0.140,,,,,,,,,,
6,BST,78.778,344.510,SG,0,24.150,0.030,,,,,,,,,,
6,MRD,90.125,113.634,PG,4,15.090,-0.690,,,,,,,,,,
6,SHB,90.859,82.614,PG,4,15.760,-0.270,,,,,,,,,,
6,AZR,97.803,36.460,PG,0,17.280,0.060,,,,,,,,,,
6,SRB,109.000,305.153,PG,4,18.030,-0.850,,,,,,,,,,
6,,,,,,,,2012-08-14T15:48:20.400000Z,38.384,46.648,4.100,3.700,52.000,0.100,21.000,,1.400
7,ZANG,7.426,243.380,PG,0,1.780,-0.020,,,,,,,,,,
7,ZANG,7.426,243.380,SG,0,3.120,0.020,,,,,,,,,,
7,KVCH,10.109,39.748,PG,0,2.220,-0.140,,,,,,,,,,
7,KVCH,10.109,39.748,SG,0,4.140,0.050,,,,,,,,,,
7,SRND,10.705,21.041,PG,0,2.350,-0.100,,,,,,,,,,
7,SRND,10.705,21.041,SG,0,4.370,0.130,,,,,,,,,,
7,FRMZ,16.119,145.696,PG,0,3.570,0.120,,,,,,,,,,
7,GOLJ,20.469,93.036,PG,0,4.170,0.040,,,,,,,,,,
7,GOLJ,20.469,93.036,SG,4,7.730,0.560,,,,,,,,,,
7,ORNG,20.572,241.011,PG,0,4.240,-0.030,,,,,,,,,,
7,BLVR,23.789,310.851,PG,0,4.810,-0.070,,,,,,,,,,
7,BLVR,23.789,310.851,SG,4,9.140,0.680,,,,,,,,,,
7,NMVR,27.354,294.030,PG,0,5.270,-0.090,,,,,,,,,,
7,NMVR,27.354,294.030,SG,0,9.290,-0.020,,,,,,,,,,
7,VRDN,28.813,261.237,PG,0,5.430,-0.130,,,,,,,,,,
7,VRDN,28.813,261.237,SG,0,9.740,0.090,,,,,,,,,,
7,AZGN,29.591,240.904,PG,4,-18.550,-24.200,,,,,,,,,,
7,MGSL,35.103,294.386,PG,0,6.720,-0.060,,,,,,,,,,
7,MGSL,35.103,294.386,SG,0,11.980,0.200,,,,,,,,,,
7,KRNG,40.069,263.779,PG,4,7.260,-0.270,,,,,,,,,,
7,KRNG,40.069,263.779,SG,4,12.730,-0.340,,,,,,,,,,
7,,,,,,,,2012-08-14T17:05:18.100000Z,38.400,46.654,4.100,1.900,95.000,0.100,12.000,,2.000
8,ZANG,2.641,112.216,PG,0,2.190,-0.140,,,,,,,,,,
8,ZANG,2.641,112.216,SG,0,4.080,-0.000,,,,,,,,,,
8,ORNG,11.744,229.327,PG,0,3.270,0.010,,,,,,,,,,
8,ORNG,11.744,229.327,SG,0,5.630,-0.080,,,,,,,,,,
8,SRND,17.864,46.345,PG,0,3.840,-0.090,,,,,,,,,,
8,SRND,17.864,46.345,SG,0,6.820,-0.040,,,,,,,,,,
8,KVCH,18.546,56.944,PG,0,3.960,-0.080,,,,,,,,,,
8,KVCH,18.546,56.944,SG,0,7.060,-0.000,,,,,,,,,,
8,VRDN,19.499,263.859,PG,0,4.130,0.030,,,,,,,,,,
8,VRDN,19.499,263.859,SG,0,7.280,0.110,,,,,,,,,,
8,BLVR,19.973,333.514,PG,0,4.300,-0.070,,,,,,,,,,
8,BLVR,19.973,333.514,SG,0,7.820,0.180,,,,,,,,,,
8,NMVR,20.819,310.233,PG,0,4.330,-0.020,,,,,,,,,,
8,NMVR,20.819,310.233,SG,0,7.660,0.050,,,,,,,,,,
8,FRMZ,21.219,121.127,PG,0,4.470,0.010,,,,,,,,,,
8,FRMZ,21.219,121.127,SG,0,7.930,0.130,,,,,,,,,,
8,HRS,27.461,294.871,PG,0,4.890,-0.140,,,,,,,,,,
8,MGSL,28.382,306.279,PG,0,5.460,-0.070,,,,,,,,,,
8,MGSL,28.382,306.279,SG,0,9.710,0.050,,,,,,,,,,
8,GOLJ,29.544,87.526,PG,0,5.690,0.060,,,,,,,,,,
8,GOLJ,29.544,87.526,SG,0,9.910,0.070,,,,,,,,,,
8,KRNG,30.808,266.184,PG,0,5.830,0.070,,,,,,,,,,
8,KRNG,30.808,266.184,SG,0,10.010,-0.040,,,,,,,,,,
8,,,,,,,,2012-08-14T17:19:59.400000Z,38.421,46.758,11.900,2.000,108.000,0.100,12.000,,1.100
9,ZANG,0.852,155.794,PG,0,1.970,-0.070,,,,,,,,,,
9,ZANG,0.852,155.794,SG,0,3.520,-0.060,,,,,,,,,,
9,ORNG,13.277,235.971,PG,0,3.260,-0.030,,,,,,,,,,
9,ORNG,13.277,235.971,SG,0,5.760,0.010,,,,,,,,,,
9,SRND,16.576,40.787,PG,0,3.640,-0.010,,,,,,,,,,
9,SRND,16.576,40.787,SG,0,6.510,0.140,,,,,,,,,,
9,KVCH,16.960,52.459,PG,0,3.720,0.000,,,,,,,,,,
9,KVCH,16.960,52.459,SG,0,6.420,-0.080,,,,,,,,,,
9,FRMZ,19.333,123.788,PG,0,4.120,0.020,,,,,,,,,,
9,FRMZ,19.333,123.788,SG,0,7.160,0.000,,,,,,,,,,
9,BLVR,21.183,328.706,PG,0,4.390,-0.080,,,,,,,,,,
9,VRDN,21.562,265.056,PG,0,4.250,-0.060,,,,,,,,,,
9,VRDN,21.562,265.056,SG,0,7.680,0.150,,,,,,,,,,
9,AZGN,22.279,237.850,PG,0,4.290,-0.070,,,,,,,,,,
9,AZGN,22.279,237.850,SG,0,7.700,0.090,,,,,,,,,,
9,NMVR,22.596,307.238,PG,0,4.520,-0.020,,,,,,,,,,
9,NMVR,22.596,307.238,SG,0,8.040,0.120,,,,,,,,,,
9,GOLJ,27.461,86.890,PG,0,5.260,-0.010,,,,,,,,,,
9,GOLJ,27.461,86.890,SG,0,9.320,0.130,,,,,,,,,,
9,HRS,29.466,293.561,PG,0,5.140,-0.150,,,,,,,,,,
9,MGSL,30.224,304.277,PG,0,5.730,-0.040,,,,,,,,,,
9,KRNG,32.885,266.827,PG,0,5.960,-0.080,,,,,,,,,,
9,KRNG,32.885,266.827,SG,0,10.630,0.090,,,,,,,,,,
9,,,,,,,,2012-08-14T18:03:35.200000Z,38.423,46.734,10.300,1.900,82.000,0.100,13.000,,1.000
10,ZANG,6.504,104.810,PG,0,2.550,-0.080,,,,,,,,,,
10,ZANG,6.504,104.810,SG,0,4.490,-0.100,,,,,,,,,,
10,ORNG,9.744,211.323,PG,0,3.100,-0.020,,,,,,,,,,
10,ORNG,9.744,211.323,SG,0,5.440,0.000,,,,,,,,,,
10,HIGH,14.225,54.138,PG,4,-2.010,-5.440,,,,,,,,,,
10,VRDN,15.789,259.932,PG,0,3.720,0.060,,,,,,,,,,
10,VRDN,15.789,259.932,SG,0,6.310,-0.060,,,,,,,,,,
10,NMVR,17.563,316.666,PG,0,3.930,-0.040,,,,,,,,,,
10,NMVR,17.563,316.666,SG,0,7.040,0.130,,,,,,,,,,
10,BLVR,17.937,343.597,PG,0,4.050,-0.110,,,,,,,,,,
10,BLVR,17.937,343.597,SG,0,7.370,0.130,,,,,,,,,,
10,AZGN,18.159,225.380,PG,0,3.940,0.020,,,,,,,,,,
10,AZGN,18.159,225.380,SG,0,6.890,0.060,,,,,,,,,,
10,SRND,20.431,55.157,PG,0,4.290,-0.070,,,,,,,,,,
10,SRND,20.431,55.157,SG,0,7.530,-0.060,,,,,,,,,,
10,KVCH,21.573,63.995,PG,0,4.520,-0.020,,,,,,,,,,
10,KVCH,21.573,63.995,SG,0,8.020,0.120,,,,,,,,,,
10,HRS,23.713,297.290,PG,0,4.400,-0.130,,,,,,,,,,
10,MGSL,24.945,310.250,PG,0,5.000,-0.070,,,,,,,,,,
10,MGSL,24.945,310.250,SG,0,8.830,0.000,,,,,,,,,,
10,FRMZ,24.890,117.844,PG,0,5.060,-0.000,,,,,,,,,,
10,FRMZ,24.890,117.844,SG,0,8.920,0.110,,,,,,,,,,
10,KRNG,27.037,264.205,PG,0,5.310,0.080,,,,,,,,,,
10,KRNG,27.037,264.205,SG,0,9.110,-0.000,,,,,,,,,,
10,GOLJ,33.368,88.928,PG,0,6.310,0.030,,,,,,,,,,
10,,,,,,,,2012-08-14T18:27:32.400000Z,38.415,46.802,12.300,1.900,93.000,0.100,14.000,,1.100
11,ORNG,9.579,175.292,PG,0,2.500,-0.120,,,,,,,,,,
11,ORNG,9.579,175.292,SG,0,4.460,-0.130,,,,,,,,,,
11,VRDN,10.485,247.630,PG,0,2.530,-0.050,,,,,,,,,,
11,VRDN,10.485,247.630,SG,0,4.610,0.090,,,,,,,,,,
11,ZANG,12.478,103.331,PG,0,2.660,-0.120,,,,,,,,,,
11,ZANG,12.478,103.331,SG,0,5.020,0.150,,,,,,,,,,
11,NMVR,13.107,331.760,PG,0,2.950,-0.060,,,,,,,,,,
11,NMVR,13.107,331.760,SG,0,5.400,0.130,,,,,,,,,,
11,AZGN,15.672,206.838,PG,0,3.230,-0.020,,,,,,,,,,
11,AZGN,15.672,206.838,SG,0,5.750,0.060,,,,,,,,,,
11,BLVR,16.004,2.816,PG,0,3.410,-0.160,,,,,,,,,,
11,HIGH,18.785,67.717,PG,4,-25.830,-29.600,,,,,,,,,,
11,MGSL,19.888,318.456,PG,0,3.980,-0.100,,,,,,,,,,
11,MGSL,19.888,318.456,SG,0,7.080,-0.050,,,,,,,,,,
11,KRNG,21.422,259.324,PG,0,4.250,0.070,,,,,,,,,,
11,KRNG,21.422,259.324,SG,0,7.410,0.110,,,,,,,,,,
11,SRND,24.927,65.174,PG,0,4.790,-0.000,,,,,,,,,,
11,SRND,24.927,65.174,SG,0,8.400,0.030,,,,,,,,,,
11,KVCH,26.559,71.894,PG,0,5.170,0.100,,,,,,,,,,
11,KVCH,26.559,71.894,SG,4,9.340,0.490,,,,,,,,,,
11,FRMZ,30.675,114.721,PG,0,5.750,-0.010,,,,,,,,,,
11,FRMZ,30.675,114.721,SG,4,10.610,0.550,,,,,,,,,,
11,GOLJ,39.223,90.833,PG,0,7.170,0.100,,,,,,,,,,
11,GOLJ,39.223,90.833,SG,4,13.300,0.970,,,,,,,,,,
11,,,,,,,,2012-08-14T18:42:58.000000Z,38.404,46.869,8.300,1.900,63.000,0.100,13.000,,1.700
12,ZANG,8.992,128.088,PG,0,2.310,-0.090,,,,,,,,,,
12,ZANG,8.992,128.088,SG,0,4.200,0.050,,,,,,,,,,
12,HIGH,13.099,70.142,PG,0,2.870,-0.090,,,,,,,,,,
12,HIGH,13.099,70.142,SG,0,5.050,-0.070,,,,,,,,,,
12,BLVR,13.993,342.183,PG,0,3.250,-0.080,,,,,,,,,,
12,VRDN,16.194,245.767,PG,0,3.420,-0.030,,,,,,,,,,
12,VRDN,16.194,245.767,SG,0,6.060,0.080,,,,,,,,,,
12,SRND,19.213,66.082,PG,0,3.980,0.000,,,,,,,,,,
12,SRND,19.213,66.082,SG,0,6.990,0.090,,,,,,,,,,
12,AZGN,20.602,216.123,PG,0,4.020,-0.060,,,,,,,,,,
12,AZGN,20.602,216.123,SG,0,7.070,0.000,,,,,,,,,,
12,KVCH,20.940,74.558,PG,0,4.330,0.070,,,,,,,,,,
12,HRS,21.466,288.991,PG,0,3.870,-0.150,,,,,,,,,,
12,HRS,21.466,288.991,SG,0,7.070,0.100,,,,,,,,,,
12,MGSL,21.979,303.812,PG,0,4.440,-0.030,,,,,,,,,,
12,MGSL,21.979,303.812,SG,0,7.840,0.090,,,,,,,,,,
12,KRNG,26.951,255.785,PG,0,5.120,0.000,,,,,,,,,,
12,FRMZ,27.579,124.217,PG,0,5.390,0.030,,,,,,,,,,
12,FRMZ,27.579,124.217,SG,4,9.640,0.340,,,,,,,,,,
12,GOLJ,34.319,95.447,PG,0,6.460,0.090,,,,,,,,,,
12,GOLJ,34.319,95.447,SG,4,11.590,0.530,,,,,,,,,,
12,,,,,,,,2012-08-14T19:40:50.500000Z,38.380,46.811,8.200,1.600,88.000,0.100,12.000,,1.600
13,ZANG,1.227,154.731,PG,0,2.060,-0.110,,,,,,,,,,
13,ZANG,1.227,154.731,SG,0,3.690,-0.060,,,,,,,,,,
13,HIGH,10.589,32.979,PG,0,2.790,-0.070,,,,,,,,,,
13,HIGH,10.589,32.979,SG,0,4.930,-0.030,,,,,,,,,,
13,ORNG,13.324,234.364,PG,0,3.380,-0.020,,,,,,,,,,
13,ORNG,13.324,234.364,SG,0,5.880,-0.020,,,,,,,,,,
13,SRND,16.442,42.006,PG,0,3.660,-0.060,,,,,,,,,,
13,SRND,16.442,42.006,SG,0,6.570,0.130,,,,,,,,,,
13,KVCH,16.901,53.715,PG,0,3.750,-0.050,,,,,,,,,,
13,KVCH,16.901,53.715,SG,0,6.670,0.090,,,,,,,,,,
13,FRMZ,19.665,124.309,PG,0,4.220,-0.010,,,,,,,,,,
13,FRMZ,19.665,124.309,SG,0,7.440,0.110,,,,,,,,,,
13,BLVR,20.808,328.639,PG,0,4.430,-0.070,,,,,,,,,,
13,VRDN,21.421,264.127,PG,0,4.390,0.000,,,,,,,,,,
13,VRDN,21.421,264.127,SG,0,7.770,0.160,,,,,,,,,,
13,AZGN,22.312,236.887,PG,0,4.440,-0.020,,,,,,,,,,
13,NMVR,22.256,306.826,PG,0,4.530,-0.050,,,,,,,,,,
13,NMVR,22.256,306.826,SG,0,8.030,0.080,,,,,,,,,,
13,AZGN,22.312,236.887,SG,0,7.820,0.090,,,,,,,,,,
13,GOLJ,27.620,87.599,PG,0,5.300,-0.070,,,,,,,,,,
13,GOLJ,27.620,87.599,SG,0,9.370,0.060,,,,,,,,,,
13,HRS,29.175,293.097,PG,0,5.240,-0.090,,,,,,,,,,
13,MGSL,29.893,303.936,PG,0,5.800,-0.010,,,,,,,,,,
13,MGSL,29.893,303.936,SG,0,10.170,0.090,,,,,,,,,,
13,KRNG,32.732,266.227,PG,0,6.110,0.010,,,,,,,,,,
13,KRNG,32.732,266.227,SG,0,10.510,-0.080,,,,,,,,,,
13,,,,,,,,2012-08-14T19:58:53.800000Z,38.420,46.736,10.600,2.800,78.000,0.100,14.000,,0.900
14,ZANG,6.128,141.147,PG,0,2.440,-0.040,,,,,,,,,,
14,ZANG,6.128,141.147,SG,0,4.250,-0.030,,,,,,,,,,
14,HIGH,10.480,60.112,PG,0,2.790,-0.100,,,,,,,,,,
14,HIGH,10.480,60.112,SG,0,4.960,-0.050,,,,,,,,,,
14,ORNG,13.678,213.320,PG,0,3.480,-0.020,,,,,,,,,,
14,ORNG,13.678,213.320,SG,0,6.080,0.020,,,,,,,,,,
14,SRND,16.691,59.146,PG,0,3.730,-0.050,,,,,,,,,,
14,SRND,16.691,59.146,SG,0,6.580,0.030,,,,,,,,,,
14,NMVR,17.432,303.694,PG,0,3.870,-0.030,,,,,,,,,,
14,NMVR,17.432,303.694,SG,0,6.880,0.110,,,,,,,,,,
14,KVCH,18.098,69.477,PG,0,4.010,0.010,,,,,,,,,,
14,KVCH,18.098,69.477,SG,0,7.040,0.120,,,,,,,,,,
14,VRDN,18.929,251.956,PG,0,4.090,0.040,,,,,,,,,,
14,VRDN,18.929,251.956,SG,0,6.970,-0.050,,,,,,,,,,
14,AZGN,22.090,224.116,PG,0,4.450,-0.010,,,,,,,,,,
14,AZGN,22.090,224.116,SG,0,7.710,-0.020,,,,,,,,,,
14,FRMZ,24.500,126.986,PG,0,5.040,0.060,,,,,,,,,,
14,FRMZ,24.500,126.986,SG,4,8.020,-0.620,,,,,,,,,,
14,HRS,24.779,288.278,PG,0,4.560,-0.110,,,,,,,,,,
14,HRS,24.779,288.278,SG,0,8.200,0.100,,,,,,,,,,
14,MGSL,25.127,301.199,PG,0,5.050,-0.040,,,,,,,,,,
14,MGSL,25.127,301.199,SG,0,8.880,0.050,,,,,,,,,,
14,KRNG,29.929,258.768,PG,0,5.720,0.040,,,,,,,,,,
14,KRNG,29.929,258.768,SG,0,9.870,0.010,,,,,,,,,,
14,TBZ,57.147,72.611,PG,0,9.990,0.060,,,,,,,,,,
14,BST,76.885,352.504,PG,0,12.850,-0.220,,,,,,,,,,
14,MRD,100.141,110.870,PG,4,16.480,-0.260,,,,,,,,,,
14,SRB,100.335,308.879,PG,4,16.340,-0.330,,,,,,,,,,
14,SHB,101.836,83.151,PG,0,17.240,0.110,,,,,,,,,,
14,AZR,105.034,41.158,PG,4,18.170,0.520,,,,,,,,,,
14,,,,,,,,2012-08-14T20:10:56.900000Z,38.387,46.774,11.100,3.300,72.000,0.100,18.000,,0.900
15,HIGH,5.070,331.147,PG,0,1.350,-0.160,,,,,,,,,,
15,HIGH,5.070,331.147,SG,0,2.570,-0.070,,,,,,,,,,
15,KVCH,7.757,44.297,PG,0,1.940,-0.060,,,,,,,,,,
15,KVCH,7.757,44.297,SG,0,3.640,0.150,,,,,,,,,,
15,SRND,8.258,19.790,PG,0,2.060,-0.000,,,,,,,,,,
15,SRND,8.258,19.790,SG,0,3.750,0.160,,,,,,,,,,
15,ZANG,9.481,234.196,PG,0,1.890,-0.230,,,,,,,,,,
15,ZANG,9.481,234.196,SG,0,3.660,-0.030,,,,,,,,,,
15,FRMZ,17.493,152.643,PG,0,3.600,-0.020,,,,,,,,,,
15,FRMZ,17.493,152.643,SG,0,6.450,0.150,,,,,,,,,,
15,GOLJ,19.678,99.674,PG,4,0.900,-3.020,,,,,,,,,,
15,GOLJ,19.678,99.674,SG,4,3.720,-3.110,,,,,,,,,,
15,ORNG,22.614,237.387,PG,0,4.410,-0.120,,,,,,,,,,
15,ORNG,22.614,237.387,SG,0,8.050,0.170,,,,,,,,,,
15,NMVR,27.525,288.914,PG,0,5.340,0.070,,,,,,,,,,
15,NMVR,27.525,288.914,SG,0,9.370,0.200,,,,,,,,,,
15,VRDN,30.263,257.391,PG,0,5.590,-0.070,,,,,,,,,,
15,VRDN,30.263,257.391,SG,0,9.990,0.140,,,,,,,,,,
15,AZGN,31.623,238.324,PG,0,5.730,-0.100,,,,,,,,,,
15,AZGN,31.623,238.324,SG,0,10.270,0.130,,,,,,,,,,
15,MGSL,35.237,290.392,PG,0,6.650,0.030,,,,,,,,,,
15,MGSL,35.237,290.392,SG,4,12.290,0.760,,,,,,,,,,
15,HRS,35.763,281.346,PG,0,6.220,-0.120,,,,,,,,,,
15,KRNG,41.415,260.891,PG,0,7.420,-0.100,,,,,,,,,,
15,KRNG,41.415,260.891,SG,0,13.090,-0.000,,,,,,,,,,
15,TBZ,45.968,69.322,PG,0,8.430,0.130,,,,,,,,,,
15,BST,78.494,344.054,PG,0,13.670,-0.140,,,,,,,,,,
15,MRD,89.831,114.029,PG,4,15.050,-0.680,,,,,,,,,,
15,SHB,90.287,82.854,PG,0,15.710,-0.230,,,,,,,,,,
15,SRB,109.182,304.806,PG,4,18.050,-0.850,,,,,,,,,,
15,,,,,,,,2012-08-14T20:20:33.300000Z,38.380,46.642,4.700,2.900,82.000,0.100,18.000,,1.500
16,HIGH,5.032,6.980,PG,0,1.390,-0.100,,,,,,,,,,
16,HIGH,5.032,6.980,SG,0,2.580,0.000,,,,,,,,,,
16,ZANG,6.810,222.839,PG,0,1.580,-0.140,,,,,,,,,,
16,ZANG,6.810,222.839,SG,0,3.050,0.080,,,,,,,,,,
16,KVCH,10.448,54.212,PG,0,2.370,-0.050,,,,,,,,,,
16,KVCH,10.448,54.212,SG,0,4.340,0.140,,,,,,,,,,
16,FRMZ,18.640,143.468,PG,0,3.760,-0.080,,,,,,,,,,
16,FRMZ,18.640,143.468,SG,0,6.770,0.120,,,,,,,,,,
16,ORNG,19.777,233.946,PG,0,3.990,-0.090,,,,,,,,,,
16,ORNG,19.777,233.946,SG,4,6.610,-0.470,,,,,,,,,,
16,BLVR,21.180,310.984,PG,0,4.440,0.070,,,,,,,,,,
16,GOLJ,22.621,96.967,PG,0,4.380,-0.060,,,,,,,,,,
16,NMVR,24.853,292.393,PG,0,4.940,0.090,,,,,,,,,,
16,VRDN,27.159,257.103,PG,0,5.120,-0.050,,,,,,,,,,
16,VRDN,27.159,257.103,SG,4,9.390,0.410,,,,,,,,,,
16,AZGN,28.755,236.047,PG,0,5.290,-0.090,,,,,,,,,,
16,AZGN,28.755,236.047,SG,0,9.440,0.100,,,,,,,,,,
16,MGSL,32.596,293.162,PG,0,6.250,0.040,,,,,,,,,,
16,MGSL,32.596,293.162,SG,4,11.110,0.320,,,,,,,,,,
16,HRS,32.889,283.322,PG,0,5.760,-0.130,,,,,,,,,,
16,KRNG,38.307,260.964,PG,0,7.130,0.100,,,,,,,,,,
16,KRNG,38.307,260.964,SG,0,12.260,0.040,,,,,,,,,,
16,,,,,,,,2012-08-14T21:02:33.800000Z,38.385,46.677,4.300,1.700,79.000,0.100,13.000,,1.300
17,ZANG,4.327,126.149,PG,0,2.210,-0.110,,,,,,,,,,
17,ZANG,4.327,126.149,SG,0,4.000,-0.040,,,,,,,,,,
17,HIGH,11.475,49.568,PG,0,2.870,-0.100,,,,,,,,,,
17,HIGH,11.475,49.568,SG,0,5.110,-0.070,,,,,,,,,,
17,ORNG,12.108,220.483,PG,0,3.180,-0.070,,,,,,,,,,
17,ORNG,12.108,220.483,SG,0,5.750,0.090,,,,,,,,,,
17,SRND,17.649,52.356,PG,0,3.840,-0.040,,,,,,,,,,
17,SRND,17.649,52.356,SG,0,6.850,0.090,,,,,,,,,,
17,BLVR,18.116,334.282,PG,0,4.060,-0.030,,,,,,,,,,
17,KVCH,18.675,62.703,SG,0,7.160,0.120,,,,,,,,,,
17,VRDN,18.701,258.769,SG,0,7.010,0.100,,,,,,,,,,
17,KVCH,18.675,62.703,PG,0,4.040,-0.000,,,,,,,,,,
17,VRDN,18.701,258.769,PG,0,3.950,-0.010,,,,,,,,,,
17,NMVR,19.023,308.688,PG,0,4.100,0.020,,,,,,,,,,
17,NMVR,19.023,308.688,SG,0,7.110,0.000,,,,,,,,,,
17,AZGN,20.813,229.060,PG,0,4.180,-0.030,,,,,,,,,,
17,AZGN,20.813,229.060,SG,0,7.310,-0.030,,,,,,,,,,
17,FRMZ,22.935,123.087,PG,0,4.700,-0.000,,,,,,,,,,
17,FRMZ,22.935,123.087,SG,0,8.290,0.100,,,,,,,,,,
17,MGSL,26.627,304.907,PG,0,5.170,-0.090,,,,,,,,,,
17,MGSL,26.627,304.907,SG,0,9.260,0.090,,,,,,,,,,
17,KRNG,29.916,263.072,PG,0,5.640,0.020,,,,,,,,,,
17,GOLJ,30.572,90.515,PG,0,5.800,-0.000,,,,,,,,,,
17,GOLJ,30.572,90.515,SG,4,10.490,0.390,,,,,,,,,,
17,,,,,,,,2012-08-14T21:11:55.300000Z,38.407,46.770,11.100,1.200,94.000,0.100,13.000,,1.000
18,ORNG,8.805,174.878,PG,0,2.710,-0.140,,,,,,,,,,
18,ORNG,8.805,174.878,SG,0,4.900,-0.060,,,,,,,,,,
18,VRDN,10.213,251.662,PG,0,2.870,0.030,,,,,,,,,,
18,VRDN,10.213,251.662,SG,0,5.050,0.100,,,,,,,,,,
18,ZANG,12.321,99.814,PG,0,2.990,-0.050,,,,,,,,,,
18,ZANG,12.321,99.814,SG,0,5.280,-0.000,,,,,,,,,,
18,NMVR,13.796,333.289,PG,0,3.320,-0.030,,,,,,,,,,
18,NMVR,13.796,333.289,SG,0,5.870,0.040,,,,,,,,,,
18,AZGN,14.982,208.177,PG,0,3.400,0.020,,,,,,,,,,
18,AZGN,14.982,208.177,SG,0,5.980,0.100,,,,,,,,,,
18,BLVR,16.780,2.685,PG,0,3.730,-0.160,,,,,,,,,,
18,BLVR,16.780,2.685,SG,0,6.750,-0.020,,,,,,,,,,
18,HRS,18.445,304.379,PG,0,3.560,-0.130,,,,,,,,,,
18,HIGH,19.092,65.557,PG,0,3.910,-0.050,,,,,,,,,,
18,HIGH,19.092,65.557,SG,0,6.880,-0.010,,,,,,,,,,
18,MGSL,20.475,319.901,PG,0,4.410,0.070,,,,,,,,,,
18,MGSL,20.475,319.901,SG,0,7.610,0.050,,,,,,,,,,
18,SRND,25.261,63.572,PG,0,5.020,0.040,,,,,,,,,,
18,SRND,25.261,63.572,SG,4,8.910,0.240,,,,,,,,,,
18,KVCH,26.808,70.314,PG,0,5.330,0.090,,,,,,,,,,
18,KVCH,26.808,70.314,SG,0,9.260,0.150,,,,,,,,,,
18,FRMZ,30.356,113.391,PG,0,5.770,-0.060,,,,,,,,,,
18,FRMZ,30.356,113.391,SG,4,10.470,0.330,,,,,,,,,,
18,GOLJ,39.216,89.698,PG,0,7.190,0.040,,,,,,,,,,
18,,,,,,,,2012-08-14T21:17:20.900000Z,38.411,46.869,10.800,1.200,61.000,0.100,13.000,,1.300
19,ZANG,2.403,126.905,PG,0,2.270,-0.080,,,,,,,,,,
19,ZANG,2.403,126.905,SG,0,4.180,0.050,,,,,,,,,,
19,HIGH,11.153,39.947,PG,0,2.940,-0.070,,,,,,,,,,
19,HIGH,11.153,39.947,SG,0,5.260,-0.010,,,,,,,,,,
19,ORNG,12.431,229.352,PG,0,3.350,-0.010,,,,,,,,,,
19,ORNG,12.431,229.352,SG,0,5.800,-0.080,,,,,,,,,,
19,SRND,17.178,46.213,PG,0,3.810,-0.050,,,,,,,,,,
19,SRND,17.178,46.213,SG,0,6.730,-0.020,,,,,,,,,,
19,KVCH,17.865,57.225,PG,0,3.920,-0.050,,,,,,,,,,
19,KVCH,17.865,57.225,SG,0,7.030,0.090,,,,,,,,,,
19,BLVR,19.821,331.585,PG,0,4.360,-0.010,,,,,,,,,,
19,VRDN,20.072,262.763,PG,0,4.230,0.040,,,,,,,,,,
19,VRDN,20.072,262.763,SG,0,7.470,0.140,,,,,,,,,,
19,NMVR,20.945,308.380,PG,0,4.380,-0.010,,,,,,,,,,
19,NMVR,20.945,308.380,SG,0,7.500,-0.170,,,,,,,,,,
19,FRMZ,21.012,122.904,PG,0,4.400,-0.050,,,,,,,,,,
19,FRMZ,21.012,122.904,SG,0,7.830,0.060,,,,,,,,,,
19,AZGN,21.351,234.083,PG,0,4.300,-0.020,,,,,,,,,,
19,AZGN,21.351,234.083,SG,0,7.530,-0.020,,,,,,,,,,
19,HRS,27.759,293.586,PG,0,4.990,-0.090,,,,,,,,,,
19,HRS,27.759,293.586,SG,0,8.950,0.070,,,,,,,,,,
19,MGSL,28.551,304.939,PG,0,5.570,0.000,,,,,,,,,,
19,MGSL,28.551,304.939,SG,0,9.890,0.170,,,,,,,,,,
19,GOLJ,29.006,88.362,PG,0,5.510,-0.050,,,,,,,,,,
19,GOLJ,29.006,88.362,SG,0,9.850,0.140,,,,,,,,,,
19,KRNG,31.364,265.442,PG,0,5.880,0.030,,,,,,,,,,
19,,,,,,,,2012-08-14T21:20:09.400000Z,38.417,46.752,12.100,1.200,102.000,0.100,14.000,,1.000
20,ORNG,9.374,185.883,PG,0,2.950,-0.070,,,,,,,,,,
20,ORNG,9.374,185.883,SG,0,5.200,-0.020,,,,,,,,,,
20,ZANG,10.728,104.341,PG,0,2.870,-0.080,,,,,,,,,,
20,ZANG,10.728,104.341,SG,0,5.040,-0.060,,,,,,,,,,
20,VRDN,12.046,251.782,PG,0,3.210,0.050,,,,,,,,,,
20,VRDN,12.046,251.782,SG,0,5.590,0.130,,,,,,,,,,
20,NMVR,14.203,325.969,PG,0,3.460,-0.040,,,,,,,,,,
20,NMVR,14.203,325.969,SG,0,6.130,0.080,,,,,,,,,,
20,BLVR,16.235,356.607,PG,0,3.740,-0.160,,,,,,,,,,
20,AZGN,16.345,212.665,PG,0,3.660,0.010,,,,,,,,,,
20,AZGN,16.345,212.665,SG,0,6.270,-0.060,,,,,,,,,,
20,HIGH,17.273,64.848,PG,0,3.690,-0.090,,,,,,,,,,
20,HIGH,17.273,64.848,SG,0,6.530,-0.020,,,,,,,,,,
20,HRS,19.630,300.165,PG,0,3.800,-0.140,,,,,,,,,,
20,MGSL,21.246,315.332,PG,0,4.440,-0.090,,,,,,,,,,
20,MGSL,21.246,315.332,SG,0,7.930,0.080,,,,,,,,,,
20,KRNG,23.102,260.679,PG,0,4.810,0.150,,,,,,,,,,
20,KRNG,23.102,260.679,SG,0,8.100,0.020,,,,,,,,,,
20,SRND,23.451,62.898,PG,0,4.760,-0.020,,,,,,,,,,
20,SRND,23.451,62.898,SG,0,8.370,0.090,,,,,,,,,,
20,KVCH,24.976,70.175,PG,0,5.060,0.040,,,,,,,,,,
20,KVCH,24.976,70.175,SG,0,8.840,0.130,,,,,,,,,,
20,FRMZ,29.002,115.777,PG,0,5.640,-0.040,,,,,,,,,,
20,FRMZ,29.002,115.777,SG,0,9.950,0.100,,,,,,,,,,
20,GOLJ,37.473,90.546,PG,0,6.950,0.030,,,,,,,,,,
20,GOLJ,37.473,90.546,SG,4,12.320,0.310,,,,,,,,,,
20,,,,,,,,2012-08-14T21:26:25.700000Z,38.406,46.849,11.300,1.300,70.000,0.100,14.000,,1.200
21,ZANG,3.737,135.469,PG,0,2.210,-0.070,,,,,,,,,,
21,ZANG,3.737,135.469,SG,0,3.970,-0.030,,,,,,,,,,
21,HIGH,10.748,47.002,PG,0,2.790,-0.090,,,,,,,,,,
21,HIGH,10.748,47.002,SG,0,5.010,-0.030,,,,,,,,,,
21,ORNG,12.773,223.144,PG,0,3.290,-0.030,,,,,,,,,,
21,ORNG,12.773,223.144,SG,0,5.770,-0.030,,,,,,,,,,
21,SRND,16.895,50.849,PG,0,3.710,-0.050,,,,,,,,,,
21,SRND,16.895,50.849,SG,0,6.650,0.080,,,,,,,,,,
21,KVCH,17.850,61.740,PG,0,3.870,-0.030,,,,,,,,,,
21,KVCH,17.850,61.740,SG,0,6.910,0.080,,,,,,,,,,
21,BLVR,18.415,331.684,PG,0,4.070,-0.050,,,,,,,,,,
21,VRDN,19.579,258.954,PG,0,4.080,0.010,,,,,,,,,,
21,VRDN,19.579,258.954,SG,0,7.210,0.090,,,,,,,,,,
21,NMVR,19.647,306.846,PG,0,4.160,0.000,,,,,,,,,,
21,NMVR,19.647,306.846,SG,0,7.280,0.010,,,,,,,,,,
21,AZGN,21.550,230.362,PG,0,4.250,-0.050,,,,,,,,,,
21,AZGN,21.550,230.362,SG,0,7.600,0.090,,,,,,,,,,
21,FRMZ,22.272,124.557,PG,0,4.530,-0.050,,,,,,,,,,
21,FRMZ,22.272,124.557,SG,0,8.070,0.080,,,,,,,,,,
21,HRS,26.646,291.773,PG,0,4.790,-0.090,,,,,,,,,,
21,MGSL,27.288,303.670,PG,0,5.310,-0.040,,,,,,,,,,
21,MGSL,27.288,303.670,SG,0,9.460,0.120,,,,,,,,,,
21,GOLJ,29.700,90.751,PG,0,5.570,-0.060,,,,,,,,,,
21,GOLJ,29.700,90.751,SG,0,9.950,0.110,,,,,,,,,,
21,KRNG,30.796,263.069,PG,0,5.780,0.040,,,,,,,,,,
21,KRNG,30.796,263.069,SG,0,10.000,-0.010,,,,,,,,,,
21,,,,,,,,2012-08-14T21:30:13.500000Z,38.406,46.760,11.300,1.400,88.000,0.100,14.000,,0.900
22,ZANG,3.638,127.599,PG,0,1.980,-0.100,,,,,,,,,,
22,ZANG,3.638,127.599,SG,0,3.610,-0.030,,,,,,,,,,
22,HIGH,11.244,46.255,PG,0,2.710,-0.090,,,,,,,,,,
22,HIGH,11.244,46.255,SG,0,4.860,-0.040,,,,,,,,,,
22,ORNG,12.270,223.666,PG,0,3.140,0.010,,,,,,,,,,
22,ORNG,12.270,223.666,SG,0,5.530,0.060,,,,,,,,,,
22,SRND,17.379,50.257,PG,0,3.710,-0.030,,,,,,,,,,
22,SRND,17.379,50.257,SG,0,6.640,0.110,,,,,,,,,,
22,KVCH,18.292,60.900,PG,0,3.880,-0.010,,,,,,,,,,
22,KVCH,18.292,60.900,SG,0,6.890,0.100,,,,,,,,,,
22,BLVR,18.686,333.038,PG,0,3.990,-0.100,,,,,,,,,,
22,VRDN,19.240,260.100,PG,0,3.970,0.020,,,,,,,,,,
22,NMVR,19.709,308.337,PG,0,4.090,-0.010,,,,,,,,,,
22,NMVR,19.709,308.337,SG,0,7.230,0.080,,,,,,,,,,
22,AZGN,21.066,230.835,PG,0,4.190,0.030,,,,,,,,,,
22,AZGN,21.066,230.835,SG,0,7.310,0.040,,,,,,,,,,
22,FRMZ,22.241,123.233,PG,0,4.510,-0.000,,,,,,,,,,
22,FRMZ,22.241,123.233,SG,0,7.810,-0.070,,,,,,,,,,
22,HRS,26.571,292.872,PG,0,4.740,-0.100,,,,,,,,,,
22,MGSL,27.319,304.750,PG,0,5.330,0.010,,,,,,,,,,
22,GOLJ,29.958,89.893,PG,0,5.610,-0.040,,,,,,,,,,
22,GOLJ,29.958,89.893,SG,0,9.960,0.110,,,,,,,,,,
22,KRNG,30.484,263.836,PG,0,5.730,0.060,,,,,,,,,,
22,KRNG,30.484,263.836,SG,0,9.870,-0.010,,,,,,,,,,
22,,,,,,,,2012-08-14T21:32:40.700000Z,38.410,46.763,9.900,1.400,97.000,0.100,14.000,,0.900
23,ZANG,5.942,87.838,PG,0,2.570,-0.080,,,,,,,,,,
23,ZANG,5.942,87.838,SG,0,4.510,-0.120,,,,,,,,,,
23,ORNG,8.410,220.066,PG,0,2.990,-0.060,,,,,,,,,,
23,ORNG,8.410,220.066,SG,0,5.330,0.010,,,,,,,,,,
23,HIGH,15.145,47.559,PG,0,3.510,-0.070,,,,,,,,,,
23,HIGH,15.145,47.559,SG,0,6.190,-0.050,,,,,,,,,,
23,VRDN,15.915,266.858,PG,0,3.750,0.030,,,,,,,,,,
23,VRDN,15.915,266.858,SG,0,6.620,0.140,,,,,,,,,,
23,AZGN,17.154,230.688,PG,0,3.870,0.050,,,,,,,,,,
23,AZGN,17.154,230.688,SG,0,6.680,0.020,,,,,,,,,,
23,NMVR,19.202,319.781,PG,0,4.190,-0.040,,,,,,,,,,
23,NMVR,19.202,319.781,SG,0,7.420,0.060,,,,,,,,,,
23,BLVR,19.847,344.171,PG,0,4.400,-0.050,,,,,,,,,,
23,BLVR,19.847,344.171,SG,0,7.850,0.090,,,,,,,,,,
23,SRND,21.291,50.443,PG,0,4.490,-0.010,,,,,,,,,,
23,KVCH,22.159,59.205,PG,0,4.650,0.010,,,,,,,,,,
23,KVCH,22.159,59.205,SG,0,8.270,0.180,,,,,,,,,,
23,FRMZ,23.743,114.217,PG,0,4.920,0.000,,,,,,,,,,
23,FRMZ,23.743,114.217,SG,0,8.600,0.040,,,,,,,,,,
23,HRS,24.931,300.786,PG,0,4.630,-0.100,,,,,,,,,,
23,MGSL,26.456,312.889,PG,0,5.240,-0.080,,,,,,,,,,
23,MGSL,26.456,312.889,SG,0,9.230,-0.030,,,,,,,,,,
23,KRNG,27.255,268.230,PG,0,5.310,0.020,,,,,,,,,,
23,KRNG,27.255,268.230,SG,0,9.210,-0.000,,,,,,,,,,
23,GOLJ,33.100,85.651,PG,0,6.270,0.020,,,,,,,,,,
23,GOLJ,33.100,85.651,SG,0,10.900,0.030,,,,,,,,,,
23,,,,,,,,2012-08-14T21:48:16.800000Z,38.432,46.798,12.800,1.500,105.000,0.100,14.000,,0.900
24,HIGH,6.009,348.256,PG,0,1.530,-0.100,,,,,,,,,,
24,HIGH,6.009,348.256,SG,0,2.910,0.070,,,,,,,,,,
24,ZANG,7.658,237.588,PG,0,1.710,-0.140,,,,,,,,,,
24,ZANG,7.658,237.588,SG,0,3.180,-0.030,,,,,,,,,,
24,KVCH,9.645,43.503,PG,0,2.240,-0.050,,,,,,,,,,
24,KVCH,9.645,43.503,SG,0,4.100,0.110,,,,,,,,,,
24,FRMZ,16.863,146.690,PG,0,3.550,0.030,,,,,,,,,,
24,FRMZ,16.863,146.690,SG,4,6.550,0.420,,,,,,,,,,
24,GOLJ,20.701,95.157,PG,0,4.140,0.040,,,,,,,,,,
24,GOLJ,20.701,95.157,SG,4,7.610,0.470,,,,,,,,,,
24,ORNG,20.812,238.907,PG,0,4.170,-0.060,,,,,,,,,,
24,ORNG,20.812,238.907,SG,0,7.560,0.200,,,,,,,,,,
24,BLVR,23.155,309.675,PG,0,4.750,0.070,,,,,,,,,,
24,NMVR,26.887,292.666,PG,0,5.240,0.070,,,,,,,,,,
24,AZGN,29.828,239.438,PG,0,5.470,-0.060,,,,,,,,,,
24,AZGN,29.828,239.438,SG,0,9.710,0.080,,,,,,,,,,
24,MGSL,34.632,293.332,PG,0,6.470,-0.060,,,,,,,,,,
24,MGSL,34.632,293.332,SG,4,11.790,0.440,,,,,,,,,,
24,HRS,34.880,284.060,PG,0,6.060,-0.140,,,,,,,,,,
24,KRNG,39.991,262.645,PG,0,7.170,-0.120,,,,,,,,,,
24,KRNG,39.991,262.645,SG,0,12.770,0.080,,,,,,,,,,
24,,,,,,,,2012-08-14T21:56:12.800000Z,38.393,46.656,4.700,2.400,91.000,0.100,12.000,,1.500
25,HIGH,5.484,7.322,PG,0,1.450,-0.060,,,,,,,,,,
25,HIGH,5.484,7.322,SG,0,2.710,0.090,,,,,,,,,,
25,ZANG,6.430,224.957,PG,0,1.570,-0.060,,,,,,,,,,
25,ZANG,6.430,224.957,SG,0,2.960,0.130,,,,,,,,,,
25,SRND,10.594,34.110,PG,0,2.360,-0.050,,,,,,,,,,
25,SRND,10.594,34.110,SG,4,4.460,0.270,,,,,,,,,,
25,KVCH,10.782,52.568,PG,0,2.350,-0.110,,,,,,,,,,
25,KVCH,10.782,52.568,SG,0,4.400,0.140,,,,,,,,,,
25,FRMZ,18.338,142.424,PG,0,3.680,-0.130,,,,,,,,,,
25,FRMZ,18.338,142.424,SG,0,6.720,0.110,,,,,,,,,,
25,ORNG,19.447,234.850,PG,0,4.010,-0.040,,,,,,,,,,
25,ORNG,19.447,234.850,SG,4,7.330,0.280,,,,,,,,,,
25,BLVR,21.409,312.036,PG,0,4.560,0.120,,,,,,,,,,
25,GOLJ,22.658,95.825,PG,0,4.310,-0.180,,,,,,,,,,
25,GOLJ,22.658,95.825,SG,0,7.960,0.160,,,,,,,,,,
25,NMVR,24.944,293.413,PG,0,5.020,0.090,,,,,,,,,,
25,NMVR,24.944,293.413,SG,4,9.540,0.980,,,,,,,,,,
25,VRDN,26.976,257.980,PG,0,5.180,-0.040,,,,,,,,,,
25,VRDN,26.976,257.980,SG,4,9.500,0.420,,,,,,,,,,
25,AZGN,28.436,236.689,PG,0,5.320,-0.100,,,,,,,,,,
25,AZGN,28.436,236.689,SG,0,9.530,0.110,,,,,,,,,,
25,MGSL,32.691,293.938,PG,0,6.320,-0.020,,,,,,,,,,
25,MGSL,32.691,293.938,SG,4,11.740,0.710,,,,,,,,,,
25,HRS,32.908,284.109,PG,0,5.880,-0.130,,,,,,,,,,
25,KRNG,38.151,261.601,PG,0,7.020,-0.150,,,,,,,,,,
25,KRNG,38.151,261.601,SG,0,12.600,0.130,,,,,,,,,,
25,,,,,,,,2012-08-14T21:58:40.300000Z,38.389,46.678,4.100,2.200,82.000,0.100,14.000,,1.500
26,ORNG,8.714,194.511,PG,0,2.660,-0.020,,,,,,,,,,
26,ORNG,8.714,194.511,SG,0,4.670,0.020,,,,,,,,,,
26,ZANG,9.340,100.930,PG,0,2.450,-0.090,,,,,,,,,,
26,ZANG,9.340,100.930,SG,0,4.350,-0.070,,,,,,,,,,
26,VRDN,12.986,257.204,PG,0,3.070,0.020,,,,,,,,,,
26,VRDN,12.986,257.204,SG,0,5.360,0.060,,,,,,,,,,
26,AZGN,16.325,217.968,PG,0,3.520,0.060,,,,,,,,,,
26,AZGN,16.325,217.968,SG,0,5.970,-0.040,,,,,,,,,,
26,HIGH,16.594,60.277,PG,0,3.420,-0.100,,,,,,,,,,
26,HIGH,16.594,60.277,SG,0,6.140,0.020,,,,,,,,,,
26,BLVR,17.234,352.721,PG,0,3.710,-0.160,,,,,,,,,,
26,BLVR,17.234,352.721,SG,0,6.780,0.050,,,,,,,,,,
26,HRS,21.133,300.590,PG,4,3.800,-0.200,,,,,,,,,,
26,MGSL,22.739,314.721,PG,0,4.460,-0.150,,,,,,,,,,
26,MGSL,22.739,314.721,SG,0,8.040,0.020,,,,,,,,,,
26,SRND,22.803,59.515,PG,0,4.570,0.010,,,,,,,,,,
26,SRND,22.803,59.515,SG,0,7.940,0.010,,,,,,,,,,
26,KRNG,24.186,263.232,PG,0,4.720,0.030,,,,,,,,,,
26,KRNG,24.186,263.232,SG,0,8.230,0.080,,,,,,,,,,
26,KVCH,24.156,67.215,PG,0,4.830,0.040,,,,,,,,,,
26,KVCH,24.156,67.215,SG,0,8.540,0.220,,,,,,,,,,
26,FRMZ,27.515,115.229,PG,0,5.320,-0.030,,,,,,,,,,
26,FRMZ,27.515,115.229,SG,4,9.640,0.330,,,,,,,,,,
26,GOLJ,36.248,89.169,PG,0,6.680,0.010,,,,,,,,,,
26,GOLJ,36.248,89.169,SG,4,12.500,0.890,,,,,,,,,,
26,,,,,,,,2012-08-14T22:37:19.200000Z,38.414,46.835,9.400,1.500,79.000,0.100,13.000,,1.300
27,ZANG,5.100,102.554,PG,0,2.240,-0.100,,,,,,,,,,
27,ZANG,5.100,102.554,SG,0,3.980,-0.110,,,,,,,,,,
27,ORNG,10.049,219.376,PG,0,2.980,-0.020,,,,,,,,,,
27,ORNG,10.049,219.376,SG,0,5.320,0.100,,,,,,,,,,
27,HIGH,13.542,48.985,PG,0,3.130,-0.080,,,,,,,,,,
27,HIGH,13.542,48.985,SG,0,5.520,-0.070,,,,,,,,,,
27,VRDN,16.998,262.555,PG,0,3.750,0.030,,,,,,,,,,
27,VRDN,16.998,262.555,SG,0,6.570,0.100,,,,,,,,,,
27,AZGN,18.746,229.406,PG,0,3.900,-0.000,,,,,,,,,,
27,BLVR,18.872,340.257,PG,0,4.100,-0.090,,,,,,,,,,
27,BLVR,18.872,340.257,SG,0,7.470,0.170,,,,,,,,,,
27,SRND,19.707,51.659,PG,0,4.120,-0.040,,,,,,,,,,
27,SRND,19.707,51.659,SG,0,7.300,0.060,,,,,,,,,,
27,KVCH,20.664,61.024,PG,0,4.310,-0.000,,,,,,,,,,
27,KVCH,20.664,61.024,SG,0,7.590,0.070,,,,,,,,,,
27,FRMZ,23.473,118.149,PG,0,4.730,-0.040,,,,,,,,,,
27,FRMZ,23.473,118.149,SG,0,8.370,0.060,,,,,,,,,,
27,HRS,25.133,297.054,PG,0,4.550,-0.120,,,,,,,,,,
27,MGSL,26.308,309.337,PG,0,5.140,-0.070,,,,,,,,,,
27,MGSL,26.308,309.337,SG,0,9.110,0.030,,,,,,,,,,
27,GOLJ,32.071,87.902,PG,0,5.990,-0.030,,,,,,,,,,
27,GOLJ,32.071,87.902,SG,0,10.650,0.160,,,,,,,,,,
27,,,,,,,,2012-08-14T22:55:05.400000Z,38.420,46.787,11.000,1.500,101.000,0.100,12.000,,1.100
28,ZANG,8.598,136.281,PG,0,2.140,-0.150,,,,,,,,,,
28,ZANG,8.598,136.281,SG,0,3.860,-0.150,,,,,,,,,,
28,HIGH,11.807,71.319,PG,0,2.590,-0.140,,,,,,,,,,
28,HIGH,11.807,71.319,SG,0,4.660,-0.110,,,,,,,,,,
28,BLVR,13.767,336.825,PG,0,3.210,-0.070,,,,,,,,,,
28,ORNG,13.968,202.822,PG,0,3.150,-0.100,,,,,,,,,,
28,ORNG,13.968,202.822,SG,0,5.650,-0.020,,,,,,,,,,
28,VRDN,17.504,245.313,PG,0,3.650,0.020,,,,,,,,,,
28,VRDN,17.504,245.313,SG,0,6.500,0.160,,,,,,,,,,
28,SRND,17.905,66.565,PG,0,3.740,-0.010,,,,,,,,,,
28,SRND,17.905,66.565,SG,0,6.680,0.130,,,,,,,,,,
28,KVCH,19.672,75.556,PG,0,4.090,0.040,,,,,,,,,,
28,KVCH,19.672,75.556,SG,0,7.210,0.150,,,,,,,,,,
28,AZGN,21.815,217.507,PG,0,4.170,-0.090,,,,,,,,,,
28,AZGN,21.815,217.507,SG,0,7.500,0.070,,,,,,,,,,
28,HRS,22.348,286.433,PG,0,4.060,-0.110,,,,,,,,,,
28,MGSL,22.586,300.807,PG,0,4.580,0.010,,,,,,,,,,
28,MGSL,22.586,300.807,SG,0,8.220,0.240,,,,,,,,,,
28,FRMZ,27.044,126.741,PG,0,5.230,-0.050,,,,,,,,,,
28,FRMZ,27.044,126.741,SG,0,9.320,0.110,,,,,,,,,,
28,KRNG,28.219,255.049,PG,0,5.360,0.010,,,,,,,,,,
28,KRNG,28.219,255.049,SG,0,9.360,0.030,,,,,,,,,,
28,GOLJ,33.264,96.782,PG,0,6.270,0.020,,,,,,,,,,
28,GOLJ,33.264,96.782,SG,4,11.320,0.430,,,,,,,,,,
28,,,,,,,,2012-08-14T22:55:52.900000Z,38.374,46.798,6.000,2.400,90.000,0.100,13.000,,1.700
29,HIGH,6.004,330.346,PG,0,1.520,-0.110,,,,,,,,,,
29,HIGH,6.004,330.346,SG,0,2.840,0.010,,,,,,,,,,
29,KVCH,7.999,37.707,PG,0,1.940,-0.090,,,,,,,,,,
29,KVCH,7.999,37.707,SG,0,3.610,0.080,,,,,,,,,,
29,SRND,8.844,14.883,PG,0,2.200,0.050,,,,,,,,,,
29,SRND,8.844,14.883,SG,4,3.990,0.260,,,,,,,,,,
29,ZANG,9.497,239.857,PG,0,1.960,-0.170,,,,,,,,,,
29,ZANG,9.497,239.857,SG,0,3.770,0.070,,,,,,,,,,
29,FRMZ,16.563,153.021,PG,0,3.440,-0.030,,,,,,,,,,
29,FRMZ,16.563,153.021,SG,0,6.170,0.130,,,,,,,,,,
29,GOLJ,19.041,97.639,PG,0,3.860,0.040,,,,,,,,,,
29,GOLJ,19.041,97.639,SG,4,7.320,0.670,,,,,,,,,,
29,ORNG,22.654,239.758,PG,0,4.390,-0.160,,,,,,,,,,
29,BLVR,24.133,305.812,PG,0,4.950,0.100,,,,,,,,,,
29,VRDN,30.615,259.027,PG,0,5.630,-0.110,,,,,,,,,,
29,VRDN,30.615,259.027,SG,0,10.040,0.060,,,,,,,,,,
29,AZGN,31.672,240.019,PG,0,5.740,-0.120,,,,,,,,,,
29,AZGN,31.672,240.019,SG,0,10.280,0.100,,,,,,,,,,
29,MGSL,36.001,291.265,PG,0,6.910,0.140,,,,,,,,,,
29,KRNG,41.814,262.059,PG,0,7.470,-0.140,,,,,,,,,,
29,KRNG,41.814,262.059,SG,0,13.380,0.140,,,,,,,,,,
29,,,,,,,,2012-08-14T23:11:15.400000Z,38.387,46.636,4.600,1.300,87.000,0.100,12.000,,1.900
30,ZANG,2.545,124.542,PG,0,2.110,-0.110,,,,,,,,,,
30,ZANG,2.545,124.542,SG,0,3.860,-0.020,,,,,,,,,,
30,HIGH,11.266,40.628,PG,0,2.870,-0.060,,,,,,,,,,
30,HIGH,11.266,40.628,SG,0,5.090,-0.020,,,,,,,,,,
30,ORNG,12.299,228.821,PG,0,3.240,-0.030,,,,,,,,,,
30,ORNG,12.299,228.821,SG,0,5.640,-0.050,,,,,,,,,,
30,SRND,17.305,46.613,PG,0,3.780,-0.040,,,,,,,,,,
30,SRND,17.305,46.613,SG,0,6.720,0.070,,,,,,,,,,
30,KVCH,18.013,57.525,PG,0,3.900,-0.040,,,,,,,,,,
30,KVCH,18.013,57.525,SG,0,7.000,0.140,,,,,,,,,,
30,BLVR,19.738,332.030,PG,0,4.280,-0.030,,,,,,,,,,
30,VRDN,19.899,262.699,PG,0,4.120,-0.010,,,,,,,,,,
30,VRDN,19.899,262.699,SG,0,7.340,0.140,,,,,,,,,,
30,NMVR,20.808,308.678,PG,0,4.310,-0.020,,,,,,,,,,
30,AZGN,21.210,233.805,PG,0,4.240,-0.030,,,,,,,,,,
30,FRMZ,21.158,122.646,PG,0,4.380,-0.060,,,,,,,,,,
30,FRMZ,21.158,122.646,SG,0,7.780,0.050,,,,,,,,,,
30,AZGN,21.210,233.805,SG,0,7.490,0.060,,,,,,,,,,
30,MGSL,28.408,305.140,PG,0,5.470,-0.060,,,,,,,,,,
30,GOLJ,29.181,88.370,PG,0,5.530,-0.050,,,,,,,,,,
30,GOLJ,29.181,88.370,SG,0,9.810,0.090,,,,,,,,,,
30,KRNG,31.190,265.415,PG,0,5.820,0.000,,,,,,,,,,
30,KRNG,31.190,265.415,SG,0,10.210,0.080,,,,,,,,,,
30,,,,,,,,2012-08-14T23:11:52.600000Z,38.417,46.754,11.000,1.200,103.000,0.100,13.000,,0.900
31,ZANG,5.281,218.953,PG,0,1.380,-0.080,,,,,,,,,,
31,ZANG,5.281,218.953,SG,0,2.660,0.120,,,,,,,,,,
31,HIGH,6.189,18.091,PG,0,1.490,-0.110,,,,,,,,,,
31,HIGH,6.189,18.091,SG,0,2.780,0.000,,,,,,,,,,
31,SRND,11.673,37.857,PG,0,2.500,-0.080,,,,,,,,,,
31,SRND,11.673,37.857,SG,0,4.600,0.100,,,,,,,,,,
31,KVCH,12.030,54.423,PG,0,2.550,-0.110,,,,,,,,,,
31,KVCH,12.030,54.423,SG,0,4.700,0.080,,,,,,,,,,
31,ORNG,18.195,233.769,PG,0,3.760,-0.060,,,,,,,,,,
31,FRMZ,18.771,138.634,PG,0,3.780,-0.090,,,,,,,,,,
31,FRMZ,18.771,138.634,SG,0,6.870,0.140,,,,,,,,,,
31,BLVR,20.827,315.194,PG,0,4.370,0.040,,,,,,,,,,
31,GOLJ,23.834,94.457,PG,0,4.540,-0.150,,,,,,,,,,
31,GOLJ,23.834,94.457,SG,0,8.280,0.130,,,,,,,,,,
31,NMVR,24.012,295.540,PG,0,4.780,0.030,,,,,,,,,,
31,NMVR,24.012,295.540,SG,0,8.400,0.130,,,,,,,,,,
31,VRDN,25.687,258.371,PG,0,4.900,-0.080,,,,,,,,,,
31,VRDN,25.687,258.371,SG,4,9.000,0.330,,,,,,,,,,
31,AZGN,27.172,236.047,PG,0,5.080,-0.100,,,,,,,,,,
31,AZGN,27.172,236.047,SG,0,9.080,0.070,,,,,,,,,,
31,MGSL,31.763,295.560,PG,0,6.180,0.010,,,,,,,,,,
31,MGSL,31.763,295.560,SG,4,11.090,0.360,,,,,,,,,,
31,KRNG,36.876,261.996,PG,4,6.730,-0.200,,,,,,,,,,
31,KRNG,36.876,261.996,SG,4,12.090,0.020,,,,,,,,,,
31,,,,,,,,2012-08-14T23:12:02.000000Z,38.393,46.692,4.100,1.600,80.000,0.100,13.000,,1.300
32,ZANG,6.217,112.000,PG,0,2.400,-0.000,,,,,,,,,,
32,ZANG,6.217,112.000,SG,0,4.250,0.060,,,,,,,,,,
32,ORNG,10.586,211.875,PG,0,3.030,-0.000,,,,,,,,,,
32,ORNG,10.586,211.875,SG,0,5.200,-0.080,,,,,,,,,,
32,HIGH,13.412,55.137,PG,0,3.160,-0.020,,,,,,,,,,
32,HIGH,13.412,55.137,SG,0,5.570,0.020,,,,,,,,,,
32,VRDN,16.432,257.969,PG,0,3.680,0.060,,,,,,,,,,
32,VRDN,16.432,257.969,SG,0,6.310,0.010,,,,,,,,,,
32,NMVR,17.459,313.914,PG,0,3.870,0.030,,,,,,,,,,
32,NMVR,17.459,313.914,SG,0,6.680,-0.010,,,,,,,,,,
32,BLVR,17.460,341.328,PG,0,3.970,-0.010,,,,,,,,,,
32,BLVR,17.460,341.328,SG,4,7.140,0.200,,,,,,,,,,
32,AZGN,19.001,225.065,PG,0,3.920,-0.000,,,,,,,,,,
32,AZGN,19.001,225.065,SG,0,6.820,-0.010,,,,,,,,,,
32,SRND,19.623,55.884,PG,0,4.160,0.020,,,,,,,,,,
32,SRND,19.623,55.884,SG,0,7.280,0.060,,,,,,,,,,
32,KVCH,20.814,65.015,PG,0,4.380,0.050,,,,,,,,,,
32,KVCH,20.814,65.015,SG,0,7.370,-0.180,,,,,,,,,,
32,FRMZ,24.754,119.775,PG,0,4.890,-0.070,,,,,,,,,,
32,FRMZ,24.754,119.775,SG,0,8.730,0.090,,,,,,,,,,
32,MGSL,24.931,308.303,PG,0,4.990,-0.000,,,,,,,,,,
32,GOLJ,32.841,90.077,PG,0,6.140,-0.000,,,,,,,,,,
32,,,,,,,,2012-08-14T23:26:52.400000Z,38.409,46.796,10.800,1.200,92.000,0.100,12.000,,1.000
33,HIGH,6.486,353.038,PG,0,1.560,-0.080,,,,,,,,,,
33,HIGH,6.486,353.038,SG,0,2.910,0.060,,,,,,,,,,
33,ZANG,6.995,239.504,PG,0,1.700,-0.010,,,,,,,,,,
33,ZANG,6.995,239.504,SG,0,3.140,0.170,,,,,,,,,,
33,KVCH,10.348,43.138,PG,0,2.240,-0.130,,,,,,,,,,
33,KVCH,10.348,43.138,SG,0,4.130,0.010,,,,,,,,,,
33,SRND,10.737,24.514,PG,0,2.320,-0.100,,,,,,,,,,
33,SRND,10.737,24.514,SG,0,4.340,0.130,,,,,,,,,,
33,FRMZ,16.651,144.386,PG,0,3.500,0.000,,,,,,,,,,
33,FRMZ,16.651,144.386,SG,0,6.180,0.090,,,,,,,,,,
33,ORNG,20.152,239.613,PG,0,4.120,-0.050,,,,,,,,,,
33,ORNG,20.152,239.613,SG,4,7.490,0.230,,,,,,,,,,
33,GOLJ,21.093,93.546,PG,0,4.110,-0.090,,,,,,,,,,
33,GOLJ,21.093,93.546,SG,0,7.480,0.170,,,,,,,,,,
33,BLVR,23.182,311.421,PG,0,4.720,-0.030,,,,,,,,,,
33,NMVR,26.705,294.125,PG,0,5.160,-0.070,,,,,,,,,,
33,NMVR,26.705,294.125,SG,0,9.160,0.060,,,,,,,,,,
33,VRDN,28.246,260.599,PG,0,5.290,-0.150,,,,,,,,,,
33,VRDN,28.246,260.599,SG,0,9.620,0.160,,,,,,,,,,
33,AZGN,29.170,239.936,PG,0,5.420,-0.120,,,,,,,,,,
33,AZGN,29.170,239.936,SG,0,9.550,-0.090,,,,,,,,,,
33,MGSL,34.454,294.466,PG,0,6.500,-0.150,,,,,,,,,,
33,MGSL,34.454,294.466,SG,0,11.770,0.200,,,,,,,,,,
33,HRS,34.595,285.126,PG,4,6.030,-0.270,,,,,,,,,,
33,KRNG,39.487,263.359,PG,4,7.090,-0.310,,,,,,,,,,
33,,,,,,,,2012-08-14T23:33:32.600000Z,38.398,46.661,4.100,2.100,95.000,0.100,14.000,,1.700
34,ZANG,6.123,132.108,PG,0,2.050,-0.050,,,,,,,,,,
34,ZANG,6.123,132.108,SG,0,3.650,-0.010,,,,,,,,,,
34,HIGH,11.420,58.957,PG,0,2.670,-0.060,,,,,,,,,,
34,HIGH,11.420,58.957,SG,0,4.800,0.050,,,,,,,,,,
34,ORNG,12.740,212.335,PG,0,3.060,-0.040,,,,,,,,,,
34,ORNG,12.740,212.335,SG,0,5.320,-0.070,,,,,,,,,,
34,BLVR,16.263,335.228,PG,0,3.550,-0.120,,,,,,,,,,
34,NMVR,17.244,306.824,PG,0,3.580,-0.090,,,,,,,,,,
34,NMVR,17.244,306.824,SG,0,6.480,0.090,,,,,,,,,,
34,SRND,17.633,58.447,PG,0,3.680,-0.050,,,,,,,,,,
34,VRDN,18.062,253.272,PG,0,3.680,-0.040,,,,,,,,,,
34,VRDN,18.062,253.272,SG,0,6.610,0.140,,,,,,,,,,
34,KVCH,18.989,68.328,PG,0,4.020,0.070,,,,,,,,,,
34,KVCH,18.989,68.328,SG,0,6.930,0.060,,,,,,,,,,
34,AZGN,21.125,224.007,PG,0,4.090,-0.040,,,,,,,,,,
34,AZGN,21.125,224.007,SG,0,7.280,0.090,,,,,,,,,,
34,FRMZ,24.674,124.772,PG,0,4.940,0.070,,,,,,,,,,
34,FRMZ,24.674,124.772,SG,0,8.400,-0.070,,,,,,,,,,
34,MGSL,24.889,303.343,PG,0,4.830,-0.080,,,,,,,,,,
34,MGSL,24.889,303.343,SG,0,8.580,0.030,,,,,,,,,,
34,KRNG,29.117,259.780,PG,0,5.440,0.010,,,,,,,,,,
34,GOLJ,31.677,93.303,PG,0,6.020,0.100,,,,,,,,,,
34,GOLJ,31.677,93.303,SG,4,10.810,0.510,,,,,,,,,,
34,,,,,,,,2012-08-14T23:34:16.300000Z,38.393,46.782,8.600,1.200,83.000,0.100,13.000,,1.200
35,HIGH,4.634,349.132,PG,0,1.740,-0.080,,,,,,,,,,
35,HIGH,4.634,349.132,SG,0,3.220,0.050,,,,,,,,,,
35,ZANG,8.183,228.366,PG,0,2.090,-0.080,,,,,,,,,,
35,ZANG,8.183,228.366,SG,0,3.770,-0.020,,,,,,,,,,
35,KVCH,8.997,50.982,PG,0,2.310,-0.100,,,,,,,,,,
35,KVCH,8.997,50.982,SG,0,4.220,0.020,,,,,,,,,,
35,SRND,9.012,28.997,PG,0,2.340,-0.050,,,,,,,,,,
35,SRND,9.012,28.997,SG,0,4.240,0.070,,,,,,,,,,
35,FRMZ,18.174,148.071,PG,0,3.750,-0.040,,,,,,,,,,
35,FRMZ,18.174,148.071,SG,0,6.700,0.100,,,,,,,,,,
35,GOLJ,21.212,98.654,PG,0,4.120,-0.080,,,,,,,,,,
35,GOLJ,21.212,98.654,SG,0,7.410,0.090,,,,,,,,,,
35,ORNG,21.244,235.344,PG,0,4.270,-0.050,,,,,,,,,,
35,NMVR,26.078,290.255,PG,0,5.120,0.110,,,,,,,,,,
35,VRDN,28.706,256.911,PG,0,5.280,-0.080,,,,,,,,,,
35,VRDN,28.706,256.911,SG,0,9.410,0.070,,,,,,,,,,
35,AZGN,30.238,236.929,PG,0,5.480,-0.060,,,,,,,,,,
35,AZGN,30.238,236.929,SG,0,9.740,0.080,,,,,,,,,,
35,MGSL,33.805,291.487,PG,0,6.450,0.150,,,,,,,,,,
35,HRS,34.244,282.035,PG,0,5.900,-0.110,,,,,,,,,,
35,,,,,,,,2012-08-14T23:40:46.500000Z,38.381,46.660,7.500,1.700,80.000,0.100,12.000,,1.100
36,HIGH,5.166,8.755,PG,0,1.340,-0.080,,,,,,,,,,
36,HIGH,5.166,8.755,SG,0,2.510,0.020,,,,,,,,,,
36,ZANG,6.610,222.382,PG,0,1.580,-0.040,,,,,,,,,,
36,ZANG,6.610,222.382,SG,0,2.950,0.120,,,,,,,,,,
36,SRND,10.371,35.542,PG,0,2.280,-0.050,,,,,,,,,,
36,SRND,10.371,35.542,SG,0,4.160,0.080,,,,,,,,,,
36,KVCH,10.654,54.276,PG,0,2.310,-0.080,,,,,,,,,,
36,KVCH,10.654,54.276,SG,0,4.250,0.060,,,,,,,,,,
36,FRMZ,18.656,142.834,PG,0,3.740,-0.090,,,,,,,,,,
36,FRMZ,18.656,142.834,SG,0,6.760,0.070,,,,,,,,,,
36,ORNG,19.570,233.907,PG,0,3.960,-0.070,,,,,,,,,,
36,BLVR,21.122,311.522,PG,0,4.400,0.060,,,,,,,,,,
36,GOLJ,22.781,96.635,PG,0,4.320,-0.160,,,,,,,,,,
36,GOLJ,22.781,96.635,SG,0,7.970,0.150,,,,,,,,,,
36,NMVR,24.734,292.784,PG,0,4.890,0.050,,,,,,,,,,
36,VRDN,26.963,257.249,PG,0,5.080,-0.090,,,,,,,,,,
36,VRDN,26.963,257.249,SG,0,9.180,0.160,,,,,,,,,,
36,AZGN,28.548,236.034,PG,0,5.290,-0.100,,,,,,,,,,
36,AZGN,28.548,236.034,SG,0,9.450,0.050,,,,,,,,,,
36,MGSL,32.478,293.463,PG,0,6.200,-0.050,,,,,,,,,,
36,HRS,32.744,283.580,PG,4,5.720,-0.210,,,,,,,,,,
36,,,,,,,,2012-08-14T23:42:05.700000Z,38.386,46.679,4.100,1.600,79.000,0.100,13.000,,1.300
37,ZANG,3.608,213.837,PG,0,1.040,-0.250,,,,,,,,,,
37,ZANG,3.608,213.837,SG,0,2.030,-0.190,,,,,,,,,,
37,HIGH,7.705,24.802,PG,0,1.750,-0.110,,,,,,,,,,
37,HIGH,7.705,24.802,SG,0,3.240,0.030,,,,,,,,,,
37,SRND,13.359,39.366,PG,0,2.810,-0.090,,,,,,,,,,
37,SRND,13.359,39.366,SG,0,5.120,0.090,,,,,,,,,,
37,KVCH,13.742,53.828,PG,0,2.840,-0.140,,,,,,,,,,
37,KVCH,13.742,53.828,SG,0,5.280,0.120,,,,,,,,,,
37,ORNG,16.482,234.179,PG,0,3.510,-0.010,,,,,,,,,,
37,ORNG,16.482,234.179,SG,4,6.370,0.270,,,,,,,,,,
37,FRMZ,18.880,133.416,PG,0,3.730,-0.150,,,,,,,,,,
37,FRMZ,18.880,133.416,SG,0,6.830,0.100,,,,,,,,,,
37,BLVR,20.759,319.924,PG,0,4.420,0.120,,,,,,,,,,
37,BLVR,20.759,319.924,SG,4,8.460,1.000,,,,,,,,,,
37,NMVR,23.357,299.381,PG,0,4.720,0.130,,,,,,,,,,
37,NMVR,23.357,299.381,SG,4,8.830,0.860,,,,,,,,,,
37,GOLJ,25.080,91.686,PG,0,4.720,-0.140,,,,,,,,,,
37,GOLJ,25.080,91.686,SG,0,8.660,0.220,,,,,,,,,,
37,AZGN,25.466,236.462,PG,0,4.850,0.030,,,,,,,,,,
37,AZGN,25.466,236.462,SG,0,8.610,0.250,,,,,,,,,,
37,HRS,30.894,288.038,PG,0,5.460,-0.090,,,,,,,,,,
37,MGSL,31.094,298.443,PG,0,6.040,0.090,,,,,,,,,,
37,MGSL,31.094,298.443,SG,4,11.050,0.710,,,,,,,,,,
37,KRNG,35.432,263.469,PG,0,6.570,0.030,,,,,,,,,,
37,KRNG,35.432,263.469,SG,0,11.580,0.210,,,,,,,,,,
37,TBZ,52.182,68.862,PG,0,9.220,-0.160,,,,,,,,,,
37,BST,79.613,348.494,PG,0,13.890,-0.140,,,,,,,,,,
37,MRD,94.046,111.172,PG,4,15.460,-1.010,,,,,,,,,,
37,SHB,96.237,81.726,PG,4,16.480,-0.500,,,,,,,,,,
37,AZR,102.624,38.055,PG,4,17.770,-0.310,,,,,,,,,,
37,SRB,106.052,307.672,PG,4,17.530,-0.870,,,,,,,,,,
37,,,,,,,,2012-08-14T23:50:17.500000Z,38.403,46.707,4.100,2.800,80.000,0.100,19.000,,1.500
38,ZANG,3.478,142.930,PG,0,2.150,-0.060,,,,,,,,,,
38,ZANG,3.478,142.930,SG,0,3.910,0.050,,,,,,,,,,
38,HIGH,10.293,45.467,PG,0,2.710,-0.080,,,,,,,,,,
38,HIGH,10.293,45.467,SG,0,4.850,-0.020,,,,,,,,,,
38,ORNG,13.216,224.475,PG,0,3.300,-0.050,,,,,,,,,,
38,SRND,16.420,49.998,PG,0,3.630,-0.040,,,,,,,,,,
38,SRND,16.420,49.998,SG,0,6.500,0.100,,,,,,,,,,
38,KVCH,17.336,61.246,PG,0,3.790,-0.030,,,,,,,,,,
38,KVCH,17.336,61.246,SG,0,6.610,-0.040,,,,,,,,,,
38,BLVR,18.573,330.099,PG,0,4.120,-0.010,,,,,,,,,,
38,NMVR,20.004,305.694,PG,0,4.220,0.020,,,,,,,,,,
38,VRDN,20.114,258.933,PG,0,4.180,0.040,,,,,,,,,,
38,VRDN,20.114,258.933,SG,0,7.290,0.070,,,,,,,,,,
38,AZGN,22.026,231.012,PG,0,4.360,-0.010,,,,,,,,,,
38,AZGN,22.026,231.012,SG,0,7.560,-0.050,,,,,,,,,,
38,MGSL,27.666,302.879,PG,0,5.380,-0.030,,,,,,,,,,
38,GOLJ,29.178,90.986,PG,0,5.520,-0.040,,,,,,,,,,
38,GOLJ,29.178,90.986,SG,0,9.800,0.110,,,,,,,,,,
38,KRNG,31.330,262.987,PG,0,5.880,0.050,,,,,,,,,,
38,KRNG,31.330,262.987,SG,0,10.180,0.020,,,,,,,,,,
38,,,,,,,,2012-08-14T23:56:13.300000Z,38.405,46.754,10.800,1.100,81.000,0.100,12.000,,0.900
39,ORNG,9.428,188.524,PG,0,2.800,-0.050,,,,,,,,,,
39,ORNG,9.428,188.524,SG,0,5.010,0.060,,,,,,,,,,
39,ZANG,10.306,104.946,PG,0,2.620,-0.110,,,,,,,,,,
39,ZANG,10.306,104.946,SG,0,4.600,-0.150,,,,,,,,,,
39,VRDN,12.462,252.413,PG,0,3.070,0.020,,,,,,,,,,
39,VRDN,12.462,252.413,SG,0,5.220,-0.090,,,,,,,,,,
39,NMVR,14.452,324.535,PG,0,3.300,-0.090,,,,,,,,,,
39,NMVR,14.452,324.535,SG,0,5.990,0.100,,,,,,,,,,
39,BLVR,16.267,355.071,PG,0,3.610,-0.170,,,,,,,,,,
39,BLVR,16.267,355.071,SG,0,6.630,0.060,,,,,,,,,,
39,AZGN,16.584,213.937,PG,0,3.620,0.060,,,,,,,,,,
39,AZGN,16.584,213.937,SG,0,6.350,0.170,,,,,,,,,,
39,HIGH,16.878,64.220,PG,0,3.490,-0.120,,,,,,,,,,
39,HIGH,16.878,64.220,SG,0,6.230,-0.040,,,,,,,,,,
39,MGSL,21.556,314.508,PG,0,4.400,-0.080,,,,,,,,,,
39,MGSL,21.556,314.508,SG,0,7.850,0.060,,,,,,,,,,
39,SRND,23.062,62.407,PG,0,4.630,-0.000,,,,,,,,,,
39,SRND,23.062,62.407,SG,0,8.180,0.130,,,,,,,,,,
39,KVCH,24.565,69.833,PG,0,4.940,0.060,,,,,,,,,,
39,KVCH,24.565,69.833,SG,0,8.690,0.210,,,,,,,,,,
39,FRMZ,28.610,116.160,PG,0,5.460,-0.080,,,,,,,,,,
39,FRMZ,28.610,116.160,SG,0,9.650,0.010,,,,,,,,,,
39,GOLJ,37.036,90.555,PG,0,6.840,0.030,,,,,,,,,,
39,GOLJ,37.036,90.555,SG,4,12.240,0.400,,,,,,,,,,
39,,,,,,,,2012-08-15T00:30:25.300000Z,38.406,46.844,10.100,1.100,72.000,0.100,12.000,,1.500
40,ZANG,1.880,152.322,PG,0,2.260,-0.090,,,,,,,,,,
40,ZANG,1.880,152.322,SG,0,4.050,-0.040,,,,,,,,,,
40,HIGH,10.331,36.283,PG,0,2.900,-0.040,,,,,,,,,,
40,HIGH,10.331,36.283,SG,0,5.190,0.070,,,,,,,,,,
40,ORNG,13.380,231.560,PG,0,3.450,-0.050,,,,,,,,,,
40,ORNG,13.380,231.560,SG,0,6.190,0.100,,,,,,,,,,
40,SRND,16.277,44.229,PG,0,3.730,-0.030,,,,,,,,,,
40,SRND,16.277,44.229,SG,0,6.620,0.080,,,,,,,,,,
40,KVCH,16.868,55.938,PG,0,3.820,-0.030,,,,,,,,,,
40,KVCH,16.868,55.938,SG,0,6.640,-0.070,,,,,,,,,,
40,BLVR,20.152,328.664,PG,0,4.480,0.040,,,,,,,,,,
40,BLVR,20.152,328.664,SG,4,8.290,0.560,,,,,,,,,,
40,FRMZ,20.268,125.045,PG,0,4.280,-0.090,,,,,,,,,,
40,FRMZ,20.268,125.045,SG,0,7.680,0.080,,,,,,,,,,
40,VRDN,21.140,262.531,PG,0,4.380,0.000,,,,,,,,,,
40,VRDN,21.140,262.531,SG,0,7.640,0.020,,,,,,,,,,
40,NMVR,21.646,306.201,PG,0,4.560,0.040,,,,,,,,,,
40,NMVR,21.646,306.201,SG,0,7.700,-0.170,,,,,,,,,,
40,AZGN,22.334,235.205,PG,0,4.450,-0.040,,,,,,,,,,
40,AZGN,22.334,235.205,SG,0,7.800,-0.020,,,,,,,,,,
40,GOLJ,27.954,88.763,PG,0,5.360,-0.070,,,,,,,,,,
40,GOLJ,27.954,88.763,SG,0,9.590,0.130,,,,,,,,,,
40,HRS,28.639,292.346,PG,0,5.240,-0.010,,,,,,,,,,
40,MGSL,29.296,303.413,PG,0,5.710,-0.000,,,,,,,,,,
40,MGSL,29.296,303.413,SG,0,10.060,0.120,,,,,,,,,,
40,KRNG,32.427,265.206,PG,0,6.070,0.020,,,,,,,,,,
40,KRNG,32.427,265.206,SG,0,10.580,0.050,,,,,,,,,,
40,,,,,,,,2012-08-15T01:04:20.200000Z,38.415,46.740,12.000,0.900,78.000,0.100,14.000,,0.900
41,ZANG,3.667,120.963,PG,0,2.210,-0.110,,,,,,,,,,
41,ZANG,3.667,120.963,SG,0,4.050,0.030,,,,,,,,,,
41,HIGH,11.663,45.962,PG,0,2.880,-0.150,,,,,,,,,,
41,HIGH,11.663,45.962,SG,0,5.160,-0.090,,,,,,,,,,
41,ORNG,11.848,223.860,PG,0,3.230,-0.040,,,,,,,,,,
41,ORNG,11.848,223.860,SG,0,5.610,-0.050,,,,,,,,,,
41,SRND,17.794,49.969,PG,0,3.840,-0.090,,,,,,,,,,
41,SRND,17.794,49.969,SG,0,6.850,0.030,,,,,,,,,,
41,KVCH,18.684,60.396,PG,0,4.010,-0.070,,,,,,,,,,
41,KVCH,18.684,60.396,SG,0,7.190,0.120,,,,,,,,,,
41,BLVR,18.867,334.207,PG,0,4.220,-0.020,,,,,,,,,,
41,BLVR,18.867,334.207,SG,4,7.650,0.300,,,,,,,,,,
41,VRDN,18.926,260.955,PG,0,4.010,-0.040,,,,,,,,,,
41,VRDN,18.926,260.955,SG,0,7.070,0.050,,,,,,,,,,
41,NMVR,19.714,309.568,PG,0,4.300,0.070,,,,,,,,,,
41,NMVR,19.714,309.568,SG,0,7.480,0.150,,,,,,,,,,
41,AZGN,20.652,231.090,PG,0,4.190,-0.050,,,,,,,,,,
41,AZGN,20.652,231.090,SG,0,7.390,0.040,,,,,,,,,,
41,FRMZ,22.281,122.147,PG,0,4.600,-0.050,,,,,,,,,,
41,FRMZ,22.281,122.147,SG,0,8.250,0.190,,,,,,,,,,
41,MGSL,27.296,305.637,PG,0,5.350,-0.060,,,,,,,,,,
41,MGSL,27.296,305.637,SG,0,9.460,0.060,,,,,,,,,,
41,KRNG,30.188,264.409,PG,0,5.710,-0.010,,,,,,,,,,
41,KRNG,30.188,264.409,SG,0,9.930,0.010,,,,,,,,,,
41,GOLJ,30.221,89.261,PG,0,5.730,-0.050,,,,,,,,,,
41,GOLJ,30.221,89.261,SG,0,10.150,0.110,,,,,,,,,,
41,,,,,,,,2012-08-15T01:08:50.700000Z,38.413,46.766,11.100,1.400,101.000,0.100,13.000,,1.100
42,ZANG,2.898,174.812,PG,0,2.140,-0.130,,,,,,,,,,
42,ZANG,2.898,174.812,SG,0,3.940,-0.010,,,,,,,,,,
42,HIGH,8.988,37.754,PG,0,2.610,-0.110,,,,,,,,,,
42,HIGH,8.988,37.754,SG,0,4.670,-0.060,,,,,,,,,,
42,ORNG,14.630,229.309,PG,0,3.530,-0.070,,,,,,,,,,
42,ORNG,14.630,229.309,SG,0,6.250,0.000,,,,,,,,,,
42,SRND,14.982,45.818,PG,0,3.480,-0.050,,,,,,,,,,
42,SRND,14.982,45.818,SG,0,6.220,0.080,,,,,,,,,,
42,KVCH,15.693,58.389,PG,0,3.610,-0.040,,,,,,,,,,
42,KVCH,15.693,58.389,SG,4,6.820,0.480,,,,,,,,,,
42,BLVR,19.463,325.252,PG,0,4.300,-0.010,,,,,,,,,,
42,BLVR,19.463,325.252,SG,4,7.840,0.350,,,,,,,,,,
42,FRMZ,20.516,128.819,PG,0,4.380,0.010,,,,,,,,,,
42,FRMZ,20.516,128.819,SG,0,7.670,0.080,,,,,,,,,,
42,NMVR,21.463,302.603,PG,0,4.450,-0.010,,,,,,,,,,
42,NMVR,21.463,302.603,SG,0,7.940,0.180,,,,,,,,,,
42,VRDN,21.937,259.581,PG,0,4.420,-0.040,,,,,,,,,,
42,VRDN,21.937,259.581,SG,0,7.920,0.160,,,,,,,,,,
42,AZGN,23.543,233.620,PG,0,4.570,-0.080,,,,,,,,,,
42,AZGN,23.543,233.620,SG,0,8.160,0.080,,,,,,,,,,
42,GOLJ,27.347,91.298,PG,0,5.310,-0.010,,,,,,,,,,
42,GOLJ,27.347,91.298,SG,0,9.410,0.160,,,,,,,,,,
42,HRS,28.777,289.634,PG,0,5.150,-0.110,,,,,,,,,,
42,MGSL,29.170,300.748,PG,0,5.650,-0.030,,,,,,,,,,
42,MGSL,29.170,300.748,SG,0,9.960,0.080,,,,,,,,,,
42,KRNG,33.164,263.196,PG,0,6.160,0.000,,,,,,,,,,
42,KRNG,33.164,263.196,SG,0,10.620,-0.090,,,,,,,,,,
42,,,,,,,,2012-08-15T01:10:32.700000Z,38.404,46.733,11.100,1.900,73.000,0.100,14.000,,1.000
43,ZANG,6.109,231.860,PG,0,1.570,-0.080,,,,,,,,,,
43,ZANG,6.109,231.860,SG,0,2.940,0.060,,,,,,,,,,
43,HIGH,6.232,4.019,PG,0,1.520,-0.160,,,,,,,,,,
43,HIGH,6.232,4.019,SG,0,2.850,-0.070,,,,,,,,,,
43,KVCH,11.073,48.546,PG,0,2.500,-0.010,,,,,,,,,,
43,KVCH,11.073,48.546,SG,0,4.530,0.150,,,,,,,,,,
43,SRND,11.109,30.740,PG,0,2.460,-0.050,,,,,,,,,,
43,SRND,11.109,30.740,SG,0,4.510,0.140,,,,,,,,,,
43,FRMZ,17.564,141.559,PG,0,3.780,0.150,,,,,,,,,,
43,FRMZ,17.564,141.559,SG,0,6.200,-0.120,,,,,,,,,,
43,ORNG,19.228,237.192,PG,0,3.900,-0.060,,,,,,,,,,
43,ORNG,19.228,237.192,SG,0,7.000,0.090,,,,,,,,,,
43,BLVR,22.126,313.079,PG,0,4.410,-0.090,,,,,,,,,,
43,BLVR,22.126,313.079,SG,4,8.360,0.530,,,,,,,,,,
43,GOLJ,22.328,93.912,PG,0,4.460,0.100,,,,,,,,,,
43,GOLJ,22.328,93.912,SG,4,8.190,0.600,,,,,,,,,,
43,NMVR,25.499,294.785,PG,0,4.890,-0.040,,,,,,,,,,
43,NMVR,25.499,294.785,SG,0,8.730,0.150,,,,,,,,,,
43,VRDN,27.080,259.704,PG,0,5.010,-0.120,,,,,,,,,,
43,VRDN,27.080,259.704,SG,0,9.070,0.140,,,,,,,,,,
43,AZGN,28.237,238.297,PG,0,5.180,-0.080,,,,,,,,,,
43,AZGN,28.237,238.297,SG,0,9.260,0.090,,,,,,,,,,
43,MGSL,33.249,294.983,PG,0,6.180,-0.110,,,,,,,,,,
43,MGSL,33.249,294.983,SG,4,11.330,0.380,,,,,,,,,,
43,HRS,33.356,285.297,PG,4,5.650,-0.290,,,,,,,,,,
43,KRNG,38.302,262.809,PG,0,6.820,-0.180,,,,,,,,,,
43,KRNG,38.302,262.809,SG,0,12.300,0.110,,,,,,,,,,
43,,,,,,,,2012-08-15T01:12:33.000000Z,38.396,46.675,5.000,,90.000,0.100,14.000,,1.400
44,ZANG,6.605,147.155,PG,0,2.430,-0.060,,,,,,,,,,
44,ZANG,6.605,147.155,SG,0,4.410,0.040,,,,,,,,,,
44,HIGH,9.881,63.267,PG,0,2.660,-0.150,,,,,,,,,,
44,HIGH,9.881,63.267,SG,0,4.900,-0.020,,,,,,,,,,
44,ORNG,14.473,212.500,PG,0,3.540,-0.010,,,,,,,,,,
44,ORNG,14.473,212.500,SG,0,6.240,0.030,,,,,,,,,,
44,BLVR,15.427,329.730,PG,0,3.640,-0.090,,,,,,,,,,
44,BLVR,15.427,329.730,SG,0,6.440,-0.090,,,,,,,,,,
44,SRND,16.077,61.048,PG,0,3.540,-0.120,,,,,,,,,,
44,SRND,16.077,61.048,SG,0,6.310,-0.090,,,,,,,,,,
44,NMVR,17.238,301.060,PG,0,3.840,0.000,,,,,,,,,,
44,NMVR,17.238,301.060,SG,0,6.900,0.190,,,,,,,,,,
44,KVCH,17.593,71.551,PG,0,3.840,-0.040,,,,,,,,,,
44,KVCH,17.593,71.551,SG,0,7.010,0.220,,,,,,,,,,
44,VRDN,19.431,250.020,PG,0,4.120,0.050,,,,,,,,,,
44,VRDN,19.431,250.020,SG,0,7.060,-0.050,,,,,,,,,,
44,AZGN,22.833,223.234,PG,0,4.490,-0.010,,,,,,,,,,
44,AZGN,22.833,223.234,SG,0,7.740,-0.120,,,,,,,,,,
44,FRMZ,24.773,128.785,PG,0,4.950,-0.010,,,,,,,,,,
44,FRMZ,24.773,128.785,SG,0,8.700,0.050,,,,,,,,,,
44,MGSL,24.963,299.360,PG,0,5.020,0.010,,,,,,,,,,
44,MGSL,24.963,299.360,SG,0,8.820,0.070,,,,,,,,,,
44,KRNG,30.348,257.428,PG,0,5.720,0.040,,,,,,,,,,
44,KRNG,30.348,257.428,SG,0,9.950,0.040,,,,,,,,,,
44,GOLJ,30.843,96.089,PG,0,5.770,-0.050,,,,,,,,,,
44,GOLJ,30.843,96.089,SG,0,10.300,0.150,,,,,,,,,,
44,,,,,,,,2012-08-15T01:13:32.100000Z,38.380,46.771,11.500,1.300,91.000,0.100,13.000,,1.200
45,ZANG,0.892,185.616,PG,0,2.240,-0.070,,,,,,,,,,
45,ZANG,0.892,185.616,SG,0,4.110,0.070,,,,,,,,,,
45,HIGH,10.461,29.507,PG,0,2.850,-0.080,,,,,,,,,,
45,HIGH,10.461,29.507,SG,0,5.160,0.040,,,,,,,,,,
45,ORNG,13.701,236.610,PG,0,3.540,0.040,,,,,,,,,,
45,ORNG,13.701,236.610,SG,0,5.980,-0.140,,,,,,,,,,
45,SRND,16.209,39.876,PG,0,3.660,-0.060,,,,,,,,,,
45,SRND,16.209,39.876,SG,0,6.550,0.040,,,,,,,,,,
45,KVCH,16.547,51.845,PG,0,3.720,-0.070,,,,,,,,,,
45,KVCH,16.547,51.845,SG,0,6.640,0.020,,,,,,,,,,
45,FRMZ,19.036,124.798,PG,0,4.180,0.010,,,,,,,,,,
45,FRMZ,19.036,124.798,SG,0,7.330,0.050,,,,,,,,,,
45,BLVR,21.320,327.549,PG,0,4.570,-0.010,,,,,,,,,,
45,BLVR,21.320,327.549,SG,0,7.960,-0.040,,,,,,,,,,
45,VRDN,22.007,264.869,PG,0,4.520,0.050,,,,,,,,,,
45,VRDN,22.007,264.869,SG,0,7.820,0.020,,,,,,,,,,
45,AZGN,22.708,238.201,PG,0,4.550,0.040,,,,,,,,,,
45,AZGN,22.708,238.201,SG,0,7.910,0.030,,,,,,,,,,
45,NMVR,22.880,306.357,PG,0,4.690,0.030,,,,,,,,,,
45,NMVR,22.880,306.357,SG,0,8.080,-0.070,,,,,,,,,,
45,GOLJ,27.019,87.078,PG,0,5.220,-0.040,,,,,,,,,,
45,GOLJ,27.019,87.078,SG,0,9.210,0.020,,,,,,,,,,
45,MGSL,30.525,303.645,PG,0,5.850,-0.020,,,,,,,,,,
45,MGSL,30.525,303.645,SG,0,10.400,0.160,,,,,,,,,,
45,KRNG,33.327,266.681,PG,0,6.190,0.040,,,,,,,,,,
45,KRNG,33.327,266.681,SG,0,10.640,-0.090,,,,,,,,,,
45,,,,,,,,2012-08-15T01:15:32.300000Z,38.422,46.729,12.000,1.600,62.000,0.100,13.000,,0.900
46,ORNG,9.724,173.294,PG,0,2.780,-0.020,,,,,,,,,,
46,ORNG,9.724,173.294,SG,0,4.740,-0.100,,,,,,,,,,
46,VRDN,10.207,246.305,PG,0,2.770,0.070,,,,,,,,,,
46,VRDN,10.207,246.305,SG,4,5.010,0.350,,,,,,,,,,
46,NMVR,12.846,332.898,PG,0,3.200,0.090,,,,,,,,,,
46,NMVR,12.846,332.898,SG,0,5.200,-0.180,,,,,,,,,,
46,ZANG,12.843,103.451,PG,0,2.900,-0.080,,,,,,,,,,
46,ZANG,12.843,103.451,SG,0,5.220,0.070,,,,,,,,,,
46,AZGN,15.617,205.510,PG,0,3.340,-0.040,,,,,,,,,,
46,AZGN,15.617,205.510,SG,0,5.900,0.050,,,,,,,,,,
46,BLVR,15.914,4.092,PG,0,3.610,-0.080,,,,,,,,,,
46,BLVR,15.914,4.092,SG,4,6.060,-0.320,,,,,,,,,,
46,HIGH,19.068,68.422,PG,0,3.800,-0.090,,,,,,,,,,
46,HIGH,19.068,68.422,SG,0,6.770,0.030,,,,,,,,,,
46,MGSL,19.574,319.005,PG,0,4.090,-0.060,,,,,,,,,,
46,MGSL,19.574,319.005,SG,0,7.330,0.140,,,,,,,,,,
46,KRNG,21.100,258.849,PG,0,4.300,0.060,,,,,,,,,,
46,KRNG,21.100,258.849,SG,0,7.430,0.080,,,,,,,,,,
46,SRND,25.199,65.735,PG,0,4.920,-0.030,,,,,,,,,,
46,SRND,25.199,65.735,SG,0,8.670,0.090,,,,,,,,,,
46,KVCH,26.858,72.349,PG,0,5.240,0.010,,,,,,,,,,
46,KVCH,26.858,72.349,SG,0,9.190,0.130,,,,,,,,,,
46,FRMZ,31.039,114.635,PG,0,5.730,-0.200,,,,,,,,,,
46,FRMZ,31.039,114.635,SG,0,10.460,0.170,,,,,,,,,,
46,GOLJ,39.575,90.984,PG,0,7.120,-0.110,,,,,,,,,,
46,GOLJ,39.575,90.984,SG,4,13.240,0.690,,,,,,,,,,
46,,,,,,,,2012-08-15T01:16:30.300000Z,38.403,46.873,9.000,0.800,62.000,0.100,13.000,,1.700
47,ORNG,9.113,182.747,PG,0,2.570,-0.080,,,,,,,,,,
47,ORNG,9.113,182.747,SG,0,4.510,-0.070,,,,,,,,,,
47,ZANG,11.186,102.571,PG,0,2.590,-0.110,,,,,,,,,,
47,ZANG,11.186,102.571,SG,0,4.660,-0.010,,,,,,,,,,
47,VRDN,11.479,252.013,PG,0,2.790,0.000,,,,,,,,,,
47,VRDN,11.479,252.013,SG,0,4.900,0.080,,,,,,,,,,
47,NMVR,14.104,328.238,PG,0,3.130,-0.100,,,,,,,,,,
47,NMVR,14.104,328.238,SG,0,5.650,0.060,,,,,,,,,,
47,AZGN,15.879,211.504,PG,0,3.400,0.040,,,,,,,,,,
47,AZGN,15.879,211.504,SG,0,5.910,0.080,,,,,,,,,,
47,BLVR,16.434,358.477,PG,0,3.570,-0.140,,,,,,,,,,
47,BLVR,16.434,358.477,SG,0,6.520,0.090,,,,,,,,,,
47,HIGH,17.842,64.914,PG,0,3.550,-0.120,,,,,,,,,,
47,HIGH,17.842,64.914,SG,0,6.380,0.030,,,,,,,,,,
47,MGSL,21.042,316.771,PG,0,4.240,-0.090,,,,,,,,,,
47,MGSL,21.042,316.771,SG,0,7.430,-0.080,,,,,,,,,,
47,KRNG,22.549,261.016,PG,0,4.520,0.090,,,,,,,,,,
47,KRNG,22.549,261.016,SG,0,7.730,0.060,,,,,,,,,,
47,SRND,24.018,62.993,PG,0,4.730,-0.000,,,,,,,,,,
47,SRND,24.018,62.993,SG,0,8.400,0.190,,,,,,,,,,
47,KVCH,25.544,70.102,PG,0,5.070,0.080,,,,,,,,,,
47,FRMZ,29.379,114.940,PG,0,5.590,-0.060,,,,,,,,,,
47,FRMZ,29.379,114.940,SG,4,10.180,0.380,,,,,,,,,,
47,GOLJ,37.995,90.200,PG,0,6.970,0.010,,,,,,,,,,
47,GOLJ,37.995,90.200,SG,0,12.120,0.040,,,,,,,,,,
47,,,,,,,,2012-08-15T01:19:01.600000Z,38.408,46.855,8.400,1.300,67.000,0.100,13.000,,1.400
48,ZANG,2.883,128.026,PG,0,2.310,-0.150,,,,,,,,,,
48,ZANG,2.883,128.026,SG,0,4.220,-0.050,,,,,,,,,,
48,HIGH,11.133,42.427,PG,0,2.990,-0.100,,,,,,,,,,
48,HIGH,11.133,42.427,SG,0,5.280,-0.090,,,,,,,,,,
48,ORNG,12.393,227.131,PG,0,3.370,-0.060,,,,,,,,,,
48,ORNG,12.393,227.131,SG,0,5.980,0.020,,,,,,,,,,
48,SRND,17.207,47.819,PG,0,3.880,-0.060,,,,,,,,,,
48,SRND,17.207,47.819,SG,0,6.850,0.010,,,,,,,,,,
48,KVCH,17.986,58.719,PG,0,4.010,-0.050,,,,,,,,,,
48,KVCH,17.986,58.719,SG,0,7.220,0.170,,,,,,,,,,
48,BLVR,19.362,332.024,PG,0,4.360,-0.020,,,,,,,,,,
48,BLVR,19.362,332.024,SG,4,7.940,0.320,,,,,,,,,,
48,VRDN,19.772,261.676,PG,0,4.220,-0.010,,,,,,,,,,
48,VRDN,19.772,261.676,SG,0,7.520,0.170,,,,,,,,,,
48,NMVR,20.464,308.254,PG,0,4.370,-0.030,,,,,,,,,,
48,NMVR,20.464,308.254,SG,0,7.780,0.130,,,,,,,,,,
48,AZGN,21.270,232.804,PG,0,4.340,-0.040,,,,,,,,,,
48,AZGN,21.270,232.804,SG,0,7.580,-0.030,,,,,,,,,,
48,FRMZ,21.486,123.140,PG,0,4.550,-0.030,,,,,,,,,,
48,FRMZ,21.486,123.140,SG,0,8.080,0.120,,,,,,,,,,
48,HRS,27.307,293.236,PG,0,4.950,-0.140,,,,,,,,,,
48,MGSL,28.074,304.787,PG,0,5.520,-0.050,,,,,,,,,,
48,MGSL,28.074,304.787,SG,0,9.750,0.070,,,,,,,,,,
48,GOLJ,29.349,89.029,PG,0,5.650,-0.020,,,,,,,,,,
48,GOLJ,29.349,89.029,SG,0,10.010,0.140,,,,,,,,,,
48,KRNG,31.046,264.776,PG,0,5.900,0.030,,,,,,,,,,
48,KRNG,31.046,264.776,SG,0,10.250,0.050,,,,,,,,,,
48,,,,,,,,2012-08-15T01:22:57.000000Z,38.414,46.756,12.400,1.900,99.000,0.100,14.000,,1.100
49,ZANG,5.056,259.902,PG,0,2.590,-0.110,,,,,,,,,,
49,ZANG,5.056,259.902,SG,0,4.620,-0.060,,,,,,,,,,
49,HIGH,9.106,1.649,PG,0,2.920,-0.090,,,,,,,,,,
49,HIGH,9.106,1.649,SG,0,5.220,-0.000,,,,,,,,,,
49,KVCH,13.051,38.482,PG,0,3.470,-0.060,,,,,,,,,,
49,KVCH,13.051,38.482,SG,0,6.170,0.030,,,,,,,,,,
49,SRND,13.597,23.867,PG,0,3.520,-0.050,,,,,,,,,,
49,SRND,13.597,23.867,SG,0,6.250,0.040,,,,,,,,,,
49,FRMZ,15.283,135.345,PG,0,3.800,-0.030,,,,,,,,,,
49,FRMZ,15.283,135.345,SG,0,6.760,0.110,,,,,,,,,,
49,ORNG,17.983,245.240,PG,0,4.190,-0.020,,,,,,,,,,
49,ORNG,17.983,245.240,SG,0,7.400,0.070,,,,,,,,,,
49,GOLJ,22.136,86.471,PG,0,4.620,-0.060,,,,,,,,,,
49,GOLJ,22.136,86.471,SG,0,8.220,0.080,,,,,,,,,,
49,BLVR,24.303,317.783,PG,0,5.160,0.020,,,,,,,,,,
49,BLVR,24.303,317.783,SG,4,9.420,0.480,,,,,,,,,,
49,VRDN,26.880,265.833,PG,0,5.280,-0.030,,,,,,,,,,
49,VRDN,26.880,265.833,SG,0,9.280,0.060,,,,,,,,,,
49,AZGN,26.981,243.706,PG,0,5.240,-0.020,,,,,,,,,,
49,AZGN,26.981,243.706,SG,0,9.150,0.010,,,,,,,,,,
49,NMVR,26.981,300.211,PG,0,5.410,0.020,,,,,,,,,,
49,NMVR,26.981,300.211,SG,0,9.420,0.040,,,,,,,,,,
49,HRS,34.384,289.870,PG,0,6.090,-0.100,,,,,,,,,,
49,MGSL,34.711,299.191,PG,0,6.630,0.020,,,,,,,,,,
49,MGSL,34.711,299.191,SG,0,11.600,0.110,,,,,,,,,,
49,KRNG,38.209,267.138,PG,0,7.020,0.030,,,,,,,,,,
49,KRNG,38.209,267.138,SG,0,12.130,-0.030,,,,,,,,,,
49,TBZ,50.246,65.409,PG,0,8.830,-0.030,,,,,,,,,,
49,MRD,90.509,110.630,PG,4,14.890,-0.320,,,,,,,,,,
49,SHB,93.606,80.206,PG,0,15.860,0.030,,,,,,,,,,
49,AZR,102.491,36.022,PG,0,17.350,0.100,,,,,,,,,,
49,SRB,109.693,307.616,PG,4,17.880,-0.250,,,,,,,,,,
49,,,,,,,,2012-08-15T01:23:40.300000Z,38.422,46.673,13.300,3.000,108.000,0.100,19.000,,0.700
50,ZANG,5.899,108.637,PG,0,1.880,-0.110,,,,,,,,,,
50,ZANG,5.899,108.637,SG,0,3.490,0.010,,,,,,,,,,
50,ORNG,10.308,214.002,PG,0,2.630,-0.080,,,,,,,,,,
50,HIGH,13.530,53.170,PG,0,2.880,-0.070,,,,,,,,,,
50,HIGH,13.530,53.170,SG,0,5.140,-0.000,,,,,,,,,,
50,VRDN,16.516,259.603,PG,0,3.380,-0.060,,,,,,,,,,
50,VRDN,16.516,259.603,SG,0,6.100,0.100,,,,,,,,,,
50,NMVR,17.894,314.552,PG,0,3.660,-0.050,,,,,,,,,,
50,NMVR,17.894,314.552,SG,0,6.480,0.000,,,,,,,,,,
50,BLVR,17.937,341.255,PG,0,3.750,-0.110,,,,,,,,,,
50,BLVR,17.937,341.255,SG,4,7.190,0.460,,,,,,,,,,
50,AZGN,18.815,226.397,PG,0,3.680,-0.050,,,,,,,,,,
50,AZGN,18.815,226.397,SG,0,6.590,0.070,,,,,,,,,,
50,SRND,19.732,54.532,PG,0,4.000,0.010,,,,,,,,,,
50,SRND,19.732,54.532,SG,0,7.120,0.160,,,,,,,,,,
50,KVCH,20.847,63.706,PG,0,4.210,0.030,,,,,,,,,,
50,KVCH,20.847,63.706,SG,4,7.680,0.390,,,,,,,,,,
50,FRMZ,24.383,119.076,PG,0,4.740,-0.050,,,,,,,,,,
50,FRMZ,24.383,119.076,SG,0,8.460,0.110,,,,,,,,,,
50,MGSL,25.344,308.849,PG,0,4.850,-0.090,,,,,,,,,,
50,MGSL,25.344,308.849,SG,0,8.730,0.120,,,,,,,,,,
50,KRNG,27.756,263.899,PG,0,5.150,-0.030,,,,,,,,,,
50,KRNG,27.756,263.899,SG,0,9.110,0.080,,,,,,,,,,
50,GOLJ,32.667,89.300,PG,0,6.040,0.000,,,,,,,,,,
50,GOLJ,32.667,89.300,SG,4,10.900,0.370,,,,,,,,,,
50,,,,,,,,2012-08-15T01:32:22.200000Z,38.413,46.794,8.100,1.900,94.000,0.100,13.000,,1.300
51,HIGH,6.401,342.527,PG,0,1.590,-0.120,,,,,,,,,,
51,HIGH,6.401,342.527,SG,0,2.910,-0.040,,,,,,,,,,
51,ZANG,8.148,241.546,PG,0,1.840,-0.110,,,,,,,,,,
51,ZANG,8.148,241.546,SG,0,3.420,0.050,,,,,,,,,,
51,KVCH,9.348,39.457,PG,0,2.200,-0.070,,,,,,,,,,
51,KVCH,9.348,39.457,SG,0,4.030,0.100,,,,,,,,,,
51,SRND,10.003,19.382,PG,0,2.320,-0.040,,,,,,,,,,
51,SRND,10.003,19.382,SG,0,4.180,0.100,,,,,,,,,,
51,FRMZ,16.300,148.317,PG,0,3.550,0.080,,,,,,,,,,
51,FRMZ,16.300,148.317,SG,4,6.490,0.480,,,,,,,,,,
51,GOLJ,19.985,94.708,PG,0,4.090,0.070,,,,,,,,,,
51,ORNG,21.302,240.392,PG,0,4.300,-0.050,,,,,,,,,,
51,ORNG,21.302,240.392,SG,0,7.540,-0.000,,,,,,,,,,
51,BLVR,23.837,309.017,PG,0,4.870,0.050,,,,,,,,,,
51,NMVR,27.618,292.537,PG,0,5.310,-0.010,,,,,,,,,,
51,NMVR,27.618,292.537,SG,0,9.400,0.170,,,,,,,,,,
51,VRDN,29.421,260.328,PG,0,5.490,-0.070,,,,,,,,,,
51,VRDN,29.421,260.328,SG,0,9.710,0.060,,,,,,,,,,
51,AZGN,30.320,240.474,PG,0,5.600,-0.050,,,,,,,,,,
51,AZGN,30.320,240.474,SG,0,9.920,0.110,,,,,,,,,,
51,MGSL,35.362,293.218,PG,0,6.610,-0.070,,,,,,,,,,
51,MGSL,35.362,293.218,SG,4,12.150,0.550,,,,,,,,,,
51,HRS,35.612,284.139,PG,0,6.180,-0.170,,,,,,,,,,
51,KRNG,40.655,263.086,PG,0,7.360,-0.080,,,,,,,,,,
51,KRNG,40.655,263.086,SG,0,13.020,0.100,,,,,,,,,,
51,,,,,,,,2012-08-15T01:35:40.400000Z,38.395,46.648,4.700,2.000,92.000,0.100,14.000,,1.400
52,ZANG,1.227,264.816,PG,0,2.180,-0.120,,,,,,,,,,
52,ZANG,1.227,264.816,SG,0,3.960,-0.080,,,,,,,,,,
52,HIGH,10.666,22.123,PG,0,2.870,-0.070,,,,,,,,,,
52,HIGH,10.666,22.123,SG,0,5.110,-0.040,,,,,,,,,,
52,ORNG,14.277,241.731,PG,0,3.530,-0.040,,,,,,,,,,
52,ORNG,14.277,241.731,SG,0,6.320,0.090,,,,,,,,,,
52,SRND,16.134,35.008,PG,0,3.670,-0.040,,,,,,,,,,
52,SRND,16.134,35.008,SG,0,6.550,0.060,,,,,,,,,,
52,KVCH,16.186,47.196,PG,0,3.700,-0.040,,,,,,,,,,
52,KVCH,16.186,47.196,SG,0,6.520,-0.010,,,,,,,,,,
52,FRMZ,17.660,124.838,PG,0,4.000,0.020,,,,,,,,,,
52,FRMZ,17.660,124.838,SG,0,7.030,0.080,,,,,,,,,,
52,BLVR,22.592,326.181,PG,0,4.640,-0.120,,,,,,,,,,
52,BLVR,22.592,326.181,SG,0,8.410,0.100,,,,,,,,,,
52,VRDN,23.083,267.050,PG,0,4.560,-0.060,,,,,,,,,,
52,VRDN,23.083,267.050,SG,0,8.240,0.180,,,,,,,,,,
52,AZGN,23.294,241.302,PG,0,4.570,-0.020,,,,,,,,,,
52,AZGN,23.294,241.302,SG,0,8.000,-0.020,,,,,,,,,,
52,NMVR,24.255,306.253,PG,0,4.790,-0.070,,,,,,,,,,
52,NMVR,24.255,306.253,SG,0,8.620,0.130,,,,,,,,,,
52,GOLJ,25.935,85.244,PG,0,5.110,0.000,,,,,,,,,,
52,GOLJ,25.935,85.244,SG,0,9.070,0.160,,,,,,,,,,
52,HRS,31.173,293.539,PG,0,5.480,-0.120,,,,,,,,,,
52,MGSL,31.901,303.685,PG,0,6.020,-0.050,,,,,,,,,,
52,MGSL,31.901,303.685,SG,0,10.540,-0.050,,,,,,,,,,
52,KRNG,34.422,268.090,PG,0,6.300,-0.010,,,,,,,,,,
52,KRNG,34.422,268.090,SG,0,11.120,0.110,,,,,,,,,,
52,TBZ,53.995,66.294,PG,0,9.430,0.050,,,,,,,,,,
52,MRD,93.751,109.355,PG,0,15.430,-0.240,,,,,,,,,,
52,SHB,97.436,80.105,PG,0,16.440,0.060,,,,,,,,,,
52,AZR,105.378,37.413,PG,0,17.830,0.190,,,,,,,,,,
52,SRB,107.201,309.156,PG,4,17.330,-0.340,,,,,,,,,,
52,,,,,,,,2012-08-15T01:39:56.000000Z,38.429,46.716,11.900,3.100,116.000,0.100,19.000,,0.900
53,ZANG,0.796,167.332,PG,0,2.030,-0.100,,,,,,,,,,
53,ZANG,0.796,167.332,SG,0,3.630,-0.040,,,,,,,,,,
53,HIGH,10.688,30.436,PG,0,2.790,-0.070,,,,,,,,,,
53,HIGH,10.688,30.436,SG,0,4.960,0.020,,,,,,,,,,
53,SRND,16.463,40.327,PG,0,3.670,-0.040,,,,,,,,,,
53,SRND,16.463,40.327,SG,0,6.400,-0.030,,,,,,,,,,
53,KVCH,16.822,52.097,PG,0,3.740,-0.040,,,,,,,,,,
53,KVCH,16.822,52.097,SG,0,6.610,0.060,,,,,,,,,,
53,FRMZ,19.188,124.078,PG,0,4.110,-0.040,,,,,,,,,,
53,FRMZ,19.188,124.078,SG,0,7.300,0.100,,,,,,,,,,
53,BLVR,21.274,328.304,PG,0,4.590,0.030,,,,,,,,,,
53,BLVR,21.274,328.304,SG,4,8.540,0.630,,,,,,,,,,
53,VRDN,21.736,265.097,PG,0,4.360,-0.060,,,,,,,,,,
53,VRDN,21.736,265.097,SG,0,7.780,0.130,,,,,,,,,,
53,AZGN,22.427,238.088,PG,0,4.420,-0.040,,,,,,,,,,
53,AZGN,22.427,238.088,SG,0,7.730,0.000,,,,,,,,,,
53,NMVR,22.735,306.973,PG,0,4.610,-0.030,,,,,,,,,,
53,NMVR,22.735,306.973,SG,0,8.190,0.140,,,,,,,,,,
53,GOLJ,27.286,86.872,PG,0,5.250,-0.070,,,,,,,,,,
53,GOLJ,27.286,86.872,SG,0,9.410,0.180,,,,,,,,,,
53,HRS,29.627,293.427,PG,0,5.270,-0.120,,,,,,,,,,
53,MGSL,30.369,304.092,PG,0,5.810,-0.060,,,,,,,,,,
53,MGSL,30.369,304.092,SG,0,10.230,0.040,,,,,,,,,,
53,KRNG,33.059,266.845,PG,0,6.090,-0.050,,,,,,,,,,
53,KRNG,33.059,266.845,SG,0,10.770,0.110,,,,,,,,,,
53,,,,,,,,2012-08-15T01:45:32.100000Z,38.423,46.732,10.400,1.400,73.000,0.100,13.000,,1.000
54,ZANG,5.829,244.041,PG,0,1.570,0.010,,,,,,,,,,
54,ZANG,5.829,244.041,SG,0,2.830,0.140,,,,,,,,,,
54,HIGH,7.437,0.000,PG,0,1.730,-0.080,,,,,,,,,,
54,HIGH,7.437,0.000,SG,0,3.180,0.060,,,,,,,,,,
54,KVCH,11.615,42.592,PG,0,2.570,-0.050,,,,,,,,,,
54,KVCH,11.615,42.592,SG,0,4.660,0.130,,,,,,,,,,
54,SRND,11.977,25.950,PG,0,2.630,-0.040,,,,,,,,,,
54,SRND,11.977,25.950,SG,0,4.730,0.120,,,,,,,,,,
54,FRMZ,16.341,140.103,PG,0,3.630,0.130,,,,,,,,,,
54,FRMZ,16.341,140.103,SG,0,6.350,0.290,,,,,,,,,,
54,ORNG,18.973,241.007,PG,0,3.920,-0.080,,,,,,,,,,
54,ORNG,18.973,241.007,SG,0,6.770,-0.150,,,,,,,,,,
54,GOLJ,21.838,90.796,PG,0,4.400,0.010,,,,,,,,,,
54,GOLJ,21.838,90.796,SG,4,8.040,0.440,,,,,,,,,,
54,BLVR,23.286,314.546,PG,0,4.640,-0.150,,,,,,,,,,
54,BLVR,23.286,314.546,SG,0,8.420,0.120,,,,,,,,,,
54,NMVR,26.421,296.798,PG,0,5.050,-0.150,,,,,,,,,,
54,NMVR,26.421,296.798,SG,0,9.100,0.080,,,,,,,,,,
54,VRDN,27.317,262.390,PG,0,5.080,-0.220,,,,,,,,,,
54,VRDN,27.317,262.390,SG,0,9.240,0.040,,,,,,,,,,
54,AZGN,27.992,240.893,PG,0,5.210,-0.150,,,,,,,,,,
54,AZGN,27.992,240.893,SG,0,9.230,-0.070,,,,,,,,,,
54,MGSL,34.170,296.535,PG,0,6.540,-0.080,,,,,,,,,,
54,MGSL,34.170,296.535,SG,0,11.610,0.120,,,,,,,,,,
54,HRS,34.111,287.087,PG,4,5.800,-0.440,,,,,,,,,,
54,,,,,,,,2012-08-15T01:46:48.300000Z,38.407,46.670,4.000,1.500,100.000,0.100,13.000,,1.700
55,HIGH,5.211,343.441,PG,0,1.330,-0.140,,,,,,,,,,
55,HIGH,5.211,343.441,SG,0,2.500,-0.060,,,,,,,,,,
55,ZANG,8.378,233.422,PG,0,1.830,-0.090,,,,,,,,,,
55,ZANG,8.378,233.422,SG,0,3.420,0.090,,,,,,,,,,
55,KVCH,8.831,46.241,PG,0,2.040,-0.100,,,,,,,,,,
55,KVCH,8.831,46.241,SG,0,3.880,0.170,,,,,,,,,,
55,SRND,9.134,24.286,PG,0,2.120,-0.050,,,,,,,,,,
55,SRND,9.134,24.286,SG,0,3.920,0.150,,,,,,,,,,
55,FRMZ,17.476,149.006,PG,0,3.650,-0.010,,,,,,,,,,
55,FRMZ,17.476,149.006,SG,0,6.500,0.150,,,,,,,,,,
55,GOLJ,20.542,97.692,PG,0,4.130,0.010,,,,,,,,,,
55,GOLJ,20.542,97.692,SG,4,7.640,0.470,,,,,,,,,,
55,ORNG,21.505,237.246,PG,0,4.330,-0.080,,,,,,,,,,
55,ORNG,21.505,237.246,SG,0,7.710,0.050,,,,,,,,,,
55,BLVR,22.808,307.535,PG,0,4.780,0.090,,,,,,,,,,
55,BLVR,22.808,307.535,SG,4,8.940,0.790,,,,,,,,,,
55,NMVR,26.806,290.698,PG,0,5.240,-0.010,,,,,,,,,,
55,NMVR,26.806,290.698,SG,0,9.160,0.030,,,,,,,,,,
55,VRDN,29.205,258.035,PG,0,5.510,-0.100,,,,,,,,,,
55,VRDN,29.205,258.035,SG,0,9.830,0.080,,,,,,,,,,
55,AZGN,30.514,238.256,PG,0,5.640,-0.140,,,,,,,,,,
55,AZGN,30.514,238.256,SG,0,10.110,0.070,,,,,,,,,,
55,MGSL,34.536,291.806,PG,0,6.690,0.020,,,,,,,,,,
55,MGSL,34.536,291.806,SG,4,12.200,0.610,,,,,,,,,,
55,KRNG,40.378,261.445,PG,0,7.330,-0.230,,,,,,,,,,
55,KRNG,40.378,261.445,SG,0,13.250,0.100,,,,,,,,,,
55,,,,,,,,2012-08-15T02:04:38.100000Z,38.385,46.653,4.100,1.800,84.000,0.100,13.000,,1.600
56,ZANG,4.950,164.647,PG,0,2.150,-0.090,,,,,,,,,,
56,ZANG,4.950,164.647,SG,0,3.870,-0.050,,,,,,,,,,
56,HIGH,8.378,51.459,PG,0,2.410,-0.140,,,,,,,,,,
56,HIGH,8.378,51.459,SG,0,4.450,-0.000,,,,,,,,,,
56,SRND,14.571,54.043,PG,0,3.320,-0.070,,,,,,,,,,
56,SRND,14.571,54.043,SG,0,6.000,0.080,,,,,,,,,,
56,ORNG,15.216,221.324,PG,0,3.510,-0.060,,,,,,,,,,
56,ORNG,15.216,221.324,SG,0,6.350,0.120,,,,,,,,,,
56,KVCH,15.748,66.260,PG,0,3.530,-0.040,,,,,,,,,,
56,KVCH,15.748,66.260,SG,0,6.430,0.200,,,,,,,,,,
56,BLVR,17.317,324.534,PG,0,3.870,-0.050,,,,,,,,,,
56,BLVR,17.317,324.534,SG,4,7.340,0.500,,,,,,,,,,
56,NMVR,19.593,299.592,PG,0,4.110,0.010,,,,,,,,,,
56,NMVR,19.593,299.592,SG,0,7.080,-0.090,,,,,,,,,,
56,VRDN,21.351,254.078,PG,0,4.280,-0.010,,,,,,,,,,
56,VRDN,21.351,254.078,SG,0,7.500,0.010,,,,,,,,,,
56,FRMZ,22.532,130.877,PG,0,4.550,-0.040,,,,,,,,,,
56,FRMZ,22.532,130.877,SG,0,8.060,0.060,,,,,,,,,,
56,AZGN,23.919,228.486,PG,0,4.550,-0.070,,,,,,,,,,
56,AZGN,23.919,228.486,SG,0,8.120,0.060,,,,,,,,,,
56,HRS,27.198,286.619,PG,0,5.030,0.090,,,,,,,,,,
56,MGSL,27.329,298.459,PG,0,5.310,-0.020,,,,,,,,,,
56,MGSL,27.329,298.459,SG,0,9.420,0.120,,,,,,,,,,
56,GOLJ,28.505,95.038,PG,0,5.380,-0.060,,,,,,,,,,
56,GOLJ,28.505,95.038,SG,0,9.520,0.030,,,,,,,,,,
56,,,,,,,,2012-08-15T02:22:39.500000Z,38.387,46.745,10.500,1.700,87.000,0.100,13.000,,1.000
57,ZANG,6.314,107.368,PG,0,2.600,-0.100,,,,,,,,,,
57,ZANG,6.314,107.368,SG,0,4.760,0.060,,,,,,,,,,
57,ORNG,10.070,211.941,PG,0,3.160,-0.060,,,,,,,,,,
57,ORNG,10.070,211.941,SG,0,5.560,-0.050,,,,,,,,,,
57,HIGH,13.883,54.249,PG,0,3.360,-0.080,,,,,,,,,,
57,HIGH,13.883,54.249,SG,0,5.850,-0.140,,,,,,,,,,
57,VRDN,16.087,259.319,PG,0,3.760,0.010,,,,,,,,,,
57,VRDN,16.087,259.319,SG,0,6.480,-0.050,,,,,,,,,,
57,NMVR,17.585,315.549,PG,0,3.940,-0.080,,,,,,,,,,
57,NMVR,17.585,315.549,SG,0,7.100,0.100,,,,,,,,,,
57,BLVR,17.801,342.585,PG,0,4.060,-0.130,,,,,,,,,,
57,BLVR,17.801,342.585,SG,0,7.400,0.110,,,,,,,,,,
57,AZGN,18.502,225.462,PG,0,4.000,-0.010,,,,,,,,,,
57,AZGN,18.502,225.462,SG,0,6.980,-0.010,,,,,,,,,,
57,SRND,20.089,55.252,PG,0,4.330,-0.020,,,,,,,,,,
57,SRND,20.089,55.252,SG,0,7.560,-0.020,,,,,,,,,,
57,KVCH,21.240,64.225,PG,0,4.570,0.040,,,,,,,,,,
57,KVCH,21.240,64.225,SG,0,8.020,0.130,,,,,,,,,,
57,HRS,23.847,296.528,PG,0,4.600,0.010,,,,,,,,,,
57,HRS,23.847,296.528,SG,0,8.080,0.100,,,,,,,,,,
57,FRMZ,24.765,118.582,PG,0,5.100,0.020,,,,,,,,,,
57,FRMZ,24.765,118.582,SG,0,8.980,0.140,,,,,,,,,,
57,MGSL,25.005,309.474,PG,0,5.030,-0.090,,,,,,,,,,
57,MGSL,25.005,309.474,SG,0,8.880,-0.020,,,,,,,,,,
57,KRNG,27.322,263.799,PG,0,5.360,0.050,,,,,,,,,,
57,KRNG,27.322,263.799,SG,0,9.320,0.080,,,,,,,,,,
57,,,,,,,,2012-08-15T02:24:22.700000Z,38.413,46.799,12.800,1.900,93.000,0.100,13.000,,1.100
58,ZANG,4.696,216.530,PG,0,1.190,-0.160,,,,,,,,,,
58,ZANG,4.696,216.530,SG,0,2.380,0.050,,,,,,,,,,
58,HIGH,6.680,21.478,PG,0,1.450,-0.190,,,,,,,,,,
58,HIGH,6.680,21.478,SG,0,2.780,-0.060,,,,,,,,,,
58,SRND,12.260,38.833,PG,0,2.650,-0.030,,,,,,,,,,
58,SRND,12.260,38.833,SG,0,4.940,0.290,,,,,,,,,,
58,KVCH,12.650,54.574,PG,0,2.690,-0.070,,,,,,,,,,
58,KVCH,12.650,54.574,SG,0,5.000,0.210,,,,,,,,,,
58,ORNG,17.575,233.631,PG,0,3.650,-0.060,,,,,,,,,,
58,ORNG,17.575,233.631,SG,0,6.600,0.150,,,,,,,,,,
58,FRMZ,18.877,136.771,PG,0,3.870,-0.020,,,,,,,,,,
58,FRMZ,18.877,136.771,SG,4,7.170,0.400,,,,,,,,,,
58,BLVR,20.702,316.873,PG,0,4.300,-0.000,,,,,,,,,,
58,BLVR,20.702,316.873,SG,0,7.380,-0.100,,,,,,,,,,
58,NMVR,23.687,296.811,PG,0,4.650,-0.040,,,,,,,,,,
58,NMVR,23.687,296.811,SG,0,8.280,0.130,,,,,,,,,,
58,GOLJ,24.333,93.575,PG,0,4.710,-0.070,,,,,,,,,,
58,GOLJ,24.333,93.575,SG,4,8.730,0.420,,,,,,,,,,
58,VRDN,25.107,258.870,PG,0,4.830,-0.050,,,,,,,,,,
58,VRDN,25.107,258.870,SG,4,8.950,0.470,,,,,,,,,,
58,AZGN,26.552,236.008,PG,0,5.000,-0.070,,,,,,,,,,
58,AZGN,26.552,236.008,SG,0,9.040,0.220,,,,,,,,,,
58,MGSL,31.436,296.517,PG,0,6.050,-0.060,,,,,,,,,,
58,MGSL,31.436,296.517,SG,4,11.130,0.510,,,,,,,,,,
58,KRNG,36.311,262.398,PG,0,6.650,-0.190,,,,,,,,,,
58,KRNG,36.311,262.398,SG,0,12.000,0.110,,,,,,,,,,
58,,,,,,,,2012-08-15T02:27:22.400000Z,38.396,46.698,3.700,1.800,79.000,0.100,13.000,,1.700
59,ORNG,9.456,189.571,PG,0,2.670,-0.050,,,,,,,,,,
59,ORNG,9.456,189.571,SG,0,4.710,-0.030,,,,,,,,,,
59,ZANG,10.137,105.201,PG,0,2.480,-0.100,,,,,,,,,,
59,ZANG,10.137,105.201,SG,0,4.470,-0.040,,,,,,,,,,
59,VRDN,12.628,252.653,PG,0,2.950,-0.010,,,,,,,,,,
59,VRDN,12.628,252.653,SG,0,5.090,-0.070,,,,,,,,,,
59,NMVR,14.554,323.975,PG,0,3.180,-0.110,,,,,,,,,,
59,NMVR,14.554,323.975,SG,0,5.900,0.150,,,,,,,,,,
59,BLVR,16.283,354.459,PG,0,3.490,-0.190,,,,,,,,,,
59,BLVR,16.283,354.459,SG,0,6.550,0.130,,,,,,,,,,
59,HIGH,16.721,63.961,PG,0,3.360,-0.130,,,,,,,,,,
59,HIGH,16.721,63.961,SG,0,6.040,-0.050,,,,,,,,,,
59,AZGN,16.682,214.435,PG,0,3.480,0.000,,,,,,,,,,
59,AZGN,16.682,214.435,SG,0,6.190,0.120,,,,,,,,,,
59,HRS,20.161,299.295,PG,4,3.560,-0.250,,,,,,,,,,
59,MGSL,21.681,314.185,PG,0,4.280,-0.130,,,,,,,,,,
59,MGSL,21.681,314.185,SG,0,7.750,0.060,,,,,,,,,,
59,SRND,22.907,62.205,PG,0,4.490,-0.040,,,,,,,,,,
59,SRND,22.907,62.205,SG,0,8.060,0.160,,,,,,,,,,
59,KRNG,23.706,260.922,PG,0,4.640,0.060,,,,,,,,,,
59,KRNG,23.706,260.922,SG,0,8.070,0.080,,,,,,,,,,
59,KVCH,24.401,69.692,PG,0,4.810,0.030,,,,,,,,,,
59,KVCH,24.401,69.692,SG,4,8.650,0.310,,,,,,,,,,
59,FRMZ,28.454,116.316,PG,0,5.390,-0.070,,,,,,,,,,
59,FRMZ,28.454,116.316,SG,0,9.680,0.160,,,,,,,,,,
59,GOLJ,36.862,90.559,PG,0,6.740,0.010,,,,,,,,,,
59,GOLJ,36.862,90.559,SG,0,11.820,0.090,,,,,,,,,,
59,,,,,,,,2012-08-15T02:39:12.000000Z,38.406,46.842,9.200,2.000,73.000,0.100,14.000,,1.400
60,ZANG,1.058,245.194,PG,0,2.190,-0.130,,,,,,,,,,
60,ZANG,1.058,245.194,SG,0,3.950,-0.060,,,,,,,,,,
60,HIGH,10.462,24.140,PG,0,2.880,-0.060,,,,,,,,,,
60,HIGH,10.462,24.140,SG,0,5.070,-0.030,,,,,,,,,,
60,ORNG,14.210,240.048,PG,0,3.540,-0.060,,,,,,,,,,
60,ORNG,14.210,240.048,SG,0,6.340,0.090,,,,,,,,,,
60,SRND,16.017,36.459,PG,0,3.680,-0.040,,,,,,,,,,
60,SRND,16.017,36.459,SG,0,6.490,0.030,,,,,,,,,,
60,KVCH,16.158,48.694,PG,0,3.720,-0.040,,,,,,,,,,
60,KVCH,16.158,48.694,SG,0,6.650,0.120,,,,,,,,,,
60,FRMZ,18.066,125.228,PG,0,4.040,-0.030,,,,,,,,,,
60,FRMZ,18.066,125.228,SG,0,7.160,0.100,,,,,,,,,,
60,BLVR,22.169,326.263,PG,0,4.710,-0.030,,,,,,,,,,
60,BLVR,22.169,326.263,SG,4,8.730,0.500,,,,,,,,,,
60,VRDN,22.842,266.180,PG,0,4.590,-0.050,,,,,,,,,,
60,VRDN,22.842,266.180,SG,0,8.140,0.090,,,,,,,,,,
60,AZGN,23.229,240.271,PG,0,4.580,-0.060,,,,,,,,,,
60,AZGN,23.229,240.271,SG,0,8.070,0.010,,,,,,,,,,
60,NMVR,23.847,305.978,PG,0,4.850,-0.000,,,,,,,,,,
60,NMVR,23.847,305.978,SG,0,8.430,0.010,,,,,,,,,,
60,GOLJ,26.172,86.016,PG,0,5.130,-0.050,,,,,,,,,,
60,GOLJ,26.172,86.016,SG,0,9.100,0.110,,,,,,,,,,
60,MGSL,31.499,303.443,PG,0,6.030,-0.040,,,,,,,,,,
60,MGSL,31.499,303.443,SG,0,10.650,0.110,,,,,,,,,,
60,KRNG,34.175,267.515,PG,0,6.310,-0.030,,,,,,,,,,
60,KRNG,34.175,267.515,SG,0,11.080,0.070,,,,,,,,,,
60,,,,,,,,2012-08-15T02:41:53.800000Z,38.426,46.719,11.600,1.500,114.000,0.100,13.000,,0.900
61,ZANG,1.749,251.509,PG,0,2.180,-0.110,,,,,,,,,,
61,ZANG,1.749,251.509,SG,0,4.000,-0.010,,,,,,,,,,
61,HIGH,10.092,20.778,PG,0,2.810,-0.050,,,,,,,,,,
61,HIGH,10.092,20.778,SG,0,5.020,0.010,,,,,,,,,,
61,ORNG,14.873,241.025,PG,0,3.580,-0.060,,,,,,,,,,
61,ORNG,14.873,241.025,SG,0,6.370,0.010,,,,,,,,,,
61,KVCH,15.564,47.307,PG,0,3.640,0.000,,,,,,,,,,
61,KVCH,15.564,47.307,SG,0,6.460,0.100,,,,,,,,,,
61,SRND,15.520,34.631,PG,0,3.560,-0.050,,,,,,,,,,
61,FRMZ,17.567,126.841,PG,0,3.980,0.030,,,,,,,,,,
61,FRMZ,17.567,126.841,SG,0,6.920,0.030,,,,,,,,,,
61,VRDN,23.546,266.029,PG,0,4.710,0.020,,,,,,,,,,
61,VRDN,23.546,266.029,SG,0,8.290,0.110,,,,,,,,,,
61,AZGN,23.891,240.874,PG,0,4.630,-0.050,,,,,,,,,,
61,AZGN,23.891,240.874,SG,0,8.190,0.020,,,,,,,,,,
61,NMVR,24.354,304.804,PG,0,4.870,-0.010,,,,,,,,,,
61,GOLJ,25.468,86.161,PG,0,5.030,0.010,,,,,,,,,,
61,MGSL,32.026,302.591,PG,0,6.070,-0.030,,,,,,,,,,
61,KRNG,34.878,267.388,PG,0,6.430,0.040,,,,,,,,,,
61,,,,,,,,2012-08-15T02:45:44.400000Z,38.425,46.711,11.800,1.300,114.000,0.100,12.000,,0.900
62,ZANG,4.231,119.887,PG,0,1.970,-0.090,,,,,,,,,,
62,ZANG,4.231,119.887,SG,0,3.550,-0.020,,,,,,,,,,
62,ORNG,11.658,221.245,PG,0,3.060,0.020,,,,,,,,,,
62,ORNG,11.658,221.245,SG,0,5.400,0.130,,,,,,,,,,
62,HIGH,11.898,48.484,PG,0,2.750,-0.120,,,,,,,,,,
62,HIGH,11.898,48.484,SG,0,4.880,-0.090,,,,,,,,,,
62,SRND,18.060,51.577,PG,0,3.770,-0.080,,,,,,,,,,
62,SRND,18.060,51.577,SG,0,6.720,0.050,,,,,,,,,,
62,BLVR,18.443,335.371,PG,0,4.070,0.010,,,,,,,,,,
62,BLVR,18.443,335.371,SG,0,7.170,0.130,,,,,,,,,,
62,VRDN,18.446,260.014,PG,0,3.870,0.020,,,,,,,,,,
62,VRDN,18.446,260.014,SG,0,6.650,-0.030,,,,,,,,,,
62,KVCH,19.036,61.755,PG,0,3.950,-0.060,,,,,,,,,,
62,KVCH,19.036,61.755,SG,0,7.160,0.210,,,,,,,,,,
62,NMVR,19.169,310.051,PG,0,4.020,-0.010,,,,,,,,,,
62,NMVR,19.169,310.051,SG,0,6.810,-0.180,,,,,,,,,,
62,AZGN,20.391,229.678,PG,0,4.120,0.030,,,,,,,,,,
62,AZGN,20.391,229.678,SG,0,7.060,-0.030,,,,,,,,,,
62,FRMZ,22.843,121.916,PG,0,4.580,-0.050,,,,,,,,,,
62,FRMZ,22.843,121.916,SG,0,8.080,0.050,,,,,,,,,,
62,MGSL,26.740,305.902,PG,0,5.250,-0.010,,,,,,,,,,
62,MGSL,26.740,305.902,SG,0,9.270,0.140,,,,,,,,,,
62,GOLJ,30.744,89.684,PG,0,5.730,-0.080,,,,,,,,,,
62,GOLJ,30.744,89.684,SG,0,10.150,0.070,,,,,,,,,,
62,,,,,,,,2012-08-15T02:53:43.600000Z,38.411,46.772,9.200,1.500,99.000,0.100,12.000,,1.200
63,ZANG,4.066,123.086,PG,0,2.060,-0.140,,,,,,,,,,
63,ZANG,4.066,123.086,SG,0,3.860,0.060,,,,,,,,,,
63,HIGH,11.628,48.039,PG,0,2.800,-0.140,,,,,,,,,,
63,HIGH,11.628,48.039,SG,0,5.070,-0.010,,,,,,,,,,
63,SRND,17.786,51.334,PG,0,3.760,-0.120,,,,,,,,,,
63,SRND,17.786,51.334,SG,0,6.770,0.050,,,,,,,,,,
63,BLVR,18.454,334.488,PG,0,4.030,-0.110,,,,,,,,,,
63,BLVR,18.454,334.488,SG,4,7.490,0.320,,,,,,,,,,
63,VRDN,18.724,259.821,PG,0,3.940,-0.020,,,,,,,,,,
63,VRDN,18.724,259.821,SG,0,6.890,0.020,,,,,,,,,,
63,KVCH,18.753,61.676,PG,0,3.950,-0.090,,,,,,,,,,
63,KVCH,18.753,61.676,SG,0,7.080,0.090,,,,,,,,,,
63,NMVR,19.300,309.299,PG,0,4.050,-0.070,,,,,,,,,,
63,NMVR,19.300,309.299,SG,0,7.280,0.140,,,,,,,,,,
63,AZGN,20.663,229.915,PG,0,4.170,-0.020,,,,,,,,,,
63,AZGN,20.663,229.915,SG,0,7.320,0.060,,,,,,,,,,
63,FRMZ,22.681,122.505,PG,0,4.620,-0.040,,,,,,,,,,
63,FRMZ,22.681,122.505,SG,0,8.280,0.200,,,,,,,,,,
63,HRS,26.088,293.316,PG,0,4.710,-0.140,,,,,,,,,,
63,HRS,26.088,293.316,PG,0,4.720,,,,,,,,,,,
63,HRS,26.088,293.316,SG,0,8.500,0.100,,,,,,,,,,
63,MGSL,26.889,305.384,PG,0,5.270,-0.070,,,,,,,,,,
63,MGSL,26.889,305.384,SG,0,9.370,0.120,,,,,,,,,,
63,KRNG,29.963,263.725,PG,0,5.670,0.000,,,,,,,,,,
63,KRNG,29.963,263.725,SG,0,9.890,0.060,,,,,,,,,,
63,GOLJ,30.482,89.892,PG,0,5.750,-0.060,,,,,,,,,,
63,GOLJ,30.482,89.892,SG,0,10.210,0.140,,,,,,,,,,
63,TBZ,57.533,70.052,PG,0,9.990,-0.060,,,,,,,,,,
63,TBZ,57.533,70.052,SG,4,17.830,0.370,,,,,,,,,,
63,MRD,98.822,109.586,PG,4,16.250,-0.480,,,,,,,,,,
63,SHB,101.707,81.695,PG,0,17.140,-0.190,,,,,,,,,,
63,SHB,101.707,81.695,SG,4,30.720,0.600,,,,,,,,,,
63,SRB,102.276,309.850,PG,4,16.660,-0.540,,,,,,,,,,
63,AZR,106.670,40.072,PG,0,18.110,-0.040,,,,,,,,,,
63,AZR,106.670,40.072,SG,0,31.840,0.300,,,,,,,,,,
63,,,,,,,,2012-08-15T03:41:31.000000Z,38.410,46.769,10.100,3.600,107.000,0.100,18.000,,1.100
64,HIGH,5.608,18.156,PG,0,2.660,-0.070,,,,,,,,,,
64,HIGH,5.608,18.156,SG,0,4.710,-0.030,,,,,,,,,,
64,ZANG,5.826,216.859,PG,0,2.650,-0.090,,,,,,,,,,
64,ZANG,5.826,216.859,SG,0,4.860,0.100,,,,,,,,,,
64,SRND,11.130,38.903,PG,0,3.290,-0.010,,,,,,,,,,
64,SRND,11.130,38.903,SG,0,5.740,0.010,,,,,,,,,,
64,KVCH,11.571,56.158,PG,0,3.340,-0.030,,,,,,,,,,
64,KVCH,11.571,56.158,SG,0,5.990,0.140,,,,,,,,,,
64,FRMZ,19.080,140.128,PG,0,4.200,-0.130,,,,,,,,,,
64,FRMZ,19.080,140.128,SG,0,7.450,-0.070,,,,,,,,,,
64,BLVR,20.564,313.758,PG,0,4.720,0.110,,,,,,,,,,
64,BLVR,20.564,313.758,SG,0,7.740,-0.270,,,,,,,,,,
64,GOLJ,23.712,95.828,PG,0,4.820,-0.090,,,,,,,,,,
64,GOLJ,23.712,95.828,SG,0,8.660,0.130,,,,,,,,,,
64,NMVR,23.939,294.160,PG,0,5.030,0.090,,,,,,,,,,
64,NMVR,23.939,294.160,SG,0,8.540,-0.050,,,,,,,,,,
64,VRDN,25.977,257.252,PG,0,5.180,0.010,,,,,,,,,,
64,VRDN,25.977,257.252,SG,0,9.130,0.150,,,,,,,,,,
64,AZGN,27.631,235.297,PG,0,5.310,-0.050,,,,,,,,,,
64,AZGN,27.631,235.297,SG,0,9.260,-0.050,,,,,,,,,,
64,MGSL,31.688,294.517,PG,0,6.260,0.120,,,,,,,,,,
64,KRNG,37.133,261.188,PG,0,6.870,0.050,,,,,,,,,,
64,KRNG,37.133,261.188,SG,0,11.870,0.000,,,,,,,,,,
64,,,,,,,,2012-08-15T03:44:30.600000Z,38.388,46.690,13.200,,76.000,0.100,12.000,,1.200
65,HIGH,5.424,334.221,PG,0,1.630,-0.090,,,,,,,,,,
65,HIGH,5.424,334.221,SG,0,2.990,-0.010,,,,,,,,,,
65,KVCH,8.140,42.552,PG,0,2.070,-0.100,,,,,,,,,,
65,KVCH,8.140,42.552,SG,0,3.840,0.050,,,,,,,,,,
65,SRND,8.706,19.341,PG,0,2.230,0.010,,,,,,,,,,
65,SRND,8.706,19.341,SG,0,4.040,0.150,,,,,,,,,,
65,ZANG,9.155,236.128,PG,0,2.040,-0.140,,,,,,,,,,
65,ZANG,9.155,236.128,SG,0,3.780,-0.020,,,,,,,,,,
65,FRMZ,17.141,151.703,PG,0,3.520,-0.070,,,,,,,,,,
65,FRMZ,17.141,151.703,SG,0,6.450,0.190,,,,,,,,,,
65,GOLJ,19.693,98.358,PG,0,3.900,-0.030,,,,,,,,,,
65,GOLJ,19.693,98.358,SG,4,7.360,0.510,,,,,,,,,,
65,ORNG,22.302,238.225,PG,0,4.340,-0.130,,,,,,,,,,
65,BLVR,23.442,306.023,PG,0,4.770,0.080,,,,,,,,,,
65,NMVR,27.588,289.846,PG,0,5.150,-0.070,,,,,,,,,,
65,VRDN,30.082,258.179,PG,0,5.460,-0.100,,,,,,,,,,
65,VRDN,30.082,258.179,SG,0,9.870,0.180,,,,,,,,,,
65,AZGN,31.316,238.930,PG,0,5.620,-0.080,,,,,,,,,,
65,AZGN,31.316,238.930,SG,0,10.020,0.090,,,,,,,,,,
65,MGSL,35.311,291.117,PG,0,6.540,0.020,,,,,,,,,,
65,KRNG,41.258,261.480,PG,0,7.240,-0.100,,,,,,,,,,
65,KRNG,41.258,261.480,SG,0,12.940,0.150,,,,,,,,,,
65,,,,,,,,2012-08-15T04:27:43.700000Z,38.384,46.643,6.200,1.800,84.000,0.100,13.000,,1.300
66,ZANG,6.281,103.261,PG,0,1.950,-0.200,,,,,,,,,,
66,ZANG,6.281,103.261,SG,0,3.530,-0.180,,,,,,,,,,
66,ORNG,9.649,212.894,PG,0,2.750,0.010,,,,,,,,,,
66,ORNG,9.649,212.894,SG,0,4.790,0.050,,,,,,,,,,
66,HIGH,14.216,53.000,PG,0,2.980,-0.160,,,,,,,,,,
66,HIGH,14.216,53.000,SG,0,5.390,-0.040,,,,,,,,,,
66,VRDN,15.923,260.830,PG,0,3.380,-0.060,,,,,,,,,,
66,VRDN,15.923,260.830,SG,0,6.120,0.160,,,,,,,,,,
66,NMVR,17.844,316.749,PG,0,3.690,-0.100,,,,,,,,,,
66,NMVR,17.844,316.749,SG,0,6.750,0.170,,,,,,,,,,
66,BLVR,18.200,343.267,PG,0,3.810,-0.170,,,,,,,,,,
66,BLVR,18.200,343.267,SG,0,7.080,0.170,,,,,,,,,,
66,AZGN,18.130,226.267,PG,0,3.700,-0.020,,,,,,,,,,
66,AZGN,18.130,226.267,SG,0,6.590,0.150,,,,,,,,,,
66,SRND,20.416,54.366,PG,0,4.090,-0.080,,,,,,,,,,
66,SRND,20.416,54.366,SG,0,7.390,0.160,,,,,,,,,,
66,KVCH,21.514,63.260,PG,0,4.310,-0.050,,,,,,,,,,
66,KVCH,21.514,63.260,SG,0,7.750,0.190,,,,,,,,,,
66,HRS,23.970,297.572,PG,0,4.210,-0.220,,,,,,,,,,
66,HRS,23.970,297.572,SG,0,7.720,0.030,,,,,,,,,,
66,FRMZ,24.632,117.579,PG,0,4.820,-0.070,,,,,,,,,,
66,FRMZ,24.632,117.579,SG,0,8.650,0.160,,,,,,,,,,
66,MGSL,25.222,310.380,PG,0,4.860,-0.140,,,,,,,,,,
66,MGSL,25.222,310.380,SG,0,8.750,0.080,,,,,,,,,,
66,KRNG,27.189,264.708,PG,0,5.170,0.000,,,,,,,,,,
66,KRNG,27.189,264.708,SG,0,8.980,0.010,,,,,,,,,,
66,GOLJ,33.197,88.541,PG,0,6.120,-0.060,,,,,,,,,,
66,GOLJ,33.197,88.541,SG,0,10.950,0.210,,,,,,,,,,
66,,,,,,,,2012-08-15T04:29:39.700000Z,38.417,46.800,8.600,2.900,95.000,0.100,14.000,,1.600
67,HIGH,4.907,21.957,PG,0,1.350,-0.110,,,,,,,,,,
67,HIGH,4.907,21.957,SG,0,2.490,-0.020,,,,,,,,,,
67,ZANG,6.418,212.071,PG,0,1.610,-0.060,,,,,,,,,,
67,ZANG,6.418,212.071,SG,0,3.000,0.130,,,,,,,,,,
67,SRND,10.595,41.913,PG,0,2.370,-0.070,,,,,,,,,,
67,SRND,10.595,41.913,SG,0,4.370,0.160,,,,,,,,,,
67,KVCH,11.233,59.702,PG,0,2.440,-0.120,,,,,,,,,,
67,KVCH,11.233,59.702,SG,0,4.510,0.090,,,,,,,,,,
67,ORNG,19.082,230.701,PG,0,4.000,-0.030,,,,,,,,,,
67,ORNG,19.082,230.701,SG,4,7.300,0.320,,,,,,,,,,
67,FRMZ,19.737,141.377,PG,0,3.950,-0.140,,,,,,,,,,
67,FRMZ,19.737,141.377,SG,0,7.160,0.080,,,,,,,,,,
67,BLVR,19.970,312.318,PG,0,4.360,0.140,,,,,,,,,,
67,NMVR,23.553,292.519,PG,0,4.770,0.060,,,,,,,,,,
67,GOLJ,23.892,97.659,PG,0,4.590,-0.150,,,,,,,,,,
67,GOLJ,23.892,97.659,SG,0,8.380,0.170,,,,,,,,,,
67,VRDN,26.077,255.544,PG,0,5.050,-0.050,,,,,,,,,,
67,VRDN,26.077,255.544,SG,0,8.920,0.080,,,,,,,,,,
67,AZGN,28.012,233.891,PG,4,5.060,-0.320,,,,,,,,,,
67,AZGN,28.012,233.891,SG,4,9.280,-0.050,,,,,,,,,,
67,MGSL,31.296,293.287,PG,0,6.140,0.010,,,,,,,,,,
67,MGSL,31.296,293.287,SG,4,11.300,0.670,,,,,,,,,,
67,HRS,31.597,283.040,PG,0,5.660,-0.150,,,,,,,,,,
67,KRNG,37.177,259.984,PG,0,6.890,-0.150,,,,,,,,,,
67,KRNG,37.177,259.984,SG,0,12.360,0.150,,,,,,,,,,
67,,,,,,,,2012-08-15T04:35:57.200000Z,38.381,46.691,4.100,1.700,70.000,0.100,14.000,,1.400
68,HIGH,9.962,14.207,PG,0,2.780,-0.090,,,,,,,,,,
68,HIGH,9.962,14.207,SG,0,4.950,-0.050,,,,,,,,,,
68,KVCH,14.908,43.722,PG,0,3.530,-0.050,,,,,,,,,,
68,KVCH,14.908,43.722,SG,0,6.330,0.090,,,,,,,,,,
68,SRND,15.094,30.604,PG,0,3.530,-0.060,,,,,,,,,,
68,SRND,15.094,30.604,SG,0,6.250,0.010,,,,,,,,,,
68,ORNG,15.775,243.734,PG,0,3.780,0.010,,,,,,,,,,
68,FRMZ,16.534,128.590,PG,0,3.870,0.040,,,,,,,,,,
68,FRMZ,16.534,128.590,SG,0,6.640,-0.030,,,,,,,,,,
68,BLVR,23.328,322.671,PG,0,5.030,0.140,,,,,,,,,,
68,GOLJ,24.351,85.469,PG,0,4.860,-0.030,,,,,,,,,,
68,GOLJ,24.351,85.469,SG,0,8.600,0.090,,,,,,,,,,
68,VRDN,24.664,266.733,PG,0,4.820,-0.050,,,,,,,,,,
68,VRDN,24.664,266.733,SG,0,8.380,-0.100,,,,,,,,,,
68,AZGN,24.784,242.606,PG,0,4.780,-0.050,,,,,,,,,,
68,AZGN,24.784,242.606,SG,0,8.520,0.110,,,,,,,,,,
68,NMVR,25.418,303.760,PG,0,5.030,-0.030,,,,,,,,,,
68,NMVR,25.418,303.760,SG,0,8.820,0.020,,,,,,,,,,
68,HRS,32.539,292.084,PG,0,5.700,-0.130,,,,,,,,,,
68,HRS,32.539,292.084,SG,0,10.240,0.090,,,,,,,,,,
68,MGSL,33.106,301.863,PG,0,6.270,-0.010,,,,,,,,,,
68,MGSL,33.106,301.863,SG,0,10.950,0.010,,,,,,,,,,
68,KRNG,36.002,267.831,PG,0,6.590,0.010,,,,,,,,,,
68,KRNG,36.002,267.831,SG,0,11.500,0.040,,,,,,,,,,
68,,,,,,,,2012-08-15T04:42:33.200000Z,38.427,46.698,11.700,1.800,114.000,0.100,13.000,,1.400
69,HIGH,4.788,18.075,PG,0,1.330,-0.070,,,,,,,,,,
69,HIGH,4.788,18.075,SG,0,2.470,0.010,,,,,,,,,,
69,ZANG,6.610,214.639,PG,0,1.500,-0.120,,,,,,,,,,
69,ZANG,6.610,214.639,SG,0,2.890,0.050,,,,,,,,,,
69,KVCH,10.932,58.780,PG,0,2.390,-0.060,,,,,,,,,,
69,KVCH,10.932,58.780,SG,0,4.440,0.160,,,,,,,,,,
69,ORNG,19.353,231.358,PG,0,3.870,-0.080,,,,,,,,,,
69,FRMZ,19.522,142.179,PG,0,3.830,-0.100,,,,,,,,,,
69,FRMZ,19.522,142.179,SG,0,6.980,0.120,,,,,,,,,,
69,BLVR,20.231,311.652,PG,4,4.270,0.120,,,,,,,,,,
69,GOLJ,23.546,97.775,PG,0,4.480,-0.060,,,,,,,,,,
69,GOLJ,23.546,97.775,SG,4,8.390,0.460,,,,,,,,,,
69,NMVR,23.876,292.200,PG,0,4.750,0.120,,,,,,,,,,
69,VRDN,26.416,255.736,PG,0,4.950,-0.040,,,,,,,,,,
69,VRDN,26.416,255.736,SG,0,8.690,-0.010,,,,,,,,,,
69,AZGN,28.294,234.310,PG,0,5.200,-0.040,,,,,,,,,,
69,AZGN,28.294,234.310,SG,0,9.290,0.150,,,,,,,,,,
69,MGSL,31.618,293.039,PG,0,6.050,0.060,,,,,,,,,,
69,HRS,31.938,282.901,PG,0,5.580,-0.090,,,,,,,,,,
69,KRNG,37.521,260.079,PG,0,6.780,-0.060,,,,,,,,,,
69,KRNG,37.521,260.079,SG,0,11.990,0.060,,,,,,,,,,
69,,,,,,,,2012-08-15T04:53:20.400000Z,38.381,46.687,4.300,1.900,85.000,0.100,13.000,,1.200
70,ZANG,3.701,147.120,PG,0,2.200,-0.080,,,,,,,,,,
70,ZANG,3.701,147.120,SG,0,3.960,0.020,,,,,,,,,,
70,HIGH,9.999,46.478,PG,0,2.720,-0.100,,,,,,,,,,
70,HIGH,9.999,46.478,SG,0,4.800,-0.070,,,,,,,,,,
70,ORNG,13.516,223.752,PG,0,3.370,-0.060,,,,,,,,,,
70,ORNG,13.516,223.752,SG,0,6.030,0.080,,,,,,,,,,
70,SRND,16.141,50.705,PG,0,3.640,-0.050,,,,,,,,,,
70,SRND,16.141,50.705,SG,0,6.450,0.050,,,,,,,,,,
70,BLVR,18.330,329.342,PG,0,4.210,0.060,,,,,,,,,,
70,NMVR,19.884,304.767,PG,0,4.260,0.030,,,,,,,,,,
70,NMVR,19.884,304.767,SG,0,7.350,0.020,,,,,,,,,,
70,VRDN,20.267,258.058,PG,0,4.200,-0.010,,,,,,,,,,
70,VRDN,20.267,258.058,SG,0,7.320,0.020,,,,,,,,,,
70,FRMZ,22.034,126.412,PG,0,4.560,-0.040,,,,,,,,,,
70,FRMZ,22.034,126.412,SG,0,8.060,0.090,,,,,,,,,,
70,AZGN,22.304,230.490,PG,0,4.390,-0.070,,,,,,,,,,
70,AZGN,22.304,230.490,SG,0,7.700,-0.030,,,,,,,,,,
70,HRS,27.059,290.422,PG,0,4.860,-0.140,,,,,,,,,,
70,HRS,27.059,290.422,SG,0,8.810,0.140,,,,,,,,,,
70,MGSL,27.561,302.198,PG,0,5.490,0.050,,,,,,,,,,
70,GOLJ,29.100,91.645,PG,0,5.560,-0.050,,,,,,,,,,
70,GOLJ,29.100,91.645,SG,0,9.870,0.140,,,,,,,,,,
70,KRNG,31.460,262.406,PG,0,5.890,-0.010,,,,,,,,,,
70,,,,,,,,2012-08-15T05:09:27.000000Z,38.402,46.753,10.800,1.700,77.000,0.100,13.000,,1.000
71,ZANG,2.950,168.038,PG,0,2.280,-0.060,,,,,,,,,,
71,ZANG,2.950,168.038,SG,0,4.060,-0.020,,,,,,,,,,
71,HIGH,9.206,39.473,PG,0,2.720,-0.080,,,,,,,,,,
71,HIGH,9.206,39.473,SG,0,4.870,-0.000,,,,,,,,,,
71,SRND,15.235,46.732,PG,0,3.560,-0.040,,,,,,,,,,
71,SRND,15.235,46.732,SG,0,6.310,0.030,,,,,,,,,,
71,KVCH,15.992,59.043,PG,0,3.680,-0.040,,,,,,,,,,
71,KVCH,15.992,59.043,SG,0,6.570,0.090,,,,,,,,,,
71,BLVR,19.266,326.105,PG,0,4.290,-0.010,,,,,,,,,,
71,BLVR,19.266,326.105,SG,0,7.530,0.040,,,,,,,,,,
71,FRMZ,20.789,128.214,PG,0,4.460,0.040,,,,,,,,,,
71,FRMZ,20.789,128.214,SG,0,7.780,0.090,,,,,,,,,,
71,NMVR,21.169,303.111,PG,0,4.410,-0.020,,,,,,,,,,
71,NMVR,21.169,303.111,SG,0,7.750,0.030,,,,,,,,,,
71,VRDN,21.593,259.411,PG,0,4.440,0.020,,,,,,,,,,
71,VRDN,21.593,259.411,SG,0,7.620,-0.070,,,,,,,,,,
71,AZGN,23.263,233.108,PG,0,4.580,-0.020,,,,,,,,,,
71,AZGN,23.263,233.108,SG,0,7.990,-0.020,,,,,,,,,,
71,GOLJ,27.696,91.279,PG,0,5.370,-0.010,,,,,,,,,,
71,GOLJ,27.696,91.279,SG,0,9.350,-0.020,,,,,,,,,,
71,HRS,28.448,289.868,PG,0,5.120,-0.090,,,,,,,,,,
71,HRS,28.448,289.868,SG,0,9.150,0.080,,,,,,,,,,
71,MGSL,28.869,301.101,PG,0,5.580,-0.060,,,,,,,,,,
71,KRNG,32.817,263.122,PG,0,6.130,0.040,,,,,,,,,,
71,KRNG,32.817,263.122,SG,0,10.710,0.110,,,,,,,,,,
71,,,,,,,,2012-08-15T05:26:27.200000Z,38.404,46.737,11.700,2.700,73.000,0.100,13.000,,0.800
72,ZANG,4.633,112.526,PG,0,1.900,-0.100,,,,,,,,,,
72,ZANG,4.633,112.526,SG,0,3.470,-0.040,,,,,,,,,,
72,ORNG,11.008,219.992,PG,0,2.840,-0.030,,,,,,,,,,
72,ORNG,11.008,219.992,SG,0,5.100,0.080,,,,,,,,,,
72,HIGH,12.577,49.191,PG,0,2.790,-0.080,,,,,,,,,,
72,HIGH,12.577,49.191,SG,0,4.970,-0.060,,,,,,,,,,
72,VRDN,17.787,260.724,PG,0,3.610,-0.050,,,,,,,,,,
72,VRDN,17.787,260.724,SG,0,6.550,0.140,,,,,,,,,,
72,BLVR,18.503,337.522,PG,0,3.880,-0.100,,,,,,,,,,
72,SRND,18.747,51.937,PG,0,3.850,-0.020,,,,,,,,,,
72,SRND,18.747,51.937,SG,0,6.900,0.130,,,,,,,,,,
72,NMVR,18.925,312.013,PG,0,3.800,-0.100,,,,,,,,,,
72,AZGN,19.710,229.262,PG,0,3.860,-0.030,,,,,,,,,,
72,AZGN,19.710,229.262,SG,0,6.810,-0.000,,,,,,,,,,
72,KVCH,19.732,61.739,PG,0,4.040,0.010,,,,,,,,,,
72,KVCH,19.732,61.739,SG,0,7.190,0.140,,,,,,,,,,
72,FRMZ,23.192,120.417,PG,0,4.640,0.030,,,,,,,,,,
72,MGSL,26.446,307.261,PG,0,5.040,-0.080,,,,,,,,,,
72,MGSL,26.446,307.261,SG,0,9.080,0.130,,,,,,,,,,
72,KRNG,29.047,264.401,PG,0,5.410,0.020,,,,,,,,,,
72,KRNG,29.047,264.401,SG,0,9.410,-0.000,,,,,,,,,,
72,GOLJ,31.358,89.077,PG,0,5.860,0.030,,,,,,,,,,
72,,,,,,,,2012-08-15T06:13:54.700000Z,38.414,46.779,9.100,1.900,99.000,0.100,13.000,,1.200
73,ZANG,4.645,120.112,PG,0,2.250,-0.090,,,,,,,,,,
73,ZANG,4.645,120.112,SG,0,4.060,-0.010,,,,,,,,,,
73,ORNG,11.602,219.224,PG,0,3.150,-0.050,,,,,,,,,,
73,ORNG,11.602,219.224,SG,0,5.620,0.060,,,,,,,,,,
73,HIGH,12.019,50.380,PG,0,2.930,-0.120,,,,,,,,,,
73,HIGH,12.019,50.380,SG,0,5.210,-0.090,,,,,,,,,,
73,VRDN,18.143,259.130,PG,0,3.870,-0.030,,,,,,,,,,
73,VRDN,18.143,259.130,SG,0,6.850,0.070,,,,,,,,,,
73,BLVR,18.097,336.083,PG,0,4.010,-0.100,,,,,,,,,,
73,BLVR,18.097,336.083,SG,0,7.280,0.130,,,,,,,,,,
73,SRND,18.201,52.807,PG,0,3.940,-0.030,,,,,,,,,,
73,SRND,18.201,52.807,SG,0,6.970,0.070,,,,,,,,,,
73,NMVR,18.759,310.217,PG,0,3.980,-0.080,,,,,,,,,,
73,NMVR,18.759,310.217,SG,0,7.130,0.060,,,,,,,,,,
73,KVCH,19.243,62.828,PG,0,4.140,0.010,,,,,,,,,,
73,KVCH,19.243,62.828,SG,0,7.260,0.080,,,,,,,,,,
73,AZGN,20.273,228.560,PG,0,4.120,-0.020,,,,,,,,,,
73,AZGN,20.273,228.560,SG,0,7.180,-0.030,,,,,,,,,,
73,FRMZ,23.257,121.922,PG,0,4.820,0.070,,,,,,,,,,
73,FRMZ,23.257,121.922,SG,0,8.300,0.030,,,,,,,,,,
73,MGSL,26.327,305.954,PG,0,5.160,-0.080,,,,,,,,,,
73,MGSL,26.327,305.954,SG,0,9.140,0.020,,,,,,,,,,
73,KRNG,29.368,263.375,PG,0,5.600,0.040,,,,,,,,,,
73,KRNG,29.368,263.375,PG,0,5.600,0.040,,,,,,,,,,
73,KRNG,29.368,263.375,SG,0,9.660,-0.010,,,,,,,,,,
73,GOLJ,31.094,90.094,PG,0,5.950,0.060,,,,,,,,,,
73,,,,,,,,2012-08-15T06:25:10.700000Z,38.409,46.776,11.100,2.600,97.000,0.100,13.000,,0.900
74,HIGH,7.647,340.656,PG,0,1.760,-0.090,,,,,,,,,,
74,HIGH,7.647,340.656,SG,0,3.180,-0.010,,,,,,,,,,
74,ZANG,8.253,250.379,PG,0,1.820,-0.120,,,,,,,,,,
74,ZANG,8.253,250.379,SG,0,3.390,0.050,,,,,,,,,,
74,KVCH,9.886,32.614,PG,0,2.210,-0.120,,,,,,,,,,
74,KVCH,9.886,32.614,SG,0,4.110,0.090,,,,,,,,,,
74,SRND,10.888,14.400,PG,0,2.430,-0.050,,,,,,,,,,
74,SRND,10.888,14.400,SG,0,4.410,0.120,,,,,,,,,,
74,FRMZ,15.035,148.083,PG,0,3.220,-0.020,,,,,,,,,,
74,FRMZ,15.035,148.083,SG,0,5.740,0.130,,,,,,,,,,
74,GOLJ,19.311,91.578,PG,0,3.860,-0.030,,,,,,,,,,
74,GOLJ,19.311,91.578,SG,4,7.160,0.420,,,,,,,,,,
74,ORNG,21.319,243.800,PG,0,4.280,-0.080,,,,,,,,,,
74,ORNG,21.319,243.800,SG,0,7.660,0.100,,,,,,,,,,
74,BLVR,25.014,310.117,PG,0,5.100,0.070,,,,,,,,,,
74,BLVR,25.014,310.117,SG,0,8.810,0.090,,,,,,,,,,
74,NMVR,28.617,294.127,PG,0,5.540,0.040,,,,,,,,,,
74,VRDN,29.857,262.629,PG,0,5.510,-0.130,,,,,,,,,,
74,VRDN,29.857,262.629,SG,4,10.330,0.540,,,,,,,,,,
74,AZGN,30.327,242.868,PG,0,5.580,-0.080,,,,,,,,,,
74,AZGN,30.327,242.868,SG,0,9.960,0.140,,,,,,,,,,
74,KRNG,41.140,264.727,PG,0,7.450,-0.080,,,,,,,,,,
74,KRNG,41.140,264.727,SG,0,13.060,-0.010,,,,,,,,,,
74,,,,,,,,2012-08-15T06:54:27.700000Z,38.405,46.641,4.100,2.800,94.000,0.100,12.000,,1.900
75,KVCH,8.163,35.306,PG,0,2.030,-0.130,,,,,,,,,,
75,KVCH,8.163,35.306,SG,0,3.800,0.050,,,,,,,,,,
75,SRND,9.125,13.285,PG,0,2.220,-0.050,,,,,,,,,,
75,SRND,9.125,13.285,SG,0,4.050,0.090,,,,,,,,,,
75,ZANG,9.488,242.126,PG,0,2.060,-0.150,,,,,,,,,,
75,ZANG,9.488,242.126,SG,0,3.830,-0.020,,,,,,,,,,
75,FRMZ,16.187,153.039,PG,0,3.480,0.030,,,,,,,,,,
75,FRMZ,16.187,153.039,SG,0,6.040,0.040,,,,,,,,,,
75,GOLJ,18.825,96.706,PG,0,3.900,0.090,,,,,,,,,,
75,GOLJ,18.825,96.706,SG,4,7.070,0.430,,,,,,,,,,
75,ORNG,22.639,240.709,PG,0,4.490,-0.070,,,,,,,,,,
75,ORNG,22.639,240.709,SG,4,8.170,0.240,,,,,,,,,,
75,BLVR,24.470,306.207,PG,4,5.000,0.090,,,,,,,,,,
75,NMVR,28.555,290.574,PG,0,5.510,0.060,,,,,,,,,,
75,VRDN,30.723,259.700,PG,0,5.670,-0.080,,,,,,,,,,
75,VRDN,30.723,259.700,SG,0,10.060,0.050,,,,,,,,,,
75,AZGN,31.658,240.699,PG,0,5.790,-0.060,,,,,,,,,,
75,AZGN,31.658,240.699,SG,0,10.310,0.120,,,,,,,,,,
75,MGSL,36.284,291.657,PG,0,6.810,0.000,,,,,,,,,,
75,KRNG,41.940,262.543,PG,0,7.510,-0.110,,,,,,,,,,
75,KRNG,41.940,262.543,SG,0,13.410,0.140,,,,,,,,,,
75,,,,,,,,2012-08-15T07:12:14.300000Z,38.390,46.634,5.900,2.500,87.000,0.100,12.000,,1.600
76,ORNG,12.091,207.078,PG,0,2.940,-0.070,,,,,,,,,,
76,ORNG,12.091,207.078,SG,0,5.200,-0.060,,,,,,,,,,
76,HIGH,12.562,62.034,PG,0,2.770,-0.100,,,,,,,,,,
76,HIGH,12.562,62.034,SG,0,5.010,-0.010,,,,,,,,,,
76,BLVR,15.758,339.557,PG,0,3.540,-0.040,,,,,,,,,,
76,NMVR,16.212,309.595,PG,0,3.460,-0.040,,,,,,,,,,
76,NMVR,16.212,309.595,SG,0,6.210,0.090,,,,,,,,,,
76,VRDN,16.812,251.978,PG,0,3.480,-0.040,,,,,,,,,,
76,VRDN,16.812,251.978,SG,0,6.290,0.140,,,,,,,,,,
76,SRND,18.764,60.535,PG,0,3.890,0.010,,,,,,,,,,
76,SRND,18.764,60.535,SG,0,6.810,0.040,,,,,,,,,,
76,KVCH,20.214,69.692,PG,0,4.190,0.070,,,,,,,,,,
76,AZGN,20.238,221.334,PG,0,3.930,-0.050,,,,,,,,,,
76,AZGN,20.238,221.334,SG,0,7.010,0.060,,,,,,,,,,
76,KVCH,20.214,69.692,SG,0,7.150,-0.030,,,,,,,,,,
76,MGSL,23.803,305.070,PG,0,4.640,-0.080,,,,,,,,,,
76,FRMZ,25.760,123.104,PG,0,5.060,0.040,,,,,,,,,,
76,KRNG,27.829,259.292,PG,0,5.220,0.010,,,,,,,,,,
76,KRNG,27.829,259.292,SG,0,9.060,-0.030,,,,,,,,,,
76,GOLJ,32.985,93.163,PG,0,6.190,0.090,,,,,,,,,,
76,,,,,,,,2012-08-15T09:03:23.900000Z,38.393,46.797,8.800,1.600,84.000,0.100,12.000,,1.500
77,HIGH,3.446,357.092,PG,0,1.170,-0.120,,,,,,,,,,
77,HIGH,3.446,357.092,SG,0,2.200,-0.020,,,,,,,,,,
77,SRND,8.459,36.810,PG,0,2.010,-0.070,,,,,,,,,,
77,SRND,8.459,36.810,SG,0,3.760,0.160,,,,,,,,,,
77,KVCH,8.938,59.362,PG,0,2.070,-0.110,,,,,,,,,,
77,KVCH,8.938,59.362,SG,0,3.910,0.140,,,,,,,,,,
77,HMLO,17.077,135.073,PG,4,-5.880,-9.450,,,,,,,,,,
77,FRMZ,19.485,148.048,PG,0,3.900,-0.090,,,,,,,,,,
77,FRMZ,19.485,148.048,SG,0,7.090,0.170,,,,,,,,,,
77,BLVR,20.827,306.330,PG,0,4.380,0.070,,,,,,,,,,
77,BLVR,20.827,306.330,SG,4,8.110,0.640,,,,,,,,,,
77,ORNG,21.344,231.824,PG,0,4.270,-0.080,,,,,,,,,,
77,ORNG,21.344,231.824,SG,0,7.540,-0.000,,,,,,,,,,
77,GOLJ,22.095,101.222,PG,0,4.310,-0.060,,,,,,,,,,
77,GOLJ,22.095,101.222,SG,4,8.150,0.580,,,,,,,,,,
77,NMVR,25.053,288.420,PG,0,4.890,0.010,,,,,,,,,,
77,NMVR,25.053,288.420,SG,4,9.190,0.720,,,,,,,,,,
77,VRDN,28.308,254.399,PG,0,5.280,-0.090,,,,,,,,,,
77,VRDN,28.308,254.399,SG,0,9.520,0.210,,,,,,,,,,
77,AZGN,30.290,234.448,PG,0,5.530,-0.110,,,,,,,,,,
77,AZGN,30.290,234.448,SG,0,9.830,0.040,,,,,,,,,,
77,MGSL,32.760,290.121,PG,0,6.220,-0.020,,,,,,,,,,
77,MGSL,32.760,290.121,SG,4,11.480,0.650,,,,,,,,,,
77,KRNG,39.360,258.916,PG,0,7.040,-0.170,,,,,,,,,,
77,KRNG,39.360,258.916,SG,0,12.670,0.140,,,,,,,,,,
77,,,,,,,,2012-08-15T09:03:48.700000Z,38.371,46.668,4.100,2.600,84.000,0.100,13.000,,1.700
78,ZANG,4.216,212.597,PG,0,1.860,0.040,,,,,,,,,,
78,ZANG,4.216,212.597,SG,0,3.330,0.150,,,,,,,,,,
78,HIGH,7.091,24.763,PG,0,1.910,-0.180,,,,,,,,,,
78,HIGH,7.091,24.763,SG,0,3.500,-0.160,,,,,,,,,,
78,SRND,12.764,40.039,PG,0,2.880,-0.050,,,,,,,,,,
78,SRND,12.764,40.039,SG,0,5.170,0.050,,,,,,,,,,
78,KVCH,13.207,55.104,PG,0,2.960,-0.050,,,,,,,,,,
78,KVCH,13.207,55.104,SG,0,5.330,0.070,,,,,,,,,,
78,FRMZ,19.081,135.167,PG,0,3.920,-0.020,,,,,,,,,,
78,FRMZ,19.081,135.167,SG,0,6.870,-0.000,,,,,,,,,,
78,BLVR,20.511,318.365,PG,0,4.360,0.110,,,,,,,,,,
78,NMVR,23.322,297.876,PG,0,4.590,0.030,,,,,,,,,,
78,GOLJ,24.843,92.985,PG,0,4.820,0.040,,,,,,,,,,
78,GOLJ,24.843,92.985,SG,4,8.720,0.380,,,,,,,,,,
78,AZGN,25.993,235.764,PG,0,4.720,-0.130,,,,,,,,,,
78,AZGN,25.993,235.764,SG,0,8.380,-0.080,,,,,,,,,,
78,HRS,30.980,286.913,PG,0,5.270,-0.200,,,,,,,,,,
78,HRS,30.980,286.913,SG,0,9.670,0.140,,,,,,,,,,
78,MGSL,31.068,297.313,PG,0,5.860,0.010,,,,,,,,,,
78,KRNG,35.761,262.635,PG,0,6.340,-0.120,,,,,,,,,,
78,KRNG,35.761,262.635,SG,0,11.400,0.140,,,,,,,,,,
78,TBZ,51.742,69.334,PG,0,9.220,0.190,,,,,,,,,,
78,BST,79.123,348.227,PG,0,13.490,0.020,,,,,,,,,,
78,,,,,,,,2012-08-15T09:11:16.800000Z,38.398,46.704,7.900,1.700,77.000,0.100,14.000,,1.200
79,ZANG,6.808,116.095,PG,0,2.360,-0.020,,,,,,,,,,
79,ZANG,6.808,116.095,SG,0,4.290,0.170,,,,,,,,,,
79,ORNG,10.986,208.492,PG,0,2.910,-0.120,,,,,,,,,,
79,ORNG,10.986,208.492,SG,0,5.260,-0.010,,,,,,,,,,
79,HIGH,13.340,58.344,PG,0,2.950,-0.180,,,,,,,,,,
79,HIGH,13.340,58.344,SG,0,5.340,-0.100,,,,,,,,,,
79,VRDN,16.247,255.413,PG,0,3.530,-0.040,,,,,,,,,,
79,VRDN,16.247,255.413,SG,0,6.230,0.020,,,,,,,,,,
79,BLVR,16.718,341.730,PG,0,3.740,-0.120,,,,,,,,,,
79,BLVR,16.718,341.730,SG,0,6.840,0.140,,,,,,,,,,
79,NMVR,16.748,313.097,PG,0,3.620,-0.100,,,,,,,,,,
79,NMVR,16.748,313.097,SG,0,6.610,0.140,,,,,,,,,,
79,AZGN,19.238,222.926,PG,0,3.900,-0.050,,,,,,,,,,
79,AZGN,19.238,222.926,SG,0,6.880,0.020,,,,,,,,,,
79,SRND,19.554,58.075,PG,0,4.050,-0.060,,,,,,,,,,
79,SRND,19.554,58.075,SG,0,7.140,-0.010,,,,,,,,,,
79,KVCH,20.864,67.078,PG,0,4.300,-0.020,,,,,,,,,,
79,KVCH,20.864,67.078,SG,0,7.590,0.080,,,,,,,,,,
79,MGSL,24.247,307.576,PG,0,4.860,-0.040,,,,,,,,,,
79,MGSL,24.247,307.576,SG,0,8.540,0.030,,,,,,,,,,
79,HMLO,25.074,109.847,PG,4,-4.400,-9.390,,,,,,,,,,
79,FRMZ,25.393,120.684,PG,0,5.010,-0.040,,,,,,,,,,
79,FRMZ,25.393,120.684,SG,0,8.790,0.020,,,,,,,,,,
79,KRNG,27.381,261.469,PG,0,5.280,0.050,,,,,,,,,,
79,KRNG,27.381,261.469,SG,0,9.170,0.080,,,,,,,,,,
79,GOLJ,33.200,91.223,PG,4,-3.110,-9.320,,,,,,,,,,
79,TBZ,59.847,71.621,PG,0,10.470,0.070,,,,,,,,,,
79,MRD,101.632,109.469,PG,0,17.350,0.200,,,,,,,,,,
79,,,,,,,,2012-08-15T09:25:49.300000Z,38.403,46.800,10.100,2.200,88.000,0.100,16.000,,1.100
80,GZCH,1.810,168.874,PG,0,2.410,-0.100,,,,,,,,,,
80,GZCH,1.810,168.874,SG,0,4.300,-0.050,,,,,,,,,,
80,ZANG,6.496,95.862,PG,0,2.570,-0.090,,,,,,,,,,
80,ZANG,6.496,95.862,SG,0,4.760,0.150,,,,,,,,,,
80,ORNG,8.807,213.728,PG,0,3.040,-0.030,,,,,,,,,,
80,ORNG,8.807,213.728,SG,0,5.330,0.010,,,,,,,,,,
80,HIGH,14.967,51.425,PG,0,3.480,-0.060,,,,,,,,,,
80,HIGH,14.967,51.425,SG,0,6.100,-0.050,,,,,,,,,,
80,VRDN,15.470,263.462,PG,0,3.740,0.080,,,,,,,,,,
80,VRDN,15.470,263.462,SG,0,6.380,0.030,,,,,,,,,,
80,AZGN,17.342,227.320,PG,0,3.900,0.050,,,,,,,,,,
80,AZGN,17.342,227.320,SG,0,6.630,-0.050,,,,,,,,,,
80,NMVR,18.186,319.230,PG,0,4.080,-0.010,,,,,,,,,,
80,BLVR,18.851,344.965,PG,0,4.270,-0.050,,,,,,,,,,
80,BLVR,18.851,344.965,SG,0,7.570,0.080,,,,,,,,,,
80,SRND,21.156,53.203,PG,0,4.440,-0.040,,,,,,,,,,
80,SRND,21.156,53.203,SG,0,7.700,-0.080,,,,,,,,,,
80,KVCH,22.181,61.869,PG,0,4.670,0.020,,,,,,,,,,
80,KVCH,22.181,61.869,SG,0,8.190,0.120,,,,,,,,,,
80,FRMZ,24.594,115.598,PG,0,4.970,-0.070,,,,,,,,,,
80,FRMZ,24.594,115.598,SG,0,8.710,-0.040,,,,,,,,,,
80,HMLO,24.712,104.484,PG,4,-11.790,-16.800,,,,,,,,,,
80,MGSL,25.471,312.222,PG,0,5.150,-0.040,,,,,,,,,,
80,KRNG,26.777,266.292,PG,0,5.330,0.090,,,,,,,,,,
80,GOLJ,33.572,87.227,PG,0,6.300,-0.030,,,,,,,,,,
80,GOLJ,33.572,87.227,SG,0,11.120,0.130,,,,,,,,,,
80,TBZ,60.935,69.637,PG,0,10.490,-0.030,,,,,,,,,,
80,BST,80.673,354.733,PG,0,13.620,-0.040,,,,,,,,,,
80,MRD,101.183,108.161,PG,0,17.030,0.140,,,,,,,,,,
80,,,,,,,,2012-08-15T10:00:35.100000Z,38.424,46.804,12.300,2.600,57.000,0.100,18.000,,0.800
81,ZANG,3.230,184.654,PG,0,2.170,-0.090,,,,,,,,,,
81,ZANG,3.230,184.654,SG,0,4.030,0.140,,,,,,,,,,
81,GZCH,7.706,235.843,PG,0,2.600,-0.050,,,,,,,,,,
81,GZCH,7.706,235.843,SG,0,4.570,0.000,,,,,,,,,,
81,HIGH,8.406,36.322,PG,0,2.620,-0.040,,,,,,,,,,
81,HIGH,8.406,36.322,SG,0,4.560,-0.030,,,,,,,,,,
81,SRND,14.374,45.317,PG,0,3.410,-0.050,,,,,,,,,,
81,SRND,14.374,45.317,SG,0,5.990,-0.000,,,,,,,,,,
81,KVCH,15.072,58.427,PG,0,3.520,-0.060,,,,,,,,,,
81,KVCH,15.072,58.427,SG,0,6.190,0.000,,,,,,,,,,
81,ORNG,15.245,229.647,PG,0,3.650,-0.020,,,,,,,,,,
81,ORNG,15.245,229.647,SG,0,6.450,0.100,,,,,,,,,,
81,HMLO,19.306,116.955,PG,4,-5.220,-9.410,,,,,,,,,,
81,BLVR,19.499,323.429,PG,0,4.290,-0.040,,,,,,,,,,
81,FRMZ,20.326,130.478,PG,0,4.280,-0.070,,,,,,,,,,
81,FRMZ,20.326,130.478,SG,0,7.470,-0.070,,,,,,,,,,
81,NMVR,21.734,301.120,PG,0,4.550,0.040,,,,,,,,,,
81,NMVR,21.734,301.120,SG,0,7.790,-0.020,,,,,,,,,,
81,VRDN,22.514,258.992,PG,0,4.550,-0.000,,,,,,,,,,
81,VRDN,22.514,258.992,SG,0,7.900,0.010,,,,,,,,,,
81,AZGN,24.163,233.725,PG,0,4.700,-0.040,,,,,,,,,,
81,AZGN,24.163,233.725,SG,0,8.170,-0.040,,,,,,,,,,
81,GOLJ,26.834,92.038,PG,0,5.180,-0.090,,,,,,,,,,
81,GOLJ,26.834,92.038,SG,0,9.170,0.030,,,,,,,,,,
81,HRS,29.165,288.674,PG,0,5.320,-0.010,,,,,,,,,,
81,MGSL,29.457,299.672,PG,0,5.780,0.040,,,,,,,,,,
81,MGSL,29.457,299.672,SG,0,10.070,0.110,,,,,,,,,,
81,KRNG,33.726,262.744,PG,0,6.310,0.050,,,,,,,,,,
81,KRNG,33.726,262.744,SG,0,10.810,-0.040,,,,,,,,,,
81,TBZ,53.743,69.745,PG,0,9.390,-0.030,,,,,,,,,,
81,TBZ,53.743,69.745,SG,0,16.500,0.150,,,,,,,,,,
81,BST,79.062,349.702,PG,0,13.350,-0.080,,,,,,,,,,
81,BST,79.062,349.702,SG,4,24.300,0.970,,,,,,,,,,
81,MRD,95.751,110.907,PG,0,16.310,0.250,,,,,,,,,,
81,SHB,97.940,81.990,PG,0,16.630,0.090,,,,,,,,,,
81,SHB,97.940,81.990,SG,4,29.720,0.970,,,,,,,,,,
81,AZR,103.549,38.888,PG,4,17.760,0.320,,,,,,,,,,
81,SRB,104.529,308.152,PG,0,17.290,-0.050,,,,,,,,,,
81,,,,,,,,2012-08-15T10:16:01.000000Z,38.401,46.727,10.700,2.700,54.000,0.100,22.000,,0.600
82,HIGH,6.492,332.772,PG,0,1.620,-0.070,,,,,,,,,,
82,HIGH,6.492,332.772,SG,0,2.880,-0.030,,,,,,,,,,
82,KVCH,8.445,35.402,PG,0,2.080,-0.020,,,,,,,,,,
82,KVCH,8.445,35.402,SG,0,3.650,0.020,,,,,,,,,,
82,ZANG,9.230,242.836,PG,0,2.040,-0.060,,,,,,,,,,
82,ZANG,9.230,242.836,SG,0,3.770,0.140,,,,,,,,,,
82,SRND,9.382,14.011,PG,0,2.200,-0.030,,,,,,,,,,
82,HMLO,13.456,136.513,PG,4,-6.230,-9.190,,,,,,,,,,
82,GZCH,15.282,249.645,PG,0,3.090,-0.100,,,,,,,,,,
82,GZCH,15.282,249.645,SG,0,5.480,-0.050,,,,,,,,,,
82,FRMZ,16.070,152.125,PG,0,3.560,0.140,,,,,,,,,,
82,FRMZ,16.070,152.125,SG,4,6.330,0.410,,,,,,,,,,
82,GOLJ,18.974,95.978,PG,0,4.000,0.170,,,,,,,,,,
82,GOLJ,18.974,95.978,SG,4,7.400,0.760,,,,,,,,,,
82,ORNG,22.378,240.984,PG,0,4.450,-0.090,,,,,,,,,,
82,BLVR,24.461,306.868,PG,0,4.920,-0.010,,,,,,,,,,
82,NMVR,28.470,291.115,PG,0,5.400,-0.070,,,,,,,,,,
82,NMVR,28.470,291.115,SG,0,9.690,0.200,,,,,,,,,,
82,VRDN,30.512,260.050,PG,0,5.620,-0.130,,,,,,,,,,
82,VRDN,30.512,260.050,SG,0,10.100,0.120,,,,,,,,,,
82,AZGN,31.397,240.894,PG,0,5.730,-0.110,,,,,,,,,,
82,AZGN,31.397,240.894,SG,0,10.070,-0.070,,,,,,,,,,
82,MGSL,36.204,292.085,PG,0,6.770,-0.060,,,,,,,,,,
82,MGSL,36.204,292.085,SG,0,12.040,0.180,,,,,,,,,,
82,TBZ,45.963,67.538,PG,0,8.350,0.030,,,,,,,,,,
82,TBZ,45.963,67.538,SG,4,14.920,0.470,,,,,,,,,,
82,SHB,89.928,81.973,PG,4,16.030,0.120,,,,,,,,,,
82,AZR,97.894,35.658,PG,0,17.090,-0.180,,,,,,,,,,
82,AZR,97.894,35.658,SG,4,30.190,0.170,,,,,,,,,,
82,,,,,,,,2012-08-15T10:53:24.900000Z,38.392,46.636,4.300,2.400,88.000,0.100,17.000,,1.800
83,ZANG,2.913,216.849,PG,0,0.940,-0.150,,,,,,,,,,
83,ZANG,2.913,216.849,SG,0,1.870,-0.040,,,,,,,,,,
83,HIGH,8.419,24.518,PG,0,1.820,-0.070,,,,,,,,,,
83,HIGH,8.419,24.518,SG,0,3.350,0.060,,,,,,,,,,
83,GZCH,8.579,246.382,PG,0,1.950,-0.030,,,,,,,,,,
83,GZCH,8.579,246.382,SG,0,3.640,0.190,,,,,,,,,,
83,SRND,14.041,38.465,PG,0,2.930,-0.030,,,,,,,,,,
83,SRND,14.041,38.465,SG,0,5.420,0.260,,,,,,,,,,
83,KVCH,14.351,52.295,PG,0,3.010,-0.020,,,,,,,,,,
83,ORNG,15.884,235.570,PG,0,3.360,-0.030,,,,,,,,,,
83,ORNG,15.884,235.570,SG,4,6.260,0.360,,,,,,,,,,
83,HMLO,17.580,116.580,PG,4,-5.700,-9.320,,,,,,,,,,
83,FRMZ,18.623,131.375,PG,0,3.880,0.060,,,,,,,,,,
83,FRMZ,18.623,131.375,SG,4,7.250,0.590,,,,,,,,,,
83,BLVR,21.108,321.634,PG,0,4.280,-0.070,,,,,,,,,,
83,NMVR,23.464,301.113,PG,0,4.550,-0.080,,,,,,,,,,
83,NMVR,23.464,301.113,SG,0,7.940,-0.120,,,,,,,,,,
83,VRDN,23.827,261.780,PG,0,4.550,-0.080,,,,,,,,,,
83,VRDN,23.827,261.780,SG,0,8.180,0.120,,,,,,,,,,
83,AZGN,24.881,237.403,PG,0,4.690,-0.060,,,,,,,,,,
83,AZGN,24.881,237.403,SG,0,8.410,0.130,,,,,,,,,,
83,GOLJ,25.329,90.161,PG,0,4.940,0.010,,,,,,,,,,
83,HRS,30.857,289.365,PG,4,5.300,-0.310,,,,,,,,,,
83,MGSL,31.186,299.749,PG,0,5.870,-0.170,,,,,,,,,,
83,MGSL,31.186,299.749,SG,0,10.660,0.130,,,,,,,,,,
83,KRNG,35.099,264.498,PG,0,6.440,-0.160,,,,,,,,,,
83,KRNG,35.099,264.498,SG,0,11.640,0.150,,,,,,,,,,
83,BST,80.214,348.773,PG,4,13.630,-0.960,,,,,,,,,,
83,,,,,,,,2012-08-15T10:56:57.300000Z,38.409,46.710,3.500,2.900,85.000,0.100,17.000,,1.300
84,HIGH,5.925,6.775,PG,0,1.450,-0.070,,,,,,,,,,
84,HIGH,5.925,6.775,SG,0,2.690,0.020,,,,,,,,,,
84,ZANG,6.123,227.892,PG,0,1.490,-0.040,,,,,,,,,,
84,ZANG,6.123,227.892,SG,0,2.760,0.070,,,,,,,,,,
84,SRND,10.964,32.807,PG,0,2.380,-0.050,,,,,,,,,,
84,SRND,10.964,32.807,SG,0,4.370,0.120,,,,,,,,,,
84,KVCH,11.057,50.739,PG,0,2.400,-0.060,,,,,,,,,,
84,KVCH,11.057,50.739,SG,0,4.320,0.010,,,,,,,,,,
84,GZCH,11.863,243.949,PG,0,2.550,0.010,,,,,,,,,,
84,GZCH,11.863,243.949,SG,0,4.570,0.130,,,,,,,,,,
84,HMLO,16.132,126.728,PG,4,-6.060,-9.420,,,,,,,,,,
84,FRMZ,17.988,141.563,PG,0,3.630,-0.070,,,,,,,,,,
84,FRMZ,17.988,141.563,SG,0,6.550,0.080,,,,,,,,,,
84,BLVR,21.708,312.908,PG,0,4.450,0.010,,,,,,,,,,
84,GOLJ,22.616,94.706,PG,0,4.320,-0.120,,,,,,,,,,
84,GOLJ,22.616,94.706,SG,0,7.880,0.120,,,,,,,,,,
84,NMVR,25.122,294.344,PG,0,4.930,0.030,,,,,,,,,,
84,NMVR,25.122,294.344,SG,0,8.620,0.060,,,,,,,,,,
84,VRDN,26.886,258.905,PG,0,5.040,-0.110,,,,,,,,,,
84,VRDN,26.886,258.905,SG,0,9.070,0.080,,,,,,,,,,
84,AZGN,28.193,237.441,PG,0,5.210,-0.110,,,,,,,,,,
84,AZGN,28.193,237.441,SG,0,9.230,-0.050,,,,,,,,,,
84,MGSL,32.872,294.647,PG,0,6.260,-0.060,,,,,,,,,,
84,,,,,,,,2012-08-15T11:23:44.200000Z,38.393,46.678,4.100,1.900,86.000,0.100,13.000,,1.200
85,GZCH,3.939,215.203,PG,0,2.130,-0.090,,,,,,,,,,
85,GZCH,3.939,215.203,SG,0,3.890,0.050,,,,,,,,,,
85,ZANG,4.383,118.748,PG,0,2.080,-0.090,,,,,,,,,,
85,ZANG,4.383,118.748,SG,0,3.740,-0.010,,,,,,,,,,
85,ORNG,11.544,220.592,PG,0,3.090,0.000,,,,,,,,,,
85,ORNG,11.544,220.592,SG,0,5.380,0.020,,,,,,,,,,
85,SRND,18.198,51.918,PG,0,3.840,-0.060,,,,,,,,,,
85,SRND,18.198,51.918,SG,0,6.750,-0.020,,,,,,,,,,
85,VRDN,18.274,259.918,PG,0,3.880,0.020,,,,,,,,,,
85,VRDN,18.274,259.918,SG,0,6.610,-0.090,,,,,,,,,,
85,BLVR,18.371,335.866,PG,0,3.960,-0.130,,,,,,,,,,
85,NMVR,19.035,310.389,PG,0,3.980,-0.070,,,,,,,,,,
85,NMVR,19.035,310.389,SG,0,7.110,0.080,,,,,,,,,,
85,KVCH,19.190,62.000,PG,0,4.060,-0.010,,,,,,,,,,
85,KVCH,19.190,62.000,SG,0,7.160,0.100,,,,,,,,,,
85,AZGN,20.258,229.358,PG,0,4.110,0.010,,,,,,,,,,
85,AZGN,20.258,229.358,SG,0,7.160,0.050,,,,,,,,,,
85,HMLO,22.636,109.702,PG,4,-4.710,-9.320,,,,,,,,,,
85,FRMZ,22.991,121.685,PG,0,4.700,0.020,,,,,,,,,,
85,FRMZ,22.991,121.685,SG,0,8.130,0.010,,,,,,,,,,
85,HRS,25.732,293.925,PG,0,4.620,-0.140,,,,,,,,,,
85,MGSL,26.599,306.122,PG,0,5.210,-0.050,,,,,,,,,,
85,MGSL,26.599,306.122,SG,0,9.250,0.110,,,,,,,,,,
85,KRNG,29.516,263.843,PG,0,5.630,0.060,,,,,,,,,,
85,KRNG,29.516,263.843,SG,0,9.820,0.140,,,,,,,,,,
85,GOLJ,30.919,89.684,PG,0,5.850,-0.000,,,,,,,,,,
85,GOLJ,30.919,89.684,SG,0,10.130,-0.030,,,,,,,,,,
85,TBZ,57.982,70.093,PG,0,10.090,-0.010,,,,,,,,,,
85,TBZ,57.982,70.093,SG,0,17.740,0.180,,,,,,,,,,
85,MRD,99.194,109.439,PG,0,16.650,-0.120,,,,,,,,,,
85,SHB,102.155,81.665,PG,0,17.470,0.090,,,,,,,,,,
85,SRB,102.009,310.053,PG,4,16.710,-0.430,,,,,,,,,,
85,AZR,107.039,40.211,PG,0,18.160,-0.030,,,,,,,,,,
85,,,,,,,,2012-08-15T11:27:06.100000Z,38.411,46.774,9.800,2.300,94.000,0.100,20.000,,0.800
86,HIGH,4.655,17.477,PG,0,1.310,-0.040,,,,,,,,,,
86,HIGH,4.655,17.477,SG,0,2.390,0.020,,,,,,,,,,
86,ZANG,6.751,214.715,PG,0,1.590,-0.050,,,,,,,,,,
86,ZANG,6.751,214.715,SG,0,3.040,0.160,,,,,,,,,,
86,SRND,10.223,40.508,PG,0,2.290,-0.010,,,,,,,,,,
86,SRND,10.223,40.508,SG,0,4.080,0.060,,,,,,,,,,
86,KVCH,10.800,59.044,PG,0,2.410,0.000,,,,,,,,,,
86,KVCH,10.800,59.044,SG,0,4.410,0.200,,,,,,,,,,
86,GZCH,11.979,236.257,PG,0,2.580,0.010,,,,,,,,,,
86,GZCH,11.979,236.257,SG,0,4.710,0.210,,,,,,,,,,
86,HMLO,17.572,129.129,PG,4,-5.810,-9.420,,,,,,,,,,
86,FRMZ,19.556,142.581,PG,0,3.900,-0.080,,,,,,,,,,
86,FRMZ,19.556,142.581,SG,0,6.900,-0.050,,,,,,,,,,
86,BLVR,20.223,311.253,PG,0,4.290,0.100,,,,,,,,,,
86,GOLJ,23.475,98.073,PG,0,4.500,-0.090,,,,,,,,,,
86,GOLJ,23.475,98.073,SG,0,8.130,0.130,,,,,,,,,,
86,NMVR,23.916,291.875,PG,0,4.760,0.060,,,,,,,,,,
86,VRDN,26.528,255.551,PG,0,5.030,-0.070,,,,,,,,,,
86,VRDN,26.528,255.551,SG,4,9.290,0.390,,,,,,,,,,
86,AZGN,28.430,234.231,PG,0,5.290,-0.090,,,,,,,,,,
86,AZGN,28.430,234.231,SG,0,9.400,0.020,,,,,,,,,,
86,MGSL,31.656,292.792,PG,0,6.040,-0.080,,,,,,,,,,
86,KRNG,37.627,259.936,PG,0,6.850,-0.190,,,,,,,,,,
86,KRNG,37.627,259.936,SG,0,12.280,0.000,,,,,,,,,,
86,TBZ,49.591,70.868,PG,0,9.000,-0.130,,,,,,,,,,
86,TBZ,49.591,70.868,SG,0,15.820,-0.100,,,,,,,,,,
86,,,,,,,,2012-08-15T11:39:29.300000Z,38.380,46.686,4.100,2.000,72.000,0.100,15.000,,1.200
87,GZCH,6.486,173.036,PG,0,2.020,-0.050,,,,,,,,,,
87,GZCH,6.486,173.036,SG,0,3.690,0.070,,,,,,,,,,
87,ZANG,8.718,127.650,PG,0,2.210,-0.030,,,,,,,,,,
87,ZANG,8.718,127.650,SG,0,3.830,-0.090,,,,,,,,,,
87,ORNG,12.789,200.392,PG,0,2.990,-0.020,,,,,,,,,,
87,HIGH,13.012,68.962,PG,0,2.810,-0.030,,,,,,,,,,
87,HIGH,13.012,68.962,SG,0,5.090,0.130,,,,,,,,,,
87,BLVR,14.258,341.788,PG,0,3.200,-0.080,,,,,,,,,,
87,BLVR,14.258,341.788,SG,0,5.730,-0.000,,,,,,,,,,
87,NMVR,14.629,308.517,PG,0,3.230,0.030,,,,,,,,,,
87,VRDN,16.264,246.733,PG,0,3.380,0.010,,,,,,,,,,
87,VRDN,16.264,246.733,SG,0,5.880,-0.010,,,,,,,,,,
87,SRND,19.144,65.263,PG,0,3.740,-0.140,,,,,,,,,,
87,SRND,19.144,65.263,SG,4,7.090,0.320,,,,,,,,,,
87,AZGN,20.527,216.882,PG,0,3.950,-0.030,,,,,,,,,,
87,AZGN,20.527,216.882,SG,0,7.000,0.060,,,,,,,,,,
87,KVCH,20.832,73.843,PG,0,4.200,0.040,,,,,,,,,,
87,MGSL,22.248,304.039,PG,0,4.390,-0.040,,,,,,,,,,
87,MGSL,22.248,304.039,SG,0,7.810,0.070,,,,,,,,,,
87,HMLO,26.680,113.976,PG,4,-4.160,-9.270,,,,,,,,,,
87,KRNG,27.066,256.333,PG,0,5.080,0.020,,,,,,,,,,
87,KRNG,27.066,256.333,SG,0,8.800,-0.020,,,,,,,,,,
87,GOLJ,34.124,95.105,PG,0,6.360,0.110,,,,,,,,,,
87,,,,,,,,2012-08-15T12:03:57.000000Z,38.382,46.809,7.700,1.600,84.000,0.100,14.000,,1.100
88,ZANG,2.401,294.601,PG,0,0.820,-0.180,,,,,,,,,,
88,ZANG,2.401,294.601,SG,0,1.660,-0.100,,,,,,,,,,
88,MHTR,3.469,187.230,PG,0,1.190,-0.020,,,,,,,,,,
88,MHTR,3.469,187.230,SG,0,2.270,0.160,,,,,,,,,,
88,GZCH,8.295,269.263,PG,0,1.880,-0.030,,,,,,,,,,
88,GZCH,8.295,269.263,SG,0,3.420,0.080,,,,,,,,,,
88,HIGH,11.407,15.538,PG,0,2.350,-0.020,,,,,,,,,,
88,HIGH,11.407,15.538,SG,0,4.270,0.130,,,,,,,,,,
88,ORNG,14.665,247.339,PG,0,3.170,0.010,,,,,,,,,,
88,ORNG,14.665,247.339,SG,0,5.560,0.040,,,,,,,,,,
88,HMLO,15.938,106.538,PG,4,-6.040,-9.360,,,,,,,,,,
88,FRMZ,16.241,123.568,PG,0,3.400,0.010,,,,,,,,,,
88,FRMZ,16.241,123.568,SG,0,5.810,-0.100,,,,,,,,,,
88,KVCH,16.300,42.032,PG,0,3.280,-0.070,,,,,,,,,,
88,KVCH,16.300,42.032,SG,0,5.930,0.080,,,,,,,,,,
88,SRND,16.552,30.073,PG,0,3.340,-0.050,,,,,,,,,,
88,SRND,16.552,30.073,SG,0,6.040,0.130,,,,,,,,,,
88,AZGN,23.643,244.783,PG,0,4.500,-0.030,,,,,,,,,,
88,AZGN,23.643,244.783,SG,0,8.080,0.190,,,,,,,,,,
88,BLVR,24.050,325.758,PG,0,4.760,-0.100,,,,,,,,,,
88,VRDN,24.009,269.821,PG,0,4.620,-0.030,,,,,,,,,,
88,VRDN,24.009,269.821,SG,0,8.260,0.150,,,,,,,,,,
88,GOLJ,25.095,82.541,PG,0,4.820,-0.060,,,,,,,,,,
88,GOLJ,25.095,82.541,SG,0,8.660,0.160,,,,,,,,,,
88,NMVR,25.687,306.991,PG,0,4.890,-0.120,,,,,,,,,,
88,NMVR,25.687,306.991,SG,0,8.890,0.150,,,,,,,,,,
88,HRS,32.501,294.665,PG,4,5.550,-0.350,,,,,,,,,,
88,MGSL,33.317,304.366,PG,0,6.200,-0.220,,,,,,,,,,
88,KRNG,35.359,269.946,PG,0,6.480,-0.160,,,,,,,,,,
88,KRNG,35.359,269.946,SG,0,11.590,0.020,,,,,,,,,,
88,TBZ,53.572,64.797,PG,4,9.500,-0.350,,,,,,,,,,
88,BST,83.565,348.929,PG,4,14.200,-0.980,,,,,,,,,,
88,MRD,92.471,108.912,PG,4,16.410,-0.350,,,,,,,,,,
88,SHB,96.674,79.364,PG,4,16.790,-0.840,,,,,,,,,,
88,AZR,105.675,36.632,PG,4,18.010,-1.230,,,,,,,,,,
88,,,,,,,,2012-08-15T13:19:01.200000Z,38.439,46.705,3.300,2.200,64.000,0.100,22.000,,1.000
89,ZANG,3.253,120.779,PG,0,2.200,-0.090,,,,,,,,,,
89,ZANG,3.253,120.779,SG,0,4.020,0.010,,,,,,,,,,
89,GZCH,4.326,230.105,PG,0,2.320,-0.100,,,,,,,,,,
89,GZCH,4.326,230.105,SG,0,4.220,-0.020,,,,,,,,,,
89,MHTR,7.608,143.350,PG,0,2.620,-0.040,,,,,,,,,,
89,MHTR,7.608,143.350,SG,0,4.720,0.050,,,,,,,,,,
89,HIGH,11.573,43.969,PG,0,2.940,-0.050,,,,,,,,,,
89,HIGH,11.573,43.969,SG,0,5.150,-0.080,,,,,,,,,,
89,ORNG,11.937,225.808,PG,0,3.260,0.030,,,,,,,,,,
89,ORNG,11.937,225.808,SG,0,5.590,-0.070,,,,,,,,,,
89,SRND,17.673,48.690,PG,0,3.840,-0.030,,,,,,,,,,
89,SRND,17.673,48.690,SG,0,6.810,0.040,,,,,,,,,,
89,KVCH,18.492,59.265,PG,0,3.990,-0.010,,,,,,,,,,
89,KVCH,18.492,59.265,SG,0,7.120,0.120,,,,,,,,,,
89,VRDN,19.237,261.773,PG,0,4.060,0.020,,,,,,,,,,
89,VRDN,19.237,261.773,SG,0,7.180,0.120,,,,,,,,,,
89,BLVR,19.221,333.558,PG,0,4.150,-0.100,,,,,,,,,,
89,NMVR,20.125,309.424,PG,0,4.170,-0.070,,,,,,,,,,
89,NMVR,20.125,309.424,SG,0,7.530,0.120,,,,,,,,,,
89,AZGN,20.787,232.172,PG,0,4.230,0.030,,,,,,,,,,
89,AZGN,20.787,232.172,SG,0,7.310,-0.030,,,,,,,,,,
89,HMLO,21.500,109.537,PG,4,-4.780,-9.240,,,,,,,,,,
89,FRMZ,21.867,122.144,PG,0,4.580,0.060,,,,,,,,,,
89,FRMZ,21.867,122.144,SG,0,7.910,0.010,,,,,,,,,,
89,HRS,26.870,293.892,PG,0,4.840,-0.090,,,,,,,,,,
89,HRS,26.870,293.892,SG,0,8.770,0.160,,,,,,,,,,
89,MGSL,27.709,305.592,PG,0,5.360,-0.060,,,,,,,,,,
89,MGSL,27.709,305.592,SG,0,9.560,0.090,,,,,,,,,,
89,GOLJ,29.875,88.829,PG,0,5.690,0.030,,,,,,,,,,
89,GOLJ,29.875,88.829,SG,0,9.940,0.050,,,,,,,,,,
89,KRNG,30.514,264.890,PG,0,5.750,0.050,,,,,,,,,,
89,KRNG,30.514,264.890,SG,0,9.910,-0.040,,,,,,,,,,
89,TBZ,57.148,69.322,PG,0,9.910,0.060,,,,,,,,,,
89,BST,80.107,352.054,PG,0,13.300,-0.200,,,,,,,,,,
89,MRD,98.057,109.406,PG,4,15.980,-0.340,,,,,,,,,,
89,SHB,101.177,81.337,PG,0,17.010,0.060,,,,,,,,,,
89,SRB,103.100,309.873,PG,0,16.940,-0.090,,,,,,,,,,
89,AZR,106.698,39.629,PG,4,18.180,0.340,,,,,,,,,,
89,,,,,,,,2012-08-15T13:34:33.300000Z,38.415,46.762,11.500,3.000,83.000,0.100,23.000,,0.700
90,MHTR,4.852,190.367,PG,0,2.420,-0.050,,,,,,,,,,
90,MHTR,4.852,190.367,SG,0,4.260,-0.080,,,,,,,,,,
90,GZCH,8.850,260.646,PG,0,2.690,-0.090,,,,,,,,,,
90,GZCH,8.850,260.646,SG,0,4.890,0.020,,,,,,,,,,
90,HIGH,10.007,15.176,PG,0,2.800,-0.030,,,,,,,,,,
90,HIGH,10.007,15.176,SG,0,5.000,0.040,,,,,,,,,,
90,KVCH,15.029,44.203,PG,0,3.480,-0.070,,,,,,,,,,
90,SRND,15.183,31.171,PG,0,3.520,-0.030,,,,,,,,,,
90,SRND,15.183,31.171,SG,0,6.250,0.040,,,,,,,,,,
90,HMLO,15.963,111.574,PG,4,-5.590,-9.280,,,,,,,,,,
90,FRMZ,16.671,128.215,PG,0,3.830,0.030,,,,,,,,,,
90,FRMZ,16.671,128.215,SG,0,6.700,0.060,,,,,,,,,,
90,GOLJ,24.525,85.500,PG,0,4.840,-0.020,,,,,,,,,,
90,GOLJ,24.525,85.500,SG,0,8.600,0.110,,,,,,,,,,
90,VRDN,24.490,266.709,PG,0,4.710,-0.100,,,,,,,,,,
90,VRDN,24.490,266.709,SG,0,8.570,0.170,,,,,,,,,,
90,AZGN,24.629,242.418,PG,0,4.710,-0.060,,,,,,,,,,
90,AZGN,24.629,242.418,SG,0,8.350,0.020,,,,,,,,,,
90,NMVR,25.273,303.979,PG,0,4.960,-0.040,,,,,,,,,,
90,HRS,32.377,292.199,PG,0,5.630,-0.140,,,,,,,,,,
90,HRS,32.377,292.199,SG,0,10.290,0.220,,,,,,,,,,
90,MGSL,32.957,302.023,PG,0,6.140,-0.080,,,,,,,,,,
90,KRNG,35.827,267.819,PG,0,6.460,-0.060,,,,,,,,,,
90,KRNG,35.827,267.819,SG,0,11.460,0.080,,,,,,,,,,
90,TBZ,52.626,65.913,PG,0,9.080,-0.060,,,,,,,,,,
90,BST,82.346,348.451,PG,0,13.750,-0.100,,,,,,,,,,
90,MRD,92.516,109.780,PG,0,15.540,0.090,,,,,,,,,,
90,SHB,96.022,80.102,PG,0,16.220,0.080,,,,,,,,,,
90,AZR,104.350,36.882,PG,0,17.590,0.120,,,,,,,,,,
90,SRB,108.161,308.603,PG,0,17.860,0.040,,,,,,,,,,
90,,,,,,,,2012-08-15T13:37:06.100000Z,38.427,46.700,11.600,2.000,62.000,0.100,20.000,,0.800
91,HIGH,5.180,9.710,PG,0,1.390,-0.110,,,,,,,,,,
91,HIGH,5.180,9.710,SG,0,2.600,0.020,,,,,,,,,,
91,ZANG,6.552,221.817,PG,0,1.520,-0.140,,,,,,,,,,
91,ZANG,6.552,221.817,SG,0,2.950,0.080,,,,,,,,,,
91,MHTR,9.685,195.701,PG,0,2.120,-0.130,,,,,,,,,,
91,MHTR,9.685,195.701,SG,0,3.980,0.090,,,,,,,,,,
91,SRND,10.422,35.933,PG,0,2.360,-0.050,,,,,,,,,,
91,SRND,10.422,35.933,SG,0,4.300,0.140,,,,,,,,,,
91,KVCH,10.725,54.548,PG,0,2.310,-0.160,,,,,,,,,,
91,KVCH,10.725,54.548,SG,0,4.350,0.080,,,,,,,,,,
91,GZCH,12.074,240.270,PG,0,2.620,-0.020,,,,,,,,,,
91,HMLO,16.745,128.498,PG,4,-5.970,-9.470,,,,,,,,,,
91,FRMZ,18.709,142.620,PG,0,3.700,-0.150,,,,,,,,,,
91,FRMZ,18.709,142.620,SG,0,6.750,0.080,,,,,,,,,,
91,BLVR,21.056,311.679,PG,0,4.490,0.130,,,,,,,,,,
91,GOLJ,22.868,96.609,PG,0,4.350,-0.130,,,,,,,,,,
91,GOLJ,22.868,96.609,SG,0,7.950,0.170,,,,,,,,,,
91,NMVR,24.653,292.863,PG,0,4.940,0.120,,,,,,,,,,
91,NMVR,24.653,292.863,SG,4,8.770,0.400,,,,,,,,,,
91,VRDN,26.878,257.207,PG,0,5.130,0.000,,,,,,,,,,
91,VRDN,26.878,257.207,SG,4,9.470,0.570,,,,,,,,,,
91,AZGN,28.476,235.936,PG,0,5.290,-0.040,,,,,,,,,,
91,AZGN,28.476,235.936,SG,0,9.410,0.150,,,,,,,,,,
91,MGSL,32.398,293.524,PG,0,6.240,0.050,,,,,,,,,,
91,HRS,32.659,283.616,PG,0,5.770,-0.090,,,,,,,,,,
91,KRNG,38.030,261.065,PG,0,6.960,-0.030,,,,,,,,,,
91,TBZ,49.316,69.939,PG,0,8.930,0.040,,,,,,,,,,
91,BST,78.287,346.524,PG,0,13.690,-0.130,,,,,,,,,,
91,,,,,,,,2012-08-15T13:38:51.200000Z,38.386,46.680,4.100,2.300,53.000,0.100,18.000,,1.300
92,GZCH,6.510,188.491,PG,0,2.150,-0.080,,,,,,,,,,
92,GZCH,6.510,188.491,SG,0,3.910,0.050,,,,,,,,,,
92,ZANG,7.413,135.937,PG,0,2.130,-0.110,,,,,,,,,,
92,ZANG,7.413,135.937,SG,0,3.820,-0.070,,,,,,,,,,
92,HIGH,11.398,65.818,PG,0,2.670,-0.070,,,,,,,,,,
92,HIGH,11.398,65.818,SG,0,4.760,0.010,,,,,,,,,,
92,MHTR,11.959,144.746,PG,0,2.780,-0.110,,,,,,,,,,
92,MHTR,11.959,144.746,SG,0,5.060,0.040,,,,,,,,,,
92,ORNG,13.496,207.365,PG,0,3.190,-0.030,,,,,,,,,,
92,ORNG,13.496,207.365,SG,0,5.660,0.060,,,,,,,,,,
92,BLVR,14.898,335.392,PG,0,3.410,-0.070,,,,,,,,,,
92,NMVR,16.035,304.633,PG,0,3.510,0.010,,,,,,,,,,
92,NMVR,16.035,304.633,SG,0,6.240,0.150,,,,,,,,,,
92,SRND,17.571,62.889,PG,0,3.710,-0.020,,,,,,,,,,
92,SRND,17.571,62.889,SG,0,6.620,0.140,,,,,,,,,,
92,VRDN,17.881,248.956,PG,0,3.700,-0.010,,,,,,,,,,
92,VRDN,17.881,248.956,SG,0,6.540,0.100,,,,,,,,,,
92,KVCH,19.158,72.400,PG,0,4.000,0.010,,,,,,,,,,
92,KVCH,19.158,72.400,SG,0,6.880,-0.050,,,,,,,,,,
92,AZGN,21.619,220.593,PG,0,4.160,-0.060,,,,,,,,,,
92,AZGN,21.619,220.593,SG,0,7.400,0.060,,,,,,,,,,
92,HRS,23.361,287.984,PG,0,4.220,-0.100,,,,,,,,,,
92,MGSL,23.718,301.683,PG,0,4.740,-0.000,,,,,,,,,,
92,FRMZ,25.883,126.214,PG,0,5.020,-0.050,,,,,,,,,,
92,FRMZ,25.883,126.214,SG,0,8.800,-0.020,,,,,,,,,,
92,GOLJ,32.385,95.393,PG,0,6.050,0.000,,,,,,,,,,
92,GOLJ,32.385,95.393,SG,0,10.610,0.100,,,,,,,,,,
92,TBZ,58.245,73.510,PG,0,10.240,0.110,,,,,,,,,,
92,BST,76.172,353.426,PG,0,12.890,-0.150,,,,,,,,,,
92,SRB,98.963,309.098,PG,0,16.630,0.010,,,,,,,,,,
92,MRD,101.564,110.890,PG,0,17.370,0.230,,,,,,,,,,
92,SHB,103.082,83.536,PG,0,17.520,-0.000,,,,,,,,,,
92,,,,,,,,2012-08-15T14:02:41.300000Z,38.382,46.789,8.600,2.000,70.000,0.100,20.000,,0.900
93,NMVR,10.223,351.151,PG,0,2.750,-0.130,,,,,,,,,,
93,NMVR,10.223,351.151,SG,0,4.990,-0.000,,,,,,,,,,
93,GZCH,11.963,117.006,PG,0,2.920,-0.130,,,,,,,,,,
93,GZCH,11.963,117.006,SG,0,5.220,-0.070,,,,,,,,,,
93,ORNG,12.250,153.758,PG,0,3.140,-0.090,,,,,,,,,,
93,ORNG,12.250,153.758,SG,0,5.620,0.030,,,,,,,,,,
93,HRS,13.392,307.691,PG,0,2.960,-0.010,,,,,,,,,,
93,HRS,13.392,307.691,SG,0,5.300,0.150,,,,,,,,,,
93,BLVR,15.519,20.428,PG,4,3.420,-0.290,,,,,,,,,,
93,AZGN,15.622,189.009,PG,0,3.450,-0.010,,,,,,,,,,
93,AZGN,15.622,189.009,SG,0,5.990,-0.000,,,,,,,,,,
93,MGSL,15.932,327.494,PG,0,3.590,-0.090,,,,,,,,,,
93,MGSL,15.932,327.494,SG,0,6.350,-0.030,,,,,,,,,,
93,KRNG,17.296,251.730,PG,0,3.800,0.080,,,,,,,,,,
93,KRNG,17.296,251.730,SG,0,6.590,0.130,,,,,,,,,,
93,ZANG,17.319,104.416,PG,0,3.660,-0.040,,,,,,,,,,
93,ZANG,17.319,104.416,SG,0,6.570,0.160,,,,,,,,,,
93,MHTR,20.483,115.283,PG,0,4.120,-0.140,,,,,,,,,,
93,MHTR,20.483,115.283,SG,0,7.390,0.010,,,,,,,,,,
93,HIGH,22.739,75.506,PG,0,4.510,0.000,,,,,,,,,,
93,HIGH,22.739,75.506,SG,0,7.820,-0.000,,,,,,,,,,
93,SRND,28.717,71.657,PG,0,5.520,-0.020,,,,,,,,,,
93,KVCH,30.648,77.130,PG,0,5.890,0.040,,,,,,,,,,
93,GOLJ,43.902,92.598,PG,0,7.960,0.040,,,,,,,,,,
93,GOLJ,43.902,92.598,SG,0,13.890,0.140,,,,,,,,,,
93,TBZ,69.725,75.362,PG,0,11.900,-0.010,,,,,,,,,,
93,TBZ,69.725,75.362,SG,0,20.860,0.160,,,,,,,,,,
93,BST,76.721,2.167,PG,4,12.680,-0.350,,,,,,,,,,
93,SRB,90.860,314.168,PG,0,15.120,-0.040,,,,,,,,,,
93,MRD,112.120,108.228,PG,0,18.400,-0.230,,,,,,,,,,
93,SHB,114.744,83.615,PG,4,19.460,0.290,,,,,,,,,,
93,,,,,,,,2012-08-15T14:06:47.500000Z,38.391,46.922,10.200,1.600,81.000,0.100,19.000,,1.100
94,ZANG,4.127,124.377,PG,0,2.080,-0.070,,,,,,,,,,
94,ZANG,4.127,124.377,SG,0,3.740,-0.020,,,,,,,,,,
94,GZCH,4.378,218.201,PG,0,2.180,-0.060,,,,,,,,,,
94,GZCH,4.378,218.201,SG,0,4.000,0.080,,,,,,,,,,
94,MHTR,8.508,142.721,PG,0,2.540,-0.070,,,,,,,,,,
94,MHTR,8.508,142.721,SG,0,4.590,0.030,,,,,,,,,,
94,HIGH,11.554,48.449,PG,0,2.810,-0.060,,,,,,,,,,
94,HIGH,11.554,48.449,SG,0,4.980,-0.030,,,,,,,,,,
94,ORNG,11.998,221.488,PG,0,3.130,-0.000,,,,,,,,,,
94,ORNG,11.998,221.488,SG,0,5.510,0.040,,,,,,,,,,
94,SRND,17.717,51.615,PG,0,3.750,-0.060,,,,,,,,,,
94,SRND,17.717,51.615,SG,0,6.680,0.040,,,,,,,,,,
94,BLVR,18.354,334.338,PG,0,3.980,-0.070,,,,,,,,,,
94,KVCH,18.700,61.976,PG,0,3.940,-0.030,,,,,,,,,,
94,VRDN,18.744,259.487,PG,0,3.930,0.030,,,,,,,,,,
94,VRDN,18.744,259.487,SG,0,6.660,-0.140,,,,,,,,,,
94,NMVR,19.230,309.043,PG,0,4.130,0.090,,,,,,,,,,
94,NMVR,19.230,309.043,SG,0,7.210,0.170,,,,,,,,,,
94,AZGN,20.734,229.681,PG,0,4.120,-0.020,,,,,,,,,,
94,AZGN,20.734,229.681,SG,0,7.240,0.020,,,,,,,,,,
94,HMLO,22.304,110.619,PG,4,-4.340,-8.880,,,,,,,,,,
94,FRMZ,22.741,122.740,PG,0,4.570,-0.040,,,,,,,,,,
94,FRMZ,22.741,122.740,SG,0,8.110,0.060,,,,,,,,,,
94,HRS,26.045,293.091,PG,0,4.660,-0.100,,,,,,,,,,
94,HRS,26.045,293.091,SG,4,8.590,0.290,,,,,,,,,,
94,MGSL,26.825,305.190,PG,0,5.240,-0.010,,,,,,,,,,
94,KRNG,29.976,263.514,PG,0,5.660,0.060,,,,,,,,,,
94,KRNG,29.976,263.514,SG,0,9.790,0.040,,,,,,,,,,
94,GOLJ,30.482,90.100,PG,0,5.680,-0.070,,,,,,,,,,
94,GOLJ,30.482,90.100,SG,0,10.180,0.160,,,,,,,,,,
94,,,,,,,,2012-08-15T14:17:21.100000Z,38.409,46.769,10.200,2.000,75.000,0.100,17.000,,0.700
95,GZCH,2.991,195.235,PG,0,1.990,-0.090,,,,,,,,,,
95,GZCH,2.991,195.235,SG,0,3.620,-0.010,,,,,,,,,,
95,ZANG,5.615,108.420,PG,0,2.160,-0.010,,,,,,,,,,
95,ZANG,5.615,108.420,SG,0,3.810,0.020,,,,,,,,,,
95,ORNG,10.366,215.546,PG,0,2.910,0.050,,,,,,,,,,
95,ORNG,10.366,215.546,SG,0,4.700,-0.300,,,,,,,,,,
95,HIGH,13.389,52.119,PG,0,3.010,-0.040,,,,,,,,,,
95,HIGH,13.389,52.119,SG,0,5.300,-0.020,,,,,,,,,,
95,VRDN,16.754,260.139,PG,0,3.570,-0.000,,,,,,,,,,
95,VRDN,16.754,260.139,SG,0,6.380,0.150,,,,,,,,,,
95,BLVR,18.128,340.584,PG,0,3.720,-0.270,,,,,,,,,,
95,NMVR,18.159,314.223,PG,0,3.880,0.030,,,,,,,,,,
95,NMVR,18.159,314.223,SG,0,6.810,0.090,,,,,,,,,,
95,AZGN,18.930,227.188,PG,0,3.890,0.060,,,,,,,,,,
95,AZGN,18.930,227.188,SG,0,6.820,0.140,,,,,,,,,,
95,SRND,19.584,53.823,PG,0,4.000,-0.050,,,,,,,,,,
95,SRND,19.584,53.823,SG,0,7.140,0.080,,,,,,,,,,
95,KVCH,20.662,63.109,PG,0,4.260,0.030,,,,,,,,,,
95,KVCH,20.662,63.109,SG,0,7.630,0.260,,,,,,,,,,
95,HMLO,23.933,107.744,PG,4,-3.950,-8.700,,,,,,,,,,
95,FRMZ,24.100,119.149,PG,0,4.670,-0.120,,,,,,,,,,
95,FRMZ,24.100,119.149,SG,0,8.370,0.020,,,,,,,,,,
95,MGSL,25.618,308.676,PG,0,4.900,-0.150,,,,,,,,,,
95,MGSL,25.618,308.676,SG,0,8.750,-0.050,,,,,,,,,,
95,KRNG,28.004,264.184,PG,0,5.310,0.040,,,,,,,,,,
95,KRNG,28.004,264.184,SG,0,9.330,0.140,,,,,,,,,,
95,,,,,,,,2012-08-15T14:20:41.600000Z,38.414,46.791,9.600,1.600,76.000,0.100,14.000,,1.300
96,GZCH,2.861,215.445,PG,0,1.870,-0.070,,,,,,,,,,
96,GZCH,2.861,215.445,SG,0,3.370,-0.010,,,,,,,,,,
96,ZANG,4.618,105.317,PG,0,1.870,-0.090,,,,,,,,,,
96,ZANG,4.618,105.317,SG,0,3.390,-0.040,,,,,,,,,,
96,MHTR,8.395,132.385,PG,0,2.370,-0.050,,,,,,,,,,
96,MHTR,8.395,132.385,SG,0,4.260,0.040,,,,,,,,,,
96,ORNG,10.472,221.209,PG,0,2.830,0.030,,,,,,,,,,
96,ORNG,10.472,221.209,SG,0,5.000,0.120,,,,,,,,,,
96,HIGH,13.076,47.847,PG,0,2.830,-0.100,,,,,,,,,,
96,HIGH,13.076,47.847,SG,0,5.080,-0.020,,,,,,,,,,
96,VRDN,17.532,262.421,PG,0,3.650,0.010,,,,,,,,,,
96,VRDN,17.532,262.421,SG,0,6.230,-0.110,,,,,,,,,,
96,BLVR,18.953,338.653,PG,0,3.890,-0.160,,,,,,,,,,
96,NMVR,19.173,313.596,PG,0,3.860,-0.090,,,,,,,,,,
96,NMVR,19.173,313.596,SG,0,6.990,0.100,,,,,,,,,,
96,SRND,19.229,50.953,PG,0,3.870,-0.070,,,,,,,,,,
96,SRND,19.229,50.953,SG,0,6.970,0.100,,,,,,,,,,
96,AZGN,19.217,230.174,PG,0,3.890,0.050,,,,,,,,,,
96,AZGN,19.217,230.174,SG,0,6.580,-0.110,,,,,,,,,,
96,KVCH,20.152,60.581,PG,0,4.070,-0.030,,,,,,,,,,
96,KVCH,20.152,60.581,SG,0,7.230,0.090,,,,,,,,,,
96,HMLO,22.933,107.095,PG,4,-4.250,-8.810,,,,,,,,,,
96,FRMZ,23.067,119.009,PG,0,4.650,0.050,,,,,,,,,,
96,FRMZ,23.067,119.009,SG,0,8.160,0.150,,,,,,,,,,
96,HRS,25.552,296.301,PG,0,4.450,-0.190,,,,,,,,,,
96,HRS,25.552,296.301,SG,0,8.260,0.180,,,,,,,,,,
96,MGSL,26.647,308.440,PG,0,5.120,-0.060,,,,,,,,,,
96,MGSL,26.647,308.440,SG,0,9.150,0.130,,,,,,,,,,
96,KRNG,28.822,265.463,PG,0,5.460,0.080,,,,,,,,,,
96,KRNG,28.822,265.463,SG,0,9.470,0.090,,,,,,,,,,
96,GOLJ,31.544,88.073,PG,0,5.830,-0.040,,,,,,,,,,
96,GOLJ,31.544,88.073,SG,0,10.300,0.070,,,,,,,,,,
96,TBZ,58.858,69.477,PG,0,10.220,0.040,,,,,,,,,,
96,TBZ,58.858,69.477,SG,4,17.960,0.230,,,,,,,,,,
96,BST,80.333,353.270,PG,4,13.270,-0.400,,,,,,,,,,
96,MRD,99.468,108.837,PG,0,16.530,-0.240,,,,,,,,,,
96,SRB,102.107,310.656,PG,4,16.590,-0.510,,,,,,,,,,
96,SHB,102.882,81.220,PG,0,17.470,0.020,,,,,,,,,,
96,AZR,108.111,40.149,PG,0,18.300,-0.000,,,,,,,,,,
96,,,,,,,,2012-08-15T14:56:57.200000Z,38.419,46.781,8.600,2.400,83.000,0.100,23.000,,0.800
97,ZANG,4.081,150.505,PG,0,2.190,-0.060,,,,,,,,,,
97,ZANG,4.081,150.505,SG,0,3.880,-0.030,,,,,,,,,,
97,GZCH,6.212,221.375,PG,0,2.420,-0.050,,,,,,,,,,
97,GZCH,6.212,221.375,SG,0,4.300,0.000,,,,,,,,,,
97,MHTR,8.830,154.825,PG,0,2.690,-0.030,,,,,,,,,,
97,MHTR,8.830,154.825,SG,0,4.820,0.090,,,,,,,,,,
97,HIGH,9.699,48.382,PG,0,2.670,-0.060,,,,,,,,,,
97,HIGH,9.699,48.382,SG,0,4.740,-0.010,,,,,,,,,,
97,SRND,15.864,51.948,PG,0,3.560,-0.050,,,,,,,,,,
97,SRND,15.864,51.948,SG,0,6.360,0.080,,,,,,,,,,
97,BLVR,17.950,328.618,PG,0,4.080,0.020,,,,,,,,,,
97,VRDN,20.365,256.836,PG,0,4.200,0.010,,,,,,,,,,
97,VRDN,20.365,256.836,SG,0,7.280,-0.020,,,,,,,,,,
97,HMLO,21.492,114.988,PG,4,-4.330,-8.780,,,,,,,,,,
97,FRMZ,22.301,127.329,PG,0,4.680,0.090,,,,,,,,,,
97,AZGN,22.590,229.623,PG,0,4.440,-0.020,,,,,,,,,,
97,AZGN,22.590,229.623,SG,0,7.710,-0.060,,,,,,,,,,
97,HRS,26.908,289.535,PG,0,4.840,-0.110,,,,,,,,,,
97,HRS,26.908,289.535,SG,0,8.750,0.140,,,,,,,,,,
97,MGSL,27.328,301.409,PG,0,5.320,-0.060,,,,,,,,,,
97,MGSL,27.328,301.409,SG,0,9.440,0.090,,,,,,,,,,
97,GOLJ,29.117,92.519,PG,0,5.570,0.010,,,,,,,,,,
97,GOLJ,29.117,92.519,SG,4,10.190,0.510,,,,,,,,,,
97,KRNG,31.524,261.606,PG,0,5.980,0.100,,,,,,,,,,
97,TBZ,55.776,70.860,PG,0,9.740,0.060,,,,,,,,,,
97,BST,78.355,351.292,PG,0,13.080,-0.190,,,,,,,,,,
97,,,,,,,,2012-08-15T15:20:26.300000Z,38.398,46.753,10.700,1.600,67.000,0.100,16.000,,0.800
98,HIGH,5.489,330.429,PG,0,1.970,-0.030,,,,,,,,,,
98,HIGH,5.489,330.429,SG,0,3.330,-0.150,,,,,,,,,,
98,KVCH,7.823,41.218,PG,0,2.340,-0.020,,,,,,,,,,
98,KVCH,7.823,41.218,SG,0,4.040,-0.070,,,,,,,,,,
98,SRND,8.491,17.363,PG,0,2.440,0.020,,,,,,,,,,
98,SRND,8.491,17.363,SG,0,4.260,0.040,,,,,,,,,,
98,ZANG,9.508,236.748,PG,0,2.310,-0.120,,,,,,,,,,
98,ZANG,9.508,236.748,SG,0,4.040,-0.190,,,,,,,,,,
98,MHTR,11.476,212.722,PG,0,2.690,-0.090,,,,,,,,,,
98,MHTR,11.476,212.722,SG,0,4.830,-0.020,,,,,,,,,,
98,HMLO,14.371,138.493,PG,4,-5.550,-8.820,,,,,,,,,,
98,GZCH,15.420,245.824,PG,0,3.310,-0.040,,,,,,,,,,
98,GZCH,15.420,245.824,SG,0,5.860,0.030,,,,,,,,,,
98,FRMZ,17.077,152.912,PG,0,3.730,0.040,,,,,,,,,,
98,FRMZ,17.077,152.912,SG,0,6.530,0.100,,,,,,,,,,
98,GOLJ,19.365,98.836,PG,0,4.070,0.080,,,,,,,,,,
98,ORNG,22.658,238.454,PG,0,4.610,-0.030,,,,,,,,,,
98,ORNG,22.658,238.454,SG,0,8.150,0.080,,,,,,,,,,
98,BLVR,23.662,305.309,PG,0,5.050,0.190,,,,,,,,,,
98,NMVR,27.881,289.390,PG,0,5.530,0.120,,,,,,,,,,
98,VRDN,30.447,258.112,PG,0,5.760,-0.000,,,,,,,,,,
98,VRDN,30.447,258.112,SG,0,10.190,0.160,,,,,,,,,,
98,AZGN,31.673,239.086,PG,0,5.860,-0.050,,,,,,,,,,
98,AZGN,31.673,239.086,SG,0,10.290,0.010,,,,,,,,,,
98,MGSL,35.598,290.750,PG,0,6.830,0.080,,,,,,,,,,
98,MGSL,35.598,290.750,SG,0,11.610,-0.130,,,,,,,,,,
98,HRS,36.086,281.785,PG,0,6.420,-0.040,,,,,,,,,,
98,KRNG,41.621,261.402,PG,0,7.610,-0.000,,,,,,,,,,
98,KRNG,41.621,261.402,SG,0,13.320,0.080,,,,,,,,,,
98,TBZ,45.840,68.818,PG,0,8.510,0.200,,,,,,,,,,
98,BST,78.887,343.938,PG,0,13.870,-0.040,,,,,,,,,,
98,MRD,89.454,113.905,PG,0,15.400,-0.280,,,,,,,,,,
98,SHB,90.065,82.625,PG,0,15.910,-0.010,,,,,,,,,,
98,SRB,109.586,304.873,PG,0,18.970,-0.020,,,,,,,,,,
98,,,,,,,,2012-08-15T15:33:26.200000Z,38.383,46.639,6.000,1.900,60.000,0.100,22.000,,0.800
99,GZCH,2.842,192.424,PG,0,1.760,-0.080,,,,,,,,,,
99,GZCH,2.842,192.424,SG,0,3.110,-0.060,,,,,,,,,,
99,ZANG,5.748,106.819,PG,0,1.920,-0.060,,,,,,,,,,
99,ZANG,5.748,106.819,SG,0,3.430,0.010,,,,,,,,,,
99,MHTR,9.475,130.090,PG,0,2.440,-0.060,,,,,,,,,,
99,MHTR,9.475,130.090,SG,0,4.330,0.010,,,,,,,,,,
99,ORNG,10.174,215.108,PG,0,2.710,-0.010,,,,,,,,,,
99,ORNG,10.174,215.108,SG,0,4.820,0.120,,,,,,,,,,
99,HIGH,13.595,52.200,PG,0,3.000,0.010,,,,,,,,,,
99,HIGH,13.595,52.200,SG,0,5.280,0.110,,,,,,,,,,
99,NMVR,18.112,314.860,PG,0,3.790,-0.010,,,,,,,,,,
99,BLVR,18.175,341.219,PG,0,3.860,-0.090,,,,,,,,,,
99,BLVR,18.175,341.219,SG,0,6.840,-0.000,,,,,,,,,,
99,AZGN,18.726,227.072,PG,0,3.740,-0.030,,,,,,,,,,
99,AZGN,18.726,227.072,SG,0,6.580,0.050,,,,,,,,,,
99,SRND,19.790,53.861,PG,0,4.060,0.020,,,,,,,,,,
99,KVCH,20.868,63.053,PG,0,4.320,0.100,,,,,,,,,,
99,HMLO,24.066,107.365,PG,4,-4.070,-8.830,,,,,,,,,,
99,FRMZ,24.199,118.718,PG,0,4.750,-0.040,,,,,,,,,,
99,HRS,24.416,296.449,PG,0,4.340,-0.140,,,,,,,,,,
99,MGSL,25.552,309.115,PG,0,4.960,-0.070,,,,,,,,,,
99,MGSL,25.552,309.115,SG,0,8.900,0.170,,,,,,,,,,
99,KRNG,27.819,264.373,PG,0,5.250,-0.000,,,,,,,,,,
99,KRNG,27.819,264.373,SG,0,9.190,0.080,,,,,,,,,,
99,TBZ,59.695,70.223,PG,0,10.460,0.090,,,,,,,,,,
99,TBZ,59.695,70.223,SG,4,18.490,0.480,,,,,,,,,,
99,BST,79.774,353.980,PG,0,13.490,-0.150,,,,,,,,,,
99,MRD,100.604,108.876,PG,4,17.380,0.380,,,,,,,,,,
99,SHB,103.859,81.544,PG,4,18.420,0.770,,,,,,,,,,
99,,,,,,,,2012-08-15T15:43:25.700000Z,38.415,46.793,7.700,2.100,63.000,0.100,19.000,,0.900
100,ZANG,5.286,230.963,PG,0,1.570,-0.030,,,,,,,,,,
100,ZANG,5.286,230.963,SG,0,2.890,0.080,,,,,,,,,,
100,SRND,11.854,32.543,PG,0,2.580,-0.070,,,,,,,,,,
100,SRND,11.854,32.543,SG,0,4.650,0.020,,,,,,,,,,
100,KVCH,11.891,49.167,PG,0,2.570,-0.100,,,,,,,,,,
100,KVCH,11.891,49.167,SG,0,4.590,-0.080,,,,,,,,,,
100,HMLO,16.040,123.569,PG,4,-5.530,-8.890,,,,,,,,,,
100,FRMZ,17.669,138.888,PG,0,3.620,-0.020,,,,,,,,,,
100,FRMZ,17.669,138.888,SG,0,6.340,-0.020,,,,,,,,,,
100,ORNG,18.400,237.170,PG,0,3.850,0.040,,,,,,,,,,
100,BLVR,21.932,315.173,PG,0,4.520,0.060,,,,,,,,,,
100,GOLJ,22.999,92.685,PG,0,4.350,-0.120,,,,,,,,,,
100,GOLJ,22.999,92.685,SG,0,7.890,0.090,,,,,,,,,,
100,MGSL,32.808,296.198,PG,0,6.250,0.050,,,,,,,,,,
100,KRNG,37.553,263.342,PG,0,6.800,-0.050,,,,,,,,,,
100,TBZ,50.106,68.367,PG,0,8.910,-0.060,,,,,,,,,,
100,TBZ,50.106,68.367,SG,0,15.850,0.220,,,,,,,,,,
100,BST,79.738,346.970,PG,4,13.810,-0.190,,,,,,,,,,
100,SHB,94.115,81.758,PG,0,16.540,-0.020,,,,,,,,,,
100,,,,,,,,2012-08-15T16:01:21.500000Z,38.400,46.683,5.600,1.600,92.000,0.100,13.000,,1.300
101,GZCH,3.207,205.836,PG,0,1.260,-0.030,,,,,,,,,,
101,GZCH,3.207,205.836,SG,0,2.280,0.020,,,,,,,,,,
101,ZANG,5.039,110.621,PG,0,1.270,-0.150,,,,,,,,,,
101,ZANG,5.039,110.621,SG,0,2.520,0.040,,,,,,,,,,
101,ORNG,10.732,218.204,PG,4,1.920,-0.600,,,,,,,,,,
101,ORNG,10.732,218.204,SG,4,3.190,-1.200,,,,,,,,,,
101,VRDN,17.357,260.489,PG,0,3.480,-0.000,,,,,,,,,,
101,VRDN,17.357,260.489,SG,0,6.070,0.000,,,,,,,,,,
101,BLVR,18.340,338.782,PG,0,3.680,-0.180,,,,,,,,,,
101,BLVR,18.340,338.782,SG,0,6.950,0.230,,,,,,,,,,
101,NMVR,18.602,312.912,PG,0,3.660,-0.100,,,,,,,,,,
101,NMVR,18.602,312.912,SG,0,6.670,0.120,,,,,,,,,,
101,SRND,19.093,52.743,PG,0,3.700,-0.120,,,,,,,,,,
101,SRND,19.093,52.743,SG,0,6.690,0.030,,,,,,,,,,
101,AZGN,19.382,228.418,PG,0,3.810,0.050,,,,,,,,,,
101,AZGN,19.382,228.418,SG,0,6.680,0.130,,,,,,,,,,
101,KVCH,20.118,62.325,PG,0,3.940,-0.070,,,,,,,,,,
101,KVCH,20.118,62.325,SG,0,7.120,0.130,,,,,,,,,,
101,HMLO,23.352,108.205,PG,4,-4.280,-8.860,,,,,,,,,,
101,FRMZ,23.569,119.877,PG,0,4.590,-0.040,,,,,,,,,,
101,FRMZ,23.569,119.877,SG,0,8.150,0.080,,,,,,,,,,
101,HRS,25.075,295.426,PG,0,4.300,-0.240,,,,,,,,,,
101,MGSL,26.099,307.840,PG,0,4.920,-0.160,,,,,,,,,,
101,MGSL,26.099,307.840,SG,0,9.030,0.180,,,,,,,,,,
101,KRNG,28.612,264.312,PG,0,5.390,0.030,,,,,,,,,,
101,GOLJ,31.794,89.087,PG,0,5.870,-0.090,,,,,,,,,,
101,GOLJ,31.794,89.087,SG,0,10.510,0.140,,,,,,,,,,
101,TBZ,58.916,70.071,PG,0,10.330,-0.140,,,,,,,,,,
101,BST,79.751,353.410,PG,4,13.260,-0.760,,,,,,,,,,
101,MRD,99.901,109.087,PG,0,17.670,0.250,,,,,,,,,,
101,SRB,101.550,310.512,PG,4,16.570,-1.040,,,,,,,,,,
101,,,,,,,,2012-08-15T16:18:14.200000Z,38.414,46.784,4.100,1.900,86.000,0.100,19.000,,1.200
102,ZANG,6.372,146.734,PG,0,2.480,-0.060,,,,,,,,,,
102,ZANG,6.372,146.734,SG,0,4.480,0.050,,,,,,,,,,
102,GZCH,6.951,202.154,PG,0,2.640,-0.020,,,,,,,,,,
102,GZCH,6.951,202.154,SG,0,4.740,0.100,,,,,,,,,,
102,ORNG,14.334,213.271,PG,0,3.580,-0.010,,,,,,,,,,
102,ORNG,14.334,213.271,SG,0,6.290,0.040,,,,,,,,,,
102,BLVR,15.663,329.864,PG,0,3.720,-0.090,,,,,,,,,,
102,BLVR,15.663,329.864,SG,0,6.570,-0.070,,,,,,,,,,
102,SRND,16.109,60.206,PG,0,3.580,-0.140,,,,,,,,,,
102,SRND,16.109,60.206,SG,0,6.350,-0.120,,,,,,,,,,
102,NMVR,17.428,301.538,PG,0,3.870,-0.040,,,,,,,,,,
102,NMVR,17.428,301.538,SG,0,6.970,0.160,,,,,,,,,,
102,KVCH,17.582,70.775,PG,0,3.880,-0.050,,,,,,,,,,
102,KVCH,17.582,70.775,SG,0,6.880,0.030,,,,,,,,,,
102,VRDN,19.439,250.723,PG,0,4.170,0.050,,,,,,,,,,
102,VRDN,19.439,250.723,SG,0,7.100,-0.070,,,,,,,,,,
102,AZGN,22.732,223.777,PG,0,4.520,-0.010,,,,,,,,,,
102,AZGN,22.732,223.777,SG,0,7.810,-0.080,,,,,,,,,,
102,HMLO,23.611,117.360,PG,4,-3.970,-8.790,,,,,,,,,,
102,FRMZ,24.565,128.510,PG,0,4.990,0.020,,,,,,,,,,
102,FRMZ,24.565,128.510,SG,0,8.600,-0.050,,,,,,,,,,
102,HRS,24.946,286.817,PG,0,4.610,-0.080,,,,,,,,,,
102,HRS,24.946,286.817,SG,0,8.220,0.060,,,,,,,,,,
102,MGSL,25.148,299.705,PG,0,5.030,-0.050,,,,,,,,,,
102,MGSL,25.148,299.705,SG,0,8.900,0.050,,,,,,,,,,
102,KRNG,30.385,257.873,PG,0,5.760,0.040,,,,,,,,,,
102,KRNG,30.385,257.873,SG,0,9.990,0.030,,,,,,,,,,
102,GOLJ,30.733,95.696,PG,0,5.830,-0.010,,,,,,,,,,
102,GOLJ,30.733,95.696,SG,0,10.290,0.120,,,,,,,,,,
102,TBZ,56.652,73.045,PG,0,9.780,-0.030,,,,,,,,,,
102,TBZ,56.652,73.045,SG,0,17.150,0.070,,,,,,,,,,
102,BST,76.382,352.189,PG,4,12.690,-0.260,,,,,,,,,,
102,MRD,100.022,111.240,PG,4,16.290,-0.380,,,,,,,,,,
102,SRB,100.267,308.507,PG,4,16.280,-0.340,,,,,,,,,,
102,SHB,101.431,83.442,PG,0,17.070,0.040,,,,,,,,,,
102,AZR,104.387,41.218,PG,0,17.660,0.150,,,,,,,,,,
102,AZR,104.387,41.218,SG,0,30.610,0.130,,,,,,,,,,
102,,,,,,,,2012-08-15T16:28:54.300000Z,38.382,46.770,11.700,3.000,72.000,0.100,21.000,,0.800
103,ZANG,6.660,233.146,PG,0,1.550,-0.150,,,,,,,,,,
103,ZANG,6.660,233.146,SG,0,3.010,0.030,,,,,,,,,,
103,KVCH,10.534,47.567,PG,0,2.360,-0.060,,,,,,,,,,
103,KVCH,10.534,47.567,SG,0,4.350,0.120,,,,,,,,,,
103,SRND,10.655,28.929,PG,0,2.330,-0.090,,,,,,,,,,
103,SRND,10.655,28.929,SG,0,4.270,0.030,,,,,,,,,,
103,HMLO,15.441,128.146,PG,4,-5.460,-8.710,,,,,,,,,,
103,FRMZ,17.422,143.364,PG,0,3.700,0.110,,,,,,,,,,
103,ORNG,19.789,237.478,PG,0,3.970,-0.060,,,,,,,,,,
103,ORNG,19.789,237.478,SG,0,7.050,0.010,,,,,,,,,,
103,GOLJ,21.823,94.591,PG,0,4.330,0.070,,,,,,,,,,
103,GOLJ,21.823,94.591,SG,4,7.980,0.540,,,,,,,,,,
103,BLVR,22.365,311.748,PG,0,4.420,-0.100,,,,,,,,,,
103,BLVR,22.365,311.748,SG,0,7.820,-0.060,,,,,,,,,,
103,NMVR,25.886,293.855,PG,0,4.920,-0.050,,,,,,,,,,
103,NMVR,25.886,293.855,SG,0,8.730,0.060,,,,,,,,,,
103,VRDN,27.636,259.449,PG,0,5.080,-0.120,,,,,,,,,,
103,VRDN,27.636,259.449,SG,0,9.230,0.160,,,,,,,,,,
103,MGSL,33.635,294.265,PG,0,6.240,-0.090,,,,,,,,,,
103,MGSL,33.635,294.265,SG,0,11.250,0.210,,,,,,,,,,
103,HRS,33.806,284.703,PG,4,5.750,-0.240,,,,,,,,,,
103,HRS,33.806,284.703,SG,4,10.560,0.120,,,,,,,,,,
103,TBZ,48.725,68.574,PG,0,8.700,-0.040,,,,,,,,,,
103,BST,79.379,346.001,PG,4,13.560,-0.380,,,,,,,,,,
103,MRD,91.360,112.526,PG,4,15.250,-0.720,,,,,,,,,,
103,SHB,92.816,82.066,PG,0,16.390,0.040,,,,,,,,,,
103,SRB,108.135,306.189,PG,4,18.140,-0.560,,,,,,,,,,
103,,,,,,,,2012-08-15T16:37:21.100000Z,38.394,46.669,5.000,2.200,90.000,0.100,17.000,,1.600
104,ZANG,8.176,234.305,PG,0,2.160,-0.020,,,,,,,,,,
104,ZANG,8.176,234.305,SG,0,3.740,-0.010,,,,,,,,,,
104,SRND,9.373,24.214,PG,0,2.350,-0.110,,,,,,,,,,
104,SRND,9.373,24.214,SG,0,4.340,0.090,,,,,,,,,,
104,MHTR,10.431,207.974,PG,0,2.570,-0.000,,,,,,,,,,
104,MHTR,10.431,207.974,SG,0,4.470,0.030,,,,,,,,,,
104,VRZ1,13.045,185.380,PG,0,3.030,0.050,,,,,,,,,,
104,VRZ1,13.045,185.380,SG,0,5.000,-0.160,,,,,,,,,,
104,GZCH,14.043,245.277,PG,0,3.040,-0.050,,,,,,,,,,
104,GZCH,14.043,245.277,SG,0,5.540,0.200,,,,,,,,,,
104,HMLO,14.960,133.598,PG,4,5.580,2.270,,,,,,,,,,
104,FRMZ,17.331,148.381,PG,0,3.780,0.080,,,,,,,,,,
104,FRMZ,17.331,148.381,SG,0,6.230,-0.170,,,,,,,,,,
104,GOLJ,20.600,97.047,PG,0,4.140,-0.020,,,,,,,,,,
104,GOLJ,20.600,97.047,SG,0,7.270,0.070,,,,,,,,,,
104,ORNG,21.312,237.619,PG,0,4.340,-0.040,,,,,,,,,,
104,ORNG,21.312,237.619,SG,0,7.610,0.030,,,,,,,,,,
104,BLVR,22.874,308.110,PG,0,4.670,-0.010,,,,,,,,,,
104,BLVR,22.874,308.110,SG,0,7.990,-0.120,,,,,,,,,,
104,NMVR,26.803,291.208,PG,0,5.080,-0.090,,,,,,,,,,
104,NMVR,26.803,291.208,SG,0,9.100,0.130,,,,,,,,,,
104,VRDN,29.073,258.426,PG,0,5.380,-0.090,,,,,,,,,,
104,VRDN,29.073,258.426,SG,0,9.480,0.000,,,,,,,,,,
104,AZGN,30.323,238.525,PG,0,5.580,-0.030,,,,,,,,,,
104,AZGN,30.323,238.525,SG,0,9.910,0.190,,,,,,,,,,
104,MGSL,34.538,292.202,PG,0,6.390,-0.080,,,,,,,,,,
104,MGSL,34.538,292.202,SG,0,11.090,-0.140,,,,,,,,,,
104,HRS,34.897,282.930,PG,0,6.280,0.120,,,,,,,,,,
104,HRS,34.897,282.930,SG,4,11.350,0.660,,,,,,,,,,
104,KRNG,40.258,261.738,PG,0,7.160,-0.090,,,,,,,,,,
104,KRNG,40.258,261.738,SG,0,12.650,0.070,,,,,,,,,,
104,TBZ,47.223,68.881,PG,0,8.400,0.030,,,,,,,,,,
104,TBZ,47.223,68.881,SG,4,13.880,-0.660,,,,,,,,,,
104,GRVN,48.108,287.203,PG,4,5.580,-3.070,,,,,,,,,,
104,BST,78.959,344.941,PG,0,13.480,-0.040,,,,,,,,,,
104,BST,78.959,344.941,SG,4,24.170,0.680,,,,,,,,,,
104,MRD,90.468,113.305,PG,4,15.020,-0.360,,,,,,,,,,
104,MRD,90.468,113.305,SG,4,26.570,-0.150,,,,,,,,,,
104,SHB,91.419,82.445,PG,0,15.670,0.000,,,,,,,,,,
104,SHB,91.419,82.445,SG,0,27.330,0.110,,,,,,,,,,
104,AZR,98.384,36.588,PG,0,16.980,0.170,,,,,,,,,,
104,SRB,108.758,305.455,PG,4,17.740,-0.490,,,,,,,,,,
104,SRB,108.758,305.455,SG,4,30.610,-1.080,,,,,,,,,,
104,GRMI,117.760,246.900,PG,4,16.980,-2.790,,,,,,,,,,
104,MAKU,201.963,121.516,PG,4,16.980,-16.400,,,,,,,,,,
104,,,,,,,,2012-08-15T17:49:05.100000Z,38.387,46.654,7.000,4.700,51.000,0.100,25.000,,1.100
105,HIGH,5.159,341.228,PG,0,1.780,-0.040,,,,,,,,,,
105,HIGH,5.159,341.228,SG,0,3.100,-0.040,,,,,,,,,,
105,KVCH,8.628,45.972,PG,0,2.330,-0.010,,,,,,,,,,
105,KVCH,8.628,45.972,SG,0,4.230,0.180,,,,,,,,,,
105,ZANG,8.584,233.523,PG,0,2.110,-0.110,,,,,,,,,,
105,ZANG,8.584,233.523,SG,0,3.810,-0.010,,,,,,,,,,
105,SRND,8.962,23.560,PG,0,2.380,0.010,,,,,,,,,,
105,SRND,8.962,23.560,SG,0,4.020,-0.070,,,,,,,,,,
105,MHTR,10.848,208.373,PG,0,2.530,-0.090,,,,,,,,,,
105,MHTR,10.848,208.373,SG,0,4.560,0.030,,,,,,,,,,
105,GZCH,14.422,244.514,PG,0,3.050,-0.100,,,,,,,,,,
105,GZCH,14.422,244.514,SG,0,5.550,0.110,,,,,,,,,,
105,HMLO,15.006,135.209,PG,4,-5.490,-8.800,,,,,,,,,,
105,FRMZ,17.483,149.684,PG,0,3.710,-0.010,,,,,,,,,,
105,FRMZ,17.483,149.684,SG,0,6.530,0.100,,,,,,,,,,
105,GOLJ,20.385,98.068,PG,0,4.090,-0.020,,,,,,,,,,
105,ORNG,21.712,237.250,PG,0,4.360,-0.080,,,,,,,,,,
105,ORNG,21.712,237.250,SG,0,7.840,0.140,,,,,,,,,,
105,BLVR,22.880,307.049,PG,0,4.750,0.080,,,,,,,,,,
105,NMVR,26.931,290.346,PG,0,5.300,0.110,,,,,,,,,,
105,VRDN,29.399,257.895,PG,0,5.420,-0.100,,,,,,,,,,
105,VRDN,29.399,257.895,SG,0,9.670,0.090,,,,,,,,,,
105,AZGN,30.721,238.253,PG,0,5.570,-0.110,,,,,,,,,,
105,AZGN,30.721,238.253,SG,0,9.770,-0.070,,,,,,,,,,
105,MGSL,34.658,291.529,PG,0,6.500,0.010,,,,,,,,,,
105,MGSL,34.658,291.529,SG,4,11.600,0.340,,,,,,,,,,
105,HRS,35.082,282.305,PG,0,6.020,-0.170,,,,,,,,,,
105,KRNG,40.568,261.328,PG,0,7.210,-0.090,,,,,,,,,,
105,KRNG,40.568,261.328,SG,0,12.900,0.230,,,,,,,,,,
105,TBZ,46.860,69.148,PG,4,8.370,0.070,,,,,,,,,,
105,BST,78.707,344.693,PG,4,13.800,0.340,,,,,,,,,,
105,BST,78.707,344.693,SG,4,24.540,1.140,,,,,,,,,,
105,MRD,90.364,113.565,PG,0,15.280,-0.070,,,,,,,,,,
105,SHB,91.120,82.633,PG,0,15.760,0.160,,,,,,,,,,
105,SRB,108.784,305.232,PG,4,17.780,-0.450,,,,,,,,,,
105,,,,,,,,2012-08-15T19:02:15.600000Z,38.384,46.651,6.800,2.100,59.000,0.100,22.000,,1.000
106,HIGH,5.635,341.000,PG,0,1.820,-0.070,,,,,,,,,,
106,HIGH,5.635,341.000,SG,0,3.190,-0.080,,,,,,,,,,
106,ZANG,8.473,236.641,PG,0,2.120,-0.080,,,,,,,,,,
106,ZANG,8.473,236.641,SG,0,3.850,0.030,,,,,,,,,,
106,KVCH,8.822,43.107,PG,0,2.320,-0.060,,,,,,,,,,
106,KVCH,8.822,43.107,SG,0,4.270,0.140,,,,,,,,,,
106,SRND,9.305,21.480,PG,0,2.420,-0.000,,,,,,,,,,
106,SRND,9.305,21.480,SG,0,4.210,0.010,,,,,,,,,,
106,MHTR,10.546,210.354,PG,0,2.520,-0.060,,,,,,,,,,
106,MHTR,10.546,210.354,SG,0,4.500,0.020,,,,,,,,,,
106,GZCH,14.396,246.408,PG,0,3.070,-0.060,,,,,,,,,,
106,GZCH,14.396,246.408,SG,0,5.550,0.120,,,,,,,,,,
106,HMLO,14.569,134.469,PG,4,-5.520,-8.760,,,,,,,,,,
106,FRMZ,17.011,149.439,PG,0,3.670,0.040,,,,,,,,,,
106,FRMZ,17.011,149.439,SG,0,6.330,0.030,,,,,,,,,,
106,GOLJ,20.153,96.889,PG,0,4.040,-0.020,,,,,,,,,,
106,GOLJ,20.153,96.889,SG,4,7.390,0.340,,,,,,,,,,
106,ORNG,21.623,238.489,PG,0,4.340,-0.070,,,,,,,,,,
106,BLVR,23.288,307.664,PG,0,4.810,0.090,,,,,,,,,,
106,NMVR,27.250,291.096,PG,0,5.340,0.130,,,,,,,,,,
106,VRDN,29.479,258.811,PG,0,5.430,-0.080,,,,,,,,,,
106,VRDN,29.479,258.811,SG,0,9.650,0.080,,,,,,,,,,
106,MGSL,34.984,292.103,PG,0,6.520,0.010,,,,,,,,,,
106,HRS,35.348,282.950,PG,0,6.070,-0.130,,,,,,,,,,
106,KRNG,40.674,261.985,PG,0,7.300,0.010,,,,,,,,,,
106,,,,,,,,2012-08-15T19:23:58.100000Z,38.388,46.649,7.100,1.800,61.000,0.100,16.000,,0.900
107,HIGH,5.113,2.939,PG,0,1.710,-0.090,,,,,,,,,,
107,HIGH,5.113,2.939,SG,0,3.160,0.010,,,,,,,,,,
107,ZANG,6.974,225.566,PG,0,1.870,-0.120,,,,,,,,,,
107,ZANG,6.974,225.566,SG,0,3.490,0.010,,,,,,,,,,
107,MHTR,9.868,199.122,PG,0,2.380,-0.070,,,,,,,,,,
107,MHTR,9.868,199.122,SG,0,4.420,0.140,,,,,,,,,,
107,SRND,10.075,33.117,PG,0,2.430,-0.060,,,,,,,,,,
107,SRND,10.075,33.117,SG,0,4.410,0.060,,,,,,,,,,
107,KVCH,10.233,52.565,PG,0,2.440,-0.090,,,,,,,,,,
107,KVCH,10.233,52.565,SG,0,4.450,0.030,,,,,,,,,,
107,GZCH,12.608,241.652,PG,0,2.720,-0.100,,,,,,,,,,
107,GZCH,12.608,241.652,SG,0,5.010,0.080,,,,,,,,,,
107,HMLO,16.272,129.841,PG,4,-5.340,-8.800,,,,,,,,,,
107,FRMZ,18.345,144.140,PG,0,3.820,0.020,,,,,,,,,,
107,FRMZ,18.345,144.140,SG,0,6.530,-0.100,,,,,,,,,,
107,ORNG,19.996,234.794,PG,0,4.020,-0.090,,,,,,,,,,
107,ORNG,19.996,234.794,SG,0,7.160,-0.010,,,,,,,,,,
107,BLVR,21.518,310.599,PG,0,4.390,-0.000,,,,,,,,,,
107,BLVR,21.518,310.599,SG,4,8.390,0.730,,,,,,,,,,
107,GOLJ,22.261,96.795,PG,0,4.310,-0.040,,,,,,,,,,
107,GOLJ,22.261,96.795,SG,0,7.850,0.260,,,,,,,,,,
107,NMVR,25.218,292.326,PG,0,4.830,-0.020,,,,,,,,,,
107,VRDN,27.474,257.494,PG,0,5.050,-0.100,,,,,,,,,,
107,VRDN,27.474,257.494,SG,0,9.200,0.230,,,,,,,,,,
107,AZGN,28.984,236.616,PG,0,5.200,-0.130,,,,,,,,,,
107,AZGN,28.984,236.616,SG,0,9.300,0.010,,,,,,,,,,
107,MGSL,32.961,293.103,PG,0,6.100,-0.050,,,,,,,,,,
107,KRNG,38.634,261.210,PG,0,6.850,-0.070,,,,,,,,,,
107,KRNG,38.634,261.210,SG,0,12.250,0.190,,,,,,,,,,
107,TBZ,48.740,69.696,PG,0,8.580,0.040,,,,,,,,,,
107,BST,78.433,346.090,PG,0,13.440,0.090,,,,,,,,,,
107,MRD,92.032,112.949,PG,4,15.190,-0.370,,,,,,,,,,
107,SHB,93.055,82.636,PG,0,15.870,0.020,,,,,,,,,,
107,SRB,107.336,305.912,PG,4,17.480,-0.440,,,,,,,,,,
107,,,,,,,,2012-08-15T19:36:21.400000Z,38.386,46.673,7.200,2.600,55.000,0.100,21.000,,0.900
108,ZANG,4.603,221.625,PG,0,1.300,-0.150,,,,,,,,,,
108,ZANG,4.603,221.625,SG,0,2.500,-0.060,,,,,,,,,,
108,HIGH,6.904,18.440,PG,0,1.630,-0.110,,,,,,,,,,
108,HIGH,6.904,18.440,SG,0,3.040,-0.030,,,,,,,,,,
108,MHTR,7.989,189.440,PG,0,1.900,-0.090,,,,,,,,,,
108,MHTR,7.989,189.440,SG,0,3.640,0.150,,,,,,,,,,
108,GZCH,10.237,243.636,PG,0,2.270,-0.040,,,,,,,,,,
108,GZCH,10.237,243.636,SG,0,4.210,0.170,,,,,,,,,,
108,SRND,12.361,36.918,PG,0,2.610,-0.070,,,,,,,,,,
108,SRND,12.361,36.918,SG,0,4.850,0.150,,,,,,,,,,
108,KVCH,12.636,52.654,PG,0,2.660,-0.090,,,,,,,,,,
108,KVCH,12.636,52.654,SG,0,4.930,0.120,,,,,,,,,,
108,HMLO,16.981,121.920,PG,4,-5.370,-8.870,,,,,,,,,,
108,ORNG,17.593,235.010,PG,0,3.610,-0.040,,,,,,,,,,
108,FRMZ,18.455,136.658,PG,0,3.740,-0.020,,,,,,,,,,
108,FRMZ,18.455,136.658,SG,0,6.690,0.120,,,,,,,,,,
108,BLVR,21.124,316.973,PG,0,4.350,0.060,,,,,,,,,,
108,NMVR,24.071,297.239,PG,0,4.740,0.100,,,,,,,,,,
108,NMVR,24.071,297.239,SG,0,8.160,0.050,,,,,,,,,,
108,GOLJ,24.052,92.825,PG,0,4.560,-0.070,,,,,,,,,,
108,GOLJ,24.052,92.825,SG,4,8.470,0.380,,,,,,,,,,
108,HRS,31.765,286.697,PG,0,5.510,-0.110,,,,,,,,,,
108,MGSL,31.819,296.846,PG,0,6.090,0.090,,,,,,,,,,
108,KRNG,36.526,262.971,PG,0,6.470,-0.190,,,,,,,,,,
108,KRNG,36.526,262.971,SG,0,11.700,0.080,,,,,,,,,,
108,,,,,,,,2012-08-15T19:37:25.900000Z,38.399,46.695,5.100,1.500,62.000,0.100,15.000,,1.200
109,ZANG,0.755,125.993,PG,0,2.180,-0.070,,,,,,,,,,
109,ZANG,0.755,125.993,SG,0,3.940,0.040,,,,,,,,,,
109,MHTR,5.423,154.231,PG,0,2.500,-0.030,,,,,,,,,,
109,MHTR,5.423,154.231,SG,0,4.410,0.020,,,,,,,,,,
109,GZCH,5.716,254.244,PG,0,2.440,-0.090,,,,,,,,,,
109,GZCH,5.716,254.244,SG,0,4.360,-0.040,,,,,,,,,,
109,HIGH,11.198,31.497,PG,0,2.950,-0.030,,,,,,,,,,
109,HIGH,11.198,31.497,SG,0,5.140,-0.040,,,,,,,,,,
109,ORNG,12.874,236.544,PG,0,3.400,0.020,,,,,,,,,,
109,ORNG,12.874,236.544,SG,0,5.870,-0.010,,,,,,,,,,
109,SRND,17.000,40.720,PG,0,3.810,-0.010,,,,,,,,,,
109,SRND,17.000,40.720,SG,0,6.660,0.020,,,,,,,,,,
109,KVCH,17.371,52.112,PG,0,3.890,-0.000,,,,,,,,,,
109,KVCH,17.371,52.112,SG,0,6.710,-0.050,,,,,,,,,,
109,HMLO,19.037,108.289,PG,4,-4.500,-8.660,,,,,,,,,,
109,FRMZ,19.369,122.538,PG,0,4.340,0.130,,,,,,,,,,
109,FRMZ,19.369,122.538,SG,0,7.270,-0.060,,,,,,,,,,
109,VRDN,21.274,265.886,PG,0,4.350,-0.020,,,,,,,,,,
109,VRDN,21.274,265.886,SG,0,7.680,0.090,,,,,,,,,,
109,BLVR,21.334,329.772,SG,0,8.090,0.120,,,,,,,,,,
109,BLVR,21.334,329.772,PG,0,4.540,-0.050,,,,,,,,,,
109,AZGN,21.880,238.220,PG,0,4.430,0.030,,,,,,,,,,
109,AZGN,21.880,238.220,SG,0,7.660,0.010,,,,,,,,,,
109,NMVR,22.592,308.313,PG,0,4.580,-0.050,,,,,,,,,,
109,NMVR,22.592,308.313,SG,0,8.210,0.160,,,,,,,,,,
109,GOLJ,27.741,86.231,PG,0,5.430,0.040,,,,,,,,,,
109,GOLJ,27.741,86.231,SG,0,9.470,0.100,,,,,,,,,,
109,HRS,29.361,294.360,PG,0,5.210,-0.140,,,,,,,,,,
109,MGSL,30.197,305.079,PG,0,5.770,-0.070,,,,,,,,,,
109,MGSL,30.197,305.079,SG,0,10.190,0.040,,,,,,,,,,
109,KRNG,32.605,267.384,PG,0,6.060,-0.010,,,,,,,,,,
109,KRNG,32.605,267.384,SG,0,10.560,0.010,,,,,,,,,,
109,TBZ,55.557,67.359,PG,0,9.730,0.070,,,,,,,,,,
109,BST,81.645,350.656,PG,0,13.630,-0.160,,,,,,,,,,
109,MRD,95.588,109.167,PG,4,17.000,1.000,,,,,,,,,,
109,SHB,99.195,80.464,PG,4,16.930,0.230,,,,,,,,,,
109,SRB,105.564,309.635,PG,4,17.150,-0.310,,,,,,,,,,
109,,,,,,,,2012-08-15T19:39:16.900000Z,38.426,46.737,11.300,2.900,82.000,0.100,22.000,,0.600
110,HIGH,5.249,338.518,PG,4,-7.100,-8.740,,,,,,,,,,
110,KVCH,8.441,44.736,PG,0,2.070,-0.100,,,,,,,,,,
110,KVCH,8.441,44.736,SG,0,3.750,-0.060,,,,,,,,,,
110,ZANG,8.796,234.539,PG,0,1.930,-0.140,,,,,,,,,,
110,ZANG,8.796,234.539,SG,0,3.590,-0.050,,,,,,,,,,
110,SRND,8.860,22.007,PG,0,2.200,-0.010,,,,,,,,,,
110,SRND,8.860,22.007,SG,0,4.010,0.140,,,,,,,,,,
110,MHTR,10.975,209.577,PG,0,2.390,-0.100,,,,,,,,,,
110,MHTR,10.975,209.577,SG,0,4.470,0.100,,,,,,,,,,
110,GZCH,14.659,244.956,PG,0,2.980,-0.070,,,,,,,,,,
110,GZCH,14.659,244.956,SG,0,5.410,0.070,,,,,,,,,,
110,HMLO,14.823,135.929,PG,4,-5.640,-8.810,,,,,,,,,,
110,FRMZ,17.352,150.432,PG,0,3.570,-0.020,,,,,,,,,,
110,FRMZ,17.352,150.432,SG,0,6.420,0.130,,,,,,,,,,
110,GOLJ,20.125,98.174,PG,0,4.000,0.010,,,,,,,,,,
110,GOLJ,20.125,98.174,SG,4,7.460,0.490,,,,,,,,,,
110,BLVR,23.090,306.658,PG,4,4.750,0.120,,,,,,,,,,
110,NMVR,27.177,290.156,PG,0,5.290,0.110,,,,,,,,,,
110,AZGN,30.944,238.510,PG,0,5.610,-0.070,,,,,,,,,,
110,AZGN,30.944,238.510,SG,0,9.950,0.020,,,,,,,,,,
110,MGSL,34.903,291.373,PG,0,6.580,0.050,,,,,,,,,,
110,KRNG,40.826,261.386,PG,0,7.310,-0.080,,,,,,,,,,
110,KRNG,40.826,261.386,SG,0,12.960,0.070,,,,,,,,,,
110,,,,,,,,2012-08-15T19:59:43.800000Z,38.384,46.648,6.000,1.600,91.000,0.100,14.000,,1.300
111,HIGH,5.608,341.844,PG,0,1.730,-0.040,,,,,,,,,,
111,HIGH,5.608,341.844,SG,0,3.070,-0.030,,,,,,,,,,
111,ZANG,8.400,236.313,PG,0,2.030,-0.070,,,,,,,,,,
111,ZANG,8.400,236.313,SG,0,3.710,0.040,,,,,,,,,,
111,KVCH,8.882,43.518,PG,0,2.190,-0.100,,,,,,,,,,
111,KVCH,8.882,43.518,SG,0,4.020,0.020,,,,,,,,,,
111,SRND,9.338,21.979,PG,0,2.270,-0.060,,,,,,,,,,
111,SRND,9.338,21.979,SG,0,4.170,0.090,,,,,,,,,,
111,GZCH,14.316,246.268,PG,0,2.970,-0.080,,,,,,,,,,
111,GZCH,14.316,246.268,SG,0,5.450,0.130,,,,,,,,,,
111,HMLO,14.631,134.229,PG,4,-5.610,-8.790,,,,,,,,,,
111,FRMZ,17.056,149.186,PG,0,3.580,0.010,,,,,,,,,,
111,FRMZ,17.056,149.186,SG,0,6.260,0.020,,,,,,,,,,
111,ORNG,21.549,238.368,PG,0,4.260,-0.080,,,,,,,,,,
111,ORNG,21.549,238.368,SG,0,7.730,0.150,,,,,,,,,,
111,BLVR,23.218,307.795,PG,0,4.680,0.030,,,,,,,,,,
111,NMVR,27.169,291.162,PG,0,5.210,0.060,,,,,,,,,,
111,VRDN,29.393,258.777,PG,0,5.360,-0.080,,,,,,,,,,
111,AZGN,30.563,239.046,PG,0,5.490,-0.080,,,,,,,,,,
111,AZGN,30.563,239.046,SG,0,9.740,0.020,,,,,,,,,,
111,MGSL,34.903,292.156,PG,0,6.400,-0.050,,,,,,,,,,
111,HRS,35.263,282.981,PG,0,5.940,-0.200,,,,,,,,,,
111,KRNG,40.587,261.967,PG,0,7.140,-0.090,,,,,,,,,,
111,KRNG,40.587,261.967,SG,0,12.730,0.130,,,,,,,,,,
111,TBZ,46.936,68.603,PG,0,8.450,0.210,,,,,,,,,,
111,BST,79.159,344.718,PG,0,13.590,0.130,,,,,,,,,,
111,MRD,90.103,113.330,PG,0,15.140,-0.100,,,,,,,,,,
111,SHB,91.086,82.349,PG,0,15.530,0.000,,,,,,,,,,
111,SRB,109.108,305.398,PG,0,18.250,0.050,,,,,,,,,,
111,,,,,,,,2012-08-15T20:15:12.500000Z,38.388,46.650,6.600,1.900,87.000,0.100,20.000,,1.000
112,ZANG,2.567,174.140,PG,0,2.090,-0.090,,,,,,,,,,
112,ZANG,2.567,174.140,SG,0,3.780,-0.010,,,,,,,,,,
112,GZCH,6.903,237.970,PG,0,2.470,-0.060,,,,,,,,,,
112,GZCH,6.903,237.970,SG,0,4.440,0.040,,,,,,,,,,
112,MHTR,7.276,163.972,PG,0,2.510,-0.070,,,,,,,,,,
112,MHTR,7.276,163.972,SG,0,4.540,0.060,,,,,,,,,,
112,HIGH,9.253,36.490,PG,0,2.630,-0.050,,,,,,,,,,
112,HIGH,9.253,36.490,SG,0,4.630,-0.030,,,,,,,,,,
112,ORNG,14.415,230.311,PG,0,3.490,-0.030,,,,,,,,,,
112,ORNG,14.415,230.311,SG,0,6.220,0.100,,,,,,,,,,
112,SRND,15.215,44.917,PG,0,3.470,-0.040,,,,,,,,,,
112,SRND,15.215,44.917,SG,0,6.070,-0.040,,,,,,,,,,
112,KVCH,15.869,57.364,PG,0,3.560,-0.060,,,,,,,,,,
112,KVCH,15.869,57.364,SG,0,6.300,-0.000,,,,,,,,,,
112,HMLO,19.487,114.509,PG,4,-4.590,-8.760,,,,,,,,,,
112,BLVR,19.737,325.804,PG,0,4.240,-0.070,,,,,,,,,,
112,FRMZ,20.308,128.088,PG,0,4.330,0.030,,,,,,,,,,
112,FRMZ,20.308,128.088,SG,0,7.510,0.030,,,,,,,,,,
112,NMVR,21.644,303.346,PG,0,4.410,-0.040,,,,,,,,,,
112,NMVR,21.644,303.346,SG,0,7.980,0.240,,,,,,,,,,
112,VRDN,21.878,260.438,PG,0,4.400,-0.020,,,,,,,,,,
112,AZGN,23.347,234.277,PG,0,4.560,-0.020,,,,,,,,,,
112,AZGN,23.347,234.277,SG,0,7.870,-0.100,,,,,,,,,,
112,GOLJ,27.340,90.601,PG,0,5.250,-0.040,,,,,,,,,,
112,GOLJ,27.340,90.601,SG,0,9.430,0.220,,,,,,,,,,
112,HRS,28.890,290.257,PG,0,5.150,-0.090,,,,,,,,,,
112,MGSL,29.340,301.308,PG,0,5.660,-0.020,,,,,,,,,,
112,MGSL,29.340,301.308,SG,0,10.010,0.130,,,,,,,,,,
112,KRNG,33.125,263.768,PG,0,6.170,0.040,,,,,,,,,,
112,TBZ,54.464,69.273,PG,0,9.430,-0.040,,,,,,,,,,
112,TBZ,54.464,69.273,SG,4,17.080,0.600,,,,,,,,,,
112,BST,79.625,350.159,PG,4,13.350,-0.110,,,,,,,,,,
112,MRD,95.997,110.422,PG,0,16.060,0.010,,,,,,,,,,
112,SHB,98.547,81.645,PG,0,16.730,0.150,,,,,,,,,,
112,SRB,104.523,308.617,PG,0,17.180,-0.110,,,,,,,,,,
112,,,,,,,,2012-08-15T20:19:00.000000Z,38.407,46.733,10.700,2.400,71.000,0.100,22.000,,0.700
113,HIGH,4.572,354.517,PG,0,1.790,-0.040,,,,,,,,,,
113,HIGH,4.572,354.517,SG,0,3.160,-0.010,,,,,,,,,,
113,ZANG,7.863,226.248,PG,0,2.010,-0.140,,,,,,,,,,
113,ZANG,7.863,226.248,SG,0,3.700,-0.020,,,,,,,,,,
113,SRND,9.232,31.369,PG,0,2.390,-0.060,,,,,,,,,,
113,SRND,9.232,31.369,SG,0,4.330,0.090,,,,,,,,,,
113,KVCH,9.341,52.667,PG,0,2.360,-0.120,,,,,,,,,,
113,KVCH,9.341,52.667,SG,0,4.310,0.010,,,,,,,,,,
113,MHTR,10.632,201.704,PG,0,2.480,-0.120,,,,,,,,,,
113,MHTR,10.632,201.704,SG,0,4.610,0.090,,,,,,,,,,
113,GZCH,13.488,240.992,PG,0,2.890,-0.110,,,,,,,,,,
113,GZCH,13.488,240.992,SG,0,5.320,0.120,,,,,,,,,,
113,HMLO,16.116,132.951,PG,4,-5.400,-8.890,,,,,,,,,,
113,FRMZ,18.408,146.916,PG,0,3.740,-0.120,,,,,,,,,,
113,FRMZ,18.408,146.916,SG,0,6.730,0.030,,,,,,,,,,
113,ORNG,20.887,234.660,PG,0,4.300,0.010,,,,,,,,,,
113,ORNG,20.887,234.660,SG,0,7.520,0.070,,,,,,,,,,
113,GOLJ,21.644,98.477,PG,0,4.180,-0.130,,,,,,,,,,
113,GOLJ,21.644,98.477,SG,0,7.810,0.330,,,,,,,,,,
113,BLVR,21.707,308.286,PG,0,4.570,0.100,,,,,,,,,,
113,NMVR,25.668,290.590,PG,0,5.080,0.120,,,,,,,,,,
113,VRDN,28.281,256.708,PG,0,5.230,-0.080,,,,,,,,,,
113,VRDN,28.281,256.708,SG,0,9.320,0.090,,,,,,,,,,
113,AZGN,29.873,236.470,PG,0,5.400,-0.110,,,,,,,,,,
113,AZGN,29.873,236.470,SG,0,9.590,0.020,,,,,,,,,,
113,MGSL,33.398,291.759,PG,0,6.330,0.070,,,,,,,,,,
113,HRS,33.816,282.187,PG,0,5.830,-0.130,,,,,,,,,,
113,KRNG,39.414,260.573,PG,0,7.010,-0.070,,,,,,,,,,
113,KRNG,39.414,260.573,SG,0,12.420,0.110,,,,,,,,,,
113,TBZ,47.895,70.034,PG,4,8.520,0.060,,,,,,,,,,
113,BST,78.068,345.494,PG,4,13.410,0.060,,,,,,,,,,
113,SHB,92.297,82.927,PG,4,16.140,0.360,,,,,,,,,,
113,SRB,107.589,305.456,PG,4,18.160,0.150,,,,,,,,,,
113,,,,,,,,2012-08-15T20:27:45.100000Z,38.381,46.665,7.300,1.600,55.000,0.100,21.000,,1.100
114,GZCH,3.331,181.502,PG,0,2.080,-0.150,,,,,,,,,,
114,GZCH,3.331,181.502,SG,0,3.790,-0.070,,,,,,,,,,
114,ZANG,6.422,110.204,PG,0,2.260,-0.100,,,,,,,,,,
114,ZANG,6.422,110.204,SG,0,4.020,-0.070,,,,,,,,,,
114,MHTR,10.234,130.574,PG,0,2.760,-0.090,,,,,,,,,,
114,MHTR,10.234,130.574,SG,0,4.950,0.020,,,,,,,,,,
114,ORNG,10.355,210.967,PG,0,2.950,-0.040,,,,,,,,,,
114,ORNG,10.355,210.967,SG,0,5.300,0.130,,,,,,,,,,
114,HIGH,13.691,55.381,PG,0,3.150,-0.040,,,,,,,,,,
114,HIGH,13.691,55.381,SG,0,5.530,0.010,,,,,,,,,,
114,VRDN,16.152,258.158,PG,0,3.570,-0.020,,,,,,,,,,
114,VRDN,16.152,258.158,SG,0,6.410,0.190,,,,,,,,,,
114,NMVR,17.349,314.777,PG,0,3.740,-0.080,,,,,,,,,,
114,NMVR,17.349,314.777,SG,0,6.710,0.090,,,,,,,,,,
114,BLVR,17.484,342.258,PG,0,3.860,-0.110,,,,,,,,,,
114,BLVR,17.484,342.258,SG,0,7.000,0.110,,,,,,,,,,
114,AZGN,18.737,224.738,PG,0,3.880,-0.020,,,,,,,,,,
114,AZGN,18.737,224.738,SG,0,6.830,0.060,,,,,,,,,,
114,SRND,19.902,56.041,PG,0,4.130,-0.040,,,,,,,,,,
114,SRND,19.902,56.041,SG,0,7.250,0.010,,,,,,,,,,
114,KVCH,21.098,65.040,PG,0,4.370,0.000,,,,,,,,,,
114,KVCH,21.098,65.040,SG,0,7.790,0.210,,,,,,,,,,
114,HMLO,24.736,108.225,PG,4,-3.800,-8.760,,,,,,,,,,
114,MGSL,24.795,308.879,PG,0,4.900,-0.100,,,,,,,,,,
114,MGSL,24.795,308.879,SG,0,8.670,0.000,,,,,,,,,,
114,FRMZ,24.927,119.253,PG,0,4.970,-0.030,,,,,,,,,,
114,FRMZ,24.927,119.253,SG,0,8.830,0.150,,,,,,,,,,
114,KRNG,27.361,263.106,PG,0,5.270,0.020,,,,,,,,,,
114,KRNG,27.361,263.106,SG,0,9.080,-0.040,,,,,,,,,,
114,GOLJ,33.102,89.882,PG,0,6.200,-0.010,,,,,,,,,,
114,GOLJ,33.102,89.882,SG,4,11.600,0.820,,,,,,,,,,
114,,,,,,,,2012-08-15T20:38:43.000000Z,38.410,46.799,10.100,1.800,74.000,0.100,16.000,,1.000
115,ZANG,2.775,180.000,PG,0,2.090,-0.120,,,,,,,,,,
115,ZANG,2.775,180.000,SG,0,3.810,-0.070,,,,,,,,,,
115,GZCH,7.243,237.583,PG,0,2.470,-0.100,,,,,,,,,,
115,GZCH,7.243,237.583,SG,0,4.500,-0.000,,,,,,,,,,
115,MHTR,7.424,166.389,PG,0,2.530,-0.070,,,,,,,,,,
115,MHTR,7.424,166.389,SG,0,4.560,0.010,,,,,,,,,,
115,HIGH,8.919,35.987,PG,0,2.640,-0.020,,,,,,,,,,
115,HIGH,8.919,35.987,SG,0,4.650,-0.010,,,,,,,,,,
115,ORNG,14.759,230.299,PG,0,3.510,-0.040,,,,,,,,,,
115,ORNG,14.759,230.299,SG,0,6.290,0.080,,,,,,,,,,
115,SRND,14.873,44.808,PG,0,3.470,0.000,,,,,,,,,,
115,SRND,14.873,44.808,SG,0,6.100,0.030,,,,,,,,,,
115,KVCH,15.529,57.534,PG,0,3.570,-0.000,,,,,,,,,,
115,KVCH,15.529,57.534,SG,0,6.380,0.130,,,,,,,,,,
115,HMLO,19.344,115.430,PG,4,-4.580,-8.710,,,,,,,,,,
115,BLVR,19.704,324.811,PG,0,4.210,-0.080,,,,,,,,,,
115,BLVR,19.704,324.811,SG,0,7.440,-0.060,,,,,,,,,,
115,FRMZ,20.243,129.040,PG,0,4.310,0.040,,,,,,,,,,
115,FRMZ,20.243,129.040,SG,0,7.490,0.030,,,,,,,,,,
115,NMVR,21.744,302.479,PG,0,4.410,-0.040,,,,,,,,,,
115,NMVR,21.744,302.479,SG,0,7.900,0.130,,,,,,,,,,
115,VRDN,22.175,259.987,PG,0,4.410,-0.030,,,,,,,,,,
115,VRDN,22.175,259.987,SG,0,7.890,0.140,,,,,,,,,,
115,AZGN,23.689,234.213,PG,0,4.560,-0.040,,,,,,,,,,
115,AZGN,23.689,234.213,SG,0,8.040,-0.000,,,,,,,,,,
115,GOLJ,27.082,91.078,PG,0,5.260,0.030,,,,,,,,,,
115,GOLJ,27.082,91.078,SG,0,9.260,0.130,,,,,,,,,,
115,HRS,29.061,289.668,PG,0,5.190,-0.050,,,,,,,,,,
115,HRS,29.061,289.668,SG,0,9.330,0.170,,,,,,,,,,
115,MGSL,29.452,300.675,PG,0,5.660,-0.010,,,,,,,,,,
115,MGSL,29.452,300.675,SG,0,9.870,-0.030,,,,,,,,,,
115,KRNG,33.411,263.440,PG,0,6.160,0.030,,,,,,,,,,
115,KRNG,33.411,263.440,SG,0,10.700,-0.000,,,,,,,,,,
115,TBZ,54.141,69.397,PG,0,9.300,-0.090,,,,,,,,,,
115,BST,79.452,349.946,PG,0,13.280,-0.120,,,,,,,,,,
115,SHB,98.258,81.753,PG,4,16.790,0.290,,,,,,,,,,
115,SRB,104.593,308.433,PG,4,16.990,-0.270,,,,,,,,,,
115,,,,,,,,2012-08-15T20:39:42.300000Z,38.405,46.730,11.100,2.400,50.000,0.100,21.000,,0.700
116,GZCH,5.225,153.163,PG,0,1.350,-0.140,,,,,,,,,,
116,GZCH,5.225,153.163,SG,0,2.570,0.010,,,,,,,,,,
116,ZANG,9.186,112.718,PG,0,1.960,-0.080,,,,,,,,,,
116,ZANG,9.186,112.718,SG,0,3.620,0.100,,,,,,,,,,
116,ORNG,10.611,195.764,PG,0,2.450,-0.080,,,,,,,,,,
116,MHTR,12.971,128.002,PG,0,2.640,-0.160,,,,,,,,,,
116,MHTR,12.971,128.002,SG,0,4.900,0.060,,,,,,,,,,
116,VRDN,14.152,250.812,PG,0,2.950,-0.030,,,,,,,,,,
116,VRDN,14.152,250.812,SG,0,5.280,0.120,,,,,,,,,,
116,HIGH,15.156,64.813,PG,0,3.030,-0.060,,,,,,,,,,
116,HIGH,15.156,64.813,SG,0,5.460,0.120,,,,,,,,,,
116,BLVR,15.588,349.343,PG,0,3.390,-0.040,,,,,,,,,,
116,BLVR,15.588,349.343,SG,4,6.490,0.560,,,,,,,,,,
116,AZGN,18.164,216.266,PG,0,3.590,-0.040,,,,,,,,,,
116,AZGN,18.164,216.266,SG,0,6.430,0.150,,,,,,,,,,
116,SRND,21.335,62.684,PG,0,4.260,-0.030,,,,,,,,,,
116,SRND,21.335,62.684,SG,0,7.550,0.120,,,,,,,,,,
116,MGSL,22.060,310.157,PG,0,4.480,-0.010,,,,,,,,,,
116,MGSL,22.060,310.157,SG,0,7.800,0.030,,,,,,,,,,
116,KVCH,22.869,70.650,PG,0,4.550,-0.030,,,,,,,,,,
116,HMLO,27.481,109.251,PG,4,-3.440,-8.860,,,,,,,,,,
116,FRMZ,27.712,119.169,PG,0,5.370,-0.110,,,,,,,,,,
116,FRMZ,27.712,119.169,SG,0,9.610,0.110,,,,,,,,,,
116,,,,,,,,2012-08-15T20:41:16.200000Z,38.398,46.827,3.200,1.200,74.000,0.100,13.000,,2.000
117,GZCH,4.982,239.190,PG,0,2.460,-0.050,,,,,,,,,,
117,GZCH,4.982,239.190,SG,0,4.350,-0.030,,,,,,,,,,
117,MHTR,6.887,148.671,PG,0,2.630,-0.040,,,,,,,,,,
117,MHTR,6.887,148.671,SG,0,4.680,0.030,,,,,,,,,,
117,HIGH,11.097,39.602,PG,0,2.970,-0.020,,,,,,,,,,
117,HIGH,11.097,39.602,SG,0,5.190,-0.020,,,,,,,,,,
117,SRND,17.115,46.011,PG,0,3.820,-0.030,,,,,,,,,,
117,SRND,17.115,46.011,SG,0,6.760,0.060,,,,,,,,,,
117,KVCH,17.792,57.073,PG,0,3.920,-0.040,,,,,,,,,,
117,BLVR,19.863,331.363,PG,0,4.420,0.050,,,,,,,,,,
117,VRDN,20.158,262.795,PG,0,4.260,0.050,,,,,,,,,,
117,VRDN,20.158,262.795,SG,0,7.390,0.060,,,,,,,,,,
117,HMLO,20.521,109.857,PG,4,-4.300,-8.670,,,,,,,,,,
117,FRMZ,20.939,123.034,PG,0,4.510,0.060,,,,,,,,,,
117,MGSL,28.623,304.839,PG,0,5.570,-0.020,,,,,,,,,,
117,GOLJ,28.919,88.357,PG,0,5.570,0.000,,,,,,,,,,
117,KRNG,31.451,265.455,PG,0,5.760,-0.120,,,,,,,,,,
117,KRNG,31.451,265.455,SG,0,10.270,0.040,,,,,,,,,,
117,,,,,,,,2012-08-15T20:52:34.000000Z,38.417,46.751,11.700,1.200,90.000,,12.000,,0.900
118,ZANG,0.828,122.438,PG,0,2.200,-0.040,,,,,,,,,,
118,ZANG,0.828,122.438,SG,0,3.850,-0.080,,,,,,,,,,
118,MHTR,5.462,153.406,PG,0,2.440,-0.080,,,,,,,,,,
118,MHTR,5.462,153.406,SG,0,4.430,0.010,,,,,,,,,,
118,GZCH,5.632,254.002,PG,0,2.390,-0.120,,,,,,,,,,
118,GZCH,5.632,254.002,SG,0,4.380,-0.030,,,,,,,,,,
118,HIGH,11.244,31.876,PG,0,2.920,-0.040,,,,,,,,,,
118,HIGH,11.244,31.876,SG,0,5.190,0.010,,,,,,,,,,
118,ORNG,12.801,236.328,PG,0,3.350,-0.000,,,,,,,,,,
118,ORNG,12.801,236.328,SG,0,5.960,0.090,,,,,,,,,,
118,SRND,17.057,40.942,PG,0,3.740,-0.060,,,,,,,,,,
118,SRND,17.057,40.942,SG,0,6.620,-0.020,,,,,,,,,,
118,KVCH,17.440,52.288,PG,0,3.830,-0.040,,,,,,,,,,
118,KVCH,17.440,52.288,SG,0,6.870,0.110,,,,,,,,,,
118,FRMZ,19.443,122.399,PG,0,4.260,0.070,,,,,,,,,,
118,FRMZ,19.443,122.399,SG,0,7.440,0.110,,,,,,,,,,
118,BLVR,21.291,329.975,PG,0,4.490,-0.050,,,,,,,,,,
118,BLVR,21.291,329.975,SG,0,8.140,0.200,,,,,,,,,,
118,VRDN,21.187,265.869,PG,0,4.280,-0.040,,,,,,,,,,
118,VRDN,21.187,265.869,SG,0,7.640,0.090,,,,,,,,,,
118,AZGN,21.806,238.099,PG,0,4.360,0.000,,,,,,,,,,
118,AZGN,21.806,238.099,SG,0,7.660,0.040,,,,,,,,,,
118,NMVR,22.523,308.450,PG,0,4.580,-0.000,,,,,,,,,,
118,MGSL,30.125,305.174,PG,0,5.700,-0.080,,,,,,,,,,
118,MGSL,30.125,305.174,SG,0,10.080,-0.010,,,,,,,,,,
118,KRNG,32.518,267.376,PG,0,5.980,-0.030,,,,,,,,,,
118,,,,,,,,2012-08-15T20:54:03.100000Z,38.426,46.738,11.600,1.300,83.000,0.100,14.000,,0.800
119,ZANG,6.387,233.798,PG,0,1.930,-0.170,,,,,,,,,,
119,ZANG,6.387,233.798,SG,0,3.500,-0.140,,,,,,,,,,
119,KVCH,10.813,47.322,PG,0,2.620,-0.150,,,,,,,,,,
119,KVCH,10.813,47.322,SG,0,4.630,-0.170,,,,,,,,,,
119,SRND,10.934,29.166,PG,0,2.720,-0.050,,,,,,,,,,
119,SRND,10.934,29.166,SG,0,4.820,0.030,,,,,,,,,,
119,GZCH,12.279,246.601,PG,0,2.860,-0.060,,,,,,,,,,
119,GZCH,12.279,246.601,SG,0,5.100,0.040,,,,,,,,,,
119,HMLO,15.443,127.098,PG,4,-5.380,-8.850,,,,,,,,,,
119,FRMZ,17.350,142.464,PG,0,3.720,-0.050,,,,,,,,,,
119,FRMZ,17.350,142.464,SG,0,6.630,0.080,,,,,,,,,,
119,ORNG,19.522,237.750,PG,0,4.160,-0.000,,,,,,,,,,
119,GOLJ,21.980,93.976,PG,0,4.350,-0.090,,,,,,,,,,
119,GOLJ,21.980,93.976,SG,0,7.790,0.080,,,,,,,,,,
119,BLVR,22.383,312.470,PG,0,4.850,0.180,,,,,,,,,,
119,NMVR,25.817,294.462,PG,0,5.230,0.130,,,,,,,,,,
119,VRDN,27.424,259.837,PG,0,5.280,-0.010,,,,,,,,,,
119,VRDN,27.424,259.837,SG,0,9.430,0.240,,,,,,,,,,
119,AZGN,28.534,238.668,PG,0,5.380,-0.040,,,,,,,,,,
119,AZGN,28.534,238.668,SG,0,9.420,0.020,,,,,,,,,,
119,MGSL,33.567,294.733,PG,0,6.500,0.070,,,,,,,,,,
119,HRS,33.693,285.143,PG,0,6.000,-0.080,,,,,,,,,,
119,KRNG,38.648,262.876,PG,0,7.080,-0.060,,,,,,,,,,
119,TBZ,48.968,68.405,PG,0,8.900,0.040,,,,,,,,,,
119,TBZ,48.968,68.405,SG,0,15.610,0.210,,,,,,,,,,
119,BST,79.552,346.162,PG,0,13.990,-0.050,,,,,,,,,,
119,BST,79.552,346.162,SG,4,24.930,0.520,,,,,,,,,,
119,SHB,93.018,81.944,PG,4,15.950,-0.490,,,,,,,,,,
119,,,,,,,,2012-08-15T20:58:14.300000Z,38.396,46.671,6.100,1.500,91.000,0.100,18.000,,1.400
120,HIGH,5.264,7.631,PG,0,1.440,-0.090,,,,,,,,,,
120,HIGH,5.264,7.631,SG,0,2.630,-0.040,,,,,,,,,,
120,ZANG,6.589,223.593,PG,0,1.550,-0.150,,,,,,,,,,
120,ZANG,6.589,223.593,SG,0,2.990,0.030,,,,,,,,,,
120,MHTR,9.628,196.881,PG,0,2.160,-0.090,,,,,,,,,,
120,MHTR,9.628,196.881,SG,0,4.000,0.080,,,,,,,,,,
120,SRND,10.411,34.796,PG,0,2.320,-0.060,,,,,,,,,,
120,SRND,10.411,34.796,SG,0,4.250,0.100,,,,,,,,,,
120,KVCH,10.649,53.517,PG,0,2.350,-0.080,,,,,,,,,,
120,KVCH,10.649,53.517,SG,0,4.380,0.140,,,,,,,,,,
120,GZCH,12.171,241.133,PG,0,2.590,-0.050,,,,,,,,,,
120,GZCH,12.171,241.133,SG,0,4.730,0.130,,,,,,,,,,
120,HMLO,16.540,128.575,PG,4,-5.400,-8.840,,,,,,,,,,
120,FRMZ,18.515,142.842,PG,0,3.730,-0.060,,,,,,,,,,
120,FRMZ,18.515,142.842,SG,0,6.730,0.120,,,,,,,,,,
120,ORNG,19.576,234.320,PG,0,3.960,-0.060,,,,,,,,,,
120,ORNG,19.576,234.320,SG,0,6.930,-0.080,,,,,,,,,,
120,BLVR,21.261,311.591,PG,0,4.490,0.140,,,,,,,,,,
120,GOLJ,22.682,96.383,PG,0,4.360,-0.060,,,,,,,,,,
120,GOLJ,22.682,96.383,SG,4,8.020,0.320,,,,,,,,,,
120,AZGN,28.559,236.317,PG,0,5.270,-0.050,,,,,,,,,,
120,AZGN,28.559,236.317,SG,0,9.400,0.140,,,,,,,,,,
120,MGSL,32.603,293.581,PG,0,6.300,0.120,,,,,,,,,,
120,HRS,32.855,283.734,PG,0,5.710,-0.140,,,,,,,,,,
120,HRS,32.855,283.734,SG,4,10.560,0.380,,,,,,,,,,
120,,,,,,,,2012-08-15T20:59:12.600000Z,38.387,46.678,4.800,1.200,56.000,0.100,14.000,,1.300
121,HIGH,5.886,358.299,PG,0,1.710,-0.060,,,,,,,,,,
121,HIGH,5.886,358.299,SG,0,3.110,0.030,,,,,,,,,,
121,ZANG,6.796,232.840,PG,0,1.760,-0.110,,,,,,,,,,
121,ZANG,6.796,232.840,SG,0,3.320,0.070,,,,,,,,,,
121,MHTR,9.301,203.235,PG,0,2.230,-0.070,,,,,,,,,,
121,MHTR,9.301,203.235,SG,0,4.070,0.070,,,,,,,,,,
121,KVCH,10.395,47.694,PG,0,2.400,-0.100,,,,,,,,,,
121,KVCH,10.395,47.694,SG,0,4.290,-0.060,,,,,,,,,,
121,SRND,10.516,28.805,PG,0,2.450,-0.060,,,,,,,,,,
121,SRND,10.516,28.805,SG,0,4.410,0.050,,,,,,,,,,
121,GZCH,12.654,245.691,PG,0,2.720,-0.080,,,,,,,,,,
121,GZCH,12.654,245.691,SG,0,4.920,0.060,,,,,,,,,,
121,HMLO,15.441,128.670,PG,4,-5.470,-8.790,,,,,,,,,,
121,FRMZ,17.459,143.812,PG,0,3.640,-0.020,,,,,,,,,,
121,FRMZ,17.459,143.812,SG,0,6.470,0.110,,,,,,,,,,
121,ORNG,19.923,237.344,PG,0,4.030,-0.090,,,,,,,,,,
121,ORNG,19.923,237.344,SG,0,7.170,0.010,,,,,,,,,,
121,GOLJ,21.745,94.901,PG,0,4.250,-0.050,,,,,,,,,,
121,GOLJ,21.745,94.901,SG,0,7.740,0.260,,,,,,,,,,
121,BLVR,22.357,311.387,PG,0,4.590,0.010,,,,,,,,,,
121,NMVR,25.922,293.553,PG,0,5.050,0.010,,,,,,,,,,
121,NMVR,25.922,293.553,SG,0,8.940,0.180,,,,,,,,,,
121,VRDN,27.743,259.258,PG,0,5.140,-0.130,,,,,,,,,,
121,VRDN,27.743,259.258,SG,0,9.290,0.120,,,,,,,,,,
121,AZGN,28.932,238.377,PG,0,5.290,-0.120,,,,,,,,,,
121,AZGN,28.932,238.377,SG,0,9.370,-0.040,,,,,,,,,,
121,MGSL,33.670,294.032,PG,0,6.400,0.010,,,,,,,,,,
121,MGSL,33.670,294.032,SG,0,11.110,-0.000,,,,,,,,,,
121,,,,,,,,2012-08-15T21:02:50.000000Z,38.393,46.668,6.000,2.500,59.000,0.100,15.000,,1.000
122,ZANG,0.284,67.034,PG,0,2.070,-0.050,,,,,,,,,,
122,ZANG,0.284,67.034,SG,0,3.730,0.050,,,,,,,,,,
122,MHTR,4.772,155.113,PG,0,2.330,-0.040,,,,,,,,,,
122,MHTR,4.772,155.113,SG,0,3.930,-0.180,,,,,,,,,,
122,GZCH,5.934,260.329,PG,0,2.360,-0.080,,,,,,,,,,
122,GZCH,5.934,260.329,SG,0,4.280,0.050,,,,,,,,,,
122,HIGH,11.504,28.567,PG,0,2.940,0.010,,,,,,,,,,
122,HIGH,11.504,28.567,SG,0,5.130,0.040,,,,,,,,,,
122,ORNG,12.875,239.463,PG,0,3.310,0.000,,,,,,,,,,
122,ORNG,12.875,239.463,SG,0,5.820,0.070,,,,,,,,,,
122,SRND,17.203,38.631,PG,0,3.770,-0.020,,,,,,,,,,
122,SRND,17.203,38.631,SG,0,6.590,0.010,,,,,,,,,,
122,KVCH,17.447,49.968,PG,0,3.830,-0.010,,,,,,,,,,
122,HMLO,18.535,107.002,PG,4,-4.670,-8.700,,,,,,,,,,
122,FRMZ,18.778,121.687,PG,0,4.120,0.050,,,,,,,,,,
122,FRMZ,18.778,121.687,SG,0,7.180,0.100,,,,,,,,,,
122,VRDN,21.589,267.424,PG,0,4.320,-0.060,,,,,,,,,,
122,VRDN,21.589,267.424,SG,0,7.690,0.080,,,,,,,,,,
122,AZGN,21.893,239.937,PG,0,4.330,-0.040,,,,,,,,,,
122,AZGN,21.893,239.937,SG,0,7.650,0.060,,,,,,,,,,
122,BLVR,21.990,329.716,PG,0,4.630,-0.010,,,,,,,,,,
122,NMVR,23.210,308.857,PG,0,4.780,0.090,,,,,,,,,,
122,NMVR,23.210,308.857,SG,0,8.250,0.100,,,,,,,,,,
122,GOLJ,27.433,85.028,PG,0,5.320,0.010,,,,,,,,,,
122,MGSL,30.802,305.554,PG,0,5.840,-0.080,,,,,,,,,,
122,MGSL,30.802,305.554,SG,0,10.210,-0.080,,,,,,,,,,
122,KRNG,32.931,268.379,PG,0,6.060,-0.040,,,,,,,,,,
122,KRNG,32.931,268.379,SG,0,10.580,-0.030,,,,,,,,,,
122,,,,,,,,2012-08-15T21:14:04.700000Z,38.431,46.733,10.500,1.200,84.000,0.100,16.000,,0.700
