 2012  814 1210 18.8 L  38.389  46.797 11.9  THM 12 0.1 2.3LTHM                1
 GAP=92    THM  0.27       0.6     0.5  1.2  5.2510e-03                        E
     168.0      90.0      25.0                 0.0                <bu  FOCMEC  F
 Action:ARG 25-08-12 12:51 OP:OBSP STATUS:               ID:20120814121018     I
 OLDACT:ARG 14-11-22 00:27 OP:ahal STATUS:               ID:20120814121020dL   3
 2012-08-14-1208-49S.AHAR__036                                                 6
 STAT SP IPHASW D HRMM SECON CODA AMPLIT PERI AZIMU VELO AIN AR TRES W  DIS CAZ7
 ZANG SZ IPg    D 1210 21.65                             148    0.1610 7.41 308 
 ZANG SZ ESg      1210 23.33                             148   -0.1210 7.41 308 
 HIGH SZ IPg    C 1210 22.14                             132    0.1410 12.3 244 
 HIGH SZ ESg      1210 24.28                             132   -0.0510 12.3 244 
 HIGH SZ  IAML    1210 25.15      1049.3 0.10                                   
 BLVR SZ IPg    D 1210 22.59                             125   -0.0310 15.3 159 
 BLVR SZ ESg      1210 25.47                             125    0.0410 15.3 159 
 NMVR SZ IPg    D 1210 22.51                             123   -0.0610 15.9 128 
 NMVR SZ ESg      1210 25.38                             123    0.0610 15.9 128 
 VRDN SZ IPg    D 1210 22.68                             121    0.0410 17.0  70 
 VRDN SZ ESg      1210 25.44                             121   -0.0010 17.0  70 
 SRND SZ IPg    C 1210 23.08                             119    0.1810 18.5 242 
 SRND SZ ESg      1210 25.86                             119   -0.0410 18.5 242 
 AZGN SZ IPg      1210 23.13                             115    0.0410 20.6  40 
 AZGN SZ ESg      1210 26.22                             115   -0.0110 20.6  40 
 AZGN SZ  IAML    1210 26.49       832.2 0.00                                   
 MGSL SZ IPg    D 1210 23.58                             111   -0.1210 23.5 124 
 MGSL SZ IPg      1210 23.59                             111   -0.1110 23.5 124 
 FRMZ SZ IPg    D 1210 24.00                             108   -0.0410 26.0 304 
 FRMZ SZ ESg      1210 27.91                             108    0.0110 26.0 304 
 KRNG SZ IPg    D 1210 24.21                             106    0.0010 28.0  78 
 KRNG SZ ESg      1210 28.18                             106    0.0010 28.0  78 
 KRNG SZ  IAML    1210 30.01       509.0 0.17                                   
 GOLJ SZ IPg    D 1210 25.01                             102   -0.0310 33.0 274 
 GOLJ SZ ESg      1210 29.56                             102   -0.0710 33.0 274 
 GOLJ SZ  IAML    1210 30.22       384.4 0.21                                   
 GRVN SZ IPg  4 D 1210 17.13                             100   -8.52 0 36.4 113 
                                                                                
 2012  814 1222 56.5 L  38.408  46.772 11.8  THM 12 0.1 2.4LTHM                1
 GAP=105   THM  0.23       0.5     0.4  1.0  8.7140e-03                        E
     333.5      44.8      35.5                 0.0                <bu  FOCMEC  F
 Action:ARG 25-08-12 12:51 OP:OBSP STATUS:               ID:20120814122256     I
 OLDACT:ARG 14-11-22 00:27 OP:ahal STATUS:               ID:20120814122257dL   3
 2012-08-14-1221-54S.AHAR__033                                                 6
 STAT SP IPHASW D HRMM SECON CODA AMPLIT PERI AZIMU VELO AIN AR TRES W  DIS CAZ7
 ZANG SZ IPg    C 1222 58.83                             160   -0.0610 4.41 304 
 ZANG SZ ESg      1223  0.66                             160   -0.0210 4.41 304 
 HIGH SZ IPg    D 1222 59.48                             134   -0.0510 11.7 230 
 HIGH SZ ESg      1223  1.82                             134    0.0210 11.7 230 
 HIGH SZ  IAML    1223  2.06      1616.7 0.17                                   
 SRND SZ IPg    D 1223  0.41                             119   -0.0110 17.8 233 
 SRND SZ ESg      1223  3.46                             119    0.1110 17.8 233 
 BLVR SZ IPg    D 1223  0.61                             119   -0.0010 18.1 155 
 BLVR SZ ESg      1223  3.62                             119   -0.0710 18.1 155 
 VRDN SZ IPg    D 1223  0.45                             118   -0.0110 18.5  79 
 VRDN SZ ESg      1223  3.51                             118    0.1010 18.5  79 
 VRDN SZ  IAML    1223  3.80      1686.0 0.09                                   
 NMVR SZ IPg    D 1223  0.59                             117    0.0010 18.9 129 
 NMVR SZ ESg      1223  3.58                             117   -0.0610 18.9 129 
 AZGN SZ IPg    D 1223  0.64                             115   -0.0610 20.6  49 
 AZGN SZ ESg      1223  3.78                             115   -0.0510 20.6  49 
 FRMZ SZ IPg    D 1223  1.18                             111   -0.0410 23.0 303 
 FRMZ SZ ESg      1223  4.83                             111    0.0910 23.0 303 
 FRMZ SZ  IAML    1223  5.23      1083.0 0.17                                   
 MGSL SZ IPg    D 1223  1.71                             107   -0.0410 26.5 125 
 MGSL SZ ESg      1223  5.77                             107    0.1010 26.5 125 
 KRNG SZ IPg    D 1223  2.10                             104    0.0110 29.7  83 
 KRNG SZ ESg      1223  6.33                             104    0.0710 29.7  83 
 GOLJ SZ IPg    D 1223  2.29                             104   -0.0210 30.7 271 
 GRVN SZ IPg  4 D 1222 55.27                              98   -8.44 0 39.3 115 
 GRVN SZ  IAML    1223  2.62       165.3 0.26                                   
                                                                                
 2012  814 1233 18.2 L  38.429  46.731 10.9  THM 19 0.1 3.1LTHM                1
 GAP=102   THM  0.32       0.7     0.5  1.1  7.1130e-03                        E
       2.7      78.6      44.9                 0.0                <bu  FOCMEC  F
 Action:ARG 25-08-12 12:51 OP:OBSP STATUS:               ID:20120814123318     I
 OLDACT:ARG 14-11-22 00:27 OP:ahal STATUS:               ID:20120814123318 L   3
 2012-08-14-1230-32S.AHAR__018                                                 6
 STAT SP IPHASW D HRMM SECON CODA AMPLIT PERI AZIMU VELO AIN AR TRES W  DIS CAZ7
 ZANG SZ IPg    C 1233 20.29                             179   -0.0810 0.17 318 
 ZANG SZ ESg      1233 21.88                             179   -0.1010 0.17 318 
 ZANG SZ  IAML    1233 22.19     17302.9 0.12                                   
 HIGH SZ IPg    D 1233 21.09                             132   -0.0410 11.2 209 
 HIGH SZ ESg      1233 23.28                             132   -0.0210 11.2 209 
 SRND SZ IPg    C 1233 21.97                             118   -0.0010 16.9 219 
 SRND SZ ESg      1233 24.88                             118    0.1210 16.9 219 
 FRMZ SZ IPg    D 1233 22.38                             115    0.0910 18.8 303 
 FRMZ SZ ESg      1233 25.31                             115   -0.0110 18.8 303 
 VRDN SZ IPg    C 1233 22.54                             110   -0.0710 21.7  87 
 VRDN SZ ESg      1233 26.02                             110    0.1510 21.7  87 
 VRDN SZ  IAML    1233 27.52     10338.6 0.29                                   
 BLVR SZ IPg    D 1233 22.68                             110   -0.1610 21.8 149 
 AZGN SZ IPg    C 1233 22.59                             109   -0.0210 22.1  59 
 AZGN SZ ESg      1233 26.00                             109    0.1310 22.1  59 
 NMVR SZ IPg    D 1233 22.83                             108   -0.0610 23.2 128 
 NMVR SZ ESg      1233 26.57                             108    0.2110 23.2 128 
 NMVR SZ  IAML    1233 30.52      2200.9 0.33                                   
 GOLJ SZ IPg    D 1233 23.54                             104    0.0410 27.3 266 
 GOLJ SZ ESg      1233 27.49                             104    0.0810 27.3 266 
 GOLJ SZ  IAML    1233 28.83      5437.3 0.08                                   
 HRS  SZ IPg    D 1233 23.42                             101   -0.2010 29.9 114 
 HRS  SN ESg      1233 27.62                             101   -0.0010 29.9 114 
 MGSL SZ IPg    D 1233 24.03                             100   -0.0810 30.8 125 
 MGSL SZ ESg      1233 28.56                             100    0.0710 30.8 125 
 KRNG SZ IPg    C 1233 24.30                              98   -0.0310 33.1  88 
 KRNG SZ ESg      1233 28.89                              98    0.0310 33.1  88 
 GRVN SZ IPg  4 D 1233 17.62                              94   -8.47 0 43.5 115 
 GRVN SZ  IAML    1233 29.66       795.1 0.33                                   
 TBZ  SZ IPg    C 1233 27.90                              92    0.1010 55.2 247 
 BST  SZ IPg    D 1233 31.88                              91   -0.17 8 82.0 170 
 MRD  SZ IPg    D 1233 33.89                              91   -0.21 8 95.0 290 
 SHB  SZ IPg  4 D 1233 35.26                              91    0.44 0 98.7 261 
 SRB  SZ IPg  4 D 1233 35.41                              91   -0.34 0  106 129 
 AZR  SZ IPg    C 1233 36.23                              91    0.22 7  106 218 
                                                                                
 2012  814 1234 10.8 L  38.392  46.670  4.1  THM 12 0.1 2.7LTHM                1
 GAP=87    THM  0.34       0.6     0.6  1.6 -4.8420e-02                        E
     178.9      54.5       6.5                 0.0                <bu  FOCMEC  F
 Action:ARG 25-08-12 12:51 OP:OBSP STATUS:               ID:20120814123410     I
 OLDACT:ARG 14-11-22 00:27 OP:ahal STATUS:               ID:20120814123319dL   3
 2012-08-14-1231-54S.AHAR__036                                                 6
 STAT SP IPHASW D HRMM SECON CODA AMPLIT PERI AZIMU VELO AIN AR TRES W  DIS CAZ7
 HIGH SZ IPg    C 1234 12.20                             129   -0.0910 5.75 180 
 HIGH SZ ESg      1234 13.51                             129    0.0910 5.75 180 
 HIGH SZ  IAML    1234 13.66     20299.1 0.16                                   
 ZANG SZ IPg    D 1234 12.28                             123   -0.1410 6.76  51 
 ZANG SZ ESg      1234 13.81                             123    0.1610 6.76  51 
 SRND SZ IPg    C 1234 13.07                             109   -0.0610 10.5 210 
 SRND SZ ESg      1234 15.02                             109    0.1210 10.5 210 
 FRMZ SZ IPg    D 1234 14.34                              99   -0.0910 17.7 324 
 FRMZ SZ ESg      1234 17.29                              99    0.1410 17.7 324 
 FRMZ SZ  IAML    1234 18.22      3486.0 0.21                                   
 GOLJ SZ IPg    D 1234 14.94                              97   -0.1610 21.9 275 
 GOLJ SZ ESg      1234 18.42                              97    0.1010 21.9 275 
 GOLJ SZ  IAML    1234 19.57      1352.5 0.14                                   
 BLVR SZ IPg    D 1234 15.37                              97    0.0610 22.1 131 
 NMVR SZ IPg    D 1234 15.88                              96    0.0810 25.7 113 
 NMVR SZ ESg  4   1234 20.28                              96    0.74 0 25.7 113 
 NMVR SZ  IAML    1234 23.53       624.4 0.42                                   
 VRDN SZ IPg    C 1234 16.02                              95   -0.0510 27.6  79 
 VRDN SZ ESg      1234 20.06                              95    0.0510 27.6  79 
 VRDN SZ  IAML    1234 23.35      1181.3 0.37                                   
 AZGN SZ IPg    C 1234 16.13                              95   -0.1010 28.9  58 
 AZGN SZ ESg      1234 20.37                              95    0.0910 28.9  58 
 AZGN SZ  IAML    1234 20.70      1658.1 0.07                                   
 MGSL SZ IPg    D 1234 17.14                              94   -0.0810 33.5 114 
 MGSL SZ ESg  4   1234 22.57                              94    0.56 0 33.5 114 
 KRNG SZ IPg      1234 17.83                              93   -0.2010 38.8  82 
 KRNG SZ ESg      1234 23.50                              93    0.0910 38.8  82 
 GRVN SZ IPg  4   1234 10.80                              93   -8.79 0 46.9 108 
 GRVN SZ ESg  4   1234 17.62                              93   -8.51 0 46.9 108 
                                                                                
 2012  814 1358 41.6 L  38.391  46.678  4.1  THM 12 0.1 2.0LTHM                1
 GAP=84    THM  0.33       0.6     0.6  1.5 -1.0850e-01                        E
     353.6      83.7      44.6                 0.0                <bu  FOCMEC  F
 Action:ARG 25-08-12 12:51 OP:OBSP STATUS:               ID:20120814135841     I
 OLDACT:ARG 14-11-22 00:27 OP:ahal STATUS:               ID:20120814135843dL   3
 2012-08-14-1357-10S.AHAR__036                                                 6
 STAT SP IPHASW D HRMM SECON CODA AMPLIT PERI AZIMU VELO AIN AR TRES W  DIS CAZ7
 HIGH SZ IPg    C 1358 43.01                             129   -0.0910 5.66 187 
 HIGH SZ ESg      1358 44.25                             129    0.0310 5.66 187 
 ZANG SZ IPg    C 1358 43.16                             126   -0.0210 6.33  46 
 ZANG SZ ESg      1358 44.52                             126    0.1610 6.33  46 
 ZANG SZ  IAML    1358 44.83      1552.2 0.04                                   
 SRND SZ IPg    C 1358 43.95                             108   -0.0510 10.7 213 
 SRND SZ ESg      1358 46.00                             108    0.2110 10.7 213 
 KVCH SZ IPg    C 1358 43.96                             108   -0.0810 10.9 232 
 KVCH SZ ESg      1358 45.91                             108    0.0510 10.9 232 
 FRMZ SZ IPg    D 1358 45.29                              99   -0.0510 18.2 322 
 FRMZ SZ ESg      1358 48.24                              99    0.1110 18.2 322 
 FRMZ SZ  IAML    1358 49.28      1024.7 0.17                                   
 BLVR SZ IPg    D 1358 46.06                              97    0.0210 21.6 132 
 BLVR SZ  IAML    1358 53.39       321.1 0.34                                   
 GOLJ SZ IPg    D 1358 45.93                              97   -0.1210 22.6 276 
 GOLJ SZ  IAML    1358 52.57       265.9 0.27                                   
 NMVR SZ IPg    D 1358 46.53                              96    0.0210 25.0 114 
 NMVR SZ ESg  4   1358 50.89                              96    0.73 0 25.0 114 
 AZGN SZ IPg    C 1358 46.85                              95   -0.1210 28.4  57 
 AZGN SZ ESg      1358 51.02                              95    0.0610 28.4  57 
 AZGN SZ  IAML    1358 51.42       652.8 0.14                                   
 MGSL SZ IPg    D 1358 47.89                              94   -0.0410 32.8 114 
 MGSL SZ ESg  4   1358 53.02                              94    0.39 0 32.8 114 
 KRNG SZ IPg    D 1358 48.53                              94   -0.2110 38.2  82 
 KRNG SZ ESg      1358 54.15                              94    0.1110 38.2  82 
 KRNG SZ  IAML    1358 56.46       202.0 0.43                                   
 GRVN SZ IPg  4   1358 41.54                              93   -8.76 0 46.3 108 
 GRVN SZ  IAML    1358 49.02        45.8 0.17                                   
                                                                                
 2012  814 14 2 26.3 L  38.449  46.773 13.9  THM 22 0.1 4.9LTHM                1
 GAP=115   THM  0.25       0.5     0.4  0.8 -9.1910e-03                        E
     196.7      88.1     -39.0                 0.0                <bu  FOCMEC  F
 Action:ARG 25-08-12 12:51 OP:OBSP STATUS:               ID:20120814140226     I
 OLDACT:ARG 14-11-22 00:27 OP:ahal STATUS:               ID:20120814140225 L   3
 2012-08-14-1400-44S.ALL___021                                                 6
 STAT SP IPHASW D HRMM SECON CODA AMPLIT PERI AZIMU VELO AIN AR TRES W  DIS CAZ7
 ZANG SZ IPg    D 14 2 28.95                             163   -0.0910 4.33 241 
 ZANG SZ ESg      14 2 31.09                             163    0.0210 4.33 241 
 ORNG SZ IPg    C 14 2 29.48                             147   -0.0610 8.83  59 
 ORNG SZ ESg      14 2 31.95                             147    0.0010 8.83  59 
 VRZ1 BZ IPg    D 14 2 29.84                             141    0.1810 11.0 304 
 VRZ1 BZ ESg  4   14 2 31.06                             141   -1.09 0 11.0 304 
 HIGH SZ IPg    C 14 2 29.93                             131   -0.0610 15.1 217 
 HIGH SZ ESg      14 2 32.70                             131   -0.0310 15.1 217 
 AZGN SZ IPg    C 14 2 30.36                             125    0.0410 17.8  60 
 AZGN SZ ESg      14 2 33.33                             125    0.0310 17.8  60 
 SRND SZ IPg    C 14 2 30.85                             120   -0.0010 21.0 223 
 SRND SZ ESg      14 2 34.21                             120   -0.0210 21.0 223 
 KVCH SZ IPg    C 14 2 30.90                             120   -0.0310 21.4 232 
 KVCH SZ ESg      14 2 34.23                             120   -0.1310 21.4 232 
 NMVR SZ IPg    D 14 2 30.98                             119   -0.0310 22.0 139 
 NMVR SZ ESg      14 2 34.60                             119    0.1010 22.0 139 
 BLVR SZ IPg    D 14 2 31.09                             118   -0.0910 22.3 160 
 BLVR SZ ESg      14 2 34.75                             118   -0.0510 22.3 160 
 HRS  SZ IPg    C 14 2 31.42                             113   -0.1010 27.7 122 
 HRS  SZ ESg      14 2 35.53                             113    0.1510 27.7 122 
 MGSL SZ IPg    D 14 2 32.04                             111   -0.0710 29.3 133 
 MGSL SZ ESg      14 2 36.50                             111    0.0910 29.3 133 
 KRNG SZ IPg    C 14 2 31.94                             110   -0.0310 29.4  92 
 KRNG SZ ESg      14 2 36.13                             110   -0.0510 29.4  92 
 GOLJ SZ IPg    C 14 2 32.30                             109   -0.0110 31.1 262 
 GOLJ SZ ESg      14 2 36.85                             109    0.0910 31.1 262 
 GRVN SZ IPg  4 D 14 2 25.58                             103   -8.33 0 41.3 120 
 TABZ BZ IPg  4 C 14 2 37.20                              97    0.71 0 58.5 222 
 TABZ BZ ESg  4   14 2 45.76                              97    1.72 0 58.5 222 
 TBZ  SZ IPg    C 14 2 36.57                              97   -0.0210 59.5 247 
 TBZ  SZ ESg      14 2 44.40                              97    0.1910 59.5 247 
 TBZ  SZ  AMP     14 2 45.22                                           59.5 247 
 TBZ  SZ  IAML    14 2 53.88     49022.3 0.60                                   
 BST  SZ IPg    D 14 2 40.33                              94   -0.09 8 83.7 173 
 BST  SZ ESg      14 2 51.04                              94    0.16 8 83.7 173 
 BST  SZ  IAML    14 2 54.24     23797.7 0.60                                   
 MRD  SZ IPg    D 14 2 42.67                              93    0.03 8 97.8 288 
 MRD  SZ ESg  4   14 2 55.05                              93    0.32 0 97.8 288 
 MRD  SZ  IAML    14 3  1.75      12.4e4 0.54                                   
 SHB  SZ IPg    C 14 2 43.52                              93   -0.03 7  103 260 
 SHB  SZ ESg      14 2 56.20                              93   -0.12 7  103 260 
 SHB  SZ  IAML    14 3  3.38     42829.9 0.84                                   
 SRB  SZ IPg    D 14 2 43.54                              93   -0.10 7  105 131 
 SRB  SZ ESg      14 2 56.50                              93    0.02 7  105 131 
 SRB  SZ  IAML    14 3  2.50     16865.0 0.42                                   
 AZR  SZ IPg    C 14 2 44.83                              93    0.09 7  110 219 
 AZR  SZ ESg      14 2 58.41                              93    0.01 7  110 219 
 AZR  SZ  IAML    14 3  3.74     45200.1 0.54                                   
 GZV  SZ IPg  4   14 3 21.45                              91   -5.99 0  381 126 
                                                                                
 2012  814 1548 20.4 L  38.384  46.648  4.1  THM 21 0.1 3.7LTHM                1
 GAP=52    THM  0.30       0.4     0.5  1.4 -5.4670e-02                        E
     217.1      47.7      58.1                 0.0                <bu  FOCMEC  F
 Action:ARG 25-08-12 12:51 OP:OBSP STATUS:               ID:20120814154820     I
 OLDACT:ARG 14-11-22 00:27 OP:ahal STATUS:               ID:20120814154500 L   3
 2012-08-14-1545-45S.AHAR__044                                                 6
 STAT SP IPHASW D HRMM SECON CODA AMPLIT PERI AZIMU VELO AIN AR TRES W  DIS CAZ7
 HIGH SZ IPg    D 1548 21.72                             129   -0.1510 5.26 158 
 HIGH SZ ESg      1548 22.93                             129   -0.0210 5.26 158 
 KVCH SZ IPg    C 1548 22.35                             110   -0.1010 8.42 225 
 KVCH SZ ESg      1548 24.06                             110    0.0810 8.42 225 
 ZANG SZ IPg    C 1548 22.25                             108   -0.1310 8.83  55 
 ZANG SZ ESg      1548 23.95                             108    0.1010 8.83  55 
 SRND SZ IPg    C 1548 22.47                             107   -0.0410 8.85 202 
 SRND SZ ESg      1548 24.15                             107    0.0810 8.85 202 
 VRZ1 BZ IPg    D 1548 23.13                              92   -0.1610 13.4   8 
 VRZ1 BZ ESg      1548 25.30                              92   -0.1210 13.4   8 
 FRMZ SZ IPg    D 1548 23.95                              91   -0.0410 17.3 331 
 FRMZ SZ ESg      1548 26.79                              91    0.1410 17.3 331 
 FRMZ SZ  IAML    1548 34.38     22128.5 0.60                                   
 GOLJ SZ IPg    D 1548 24.38                              91   -0.0110 20.1 278 
 GOLJ SZ ESg  4   1548 28.14                              91    0.80 0 20.1 278 
 GOLJ SZ  IAML    1548 31.44     13403.9 0.60                                   
 ORNG SZ IPg    C 1548 24.78                              91   -0.0410 22.0  58 
 ORNG SZ ESg      1548 28.18                              91    0.0810 22.0  58 
 ORNG SZ  IAML    1548 32.70     15516.7 0.72                                   
 BLVR SZ IPg    D 1548 25.24                              90    0.1810 23.1 126 
 BLVR SZ ESg  4   1548 29.63                              90    1.11 0 23.1 126 
 BLVR SZ  IAML    1548 32.67     35060.0 0.24                                   
 NMVR SZ IPg    D 1548 25.70                              90    0.0810 27.2 110 
 NMVR SZ ESg  4   1548 30.50                              90    1.02 0 27.2 110 
 VRDN SZ IPg    C 1548 25.98                              90    0.0110 29.7  78 
 VRDN SZ ESg      1548 30.02                              90   -0.0710 29.7  78 
 VRDN SZ  IAML    1548 33.69     29076.3 0.54                                   
 AZGN SZ IPg    C 1548 26.10                              90   -0.0310 31.0  58 
 AZGN SZ ESg      1548 30.52                              90    0.1610 31.0  58 
 AZGN SZ  IAML    1548 33.60      9892.1 0.54                                   
 MGSL SZ IPg    D 1548 27.00                              90    0.0210 34.9 111 
 MGSL SZ ESg  4   1548 31.65                              90   -0.19 0 34.9 111 
 HRS  SZ IPg    D 1548 26.61                              90   -0.0710 35.4 102 
 HRS  SZ ESg  4   1548 31.90                              90    0.57 0 35.4 102 
 TABZ BZ IPg  4 C 1548 29.68                              90    0.94 0 45.9 218 
 TBZ  SZ IPg    C 1548 28.88                              90    0.0810 46.6 249 
 TBZ  SZ ESg  4   1548 35.59                              90    0.58 0 46.6 249 
 BST  SZ IPg    D 1548 34.12                              90   -0.14 9 78.8 164 
 BST  SZ ESg      1548 44.55                              90    0.03 9 78.8 164 
 MRD  SZ IPg  4 D 1548 35.49                              90   -0.69 0 90.1 294 
 SHB  SZ IPg  4 D 1548 36.16                              90   -0.27 0 90.8 263 
 AZR  SZ IPg    D 1548 37.68                              90    0.06 8 97.8 217 
 SRB  SZ IPg  4 D 1548 38.43                              90   -0.85 0  109 125 
                                                                                
 2012  814 17 5 18.1 L  38.400  46.654  4.1  THM 12 0.1 1.9LTHM                1
 GAP=95    THM  0.32       0.7     0.7  2.0 -1.4760e-01                        E
       0.0      90.0      18.0                 0.0                <bu  FOCMEC  F
 Action:ARG 25-08-12 12:51 OP:OBSP STATUS:               ID:20120814170518     I
 OLDACT:ARG 14-11-22 00:27 OP:ahal STATUS:               ID:20120814170201dL   3
 2012-08-14-1702-40S.AHAR__056                                                 6
 STAT SP IPHASW D HRMM SECON CODA AMPLIT PERI AZIMU VELO AIN AR TRES W  DIS CAZ7
 ZANG SZ IPg    C 17 5 19.88                             120   -0.0210 7.42  63 
 ZANG SZ ESg      17 5 21.22                             120    0.0210 7.42  63 
 ZANG SZ  IAML    17 5 21.71       930.3 0.14                                   
 KVCH SZ IPg    C 17 5 20.32                             110   -0.1410 10.1 220 
 KVCH SZ ESg      17 5 22.24                             110    0.0510 10.1 220 
 SRND SZ IPg    C 17 5 20.45                             108   -0.1010 10.7 201 
 SRND SZ ESg      17 5 22.47                             108    0.1310 10.7 201 
 SRND SZ  IAML    17 5 22.64       770.7 0.05                                   
 FRMZ SZ IPg    D 17 5 21.67                             100    0.1210 16.1 326 
 FRMZ SZ  IAML    17 5 26.05       465.0 0.24                                   
 GOLJ SZ IPg    D 17 5 22.27                              98    0.0410 20.5 273 
 GOLJ SZ ESg  4   17 5 25.83                              98    0.56 0 20.5 273 
 GOLJ SZ  IAML    17 5 26.81       242.3 0.24                                   
 ORNG SZ IPg    C 17 5 22.34                              97   -0.0310 20.6  61 
 BLVR SZ IPg    D 17 5 22.91                              96   -0.0710 23.7 131 
 BLVR SZ ESg  4   17 5 27.24                              96    0.68 0 23.7 131 
 BLVR SZ  IAML    17 5 30.19       247.2 0.29                                   
 NMVR SZ IPg    D 17 5 23.37                              95   -0.0910 27.3 114 
 NMVR SZ ESg      17 5 27.39                              95   -0.0210 27.3 114 
 VRDN SZ IPg    C 17 5 23.53                              95   -0.1310 28.8  81 
 VRDN SZ ESg      17 5 27.84                              95    0.0910 28.8  81 
 VRDN SZ  IAML    17 5 28.48       217.1 0.33                                   
 AZGN SZ IPg  4 C 17 4 59.55                              95   -24.2 0 29.6  61 
 MGSL SZ IPg    D 17 5 24.82                              94   -0.0610 35.1 114 
 MGSL SZ ESg      17 5 30.08                              94    0.2010 35.1 114 
 MGSL SZ  IAML    17 5 30.69        73.3 0.29                                   
 KRNG SZ IPg  4 C 17 5 25.36                              93   -0.27 0 40.0  83 
 KRNG SZ ESg  4   17 5 30.83                              93   -0.34 0 40.0  83 
                                                                                
 2012  814 1719 59.4 L  38.421  46.758 11.9  THM 12 0.1 2.0LTHM                1
 GAP=108   THM  0.27       0.6     0.5  1.1  1.4720e-02                        E
     247.0      27.4      79.1                 0.0                <bu  FOCMEC  F
 Action:ARG 25-08-12 12:51 OP:OBSP STATUS:               ID:20120814171959     I
 OLDACT:ARG 14-11-22 00:27 OP:ahal STATUS:               ID:20120814171900 L   3
 2012-08-14-1719-01S.AHAR__032                                                 6
 STAT SP IPHASW D HRMM SECON CODA AMPLIT PERI AZIMU VELO AIN AR TRES W  DIS CAZ7
 ZANG SZ IPg    C 1720  1.59                             168   -0.1410 2.65 293 
 ZANG SZ ESg      1720  3.48                             168   -0.0010 2.65 293 
 ZANG SZ  IAML    1720  3.97      1558.5 0.33                                   
 ORNG SZ IPg    D 1720  2.67                             133    0.0110 11.8  49 
 ORNG SZ ESg      1720  5.03                             133   -0.0810 11.8  49 
 ORNG SZ  IAML    1720  6.31       285.0 0.28                                   
 SRND SZ IPg    C 1720  3.24                             120   -0.0910 17.8 227 
 SRND SZ ESg      1720  6.22                             120   -0.0410 17.8 227 
 KVCH SZ IPg    C 1720  3.36                             119   -0.0810 18.5 237 
 KVCH SZ ESg      1720  6.46                             119   -0.0010 18.5 237 
 VRDN SZ IPg    C 1720  3.53                             117    0.0310 19.5  84 
 VRDN SZ ESg      1720  6.68                             117    0.1110 19.5  84 
 BLVR SZ IPg    D 1720  3.70                             116   -0.0710 19.9 153 
 BLVR SZ ESg      1720  7.22                             116    0.1810 19.9 153 
 BLVR SZ  IAML    1720  7.46       670.7 0.18                                   
 NMVR SZ IPg      1720  3.73                             115   -0.0210 20.8 130 
 NMVR SZ ESg      1720  7.06                             115    0.0510 20.8 130 
 FRMZ SZ IPg    D 1720  3.87                             114    0.0110 21.2 301 
 FRMZ SZ ESg      1720  7.33                             114    0.1310 21.2 301 
 FRMZ SZ  IAML    1720 10.52       395.8 0.10                                   
 HRS  SZ IPg    D 1720  4.29                             107   -0.1410 27.4 115 
 MGSL SZ IPg    D 1720  4.86                             106   -0.0710 28.3 126 
 MGSL SZ ESg      1720  9.11                             106    0.0510 28.3 126 
 GOLJ SZ IPg    D 1720  5.09                             105    0.0610 29.5 268 
 GOLJ SZ ESg      1720  9.31                             105    0.0710 29.5 268 
 KRNG SZ IPg    C 1720  5.23                             104    0.0710 30.8  86 
 KRNG SZ ESg      1720  9.41                             104   -0.0410 30.8  86 
 KRNG SZ  IAML    1720  9.59       124.8 0.13                                   
                                                                                
 2012  814 18 3 35.2 L  38.423  46.734 10.3  THM 13 0.1 1.9LTHM                1
 GAP=82    THM  0.27       0.6     0.5  1.0 -6.2550e-02                        E
     358.9      74.0       8.4                 0.0                <bu  FOCMEC  F
 Action:ARG 25-08-12 12:51 OP:OBSP STATUS:               ID:20120814180335     I
 OLDACT:ARG 14-11-22 00:27 OP:ahal STATUS:               ID:20120814180000 L   3
 2012-08-14-1800-57S.AHAR__063                                                 6
 STAT SP IPHASW D HRMM SECON CODA AMPLIT PERI AZIMU VELO AIN AR TRES W  DIS CAZ7
 ZANG SZ IPg    C 18 3 37.17                             176   -0.0710 0.84 334 
 ZANG SZ ESg      18 3 38.72                             176   -0.0610 0.84 334 
 ORNG SZ IPg    C 18 3 38.46                             124   -0.0310 13.2  56 
 ORNG SZ ESg      18 3 40.96                             124    0.0110 13.2  56 
 SRND SZ IPg    C 18 3 38.84                             116   -0.0110 16.6 221 
 SRND SZ ESg      18 3 41.71                             116    0.1410 16.6 221 
 SRND SZ  IAML    18 3 43.32       191.2 0.31                                   
 KVCH SZ IPg    C 18 3 38.92                             116    0.0010 17.0 233 
 KVCH SZ ESg      18 3 41.62                             116   -0.0810 17.0 233 
 KVCH SZ  IAML    18 3 41.70       151.9 0.09                                   
 FRMZ SZ IPg    D 18 3 39.32                             111    0.0210 19.3 304 
 FRMZ SZ ESg      18 3 42.36                             111    0.0010 19.3 304 
 FRMZ SZ  IAML    18 3 43.85       433.0 0.14                                   
 BLVR SZ IPg    D 18 3 39.59                             108   -0.0810 21.2 149 
 BLVR SZ  IAML    18 3 44.01       301.3 0.11                                   
 VRDN SZ IPg    C 18 3 39.45                             107   -0.0610 21.5  85 
 VRDN SZ ESg      18 3 42.88                             107    0.1510 21.5  85 
 VRDN SZ  IAML    18 3 44.41       575.7 0.31                                   
 AZGN SZ IPg    C 18 3 39.49                             107   -0.0710 22.2  58 
 AZGN SZ ESg      18 3 42.90                             107    0.0910 22.2  58 
 AZGN SZ  IAML    18 3 43.62       593.7 0.09                                   
 NMVR SZ IPg    D 18 3 39.72                             106   -0.0210 22.6 127 
 NMVR SZ ESg      18 3 43.24                             106    0.1210 22.6 127 
 NMVR SZ  IAML    18 3 47.32       149.9 0.31                                   
 GOLJ SZ IPg    D 18 3 40.46                             101   -0.0110 27.5 267 
 GOLJ SZ ESg      18 3 44.52                             101    0.1310 27.5 267 
 GOLJ SZ  IAML    18 3 45.79       261.5 0.21                                   
 HRS  SZ EPg    D 18 3 40.34                              99   -0.1510 29.5 113 
 MGSL SZ IPg    D 18 3 40.93                              97   -0.0410 30.2 124 
 KRNG SZ IPg    C 18 3 41.16                              95   -0.0810 32.9  87 
 KRNG SZ ESg      18 3 45.83                              95    0.0910 32.9  87 
 KRNG SZ  IAML    18 3 46.66       159.6 0.09                                   
                                                                                
 2012  814 1827 32.4 L  38.415  46.802 12.3  THM 14 0.1 1.9LTHM                1
 GAP=93    THM  0.26       0.5     0.5  1.1 -4.5620e-03                        E
     358.7      37.5      41.7                 0.0                <bu  FOCMEC  F
 Action:ARG 25-08-12 12:51 OP:OBSP STATUS:               ID:20120814182732     I
 OLDACT:ARG 14-11-22 00:27 OP:ahal STATUS:               ID:20120814182600 L   3
 2012-08-14-1826-34S.AHAR__030                                                 6
 STAT SP IPHASW D HRMM SECON CODA AMPLIT PERI AZIMU VELO AIN AR TRES W  DIS CAZ7
 ZANG SZ IPg    C 1827 34.95                             152   -0.0810 6.55 285 
 ZANG SZ ESg      1827 36.89                             152   -0.1010 6.55 285 
 ZANG SZ  IAML    1827 37.42       303.5 0.12                                   
 ORNG SZ IPg    C 1827 35.50                             140   -0.0210 9.74  31 
 ORNG SZ ESg      1827 37.84                             140    0.0010 9.74  31 
 HIGH SZ IPg  4 C 1827 30.39                             129   -5.44 0 14.2 234 
 HIGH SZ  IAML    1827 31.98      1094.8 0.13                                   
 VRDN SZ IPg    D 1827 36.12                             125    0.0610 15.7  80 
 VRDN SZ ESg      1827 38.71                             125   -0.0610 15.7  80 
 VRDN SZ  IAML    1827 39.56       325.5 0.12                                   
 NMVR SZ IPg    D 1827 36.33                             121   -0.0410 17.5 137 
 NMVR SZ ESg      1827 39.44                             121    0.1310 17.5 137 
 BLVR SZ IPg    D 1827 36.45                             121   -0.1110 17.9 164 
 BLVR SZ ESg      1827 39.77                             121    0.1310 17.9 164 
 BLVR SZ  IAML    1827 40.04       343.3 0.13                                   
 AZGN SZ IPg    C 1827 36.34                             120    0.0210 18.1  45 
 AZGN SZ ESg      1827 39.29                             120    0.0610 18.1  45 
 AZGN SZ  IAML    1827 39.75       764.7 0.05                                   
 SRND SZ IPg    D 1827 36.69                             117   -0.0710 20.4 235 
 SRND SZ ESg      1827 39.93                             117   -0.0610 20.4 235 
 SRND SZ  IAML    1827 40.65        84.2 0.15                                   
 KVCH SZ IPg    D 1827 36.92                             115   -0.0210 21.6 244 
 KVCH SZ ESg      1827 40.42                             115    0.1210 21.6 244 
 HRS  SZ IPg    D 1827 36.80                             113   -0.1310 23.7 117 
 MGSL SZ IPg    D 1827 37.40                             111   -0.0710 24.9 130 
 MGSL SZ ESg      1827 41.23                             111    0.0010 24.9 130 
 FRMZ SZ IPg    D 1827 37.46                             111   -0.0010 24.9 298 
 FRMZ SZ ESg      1827 41.32                             111    0.1110 24.9 298 
 FRMZ SZ  IAML    1827 42.87       280.3 0.19                                   
 KRNG SZ IPg    D 1827 37.71                             108    0.0810 27.0  84 
 KRNG SZ ESg      1827 41.51                             108   -0.0010 27.0  84 
 GOLJ SZ IPg    D 1827 38.71                             103    0.0310 33.4 269 
                                                                                
 2012  814 1842 58.0 L  38.404  46.869  8.3  THM 13 0.1 1.9LTHM                1
 GAP=63    THM  0.31       0.6     0.6  1.7  2.3960e-02                        E
      15.0      63.9      44.3                 0.0                <bu  FOCMEC  F
 Action:ARG 25-08-12 12:51 OP:OBSP STATUS:               ID:20120814184258     I
 OLDACT:ARG 14-11-22 00:27 OP:ahal STATUS:               ID:20120814184200 L   3
 2012-08-14-1842-00S.AHAR__018                                                 6
 STAT SP IPHASW D HRMM SECON CODA AMPLIT PERI AZIMU VELO AIN AR TRES W  DIS CAZ7
 ORNG SZ IPg    C 1843  0.50                             129   -0.1210 9.57 355 
 ORNG SZ ESg      1843  2.46                             129   -0.1310 9.57 355 
 VRDN SZ IPg    C 1843  0.53                             126   -0.0510 10.5  68 
 VRDN SZ ESg      1843  2.61                             126    0.0910 10.5  68 
 ZANG SZ IPg    D 1843  0.66                             121   -0.1210 12.4 283 
 ZANG SZ ESg      1843  3.02                             121    0.1510 12.4 283 
 ZANG SZ  IAML    1843  3.18       575.5 0.30                                   
 NMVR SZ IPg    D 1843  0.95                             119   -0.0610 13.1 152 
 NMVR SZ ESg      1843  3.40                             119    0.1310 13.1 152 
 AZGN SZ IPg    C 1843  1.23                             113   -0.0210 15.7  27 
 AZGN SZ ESg      1843  3.75                             113    0.0610 15.7  27 
 AZGN SZ  IAML    1843  3.98       730.4 0.05                                   
 BLVR SZ IPg    D 1843  1.41                             112   -0.1610 16.0 183 
 HIGH SZ IPg  4 D 1842 32.17                             108   -29.6 0 18.7 248 
 MGSL SZ IPg    D 1843  1.98                             106   -0.1010 19.9 138 
 MGSL SZ ESg      1843  5.08                             106   -0.0510 19.9 138 
 KRNG SZ IPg    C 1843  2.25                             104    0.0710 21.4  79 
 KRNG SZ ESg      1843  5.41                             104    0.1110 21.4  79 
 SRND SZ IPg    C 1843  2.79                             101   -0.0010 24.9 245 
 SRND SZ ESg      1843  6.40                             101    0.0310 24.9 245 
 SRND SZ  IAML    1843  8.27        79.7 0.34                                   
 KVCH SZ IPg    C 1843  3.17                             100    0.1010 26.5 252 
 KVCH SZ ESg  4   1843  7.34                             100    0.49 0 26.5 252 
 FRMZ SZ IPg    D 1843  3.75                              98   -0.0110 30.6 295 
 FRMZ SZ ESg  4   1843  8.61                              98    0.55 0 30.6 295 
 FRMZ SZ  IAML    1843 10.35       205.6 0.21                                   
 GOLJ SZ IPg    D 1843  5.17                              95    0.1010 39.2 271 
 GOLJ SZ ESg  4   1843 11.30                              95    0.97 0 39.2 271 
                                                                                
 2012  814 1940 50.5 L  38.380  46.811  8.2  THM 12 0.1 1.6LTHM                1
 GAP=88    THM  0.27       0.6     0.5  1.6 -3.8010e-02                        E
     159.2      51.0      24.4                 0.0                <bu  FOCMEC  F
 Action:ARG 25-08-12 12:51 OP:OBSP STATUS:               ID:20120814194050     I
 OLDACT:ARG 14-11-22 00:27 OP:ahal STATUS:               ID:20120814193800 L   3
 2012-08-14-1938-46S.AHAR__042                                                 6
 STAT SP IPHASW D HRMM SECON CODA AMPLIT PERI AZIMU VELO AIN AR TRES W  DIS CAZ7
 ZANG SZ IPg    D 1940 52.81                             131   -0.0910 9.04 308 
 ZANG SZ ESg      1940 54.70                             131    0.0510 9.04 308 
 ZANG SZ  IAML    1940 55.18       262.4 0.13                                   
 HIGH SZ IPg    D 1940 53.37                             118   -0.0910 13.1 250 
 HIGH SZ ESg      1940 55.55                             118   -0.0710 13.1 250 
 HIGH SZ  IAML    1940 56.61       283.6 0.35                                   
 BLVR SZ IPg      1940 53.75                             116   -0.0810 13.9 162 
 VRDN SZ IPg    D 1940 53.92                             111   -0.0310 16.2  66 
 VRDN SZ ESg      1940 56.56                             111    0.0810 16.2  66 
 VRDN SZ  IAML    1940 58.05       193.6 0.23                                   
 SRND SZ IPg    D 1940 54.48                             106    0.0010 19.2 246 
 SRND SZ ESg      1940 57.49                             106    0.0910 19.2 246 
 SRND SZ  IAML    1940 58.36        61.2 0.17                                   
 AZGN SZ IPg    C 1940 54.52                             104   -0.0610 20.6  36 
 AZGN SZ ESg      1940 57.57                             104    0.0010 20.6  36 
 AZGN SZ  IAML    1940 58.38       191.1 0.09                                   
 KVCH SZ IPg    D 1940 54.83                             104    0.0710 21.0 255 
 KVCH SZ  IAML    1940 58.62        66.5 0.15                                   
 HRS  SZ IPg      1940 54.37                             104   -0.1510 21.4 109 
 HRS  SZ ESg      1940 57.57                             104    0.1010 21.4 109 
 MGSL SZ IPg    D 1940 54.94                             103   -0.0310 21.9 124 
 MGSL SZ ESg      1940 58.34                             103    0.0910 21.9 124 
 KRNG SZ IPg    D 1940 55.62                              99    0.0010 26.9  76 
 KRNG SZ  IAML    1941  0.40       255.6 0.58                                   
 FRMZ SZ IPg    D 1940 55.89                              99    0.0310 27.6 304 
 FRMZ SZ ESg  4   1941  0.14                              99    0.34 0 27.6 304 
 FRMZ SZ  IAML    1941  2.35       113.7 0.14                                   
 GOLJ SZ IPg    D 1940 56.96                              96    0.0910 34.4 276 
 GOLJ SZ ESg  4   1941  2.09                              96    0.53 0 34.4 276 
                                                                                
 2012  814 1958 53.8 L  38.420  46.736 10.6  THM 14 0.1 2.8LTHM                1
 GAP=78    THM  0.25       0.5     0.4  0.9 -3.9090e-02                        E
     357.9      82.0       4.1                 0.0                <bu  FOCMEC  F
 Action:ARG 25-08-12 12:51 OP:OBSP STATUS:               ID:20120814195853     I
 OLDACT:ARG 14-11-22 00:27 OP:ahal STATUS:               ID:20120814195701dL   3
 2012-08-14-1957-52S.AHAR__027                                                 6
 STAT SP IPHASW D HRMM SECON CODA AMPLIT PERI AZIMU VELO AIN AR TRES W  DIS CAZ7
 ZANG SZ IPg    C 1958 55.86                             174   -0.1110 1.19 336 
 ZANG SZ ESg      1958 57.49                             174   -0.0610 1.19 336 
 ZANG SZ  IAML    1958 57.99     73788.8 0.03                                   
 HIGH SZ IPg    C 1958 56.59                             133   -0.0710 10.6 213 
 HIGH SZ ESg      1958 58.73                             133   -0.0310 10.6 213 
 ORNG SZ IPg    C 1958 57.18                             125   -0.0210 13.3  54 
 ORNG SZ ESg      1958 59.68                             125   -0.0210 13.3  54 
 SRND SZ IPg    C 1958 57.46                             118   -0.0610 16.4 222 
 SRND SZ ESg      1959  0.37                             118    0.1310 16.4 222 
 KVCH SZ IPg    C 1958 57.55                             118   -0.0510 16.9 234 
 KVCH SZ ESg      1959  0.47                             118    0.0910 16.9 234 
 FRMZ SZ IPg    D 1958 58.02                             112   -0.0110 19.6 304 
 FRMZ SZ ESg      1959  1.24                             112    0.1110 19.6 304 
 BLVR SZ IPg    D 1958 58.23                             110   -0.0710 20.8 149 
 BLVR SZ  IAML    1959  2.31       957.9 0.06                                   
 VRDN SZ IPg    C 1958 58.19                             109    0.0010 21.5  84 
 VRDN SZ ESg      1959  1.57                             109    0.1610 21.5  84 
 VRDN SZ  IAML    1959  2.81      2103.1 0.12                                   
 AZGN SZ IPg    C 1958 58.24                             108   -0.0210 22.3  57 
 AZGN SZ  IAML    1959  2.16      3747.9 0.11                                   
 NMVR SZ IPg    D 1958 58.33                             108   -0.0510 22.3 127 
 NMVR SZ ESg      1959  1.83                             108    0.0810 22.3 127 
 AZGN SZ ESg      1959  1.62                             108    0.0910 22.3  57 
 GOLJ SZ IPg    D 1958 59.10                             102   -0.0710 27.6 268 
 GOLJ SZ ESg      1959  3.17                             102    0.0610 27.6 268 
 HRS  SZ IPg    D 1958 59.04                             101   -0.0910 29.2 113 
 MGSL SZ IPg    D 1958 59.60                             100   -0.0110 29.9 124 
 MGSL SZ ESg      1959  3.97                             100    0.0910 29.9 124 
 MGSL SZ  IAML    1959  4.60       194.9 0.12                                   
 KRNG SZ IPg    C 1958 59.91                              97    0.0110 32.8  86 
 KRNG SZ ESg      1959  4.31                              97   -0.0810 32.8  86 
                                                                                
 2012  814 2010 56.9 L  38.387  46.774 11.1  THM 18 0.1 3.3LTHM                1
 GAP=72    THM  0.24       0.5     0.4  0.9 -5.5880e-02                        E
      28.2      51.2      82.3                 0.0                <bu  FOCMEC  F
 Action:ARG 25-08-12 12:51 OP:OBSP STATUS:               ID:20120814201056     I
 OLDACT:ARG 14-11-22 00:27 OP:ahal STATUS:               ID:20120814200901dL   3
 2012-08-14-2009-59S.AHAR__021                                                 6
 STAT SP IPHASW D HRMM SECON CODA AMPLIT PERI AZIMU VELO AIN AR TRES W  DIS CAZ7
 ZANG SZ IPg    C 2010 59.34                             151   -0.0410 6.14 322 
 ZANG SZ ESg      2011  1.15                             151   -0.0310 6.14 322 
 HIGH SZ IPg    C 2010 59.69                             135   -0.1010 10.4 240 
 HIGH SZ ESg      2011  1.86                             135   -0.0510 10.4 240 
 HIGH SZ  IAML    2011  3.76     10373.9 0.44                                   
 ORNG SZ IPg    C 2011  0.38                             125   -0.0210 13.7  33 
 ORNG SZ ESg      2011  2.98                             125    0.0210 13.7  33 
 ORNG SZ  IAML    2011  4.10      6328.6 0.24                                   
 SRND SZ IPg    D 2011  0.63                             119   -0.0510 16.6 239 
 SRND SZ ESg      2011  3.48                             119    0.0310 16.6 239 
 NMVR SZ IPg    D 2011  0.77                             118   -0.0310 17.4 123 
 NMVR SZ ESg      2011  3.78                             118    0.1110 17.4 123 
 NMVR SZ  IAML    2011  7.93     11842.9 0.35                                   
 KVCH SZ IPg    D 2011  0.91                             117    0.0110 18.0 250 
 KVCH SZ ESg      2011  3.94                             117    0.1210 18.0 250 
 VRDN SZ IPg    C 2011  0.99                             115    0.0410 19.0  72 
 VRDN SZ ESg      2011  3.87                             115   -0.0510 19.0  72 
 VRDN SZ  IAML    2011  4.50     21694.8 0.18                                   
 AZGN SZ IPg    C 2011  1.35                             110   -0.0110 22.1  44 
 AZGN SZ ESg      2011  4.61                             110   -0.0210 22.1  44 
 AZGN SZ  IAML    2011  4.95      7363.7 0.17                                   
 FRMZ SZ IPg    D 2011  1.94                             107    0.0610 24.5 307 
 FRMZ SZ ESg  4   2011  4.92                             107   -0.62 0 24.5 307 
 HRS  SZ IPg    D 2011  1.46                             107   -0.1110 24.8 108 
 HRS  SZ ESg      2011  5.10                             107    0.1010 24.8 108 
 MGSL SZ IPg    D 2011  1.95                             106   -0.0410 25.1 121 
 MGSL SZ ESg      2011  5.78                             106    0.0510 25.1 121 
 MGSL SZ  IAML    2011 10.87      2240.0 0.51                                   
 KRNG SZ IPg    D 2011  2.62                             101    0.0410 30.0  78 
 KRNG SZ ESg      2011  6.77                             101    0.0110 30.0  78 
 KRNG SZ  IAML    2011  9.11      3305.1 0.17                                   
 TBZ  SZ IPg    D 2011  6.89                              92    0.0610 57.1 253 
 BST  SZ IPg    D 2011  9.75                              91   -0.22 9 76.8 172 
 MRD  SZ IPg  4 D 2011 13.38                              91   -0.26 0  100 292 
 SRB  SZ IPg  4 D 2011 13.24                              91   -0.33 0  100 128 
 SHB  SZ IPg    D 2011 14.14                              91    0.11 7  102 264 
 AZR  SZ IPg  4 D 2011 15.07                              91    0.52 0  105 222 
                                                                                
 2012  814 2020 33.3 L  38.380  46.642  4.7  THM 18 0.1 2.9LTHM                1
 GAP=82    THM  0.37       0.7     0.7  1.5 -9.7760e-02                        E
     203.6      57.4      66.0                 0.0                <bu  FOCMEC  F
 Action:ARG 25-08-12 12:51 OP:OBSP STATUS:               ID:20120814202033     I
 OLDACT:ARG 14-11-22 00:27 OP:ahal STATUS:               ID:20120814201900 L   3
 2012-08-14-2019-33S.AHAR__036                                                 6
 STAT SP IPHASW D HRMM SECON CODA AMPLIT PERI AZIMU VELO AIN AR TRES W  DIS CAZ7
 HIGH SZ IPg    D 2020 34.65                             135   -0.1610 5.07 152 
 HIGH SZ ESg      2020 35.87                             135   -0.0710 5.07 152 
 HIGH SZ  IAML    2020 36.05     39645.5 0.17                                   
 KVCH SZ IPg    C 2020 35.24                             120   -0.0610 7.79 224 
 KVCH SZ ESg      2020 36.94                             120    0.1510 7.79 224 
 KVCH SZ  IAML    2020 38.96      9964.2 0.31                                   
 SRND SZ IPg    C 2020 35.36                             117   -0.0010 8.29 200 
 SRND SZ ESg      2020 37.05                             117    0.1610 8.29 200 
 SRND SZ  IAML    2020 37.76     10018.4 0.06                                   
 ZANG SZ IPg    D 2020 35.19                             113   -0.2310 9.44  54 
 ZANG SZ ESg      2020 36.96                             113   -0.0310 9.44  54 
 ZANG SZ  IAML    2020 37.63      9942.6 0.28                                   
 FRMZ SZ IPg    D 2020 36.90                              96   -0.0210 17.5 333 
 FRMZ SZ ESg      2020 39.75                              96    0.1510 17.5 333 
 FRMZ SZ  IAML    2020 40.86     16270.1 0.15                                   
 GOLJ SZ IPg  4   2020 34.20                              95   -3.02 0 19.7 280 
 GOLJ SZ ESg  4   2020 37.02                              95   -3.11 0 19.7 280 
 GOLJ SZ  IAML    2020 38.46        37.4 0.17                                   
 ORNG SZ IPg    C 2020 37.71                              94   -0.1210 22.6  57 
 ORNG SZ ESg      2020 41.35                              94    0.1710 22.6  57 
 ORNG SZ  IAML    2020 42.37      2290.5 0.31                                   
 NMVR SZ IPg    D 2020 38.64                              93    0.0710 27.5 109 
 NMVR SZ ESg      2020 42.67                              93    0.2010 27.5 109 
 NMVR SZ  IAML    2020 44.65      3065.3 0.16                                   
 VRDN SZ IPg    D 2020 38.89                              92   -0.0710 30.2  77 
 VRDN SZ ESg      2020 43.29                              92    0.1410 30.2  77 
 VRDN SZ  IAML    2020 46.55      2893.2 0.59                                   
 AZGN SZ IPg    C 2020 39.03                              92   -0.1010 31.6  58 
 AZGN SZ ESg      2020 43.57                              92    0.1310 31.6  58 
 AZGN SZ  IAML    2020 43.82      4133.3 0.17                                   
 MGSL SZ IPg    D 2020 39.95                              92    0.0310 35.2 110 
 MGSL SZ ESg  4   2020 45.59                              92    0.76 0 35.2 110 
 MGSL SZ  IAML    2020 46.21      1260.1 0.28                                   
 HRS  SZ IPg    D 2020 39.52                              92   -0.1210 35.7 101 
 KRNG SZ IPg    D 2020 40.72                              91   -0.1010 41.4  81 
 KRNG SZ ESg      2020 46.39                              91   -0.0010 41.4  81 
 KRNG SZ  IAML    2020 46.99      2092.5 0.20                                   
 TBZ  SZ IPg    D 2020 41.73                              91    0.1310 46.0 250 
 BST  SZ IPg    D 2020 46.97                              91   -0.14 9 78.5 164 
 MRD  SZ IPg  4 D 2020 48.35                              91   -0.68 0 89.8 295 
 SHB  SZ IPg    D 2020 49.01                              91   -0.23 8 90.3 263 
 SRB  SZ IPg  4 D 2020 51.35                              90   -0.85 0  109 124 
                                                                                
 2012  814 21 2 33.8 L  38.385  46.677  4.3  THM 13 0.1 1.7LTHM                1
 GAP=79    THM  0.30       0.6     0.6  1.3 -5.6140e-02                        E
     173.6      72.2      -2.9                 0.0                <bu  FOCMEC  F
 Action:ARG 25-08-12 12:51 OP:OBSP STATUS:               ID:20120814210233     I
 OLDACT:ARG 14-11-22 00:27 OP:ahal STATUS:               ID:20120814210100 L   3
 2012-08-14-2101-07S.AHAR__027                                                 6
 STAT SP IPHASW D HRMM SECON CODA AMPLIT PERI AZIMU VELO AIN AR TRES W  DIS CAZ7
 HIGH SZ IPg    C 21 2 35.19                             132   -0.1010 5.05 187 
 HIGH SZ ESg      21 2 36.38                             132    0.0010 5.05 187 
 HIGH SZ  IAML    21 2 36.61      2607.0 0.21                                   
 ZANG SZ IPg    C 21 2 35.38                             121   -0.1410 6.80  43 
 ZANG SZ ESg      21 2 36.85                             121    0.0810 6.80  43 
 ZANG SZ  IAML    21 2 37.42       489.4 0.11                                   
 KVCH SZ IPg    C 21 2 36.17                             104   -0.0510 10.4 234 
 KVCH SZ ESg      21 2 38.14                             104    0.1410 10.4 234 
 FRMZ SZ IPg    D 21 2 37.56                              92   -0.0810 18.6 324 
 FRMZ SZ ESg      21 2 40.57                              92    0.1210 18.6 324 
 FRMZ SZ  IAML    21 2 41.58       368.3 0.24                                   
 ORNG SZ IPg    C 21 2 37.79                              92   -0.0910 19.8  54 
 ORNG SZ ESg  4   21 2 40.41                              92   -0.47 0 19.8  54 
 BLVR SZ IPg    D 21 2 38.24                              92    0.0710 21.2 131 
 BLVR SZ  IAML    21 2 45.47        94.1 0.38                                   
 GOLJ SZ IPg    D 21 2 38.18                              92   -0.0610 22.6 277 
 GOLJ SZ  IAML    21 2 42.94       103.0 0.13                                   
 NMVR SZ IPg    D 21 2 38.74                              91    0.0910 24.9 112 
 NMVR SZ  IAML    21 2 46.18        93.1 0.32                                   
 VRDN SZ IPg    C 21 2 38.92                              91   -0.0510 27.2  77 
 VRDN SZ ESg  4   21 2 43.19                              91    0.41 0 27.2  77 
 AZGN SZ IPg    C 21 2 39.09                              91   -0.0910 28.7  56 
 AZGN SZ ESg      21 2 43.24                              91    0.1010 28.7  56 
 MGSL SZ IPg    D 21 2 40.05                              91    0.0410 32.6 113 
 MGSL SZ ESg  4   21 2 44.91                              91    0.32 0 32.6 113 
 HRS  SZ IPg    D 21 2 39.56                              91   -0.1310 32.9 103 
 KRNG SZ IPg      21 2 40.93                              91    0.1010 38.3  81 
 KRNG SZ ESg      21 2 46.06                              91    0.0410 38.3  81 
 KRNG SZ  IAML    21 2 47.42       112.2 0.26                                   
                                                                                
 2012  814 2111 55.3 L  38.407  46.770 11.1  THM 13 0.1 1.2LTHM                1
 GAP=94    THM  0.25       0.5     0.4  1.0 -3.6820e-02                        E
     207.5      74.2     -37.2                 0.0                <bu  FOCMEC  F
 Action:ARG 25-08-12 12:51 OP:OBSP STATUS:               ID:20120814211155     I
 OLDACT:ARG 14-11-22 00:27 OP:ahal STATUS:               ID:20120814211000 L   3
 2012-08-14-2110-44S.AHAR__036                                                 6
 STAT SP IPHASW D HRMM SECON CODA AMPLIT PERI AZIMU VELO AIN AR TRES W  DIS CAZ7
 ZANG SZ IPg    D 2111 57.51                             159   -0.1110 4.36 306 
 ZANG SZ ESg      2111 59.30                             159   -0.0410 4.36 306 
 ZANG SZ  IAML    2111 59.65       122.5 0.09                                   
 HIGH SZ IPg    C 2111 58.17                             132   -0.1010 11.5 230 
 HIGH SZ ESg      2112  0.41                             132   -0.0710 11.5 230 
 HIGH SZ  IAML    2112  0.73       153.1 0.13                                   
 ORNG SZ IPg    D 2111 58.48                             130   -0.0710 12.1  40 
 ORNG SZ ESg      2112  1.05                             130    0.0910 12.1  40 
 SRND SZ IPg    C 2111 59.14                             118   -0.0410 17.6 233 
 SRND SZ ESg      2112  2.15                             118    0.0910 17.6 233 
 SRND SZ  IAML    2112  2.33        32.0 0.15                                   
 BLVR SZ IPg    D 2111 59.36                             117   -0.0310 18.1 154 
 BLVR SZ  IAML    2112  2.96       135.5 0.16                                   
 KVCH SZ ESg      2112  2.46                             116    0.1210 18.7 243 
 KVCH SZ  IAML    2112  3.50        24.7 0.24                                   
 VRDN SZ ESg      2112  2.31                             115    0.1010 18.7  79 
 VRDN SZ  IAML    2112  2.60        78.3 0.12                                   
 KVCH SZ IPg    C 2111 59.34                             116   -0.0010 18.7 243 
 VRDN SZ IPg    C 2111 59.25                             115   -0.0110 18.7  79 
 NMVR SZ IPg      2111 59.40                             115    0.0210 19.0 129 
 NMVR SZ ESg      2112  2.41                             115    0.0010 19.0 129 
 AZGN SZ IPg    C 2111 59.48                             112   -0.0310 20.8  49 
 AZGN SZ ESg      2112  2.61                             112   -0.0310 20.8  49 
 AZGN SZ  IAML    2112  2.82       147.5 0.06                                   
 FRMZ SZ IPg    D 2112  0.00                             109   -0.0010 23.0 303 
 FRMZ SZ ESg      2112  3.59                             109    0.1010 23.0 303 
 FRMZ SZ  IAML    2112  5.05        89.9 0.18                                   
 MGSL SZ IPg    C 2112  0.47                             105   -0.0910 26.6 125 
 MGSL SZ ESg      2112  4.56                             105    0.0910 26.6 125 
 MGSL SZ  IAML    2112  4.85        12.1 0.08                                   
 KRNG SZ IPg    C 2112  0.94                             102    0.0210 29.9  83 
 GOLJ SZ IPg    C 2112  1.10                             102   -0.0010 30.6 271 
 GOLJ SZ ESg  4   2112  5.79                             102    0.39 0 30.6 271 
                                                                                
 2012  814 2117 20.9 L  38.411  46.869 10.8  THM 13 0.1 1.2LTHM                1
 GAP=61    THM  0.27       0.5     0.6  1.3  3.1260e-02                        E
     184.9      58.4      18.2                 0.0                <bu  FOCMEC  F
 Action:ARG 25-08-12 12:51 OP:OBSP STATUS:               ID:20120814211720     I
 OLDACT:ARG 14-11-22 00:27 OP:ahal STATUS:               ID:20120814211600 L   3
 2012-08-14-2116-24S.AHAR__024                                                 6
 STAT SP IPHASW D HRMM SECON CODA AMPLIT PERI AZIMU VELO AIN AR TRES W  DIS CAZ7
 ORNG SZ IPg    D 2117 23.61                             139   -0.1410 8.81 355 
 ORNG SZ ESg      2117 25.80                             139   -0.0610 8.81 355 
 ORNG SZ  IAML    2117 27.22        46.8 0.18                                   
 VRDN SZ IPg    D 2117 23.77                             134    0.0310 10.2  72 
 VRDN SZ ESg      2117 25.95                             134    0.1010 10.2  72 
 ZANG SZ IPg    C 2117 23.89                             129   -0.0510 12.3 280 
 ZANG SZ ESg      2117 26.18                             129   -0.0010 12.3 280 
 ZANG SZ  IAML    2117 26.44        91.8 0.12                                   
 NMVR SZ IPg    D 2117 24.22                             124   -0.0310 13.8 153 
 NMVR SZ ESg      2117 26.77                             124    0.0410 13.8 153 
 AZGN SZ IPg    C 2117 24.30                             122    0.0210 15.0  28 
 AZGN SZ ESg      2117 26.88                             122    0.1010 15.0  28 
 AZGN SZ  IAML    2117 26.97       158.8 0.15                                   
 BLVR SZ IPg    C 2117 24.63                             118   -0.1610 16.8 183 
 BLVR SZ ESg      2117 27.65                             118   -0.0210 16.8 183 
 HRS  SZ IPg    D 2117 24.46                             115   -0.1310 18.4 124 
 HIGH SZ IPg    C 2117 24.81                             114   -0.0510 19.1 246 
 HIGH SZ ESg      2117 27.78                             114   -0.0110 19.1 246 
 HIGH SZ  IAML    2117 28.10       109.4 0.18                                   
 MGSL SZ IPg      2117 25.31                             112    0.0710 20.5 140 
 MGSL SZ ESg      2117 28.51                             112    0.0510 20.5 140 
 MGSL SZ  IAML    2117 29.35        20.7 0.21                                   
 SRND SZ IPg    C 2117 25.92                             105    0.0410 25.2 244 
 SRND SZ ESg  4   2117 29.81                             105    0.24 0 25.2 244 
 KVCH SZ IPg    C 2117 26.23                             104    0.0910 26.8 250 
 KVCH SZ ESg      2117 30.16                             104    0.1510 26.8 250 
 FRMZ SZ IPg    D 2117 26.67                             100   -0.0610 30.3 294 
 FRMZ SZ ESg  4   2117 31.37                             100    0.33 0 30.3 294 
 GOLJ SZ IPg    D 2117 28.09                              95    0.0410 39.2 270 
 GOLJ SZ  IAML    2117 35.70        33.2 0.18                                   
                                                                                
 2012  814 2120  9.4 L  38.417  46.752 12.1  THM 14 0.1 1.2LTHM                1
 GAP=102   THM  0.26       0.5     0.4  1.0 -2.0660e-02                        E
     209.9      79.5     -34.6                 0.0                <bu  FOCMEC  F
 Action:ARG 25-08-12 12:51 OP:OBSP STATUS:               ID:20120814212009     I
 OLDACT:ARG 14-11-22 00:27 OP:ahal STATUS:               ID:20120814211700 L   3
 2012-08-14-2117-35S.AHAR__021                                                 6
 STAT SP IPHASW D HRMM SECON CODA AMPLIT PERI AZIMU VELO AIN AR TRES W  DIS CAZ7
 ZANG SZ IPg    D 2120 11.67                             169   -0.0810 2.42 307 
 ZANG SZ ESg      2120 13.58                             169    0.0510 2.42 307 
 HIGH SZ IPg    C 2120 12.34                             136   -0.0710 11.1 220 
 HIGH SZ ESg      2120 14.66                             136   -0.0110 11.1 220 
 ORNG SZ IPg    C 2120 12.75                             132   -0.0110 12.4  49 
 ORNG SZ ESg      2120 15.20                             132   -0.0810 12.4  49 
 SRND SZ IPg    C 2120 13.21                             122   -0.0510 17.2 226 
 SRND SZ ESg      2120 16.13                             122   -0.0210 17.2 226 
 KVCH SZ IPg    C 2120 13.32                             121   -0.0510 17.9 237 
 KVCH SZ ESg      2120 16.43                             121    0.0910 17.9 237 
 BLVR SZ IPg    D 2120 13.76                             117   -0.0110 19.8 152 
 BLVR SZ  IAML    2120 17.63       129.7 0.10                                   
 VRDN SZ IPg    C 2120 13.63                             116    0.0410 20.1  83 
 VRDN SZ ESg      2120 16.87                             116    0.1410 20.1  83 
 VRDN SZ  IAML    2120 18.42        54.2 0.17                                   
 NMVR SZ IPg      2120 13.78                             115   -0.0110 20.9 128 
 NMVR SZ ESg      2120 16.90                             115   -0.1710 20.9 128 
 FRMZ SZ IPg    D 2120 13.80                             115   -0.0510 21.0 303 
 FRMZ SZ ESg      2120 17.23                             115    0.0610 21.0 303 
 FRMZ SZ  IAML    2120 20.47        71.0 0.21                                   
 AZGN SZ IPg    C 2120 13.70                             115   -0.0210 21.3  54 
 AZGN SZ ESg      2120 16.93                             115   -0.0210 21.3  54 
 AZGN SZ  IAML    2120 17.34       104.0 0.10                                   
 HRS  SZ IPg    D 2120 14.39                             108   -0.0910 27.7 113 
 HRS  SZ ESg      2120 18.35                             108    0.0710 27.7 113 
 MGSL SZ IPg      2120 14.97                             107    0.0010 28.5 125 
 MGSL SZ ESg      2120 19.29                             107    0.1710 28.5 125 
 MGSL SZ  IAML    2120 20.76        12.0 0.17                                   
 GOLJ SZ IPg    C 2120 14.91                             106   -0.0510 29.0 269 
 GOLJ SZ ESg      2120 19.25                             106    0.1410 29.0 269 
 GOLJ SZ  IAML    2120 20.47        25.4 0.17                                   
 KRNG SZ IPg    C 2120 15.28                             104    0.0310 31.3  85 
                                                                                
 2012  814 2126 25.7 L  38.406  46.849 11.3  THM 14 0.1 1.3LTHM                1
 GAP=70    THM  0.28       0.5     0.5  1.2 -4.9760e-03                        E
     343.6      62.0     -21.9                 0.0                <bu  FOCMEC  F
 Action:ARG 25-08-12 12:51 OP:OBSP STATUS:               ID:20120814212625     I
 OLDACT:ARG 14-11-22 00:27 OP:ahal STATUS:               ID:20120814212400 L   3
 2012-08-14-2124-26S.AHAR__042                                                 6
 STAT SP IPHASW D HRMM SECON CODA AMPLIT PERI AZIMU VELO AIN AR TRES W  DIS CAZ7
 ORNG SZ IPg    C 2126 28.65                             139   -0.0710 9.39   6 
 ORNG SZ ESg      2126 30.90                             139   -0.0210 9.39   6 
 ORNG SZ  IAML    2126 31.66        68.6 0.26                                   
 ZANG SZ IPg    D 2126 28.57                             135   -0.0810 10.7 285 
 ZANG SZ ESg      2126 30.74                             135   -0.0610 10.7 285 
 ZANG SZ  IAML    2126 31.37        91.9 0.10                                   
 VRDN SZ IPg    D 2126 28.91                             130    0.0510 12.1  72 
 VRDN SZ ESg      2126 31.29                             130    0.1310 12.1  72 
 VRDN SZ  IAML    2126 31.78       167.5 0.19                                   
 NMVR SZ IPg    D 2126 29.16                             125   -0.0410 14.2 146 
 NMVR SZ ESg      2126 31.83                             125    0.0810 14.2 146 
 BLVR SZ IPg    D 2126 29.44                             121   -0.1610 16.2 176 
 BLVR SZ  IAML    2126 33.11       424.8 0.19                                   
 AZGN SZ IPg    C 2126 29.36                             121    0.0110 16.4  33 
 AZGN SZ ESg      2126 31.97                             121   -0.0610 16.4  33 
 AZGN SZ  IAML    2126 32.55        88.5 0.12                                   
 HIGH SZ IPg    C 2126 29.39                             119   -0.0910 17.2 245 
 HIGH SZ ESg      2126 32.23                             119   -0.0210 17.2 245 
 HIGH SZ  IAML    2126 32.55       101.1 0.16                                   
 HRS  SZ IPg    D 2126 29.50                             115   -0.1410 19.6 120 
 MGSL SZ IPg    D 2126 30.14                             112   -0.0910 21.3 135 
 MGSL SZ ESg      2126 33.63                             112    0.0810 21.3 135 
 KRNG SZ IPg    D 2126 30.51                             109    0.1510 23.1  81 
 KRNG SZ ESg      2126 33.80                             109    0.0210 23.1  81 
 KRNG SZ  IAML    2126 33.96        48.8 0.10                                   
 SRND SZ IPg    C 2126 30.46                             109   -0.0210 23.4 243 
 SRND SZ ESg      2126 34.07                             109    0.0910 23.4 243 
 SRND SZ  IAML    2126 34.67        29.3 0.18                                   
 KVCH SZ IPg    C 2126 30.76                             108    0.0410 24.9 250 
 KVCH SZ ESg      2126 34.54                             108    0.1310 24.9 250 
 FRMZ SZ IPg    D 2126 31.34                             104   -0.0410 29.0 296 
 FRMZ SZ ESg      2126 35.65                             104    0.1010 29.0 296 
 FRMZ SZ  IAML    2126 37.23        57.5 0.19                                   
 GOLJ SZ IPg    D 2126 32.65                              98    0.0310 37.4 271 
 GOLJ SZ ESg  4   2126 38.02                              98    0.31 0 37.4 271 
 GOLJ SZ  IAML    2126 38.94        21.9 0.26                                   
                                                                                
 2012  814 2130 13.5 L  38.406  46.760 11.3  THM 14 0.1 1.4LTHM                1
 GAP=88    THM  0.23       0.5     0.4  0.9 -2.6520e-02                        E
      10.5      72.2       2.9                 0.0                <bu  FOCMEC  F
 Action:ARG 25-08-12 12:51 OP:OBSP STATUS:               ID:20120814213013     I
 OLDACT:ARG 14-11-22 00:27 OP:ahal STATUS:               ID:20120814212900 L   3
 2012-08-14-2129-01S.AHAR__036                                                 6
 STAT SP IPHASW D HRMM SECON CODA AMPLIT PERI AZIMU VELO AIN AR TRES W  DIS CAZ7
 ZANG SZ IPg    C 2130 15.71                             162   -0.0710 3.71 315 
 ZANG SZ ESg      2130 17.47                             162   -0.0310 3.71 315 
 ZANG SZ  IAML    2130 18.12        37.6 0.11                                   
 HIGH SZ IPg    C 2130 16.29                             135   -0.0910 10.8 227 
 HIGH SZ ESg      2130 18.51                             135   -0.0310 10.8 227 
 HIGH SZ  IAML    2130 19.10       321.9 0.19                                   
 ORNG SZ IPg    C 2130 16.79                             129   -0.0310 12.7  43 
 ORNG SZ ESg      2130 19.27                             129   -0.0310 12.7  43 
 ORNG SZ  IAML    2130 19.40       100.8 0.10                                   
 SRND SZ IPg    C 2130 17.21                             120   -0.0510 16.9 231 
 SRND SZ ESg      2130 20.15                             120    0.0810 16.9 231 
 KVCH SZ IPg    C 2130 17.37                             118   -0.0310 17.8 242 
 KVCH SZ ESg      2130 20.41                             118    0.0810 17.8 242 
 BLVR SZ IPg    D 2130 17.57                             117   -0.0510 18.4 152 
 VRDN SZ IPg    C 2130 17.58                             114    0.0110 19.6  79 
 VRDN SZ ESg      2130 20.71                             114    0.0910 19.6  79 
 VRDN SZ  IAML    2130 21.02       127.6 0.16                                   
 NMVR SZ IPg    D 2130 17.66                             115    0.0010 19.7 127 
 NMVR SZ ESg      2130 20.78                             115    0.0110 19.7 127 
 AZGN SZ IPg    C 2130 17.75                             112   -0.0510 21.5  50 
 AZGN SZ ESg      2130 21.10                             112    0.0910 21.5  50 
 AZGN SZ  IAML    2130 21.42       140.9 0.08                                   
 FRMZ SZ IPg    D 2130 18.03                             111   -0.0510 22.2 305 
 FRMZ SZ ESg      2130 21.57                             111    0.0810 22.2 305 
 FRMZ SZ  IAML    2130 23.82        84.8 0.11                                   
 HRS  SZ IPg    D 2130 18.29                             106   -0.0910 26.7 112 
 MGSL SZ IPg    D 2130 18.81                             105   -0.0410 27.3 124 
 MGSL SZ ESg      2130 22.96                             105    0.1210 27.3 124 
 GOLJ SZ IPg    C 2130 19.07                             103   -0.0610 29.7 271 
 GOLJ SZ ESg      2130 23.45                             103    0.1110 29.7 271 
 GOLJ SZ  IAML    2130 23.97        42.6 0.19                                   
 KRNG SZ IPg    C 2130 19.28                             102    0.0410 30.8  83 
 KRNG SZ ESg      2130 23.50                             102   -0.0110 30.8  83 
                                                                                
 2012  814 2132 40.7 L  38.410  46.763  9.9  THM 14 0.1 1.4LTHM                1
 GAP=97    THM  0.23       0.5     0.4  0.9 -4.3200e-02                        E
      10.5      72.2       2.9                 0.0                <bu  FOCMEC  F
 Action:ARG 25-08-12 12:51 OP:OBSP STATUS:               ID:20120814213240     I
 OLDACT:ARG 14-11-22 00:27 OP:ahal STATUS:               ID:20120814213000 L   3
 2012-08-14-2130-02S.AHAR__051                                                 6
 STAT SP IPHASW D HRMM SECON CODA AMPLIT PERI AZIMU VELO AIN AR TRES W  DIS CAZ7
 ZANG SZ IPg    C 2132 42.68                             161   -0.1010 3.60 307 
 ZANG SZ ESg      2132 44.31                             161   -0.0310 3.60 307 
 HIGH SZ IPg    C 2132 43.41                             130   -0.0910 11.3 226 
 HIGH SZ ESg      2132 45.56                             130   -0.0410 11.3 226 
 HIGH SZ  IAML    2132 45.84       347.5 0.13                                   
 ORNG SZ IPg    C 2132 43.84                             127    0.0110 12.2  44 
 ORNG SZ ESg      2132 46.23                             127    0.0610 12.2  44 
 ORNG SZ  IAML    2132 46.68       132.9 0.08                                   
 SRND SZ IPg    C 2132 44.41                             116   -0.0310 17.4 230 
 SRND SZ ESg      2132 47.34                             116    0.1110 17.4 230 
 SRND SZ  IAML    2132 47.65        48.5 0.12                                   
 KVCH SZ IPg    C 2132 44.58                             115   -0.0110 18.3 241 
 KVCH SZ ESg      2132 47.59                             115    0.1010 18.3 241 
 KVCH SZ  IAML    2132 47.99        73.6 0.13                                   
 BLVR SZ IPg    D 2132 44.69                             114   -0.1010 18.7 153 
 BLVR SZ  IAML    2132 48.39        99.6 0.13                                   
 VRDN SZ IPg    C 2132 44.67                             113    0.0210 19.2  80 
 VRDN SZ  IAML    2132 47.88       119.7 0.06                                   
 NMVR SZ IPg    D 2132 44.79                             112   -0.0110 19.7 128 
 NMVR SZ ESg      2132 47.93                             112    0.0810 19.7 128 
 AZGN SZ IPg    C 2132 44.89                             111    0.0310 21.0  51 
 AZGN SZ ESg      2132 48.01                             111    0.0410 21.0  51 
 AZGN SZ  IAML    2132 48.31       134.3 0.13                                   
 FRMZ SZ IPg    D 2132 45.21                             109   -0.0010 22.2 303 
 FRMZ SZ ESg      2132 48.51                             109   -0.0710 22.2 303 
 FRMZ SZ  IAML    2132 50.46        97.8 0.22                                   
 HRS  SZ IPg    D 2132 45.44                             105   -0.1010 26.6 113 
 MGSL SZ IPg    D 2132 46.03                             105    0.0110 27.3 125 
 GOLJ SZ IPg    C 2132 46.31                             103   -0.0410 29.9 270 
 GOLJ SZ ESg      2132 50.66                             103    0.1110 29.9 270 
 GOLJ SZ  IAML    2132 51.87        62.5 0.16                                   
 KRNG SZ IPg    C 2132 46.43                             102    0.0610 30.5  84 
 KRNG SZ ESg      2132 50.57                             102   -0.0110 30.5  84 
                                                                                
 2012  814 2148 16.8 L  38.432  46.798 12.8  THM 14 0.1 1.5LTHM                1
 GAP=105   THM  0.24       0.5     0.4  0.9 -3.3720e-03                        E
       9.5      63.0      30.7                 0.0                <bu  FOCMEC  F
 Action:ARG 25-08-12 12:51 OP:OBSP STATUS:               ID:20120814214816     I
 OLDACT:ARG 14-11-22 00:27 OP:ahal STATUS:               ID:20120814214600 L   3
 2012-08-14-2146-24S.AHAR__042                                                 6
 STAT SP IPHASW D HRMM SECON CODA AMPLIT PERI AZIMU VELO AIN AR TRES W  DIS CAZ7
 ZANG SZ IPg    C 2148 19.37                             155   -0.0810 5.95 268 
 ZANG SZ ESg      2148 21.31                             155   -0.1210 5.95 268 
 ZANG SZ  IAML    2148 21.66       132.6 0.41                                   
 ORNG SZ IPg    C 2148 19.79                             146   -0.0610 8.42  40 
 ORNG SZ ESg      2148 22.13                             146    0.0110 8.42  40 
 ORNG SZ  IAML    2148 25.75       107.7 0.63                                   
 HIGH SZ IPg    C 2148 20.31                             128   -0.0710 15.1 228 
 HIGH SZ ESg      2148 22.99                             128   -0.0510 15.1 228 
 HIGH SZ  IAML    2148 23.64       102.6 0.16                                   
 VRDN SZ IPg    C 2148 20.55                             126    0.0310 15.9  87 
 VRDN SZ ESg      2148 23.42                             126    0.1410 15.9  87 
 VRDN SZ  IAML    2148 25.35       436.3 0.16                                   
 AZGN SZ IPg    C 2148 20.67                             123    0.0510 17.1  51 
 AZGN SZ ESg      2148 23.48                             123    0.0210 17.1  51 
 AZGN SZ  IAML    2148 24.11       311.7 0.08                                   
 NMVR SZ IPg    D 2148 20.99                             120   -0.0410 19.2 140 
 NMVR SZ ESg      2148 24.22                             120    0.0610 19.2 140 
 NMVR SZ  IAML    2148 28.08       169.6 0.27                                   
 BLVR SZ IPg    D 2148 21.20                             119   -0.0510 19.8 164 
 BLVR SZ ESg      2148 24.65                             119    0.0910 19.8 164 
 BLVR SZ  IAML    2148 24.95       173.9 0.14                                   
 SRND SZ IPg    C 2148 21.29                             117   -0.0110 21.3 231 
 SRND SZ  IAML    2148 26.47        45.7 0.26                                   
 KVCH SZ IPg    C 2148 21.45                             116    0.0110 22.2 239 
 KVCH SZ ESg      2148 25.07                             116    0.1810 22.2 239 
 KVCH SZ  IAML    2148 26.66        53.4 0.29                                   
 FRMZ SZ IPg    D 2148 21.72                             114    0.0010 23.8 294 
 FRMZ SZ ESg      2148 25.40                             114    0.0410 23.8 294 
 FRMZ SZ  IAML    2148 27.48       196.1 0.24                                   
 HRS  SZ IPg    D 2148 21.43                             113   -0.1010 24.9 121 
 MGSL SZ IPg    D 2148 22.04                             111   -0.0810 26.4 133 
 MGSL SZ ESg      2148 26.03                             111   -0.0310 26.4 133 
 MGSL SZ  IAML    2148 26.76        42.1 0.24                                   
 KRNG SZ IPg    C 2148 22.11                             109    0.0210 27.2  88 
 KRNG SZ ESg      2148 26.01                             109   -0.0010 27.2  88 
 GOLJ SZ IPg    D 2148 23.07                             105    0.0210 33.1 266 
 GOLJ SZ ESg      2148 27.70                             105    0.0310 33.1 266 
 GOLJ SZ  IAML    2148 28.76        78.3 0.17                                   
                                                                                
 2012  814 2156 12.8 L  38.393  46.656  4.7  THM 12 0.1 2.4LTHM                1
 GAP=91    THM  0.31       0.7     0.8  1.5 -2.2580e-01                        E
      25.7      56.0      68.1                 0.0                <bu  FOCMEC  F
 Action:ARG 25-08-12 12:51 OP:OBSP STATUS:               ID:20120814215612     I
 OLDACT:ARG 14-11-22 00:27 OP:ahal STATUS:               ID:20120814215500 L   3
 2012-08-14-2155-08S.AHAR__033                                                 6
 STAT SP IPHASW D HRMM SECON CODA AMPLIT PERI AZIMU VELO AIN AR TRES W  DIS CAZ7
 HIGH SZ IPg    C 2156 14.33                             129   -0.1010 6.01 168 
 HIGH SZ ESg      2156 15.71                             129    0.0710 6.01 168 
 ZANG SZ IPg    C 2156 14.51                             120   -0.1410 7.63  58 
 ZANG SZ ESg      2156 15.98                             120   -0.0310 7.63  58 
 ZANG SZ  IAML    2156 16.35      4853.8 0.14                                   
 KVCH SZ IPg    C 2156 15.04                             111   -0.0510 9.67 224 
 KVCH SZ ESg      2156 16.90                             111    0.1110 9.67 224 
 KVCH SZ  IAML    2156 17.95      1892.4 0.13                                   
 FRMZ SZ IPg    D 2156 16.35                              96    0.0310 16.9 327 
 FRMZ SZ ESg  4   2156 19.35                              96    0.42 0 16.9 327 
 FRMZ SZ  IAML    2156 19.75      2318.8 0.14                                   
 GOLJ SZ IPg    D 2156 16.94                              94    0.0410 20.7 275 
 GOLJ SZ ESg  4   2156 20.41                              94    0.47 0 20.7 275 
 GOLJ SZ  IAML    2156 21.53       524.7 0.12                                   
 ORNG SZ IPg    C 2156 16.97                              94   -0.0610 20.8  59 
 ORNG SZ ESg      2156 20.36                              94    0.2010 20.8  59 
 ORNG SZ  IAML    2156 20.79       418.5 0.23                                   
 BLVR SZ IPg    D 2156 17.55                              93    0.0710 23.1 130 
 BLVR SZ  IAML    2156 22.49       435.9 0.10                                   
 NMVR SZ IPg    D 2156 18.04                              93    0.0710 26.9 113 
 AZGN SZ IPg    C 2156 18.27                              92   -0.0610 29.8  59 
 AZGN SZ ESg      2156 22.51                              92    0.0810 29.8  59 
 AZGN SZ  IAML    2156 22.90      1325.9 0.10                                   
 MGSL SZ IPg    D 2156 19.27                              92   -0.0610 34.6 113 
 MGSL SZ ESg  4   2156 24.59                              92    0.44 0 34.6 113 
 HRS  SZ IPg    D 2156 18.86                              92   -0.1410 34.9 104 
 KRNG SZ IPg    D 2156 19.97                              91   -0.1210 40.0  82 
 KRNG SZ ESg      2156 25.57                              91    0.0810 40.0  82 
 KRNG SZ  IAML    2156 25.99       272.0 0.15                                   
                                                                                
 2012  814 2158 40.3 L  38.389  46.678  4.1  THM 14 0.1 2.2LTHM                1
 GAP=82    THM  0.34       0.6     0.6  1.5 -5.9220e-02                        E
     179.0      44.0      60.5                 0.0                <bu  FOCMEC  F
 Action:ARG 25-08-12 12:51 OP:OBSP STATUS:               ID:20120814215840     I
 OLDACT:ARG 14-11-22 00:27 OP:ahal STATUS:               ID:20120814215700 L   3
 2012-08-14-2157-41S.AHAR__015                                                 6
 STAT SP IPHASW D HRMM SECON CODA AMPLIT PERI AZIMU VELO AIN AR TRES W  DIS CAZ7
 HIGH SZ IPg    C 2158 41.75                             130   -0.0610 5.47 187 
 HIGH SZ ESg      2158 43.01                             130    0.0910 5.47 187 
 HIGH SZ  IAML    2158 44.29      3121.2 0.28                                   
 ZANG SZ IPg    D 2158 41.87                             125   -0.0610 6.44  45 
 ZANG SZ ESg      2158 43.26                             125    0.1310 6.44  45 
 ZANG SZ  IAML    2158 44.04      1566.0 0.26                                   
 SRND SZ IPg    C 2158 42.66                             109   -0.0510 10.6 214 
 SRND SZ ESg  4   2158 44.76                             109    0.27 0 10.6 214 
 SRND SZ  IAML    2158 45.16       657.0 0.16                                   
 KVCH SZ IPg    D 2158 42.65                             109   -0.1110 10.8 233 
 KVCH SZ ESg      2158 44.70                             109    0.1410 10.8 233 
 FRMZ SZ IPg    D 2158 43.98                              99   -0.1310 18.3 323 
 FRMZ SZ ESg      2158 47.02                              99    0.1110 18.3 323 
 ORNG SZ IPg    D 2158 44.31                              98   -0.0410 19.5  55 
 ORNG SZ ESg  4   2158 47.63                              98    0.28 0 19.5  55 
 BLVR SZ IPg    D 2158 44.86                              97    0.1210 21.4 132 
 GOLJ SZ IPg    D 2158 44.61                              97   -0.1810 22.6 276 
 GOLJ SZ ESg      2158 48.26                              97    0.1610 22.6 276 
 NMVR SZ IPg    D 2158 45.32                              96    0.0910 24.9 113 
 NMVR SZ ESg  4   2158 49.84                              96    0.98 0 24.9 113 
 VRDN SZ IPg    D 2158 45.48                              95   -0.0410 27.0  78 
 VRDN SZ ESg  4   2158 49.80                              95    0.42 0 27.0  78 
 VRDN SZ  IAML    2158 50.06       781.8 0.16                                   
 AZGN SZ IPg    D 2158 45.62                              95   -0.1010 28.4  57 
 AZGN SZ ESg      2158 49.83                              95    0.1110 28.4  57 
 MGSL SZ IPg    D 2158 46.62                              94   -0.0210 32.7 114 
 MGSL SZ ESg  4   2158 52.04                              94    0.71 0 32.7 114 
 HRS  SZ IPg    D 2158 46.18                              94   -0.1310 32.9 104 
 KRNG SZ IPg    D 2158 47.32                              94   -0.1510 38.2  81 
 KRNG SZ ESg      2158 52.90                              94    0.1310 38.2  81 
                                                                                
 2012  814 2237 19.2 L  38.414  46.835  9.4  THM 13 0.1 1.5LTHM                1
 GAP=79    THM  0.27       0.6     0.5  1.3 -6.8920e-02                        E
     229.2      30.1      86.0                 0.0                <bu  FOCMEC  F
 Action:ARG 25-08-12 12:51 OP:OBSP STATUS:               ID:20120814223719     I
 OLDACT:ARG 14-11-22 00:27 OP:ahal STATUS:               ID:20120814223600 L   3
 2012-08-14-2236-14S.AHAR__021                                                 6
 STAT SP IPHASW D HRMM SECON CODA AMPLIT PERI AZIMU VELO AIN AR TRES W  DIS CAZ7
 ORNG SZ IPg    D 2237 21.86                             136   -0.0210 8.68  14 
 ORNG SZ ESg      2237 23.87                             136    0.0210 8.68  14 
 ORNG SZ  IAML    2237 24.17       126.0 0.11                                   
 ZANG SZ IPg    D 2237 21.65                             135   -0.0910 9.37 281 
 ZANG SZ ESg      2237 23.55                             135   -0.0710 9.37 281 
 VRDN SZ IPg      2237 22.27                             123    0.0210 12.9  77 
 VRDN SZ ESg      2237 24.56                             123    0.0610 12.9  77 
 VRDN SZ  IAML    2237 24.70       170.0 0.10                                   
 AZGN SZ IPg      2237 22.72                             116    0.0610 16.3  38 
 AZGN SZ ESg      2237 25.17                             116   -0.0410 16.3  38 
 HIGH SZ IPg    C 2237 22.62                             116   -0.1010 16.6 240 
 HIGH SZ ESg      2237 25.34                             116    0.0210 16.6 240 
 HIGH SZ  IAML    2237 25.58       306.6 0.10                                   
 BLVR SZ IPg    D 2237 22.91                             114   -0.1610 17.2 173 
 BLVR SZ ESg      2237 25.98                             114    0.0510 17.2 173 
 BLVR SZ  IAML    2237 26.29       779.8 0.06                                   
 HRS  SZ IPg  4 D 2237 23.00                             109   -0.20 0 21.1 121 
 MGSL SZ IPg    D 2237 23.66                             107   -0.1510 22.7 135 
 MGSL SZ ESg      2237 27.24                             107    0.0210 22.7 135 
 MGSL SZ  IAML    2237 28.06        32.5 0.16                                   
 SRND SZ IPg    C 2237 23.77                             107    0.0110 22.8 240 
 SRND SZ ESg      2237 27.14                             107    0.0110 22.8 240 
 KRNG SZ IPg    D 2237 23.92                             105    0.0310 24.1  83 
 KRNG SZ ESg      2237 27.43                             105    0.0810 24.1  83 
 KVCH SZ IPg    D 2237 24.03                             106    0.0410 24.2 247 
 KVCH SZ ESg      2237 27.74                             106    0.2210 24.2 247 
 FRMZ SZ IPg    D 2237 24.52                             103   -0.0310 27.5 295 
 FRMZ SZ ESg  4   2237 28.84                             103    0.33 0 27.5 295 
 GOLJ SZ IPg    D 2237 25.88                              99    0.0110 36.3 269 
 GOLJ SZ ESg  4   2237 31.70                              99    0.89 0 36.3 269 
 GOLJ SZ  IAML    2237 32.38        28.5 0.22                                   
                                                                                
 2012  814 2255  5.4 L  38.420  46.787 11.0  THM 12 0.1 1.5LTHM                1
 GAP=101   THM  0.28       0.6     0.5  1.1 -1.0440e-02                        E
       0.4      79.5      34.6                 0.0                <bu  FOCMEC  F
 Action:ARG 25-08-12 12:51 OP:OBSP STATUS:               ID:20120814225505     I
 OLDACT:ARG 14-11-22 00:27 OP:ahal STATUS:               ID:20120814225300 L   3
 2012-08-14-2253-04S.AHAR__003                                                 6
 STAT SP IPHASW D HRMM SECON CODA AMPLIT PERI AZIMU VELO AIN AR TRES W  DIS CAZ7
 ZANG SZ IPg    D 2255  7.64                             155   -0.1010 5.10 283 
 ZANG SZ ESg      2255  9.38                             155   -0.1110 5.10 283 
 ZANG SZ  IAML    2255 10.04       125.5 0.12                                   
 ORNG SZ IPg    C 2255  8.38                             136   -0.0210 10.0  39 
 ORNG SZ ESg      2255 10.72                             136    0.1010 10.0  39 
 HIGH SZ IPg    C 2255  8.53                             126   -0.0810 13.5 229 
 HIGH SZ ESg      2255 10.92                             126   -0.0710 13.5 229 
 HIGH SZ  IAML    2255 11.10       236.6 0.12                                   
 VRDN SZ IPg    C 2255  9.15                             118    0.0310 17.0  82 
 VRDN SZ ESg      2255 11.97                             118    0.1010 17.0  82 
 AZGN SZ IPg    C 2255  9.30                             115   -0.0010 18.7  49 
 BLVR SZ IPg    D 2255  9.50                             115   -0.0910 18.9 160 
 BLVR SZ ESg      2255 12.87                             115    0.1710 18.9 160 
 SRND SZ IPg    C 2255  9.52                             113   -0.0410 19.7 232 
 SRND SZ ESg      2255 12.70                             113    0.0610 19.7 232 
 SRND SZ  IAML    2255 13.22        64.9 0.20                                   
 KVCH SZ IPg    C 2255  9.71                             112   -0.0010 20.7 241 
 KVCH SZ ESg      2255 12.99                             112    0.0710 20.7 241 
 FRMZ SZ IPg    D 2255 10.13                             108   -0.0410 23.5 298 
 FRMZ SZ ESg      2255 13.77                             108    0.0610 23.5 298 
 FRMZ SZ  IAML    2255 15.26       136.1 0.10                                   
 HRS  SZ IPg    D 2255  9.95                             107   -0.1210 25.1 117 
 MGSL SZ IPg    D 2255 10.54                             105   -0.0710 26.3 129 
 MGSL SZ ESg      2255 14.51                             105    0.0310 26.3 129 
 GOLJ SZ IPg    D 2255 11.39                             100   -0.0310 32.1 268 
 GOLJ SZ ESg      2255 16.05                             100    0.1610 32.1 268 
 GOLJ SZ  IAML    2255 17.05        75.4 0.22                                   
                                                                                
 2012  814 2255 52.9 L  38.374  46.798  6.0  THM 13 0.1 2.4LTHM                1
 GAP=90    THM  0.33       0.6     0.5  1.7 -8.1190e-02                        E
     343.0      65.4      -4.6                 0.0                <bu  FOCMEC  F
 Action:ARG 25-08-12 12:51 OP:OBSP STATUS:               ID:20120814225552     I
 OLDACT:ARG 14-11-22 00:27 OP:ahal STATUS:               ID:20120814225301dL   3
 2012-08-14-2253-44S.AHAR__030                                                 6
 STAT SP IPHASW D HRMM SECON CODA AMPLIT PERI AZIMU VELO AIN AR TRES W  DIS CAZ7
 ZANG SZ IPg    C 2255 55.04                             135   -0.1510 8.57 316 
 ZANG SZ ESg      2255 56.76                             135   -0.1510 8.57 316 
 ZANG SZ  IAML    2255 57.05      4167.6 0.28                                   
 HIGH SZ IPg    C 2255 55.49                             124   -0.1410 11.8 251 
 HIGH SZ ESg      2255 57.56                             124   -0.1110 11.8 251 
 HIGH SZ  IAML    2255 57.80      2723.6 0.17                                   
 BLVR SZ IPg    D 2255 56.11                             119   -0.0710 13.8 157 
 BLVR SZ  IAML    2255 59.52      2018.6 0.06                                   
 ORNG SZ IPg    C 2255 56.05                             118   -0.1010 13.9  23 
 ORNG SZ ESg      2255 58.55                             118   -0.0210 13.9  23 
 VRDN SZ IPg    C 2255 56.55                             112    0.0210 17.5  65 
 VRDN SZ ESg      2255 59.40                             112    0.1610 17.5  65 
 SRND SZ IPg    C 2255 56.64                             112   -0.0110 17.9 247 
 SRND SZ ESg      2255 59.58                             112    0.1310 17.9 247 
 KVCH SZ IPg    C 2255 56.99                             109    0.0410 19.7 256 
 KVCH SZ ESg      2256  0.11                             109    0.1510 19.7 256 
 KVCH SZ  IAML    2256  1.95       378.3 0.30                                   
 AZGN SZ IPg    C 2255 57.07                             107   -0.0910 21.8  37 
 AZGN SZ ESg      2256  0.40                             107    0.0710 21.8  37 
 AZGN SZ  IAML    2256  0.84       665.3 0.13                                   
 HRS  SZ IPg    D 2255 56.96                             107   -0.1110 22.4 106 
 MGSL SZ IPg    D 2255 57.48                             106    0.0110 22.6 121 
 MGSL SZ ESg      2256  1.12                             106    0.2410 22.6 121 
 MGSL SZ  IAML    2256  1.79       367.8 0.32                                   
 FRMZ SZ IPg    D 2255 58.13                             103   -0.0510 27.0 307 
 FRMZ SZ ESg      2256  2.22                             103    0.1110 27.0 307 
 FRMZ SZ  IAML    2256  4.36      1537.5 0.19                                   
 KRNG SZ IPg    D 2255 58.26                             102    0.0110 28.2  75 
 KRNG SZ ESg      2256  2.26                             102    0.0310 28.2  75 
 GOLJ SZ IPg    D 2255 59.17                             100    0.0210 33.2 277 
 GOLJ SZ ESg  4   2256  4.22                             100    0.43 0 33.2 277 
 GOLJ SZ  IAML    2256  4.49       652.3 0.17                                   
                                                                                
 2012  814 2311 15.4 L  38.387  46.636  4.6  THM 12 0.1 1.3LTHM                1
 GAP=87    THM  0.34       0.7     0.7  1.9 -3.9850e-02                        E
      21.0      61.6      48.1                 0.0                <bu  FOCMEC  F
 Action:ARG 25-08-12 12:51 OP:OBSP STATUS:               ID:20120814231115     I
 OLDACT:ARG 14-11-22 00:27 OP:ahal STATUS:               ID:20120814230900 L   3
 2012-08-14-2309-25S.AHAR__018                                                 6
 STAT SP IPHASW D HRMM SECON CODA AMPLIT PERI AZIMU VELO AIN AR TRES W  DIS CAZ7
 HIGH SZ IPg    D 2311 16.92                             128   -0.1110 6.02 150 
 HIGH SZ ESg      2311 18.24                             128    0.0110 6.02 150 
 HIGH SZ  IAML    2311 20.01       173.7 0.14                                   
 KVCH SZ IPg    C 2311 17.34                             117   -0.0910 8.00 218 
 KVCH SZ ESg      2311 19.01                             117    0.0810 8.00 218 
 KVCH SZ  IAML    2311 19.98       144.2 0.20                                   
 SRND SZ IPg    D 2311 17.60                             113    0.0510 8.85 195 
 SRND SZ ESg  4   2311 19.39                             113    0.26 0 8.85 195 
 SRND SZ  IAML    2311 19.73       197.6 0.10                                   
 ZANG SZ IPg    C 2311 17.36                             111   -0.1710 9.50  60 
 ZANG SZ ESg      2311 19.17                             111    0.0710 9.50  60 
 ZANG SZ  IAML    2311 19.67       156.7 0.12                                   
 FRMZ SZ IPg    D 2311 18.84                              96   -0.0310 16.5 333 
 FRMZ SZ ESg      2311 21.57                              96    0.1310 16.5 333 
 FRMZ SZ  IAML    2311 22.69       184.3 0.10                                   
 GOLJ SZ IPg    D 2311 19.26                              94    0.0410 19.0 278 
 GOLJ SZ ESg  4   2311 22.72                              94    0.67 0 19.0 278 
 ORNG SZ IPg      2311 19.79                              93   -0.1610 22.6  60 
 BLVR SZ IPg    D 2311 20.35                              92    0.1010 24.1 126 
 VRDN SZ IPg    C 2311 21.03                              92   -0.1110 30.6  79 
 VRDN SZ ESg      2311 25.44                              92    0.0610 30.6  79 
 AZGN SZ IPg    C 2311 21.14                              92   -0.1210 31.7  60 
 AZGN SZ ESg      2311 25.68                              92    0.1010 31.7  60 
 MGSL SZ IPg      2311 22.31                              91    0.1410 36.0 111 
 KRNG SZ IPg    C 2311 22.87                              91   -0.1410 41.8  82 
 KRNG SZ ESg      2311 28.78                              91    0.1410 41.8  82 
                                                                                
 2012  814 2311 52.6 L  38.417  46.754 11.0  THM 13 0.1 1.2LTHM                1
 GAP=103   THM  0.24       0.6     0.4  0.9 -9.1410e-02                        E
     198.0      78.1      24.4                 0.0                <bu  FOCMEC  F
 Action:ARG 25-08-12 12:51 OP:OBSP STATUS:               ID:20120814231152     I
 OLDACT:ARG 14-11-22 00:27 OP:ahal STATUS:               ID:20120814231000 L   3
 2012-08-14-2310-19S.AHAR__039                                                 6
 STAT SP IPHASW D HRMM SECON CODA AMPLIT PERI AZIMU VELO AIN AR TRES W  DIS CAZ7
 ZANG SZ IPg    C 2311 54.71                             167   -0.1110 2.58 305 
 ZANG SZ ESg      2311 56.46                             167   -0.0210 2.58 305 
 HIGH SZ IPg    C 2311 55.47                             133   -0.0610 11.2 221 
 HIGH SZ ESg      2311 57.69                             133   -0.0210 11.2 221 
 ORNG SZ IPg    C 2311 55.84                             129   -0.0310 12.3  49 
 ORNG SZ ESg      2311 58.24                             129   -0.0510 12.3  49 
 ORNG SZ  IAML    2311 59.24        44.8 0.22                                   
 SRND SZ IPg    C 2311 56.38                             118   -0.0410 17.3 227 
 SRND SZ ESg      2311 59.32                             118    0.0710 17.3 227 
 SRND SZ  IAML    2311 59.87        71.2 0.15                                   
 KVCH SZ IPg    C 2311 56.50                             117   -0.0410 18.0 238 
 KVCH SZ ESg      2311 59.60                             117    0.1410 18.0 238 
 BLVR SZ IPg    D 2311 56.88                             113   -0.0310 19.7 152 
 VRDN SZ IPg    C 2311 56.72                             113   -0.0110 19.9  82 
 VRDN SZ ESg      2311 59.94                             113    0.1410 19.9  82 
 VRDN SZ  IAML    2312  0.05        73.4 0.08                                   
 NMVR SZ IPg    D 2311 56.91                             112   -0.0210 20.8 128 
 NMVR SZ  IAML    2312  0.00        53.6 0.13                                   
 AZGN SZ IPg    C 2311 56.84                             111   -0.0310 21.2  54 
 FRMZ SZ IPg    D 2311 56.98                             111   -0.0610 21.2 303 
 FRMZ SZ ESg      2312  0.38                             111    0.0510 21.2 303 
 FRMZ SZ  IAML    2312  1.81        57.4 0.18                                   
 AZGN SZ ESg      2312  0.09                             111    0.0610 21.2  54 
 AZGN SZ  IAML    2312  0.42       104.9 0.09                                   
 MGSL SZ IPg    D 2311 58.07                             103   -0.0610 28.4 125 
 MGSL SZ  IAML    2312  3.38        18.9 0.07                                   
 GOLJ SZ IPg    C 2311 58.13                             102   -0.0510 29.2 269 
 GOLJ SZ ESg      2312  2.41                             102    0.0910 29.2 269 
 GOLJ SZ  IAML    2312  3.62        26.7 0.08                                   
 KRNG SZ IPg    C 2311 58.42                             100    0.0010 31.2  85 
 KRNG SZ ESg      2312  2.81                             100    0.0810 31.2  85 
 KRNG SZ  IAML    2312  3.00        42.3 0.15                                   
                                                                                
 2012  814 2312  2.0 L  38.393  46.692  4.1  THM 13 0.1 1.6LTHM                1
 GAP=80    THM  0.31       0.5     0.5  1.3 -5.1430e-02                        E
       0.0      90.0      18.0                 0.0                <bu  FOCMEC  F
 Action:ARG 25-08-12 12:51 OP:OBSP STATUS:               ID:20120814231202     I
 OLDACT:ARG 14-11-22 00:27 OP:ahal STATUS:               ID:20120814231100 L   3
 2012-08-14-2311-59S.AHAR__021                                                 6
 STAT SP IPHASW D HRMM SECON CODA AMPLIT PERI AZIMU VELO AIN AR TRES W  DIS CAZ7
 ZANG SZ IPg    C 2312  3.38                             132   -0.0810 5.28  39 
 ZANG SZ ESg      2312  4.66                             132    0.1210 5.28  39 
 ZANG SZ  IAML    2312  5.32       256.2 0.04                                   
 HIGH SZ IPg    C 2312  3.49                             126   -0.1110 6.19 198 
 HIGH SZ ESg      2312  4.78                             126    0.0010 6.19 198 
 HIGH SZ  IAML    2312  4.98      2897.4 0.14                                   
 SRND SZ IPg    C 2312  4.50                             106   -0.0810 11.7 218 
 SRND SZ ESg      2312  6.60                             106    0.1010 11.7 218 
 KVCH SZ IPg    C 2312  4.55                             106   -0.1110 12.0 234 
 KVCH SZ ESg      2312  6.70                             106    0.0810 12.0 234 
 ORNG SZ IPg    C 2312  5.76                              99   -0.0610 18.2  54 
 FRMZ SZ IPg    D 2312  5.78                              99   -0.0910 18.8 319 
 FRMZ SZ ESg      2312  8.87                              99    0.1410 18.8 319 
 FRMZ SZ  IAML    2312  9.83       147.0 0.22                                   
 BLVR SZ IPg    D 2312  6.37                              97    0.0410 20.8 135 
 GOLJ SZ IPg    D 2312  6.54                              96   -0.1510 23.8 275 
 GOLJ SZ ESg      2312 10.28                              96    0.1310 23.8 275 
 GOLJ SZ  IAML    2312 11.49        57.0 0.16                                   
 NMVR SZ IPg    D 2312  6.78                              96    0.0310 24.0 115 
 NMVR SZ ESg      2312 10.40                              96    0.1310 24.0 115 
 VRDN SZ IPg    C 2312  6.90                              96   -0.0810 25.7  78 
 VRDN SZ ESg  4   2312 11.00                              96    0.33 0 25.7  78 
 AZGN SZ IPg    C 2312  7.08                              95   -0.1010 27.2  56 
 AZGN SZ ESg      2312 11.08                              95    0.0710 27.2  56 
 MGSL SZ IPg    D 2312  8.18                              94    0.0110 31.8 115 
 MGSL SZ ESg  4   2312 13.09                              94    0.36 0 31.8 115 
 KRNG SZ IPg  4 C 2312  8.73                              94   -0.20 0 36.9  82 
 KRNG SZ ESg  4   2312 14.09                              94    0.02 0 36.9  82 
                                                                                
 2012  814 2326 52.4 L  38.409  46.796 10.8  THM 12 0.1 1.2LTHM                1
 GAP=92    THM  0.23       0.5     0.4  1.0 -4.7200e-02                        E
      16.0      78.1      24.4                 0.0                <bu  FOCMEC  F
 Action:ARG 25-08-12 12:51 OP:OBSP STATUS:               ID:20120814232652     I
 OLDACT:ARG 14-11-22 00:27 OP:ahal STATUS:               ID:20120814232500 L   3
 2012-08-14-2325-52S.AHAR__030                                                 6
 STAT SP IPHASW D HRMM SECON CODA AMPLIT PERI AZIMU VELO AIN AR TRES W  DIS CAZ7
 ZANG SZ IPg    D 2326 54.80                             150   -0.0010 6.24 292 
 ZANG SZ ESg      2326 56.65                             150    0.0610 6.24 292 
 ZANG SZ  IAML    2326 57.07        75.6 0.19                                   
 ORNG SZ IPg    C 2326 55.43                             134   -0.0010 10.5  32 
 ORNG SZ ESg      2326 57.60                             134   -0.0810 10.5  32 
 ORNG SZ  IAML    2326 57.77        40.2 0.11                                   
 HIGH SZ IPg    C 2326 55.56                             126   -0.0210 13.5 235 
 HIGH SZ ESg      2326 57.97                             126    0.0210 13.5 235 
 HIGH SZ  IAML    2326 58.62        81.2 0.13                                   
 VRDN SZ IPg    C 2326 56.08                             118    0.0610 16.4  78 
 VRDN SZ ESg      2326 58.71                             118    0.0110 16.4  78 
 VRDN SZ  IAML    2326 58.89        73.8 0.15                                   
 NMVR SZ IPg    D 2326 56.27                             117    0.0310 17.4 134 
 NMVR SZ ESg      2326 59.08                             117   -0.0110 17.4 134 
 BLVR SZ IPg    D 2326 56.37                             117   -0.0110 17.5 161 
 BLVR SZ ESg  4   2326 59.54                             117    0.20 0 17.5 161 
 AZGN SZ IPg    C 2326 56.32                             114   -0.0010 18.9  45 
 AZGN SZ ESg      2326 59.22                             114   -0.0110 18.9  45 
 AZGN SZ  IAML    2326 59.69        80.8 0.06                                   
 SRND SZ IPg    C 2326 56.56                             113    0.0210 19.7 236 
 SRND SZ ESg      2326 59.68                             113    0.0610 19.7 236 
 KVCH SZ IPg    C 2326 56.78                             111    0.0510 20.9 245 
 KVCH SZ ESg      2326 59.77                             111   -0.1810 20.9 245 
 FRMZ SZ IPg    D 2326 57.29                             106   -0.0710 24.8 300 
 FRMZ SZ ESg      2327  1.13                             106    0.0910 24.8 300 
 FRMZ SZ  IAML    2327  1.98        62.8 0.15                                   
 MGSL SZ IPg    D 2326 57.39                             106   -0.0010 24.9 128 
 GOLJ SZ IPg    C 2326 58.54                              99   -0.0010 32.9 270 
                                                                                
 2012  814 2333 32.6 L  38.398  46.661  4.1  THM 14 0.1 2.1LTHM                1
 GAP=95    THM  0.34       0.6     0.5  1.7 -2.4480e-02                        E
       9.9      68.5      16.7                 0.0                <bu  FOCMEC  F
 Action:ARG 25-08-12 12:51 OP:OBSP STATUS:               ID:20120814233332     I
 OLDACT:ARG 14-11-22 00:27 OP:ahal STATUS:               ID:20120814233200 L   3
 2012-08-14-2332-06S.AHAR__039                                                 6
 STAT SP IPHASW D HRMM SECON CODA AMPLIT PERI AZIMU VELO AIN AR TRES W  DIS CAZ7
 HIGH SZ IPg    D 2333 34.16                             125   -0.0810 6.48 173 
 HIGH SZ ESg      2333 35.51                             125    0.0610 6.48 173 
 HIGH SZ  IAML    2333 35.70      7687.6 0.11                                   
 ZANG SZ IPg    C 2333 34.30                             122   -0.0110 7.04  60 
 ZANG SZ ESg      2333 35.74                             122    0.1710 7.04  60 
 KVCH SZ IPg    C 2333 34.84                             110   -0.1310 10.3 223 
 KVCH SZ ESg      2333 36.73                             110    0.0110 10.3 223 
 SRND SZ IPg    C 2333 34.92                             108   -0.1010 10.7 204 
 SRND SZ ESg      2333 36.94                             108    0.1310 10.7 204 
 FRMZ SZ IPg    D 2333 36.10                             100    0.0010 16.6 325 
 FRMZ SZ ESg      2333 38.78                             100    0.0910 16.6 325 
 FRMZ SZ  IAML    2333 39.92       507.1 0.13                                   
 ORNG SZ IPg    C 2333 36.72                              98   -0.0510 20.2  60 
 ORNG SZ ESg  4   2333 40.09                              98    0.23 0 20.2  60 
 GOLJ SZ IPg    D 2333 36.71                              98   -0.0910 21.0 274 
 GOLJ SZ ESg      2333 40.08                              98    0.1710 21.0 274 
 GOLJ SZ  IAML    2333 40.93       234.4 0.32                                   
 BLVR SZ IPg    D 2333 37.32                              97   -0.0310 23.2 131 
 NMVR SZ IPg    D 2333 37.76                              95   -0.0710 26.7 114 
 NMVR SZ ESg      2333 41.76                              95    0.0610 26.7 114 
 VRDN SZ IPg    C 2333 37.89                              95   -0.1510 28.3  80 
 VRDN SZ ESg      2333 42.22                              95    0.1610 28.3  80 
 AZGN SZ IPg    C 2333 38.02                              95   -0.1210 29.2  60 
 AZGN SZ ESg      2333 42.15                              95   -0.0910 29.2  60 
 AZGN SZ  IAML    2333 42.50       196.7 0.13                                   
 MGSL SZ IPg    D 2333 39.10                              94   -0.1510 34.5 114 
 MGSL SZ ESg      2333 44.37                              94    0.2010 34.5 114 
 HRS  SZ IPg  4 D 2333 38.63                              94   -0.27 0 34.6 105 
 KRNG SZ IPg  4 C 2333 39.69                              93   -0.31 0 39.5  83 
                                                                                
 2012  814 2334 16.3 L  38.393  46.782  8.6  THM 13 0.1 1.2LTHM                1
 GAP=83    THM  0.26       0.5     0.4  1.2 -1.8320e-02                        E
     357.5      32.1      54.4                 0.0                <bu  FOCMEC  F
 Action:ARG 25-08-12 12:51 OP:OBSP STATUS:               ID:20120814233416     I
 OLDACT:ARG 14-11-22 00:27 OP:ahal STATUS:               ID:20120814233300 L   3
 2012-08-14-2332-06S.AHAR__039                                                 6
 STAT SP IPHASW D HRMM SECON CODA AMPLIT PERI AZIMU VELO AIN AR TRES W  DIS CAZ7
 ZANG SZ IPg    C 2334 18.35                             145   -0.0510 6.12 312 
 ZANG SZ ESg      2334 19.95                             145   -0.0110 6.12 312 
 ZANG SZ  IAML    2334 20.61       197.8 0.08                                   
 HIGH SZ IPg    C 2334 18.97                             125   -0.0610 11.5 239 
 HIGH SZ ESg      2334 21.10                             125    0.0510 11.5 239 
 HIGH SZ  IAML    2334 21.92        82.7 0.12                                   
 ORNG SZ IPg    C 2334 19.36                             121   -0.0410 12.7  32 
 ORNG SZ ESg      2334 21.62                             121   -0.0710 12.7  32 
 BLVR SZ IPg    D 2334 19.85                             113   -0.1210 16.3 155 
 NMVR SZ IPg    D 2334 19.88                             111   -0.0910 17.2 127 
 NMVR SZ ESg      2334 22.78                             111    0.0910 17.2 127 
 SRND SZ IPg      2334 19.98                             111   -0.0510 17.7 238 
 SRND SZ  IAML    2334 23.70        21.2 0.06                                   
 VRDN SZ IPg    D 2334 19.98                             110   -0.0410 18.0  73 
 VRDN SZ ESg      2334 22.91                             110    0.1410 18.0  73 
 VRDN SZ  IAML    2334 24.32        83.8 0.48                                   
 KVCH SZ IPg    D 2334 20.32                             109    0.0710 19.0 248 
 KVCH SZ ESg      2334 23.23                             109    0.0610 19.0 248 
 KVCH SZ  IAML    2334 23.86        28.8 0.12                                   
 AZGN SZ IPg    C 2334 20.39                             106   -0.0410 21.1  44 
 AZGN SZ ESg      2334 23.58                             106    0.0910 21.1  44 
 AZGN SZ  IAML    2334 23.87       194.6 0.10                                   
 FRMZ SZ IPg    D 2334 21.24                             102    0.0710 24.7 305 
 FRMZ SZ ESg      2334 24.70                             102   -0.0710 24.7 305 
 FRMZ SZ  IAML    2334 27.22        63.3 0.17                                   
 MGSL SZ IPg    D 2334 21.13                             102   -0.0810 24.9 123 
 MGSL SZ ESg      2334 24.88                             102    0.0310 24.9 123 
 KRNG SZ IPg    D 2334 21.74                              99    0.0110 29.1  80 
 KRNG SZ  IAML    2334 25.86        58.1 0.19                                   
 GOLJ SZ IPg    D 2334 22.32                              98    0.1010 31.7 273 
 GOLJ SZ ESg  4   2334 27.11                              98    0.51 0 31.7 273 
                                                                                
 2012  814 2340 46.5 L  38.381  46.660  7.5  THM 12 0.1 1.7LTHM                1
 GAP=80    THM  0.28       0.6     0.6  1.1 -3.6550e-02                        E
 Action:ARG 25-08-12 12:51 OP:OBSP STATUS:               ID:20120814234046     I
 OLDACT:ARG 14-11-22 00:27 OP:ahal STATUS:               ID:20120814233901dL   3
 2012-08-14-2339-48S.AHAR__033                                                 6
 STAT SP IPHASW D HRMM SECON CODA AMPLIT PERI AZIMU VELO AIN AR TRES W  DIS CAZ7
 HIGH SZ IPg    C 2340 48.24                             149   -0.0810 4.65 169 
 HIGH SZ ESg      2340 49.72                             149    0.0510 4.65 169 
 HIGH SZ  IAML    2340 49.91      1456.2 0.12                                   
 ZANG SZ IPg    D 2340 48.59                             131   -0.0810 8.20  49 
 ZANG SZ ESg      2340 50.27                             131   -0.0210 8.20  49 
 ZANG SZ  IAML    2340 51.08       645.7 0.11                                   
 KVCH SZ IPg    C 2340 48.81                             128   -0.1010 8.98 231 
 KVCH SZ ESg      2340 50.72                             128    0.0210 8.98 231 
 KVCH SZ  IAML    2340 52.74       267.6 0.18                                   
 SRND SZ IPg    C 2340 48.84                             127   -0.0510 9.01 209 
 SRND SZ ESg      2340 50.74                             127    0.0710 9.01 209 
 SRND SZ  IAML    2340 51.45       250.8 0.18                                   
 FRMZ SZ IPg    D 2340 50.25                             104   -0.0410 18.1 328 
 FRMZ SZ ESg      2340 53.20                             104    0.1010 18.1 328 
 GOLJ SZ IPg    D 2340 50.62                             101   -0.0810 21.2 279 
 GOLJ SZ ESg      2340 53.91                             101    0.0910 21.2 279 
 GOLJ SZ  IAML    2340 54.60       207.6 0.21                                   
 ORNG SZ IPg      2340 50.77                             100   -0.0510 21.3  55 
 ORNG SZ  IAML    2340 54.76       136.4 0.27                                   
 NMVR SZ IPg    D 2340 51.62                              97    0.1110 26.1 110 
 NMVR SZ  IAML    2340 56.24        59.2 0.18                                   
 VRDN SZ IPg    D 2340 51.78                              96   -0.0810 28.7  77 
 VRDN SZ ESg      2340 55.91                              96    0.0710 28.7  77 
 VRDN SZ  IAML    2340 56.69       168.5 0.25                                   
 AZGN SZ IPg    C 2340 51.98                              95   -0.0610 30.2  57 
 AZGN SZ ESg      2340 56.24                              95    0.0810 30.2  57 
 AZGN SZ  IAML    2340 56.49       194.2 0.12                                   
 MGSL SZ IPg      2340 52.95                              94    0.1510 33.8 111 
 MGSL SZ  IAML    2340 58.69        38.6 0.27                                   
 HRS  SZ IPg    D 2340 52.40                              94   -0.1110 34.3 102 
                                                                                
 2012  814 2342  5.7 L  38.386  46.679  4.1  THM 13 0.1 1.6LTHM                1
 GAP=79    THM  0.30       0.5     0.5  1.3 -7.2240e-02                        E
     181.6      49.1      39.0                 0.0                <bu  FOCMEC  F
 Action:ARG 25-08-12 12:51 OP:OBSP STATUS:               ID:20120814234205     I
 OLDACT:ARG 14-11-22 00:27 OP:ahal STATUS:               ID:20120814234100 L   3
 2012-08-14-2341-03S.AHAR__039                                                 6
 STAT SP IPHASW D HRMM SECON CODA AMPLIT PERI AZIMU VELO AIN AR TRES W  DIS CAZ7
 HIGH SZ IPg    C 2342  7.04                             132   -0.0810 5.12 189 
 HIGH SZ ESg      2342  8.21                             132    0.0210 5.12 189 
 HIGH SZ  IAML    2342  8.45      1993.5 0.17                                   
 ZANG SZ IPg    C 2342  7.28                             124   -0.0410 6.63  42 
 ZANG SZ ESg      2342  8.65                             124    0.1210 6.63  42 
 ZANG SZ  IAML    2342  9.07       678.5 0.11                                   
 SRND SZ IPg    C 2342  7.98                             109   -0.0510 10.3 216 
 SRND SZ ESg      2342  9.86                             109    0.0810 10.3 216 
 SRND SZ  IAML    2342 11.04       136.7 0.11                                   
 KVCH SZ IPg    C 2342  8.01                             109   -0.0810 10.6 235 
 KVCH SZ ESg      2342  9.95                             109    0.0610 10.6 235 
 FRMZ SZ IPg    D 2342  9.44                              99   -0.0910 18.7 323 
 FRMZ SZ ESg      2342 12.46                              99    0.0710 18.7 323 
 FRMZ SZ  IAML    2342 13.34       398.4 0.12                                   
 ORNG SZ IPg    C 2342  9.66                              98   -0.0710 19.6  54 
 ORNG SZ  IAML    2342 13.98        36.6 0.31                                   
 BLVR SZ IPg    D 2342 10.10                              97    0.0610 21.0 131 
 GOLJ SZ IPg    D 2342 10.02                              97   -0.1610 22.8 277 
 GOLJ SZ ESg      2342 13.67                              97    0.1510 22.8 277 
 GOLJ SZ  IAML    2342 15.00       145.9 0.27                                   
 NMVR SZ IPg    D 2342 10.59                              96    0.0510 24.7 113 
 NMVR SZ  IAML    2342 18.86        62.7 0.49                                   
 VRDN SZ IPg    D 2342 10.78                              95   -0.0910 26.9  77 
 VRDN SZ ESg      2342 14.88                              95    0.1610 26.9  77 
 VRDN SZ  IAML    2342 15.46       123.2 0.14                                   
 AZGN SZ IPg    C 2342 10.99                              95   -0.1010 28.5  56 
 AZGN SZ ESg      2342 15.15                              95    0.0510 28.5  56 
 AZGN SZ  IAML    2342 15.60        85.1 0.07                                   
 MGSL SZ IPg    D 2342 11.90                              94   -0.0510 32.4 113 
 HRS  SZ IPg  4 D 2342 11.42                              94   -0.21 0 32.7 103 
                                                                                
 2012  814 2350 17.5 L  38.403  46.707  4.1  THM 19 0.1 2.8LTHM                1
 GAP=80    THM  0.41       0.7     0.7  1.5 -1.3900e-01                        E
     223.5      36.4      79.9                 0.0                <bu  FOCMEC  F
 Action:ARG 25-08-12 12:51 OP:OBSP STATUS:               ID:20120814235017     I
 OLDACT:ARG 14-11-22 00:27 OP:ahal STATUS:               ID:20120814234900 L   3
 2012-08-14-2349-20S.AHAR__021                                                 6
 STAT SP IPHASW D HRMM SECON CODA AMPLIT PERI AZIMU VELO AIN AR TRES W  DIS CAZ7
 ZANG SZ IPg    C 2350 18.54                             143   -0.2510 3.55  34 
 ZANG SZ ESg      2350 19.53                             143   -0.1910 3.55  34 
 HIGH SZ IPg    C 2350 19.25                             114   -0.1110 7.76 205 
 HIGH SZ ESg      2350 20.74                             114    0.0310 7.76 205 
 SRND SZ IPg    C 2350 20.31                              93   -0.0910 13.4 219 
 SRND SZ ESg      2350 22.62                              93    0.0910 13.4 219 
 SRND SZ  IAML    2350 25.18      1594.5 0.36                                   
 KVCH SZ IPg    C 2350 20.34                              93   -0.1410 13.8 234 
 KVCH SZ ESg      2350 22.78                              93    0.1210 13.8 234 
 ORNG SZ IPg    C 2350 21.01                              91   -0.0110 16.4  54 
 ORNG SZ ESg  4   2350 23.87                              91    0.27 0 16.4  54 
 FRMZ SZ IPg    D 2350 21.23                              91   -0.1510 18.9 313 
 FRMZ SZ ESg      2350 24.33                              91    0.1010 18.9 313 
 BLVR SZ IPg    D 2350 21.92                              91    0.1210 20.8 140 
 BLVR SZ ESg  4   2350 25.96                              91    1.00 0 20.8 140 
 BLVR SZ  IAML    2350 29.33      2927.4 0.36                                   
 NMVR SZ IPg    D 2350 22.22                              91    0.1310 23.3 119 
 NMVR SZ ESg  4   2350 26.33                              91    0.86 0 23.3 119 
 GOLJ SZ IPg    D 2350 22.22                              91   -0.1410 25.1 272 
 GOLJ SZ ESg      2350 26.16                              91    0.2210 25.1 272 
 AZGN SZ IPg    D 2350 22.35                              91    0.0310 25.4  56 
 AZGN SZ ESg      2350 26.11                              91    0.2510 25.4  56 
 AZGN SZ  IAML    2350 26.52      7295.2 0.14                                   
 HRS  SZ IPg    D 2350 22.96                              90   -0.0910 30.9 108 
 MGSL SZ IPg    D 2350 23.54                              90    0.0910 31.1 118 
 MGSL SZ ESg  4   2350 28.55                              90    0.71 0 31.1 118 
 KRNG SZ IPg    D 2350 24.07                              90    0.0310 35.4  83 
 KRNG SZ ESg      2350 29.08                              90    0.2110 35.4  83 
 KRNG SZ  IAML    2350 29.63       845.4 0.31                                   
 TBZ  SZ IPg    D 2350 26.72                              90   -0.1610 52.2 249 
 BST  SZ IPg    D 2350 31.39                              90   -0.14 9 79.6 168 
 MRD  SZ IPg  4 D 2350 32.96                              90   -1.01 0 94.1 292 
 SHB  SZ IPg  4 D 2350 33.98                              90   -0.50 0 96.3 262 
 AZR  SZ IPg  4 D 2350 35.27                              90   -0.31 0  103 218 
 SRB  SZ IPg  4 D 2350 35.03                              90   -0.87 0  106 127 
                                                                                
 2012  814 2356 13.3 L  38.405  46.754 10.8  THM 12 0.1 1.1LTHM                1
 GAP=81    THM  0.22       0.7     0.5  0.9 -1.7650e-01                        E
     173.6      72.2      -2.9                 0.0                <bu  FOCMEC  F
 Action:ARG 25-08-12 12:51 OP:OBSP STATUS:               ID:20120814235613     I
 OLDACT:ARG 14-11-22 00:27 OP:ahal STATUS:               ID:20120814235500 L   3
 2012-08-14-2355-08S.AHAR__036                                                 6
 STAT SP IPHASW D HRMM SECON CODA AMPLIT PERI AZIMU VELO AIN AR TRES W  DIS CAZ7
 ZANG SZ IPg    D 2356 15.45                             163   -0.0610 3.45 323 
 ZANG SZ ESg      2356 17.21                             163    0.0510 3.45 323 
 ZANG SZ  IAML    2356 17.57        85.7 0.08                                   
 HIGH SZ IPg    C 2356 16.01                             135   -0.0810 10.3 225 
 HIGH SZ ESg      2356 18.15                             135   -0.0210 10.3 225 
 ORNG SZ IPg    C 2356 16.60                             126   -0.0510 13.2  45 
 ORNG SZ  IAML    2356 19.60        43.2 0.11                                   
 SRND SZ IPg    C 2356 16.93                             119   -0.0410 16.4 230 
 SRND SZ ESg      2356 19.80                             119    0.1010 16.4 230 
 KVCH SZ IPg    C 2356 17.09                             117   -0.0310 17.3 241 
 KVCH SZ ESg      2356 19.91                             117   -0.0410 17.3 241 
 BLVR SZ IPg    D 2356 17.42                             114   -0.0110 18.6 150 
 BLVR SZ  IAML    2356 21.47        62.7 0.02                                   
 NMVR SZ IPg    D 2356 17.52                             112    0.0210 20.0 126 
 VRDN SZ IPg    C 2356 17.48                             112    0.0410 20.1  79 
 VRDN SZ ESg      2356 20.59                             112    0.0710 20.1  79 
 VRDN SZ  IAML    2356 20.74        38.1 0.17                                   
 AZGN SZ IPg    C 2356 17.66                             109   -0.0110 22.0  51 
 AZGN SZ ESg      2356 20.86                             109   -0.0510 22.0  51 
 AZGN SZ  IAML    2356 21.27       135.3 0.13                                   
 MGSL SZ IPg    D 2356 18.68                             103   -0.0310 27.7 123 
 GOLJ SZ IPg    D 2356 18.82                             101   -0.0410 29.1 271 
 GOLJ SZ ESg      2356 23.10                             101    0.1110 29.1 271 
 GOLJ SZ  IAML    2356 24.08        24.1 0.18                                   
 KRNG SZ IPg      2356 19.18                              99    0.0510 31.3  83 
 KRNG SZ ESg      2356 23.48                              99    0.0210 31.3  83 
 KRNG SZ  IAML    2356 23.80        38.7 0.13                                   
                                                                                
 2012  815  030 25.3 L  38.406  46.844 10.1  THM 12 0.1 1.1LTHM                1
 GAP=72    THM  0.31       0.5     0.6  1.5  1.2880e-02                        E
 Action:ARG 25-08-12 12:51 OP:OBSP STATUS:               ID:20120815003025     I
 OLDACT:ARG 14-11-22 00:27 OP:ahal STATUS:               ID:20120815003025 L   3
 2012-08-15-0028-41S.AHAR__003                                                 6
 STAT SP IPHASW D HRMM SECON CODA AMPLIT PERI AZIMU VELO AIN AR TRES W  DIS CAZ7
 ORNG SZ IPg    D  030 28.10                             136   -0.0510 9.42   9 
 ORNG SZ ESg       030 30.31                             136    0.0610 9.42   9 
 ZANG SZ IPg    C  030 27.92                             134   -0.1110 10.3 285 
 ZANG SZ ESg       030 29.90                             134   -0.1510 10.3 285 
 VRDN SZ IPg    C  030 28.37                             127    0.0210 12.5  72 
 VRDN SZ ESg       030 30.52                             127   -0.0910 12.5  72 
 NMVR SZ IPg    D  030 28.60                             122   -0.0910 14.5 144 
 NMVR SZ ESg       030 31.29                             122    0.1010 14.5 144 
 BLVR SZ IPg    D  030 28.91                             119   -0.1710 16.3 175 
 BLVR SZ ESg       030 31.93                             119    0.0610 16.3 175 
 AZGN SZ IPg       030 28.92                             118    0.0610 16.6  34 
 AZGN SZ ESg       030 31.65                             118    0.1710 16.6  34 
 AZGN SZ  IAML     030 32.02       246.4 0.07                                   
 HIGH SZ IPg    C  030 28.79                             118   -0.1210 16.9 244 
 HIGH SZ ESg       030 31.53                             118   -0.0410 16.9 244 
 MGSL SZ IPg    D  030 29.70                             111   -0.0810 21.6 134 
 MGSL SZ ESg       030 33.15                             111    0.0610 21.6 134 
 MGSL SZ  IAML     030 33.43        14.8 0.10                                   
 SRND SZ IPg    C  030 29.93                             109   -0.0010 23.0 243 
 SRND SZ ESg       030 33.48                             109    0.1310 23.0 243 
 KRNG SZ  IAML     030 33.61        65.0 0.13                                   
 KVCH SZ IPg    C  030 30.24                             108    0.0610 24.5 250 
 KVCH SZ ESg       030 33.99                             108    0.2110 24.5 250 
 FRMZ SZ IPg       030 30.76                             104   -0.0810 28.6 296 
 FRMZ SZ  IAML     030 33.71        12.8 0.15                                   
 FRMZ SZ ESg       030 34.95                             104    0.0110 28.6 296 
 GOLJ SZ IPg    C  030 32.14                             100    0.0310 37.0 271 
 GOLJ SZ ESg  4    030 37.54                             100    0.40 0 37.0 271 
                                                                                
 2012  815  1 4 20.2 L  38.415  46.740 12.0  THM 14 0.1 0.9LTHM                1
 GAP=78    THM  0.24       0.5     0.4  0.9 -3.3910e-02                        E
      11.2      58.7      29.5                 0.0                <bu  FOCMEC  F
 Action:ARG 25-08-12 12:51 OP:OBSP STATUS:               ID:20120815010420     I
 OLDACT:ARG 14-11-22 00:27 OP:ahal STATUS:               ID:20120815010420 L   3
 2012-08-15-0103-24S.AHAR__015                                                 6
 STAT SP IPHASW D HRMM SECON CODA AMPLIT PERI AZIMU VELO AIN AR TRES W  DIS CAZ7
 ZANG SZ IPg    C  1 4 22.46                             171   -0.0910 1.90 333 
 ZANG SZ ESg       1 4 24.25                             171   -0.0410 1.90 333 
 HIGH SZ IPg    D  1 4 23.10                             138   -0.0410 10.3 216 
 HIGH SZ ESg       1 4 25.39                             138    0.0710 10.3 216 
 ORNG SZ IPg    C  1 4 23.65                             129   -0.0510 13.4  51 
 ORNG SZ ESg       1 4 26.39                             129    0.1010 13.4  51 
 SRND SZ IPg    C  1 4 23.93                             123   -0.0310 16.2 224 
 SRND SZ ESg       1 4 26.82                             123    0.0810 16.2 224 
 KVCH SZ IPg    C  1 4 24.02                             122   -0.0310 16.8 236 
 KVCH SZ ESg       1 4 26.84                             122   -0.0710 16.8 236 
 KVCH SZ  IAML     1 4 27.79        17.5 0.17                                   
 BLVR SZ IPg    D  1 4 24.68                             116    0.0410 20.1 149 
 BLVR SZ ESg  4    1 4 28.49                             116    0.56 0 20.1 149 
 FRMZ SZ IPg    D  1 4 24.48                             116   -0.0910 20.3 305 
 FRMZ SZ ESg       1 4 27.88                             116    0.0810 20.3 305 
 VRDN SZ IPg    C  1 4 24.58                             114    0.0010 21.1  82 
 VRDN SZ ESg       1 4 27.84                             114    0.0210 21.1  82 
 VRDN SZ  IAML     1 4 29.11        68.8 0.20                                   
 NMVR SZ IPg    D  1 4 24.76                             114    0.0410 21.6 126 
 NMVR SZ ESg       1 4 27.90                             114   -0.1710 21.6 126 
 AZGN SZ IPg    C  1 4 24.65                             113   -0.0410 22.3  55 
 AZGN SZ ESg       1 4 28.00                             113   -0.0210 22.3  55 
 GOLJ SZ IPg    D  1 4 25.56                             107   -0.0710 27.9 269 
 GOLJ SZ ESg       1 4 29.79                             107    0.1310 27.9 269 
 HRS  SZ IPg    D  1 4 25.44                             106   -0.0110 28.6 112 
 MGSL SZ IPg    D  1 4 25.91                             105   -0.0010 29.3 123 
 MGSL SZ ESg       1 4 30.26                             105    0.1210 29.3 123 
 MGSL SZ  IAML     1 4 31.13        15.0 0.07                                   
 KRNG SZ IPg    C  1 4 26.27                             103    0.0210 32.4  85 
 KRNG SZ ESg       1 4 30.78                             103    0.0510 32.4  85 
                                                                                
 2012  815  1 8 50.7 L  38.413  46.766 11.1  THM 13 0.1 1.4LTHM                1
 GAP=101   THM  0.28       0.6     0.4  1.1 -4.2450e-02                        E
     198.6      30.4       8.6                 0.0                <bu  FOCMEC  F
 Action:ARG 25-08-12 12:51 OP:OBSP STATUS:               ID:20120815010850     I
 OLDACT:ARG 14-11-22 00:27 OP:ahal STATUS:               ID:20120815010850 L   3
 2012-08-15-0107-34S.AHAR__039                                                 6
 STAT SP IPHASW D HRMM SECON CODA AMPLIT PERI AZIMU VELO AIN AR TRES W  DIS CAZ7
 ZANG SZ IPg    D  1 8 52.91                             162   -0.1110 3.66 302 
 ZANG SZ ESg       1 8 54.75                             162    0.0310 3.66 302 
 ZANG SZ  IAML     1 8 55.24       383.6 0.22                                   
 HIGH SZ IPg    C  1 8 53.58                             132   -0.1510 11.6 226 
 HIGH SZ ESg       1 8 55.86                             132   -0.0910 11.6 226 
 HIGH SZ  IAML     1 8 57.62       109.3 0.16                                   
 ORNG SZ IPg    D  1 8 53.93                             131   -0.0410 11.9  44 
 ORNG SZ ESg       1 8 56.31                             131   -0.0510 11.9  44 
 ORNG SZ  IAML     1 8 57.23       113.3 0.18                                   
 SRND SZ IPg    C  1 8 54.54                             117   -0.0910 17.7 230 
 SRND SZ ESg       1 8 57.55                             117    0.0310 17.7 230 
 KVCH SZ IPg    C  1 8 54.71                             116   -0.0710 18.6 241 
 KVCH SZ ESg       1 8 57.89                             116    0.1210 18.6 241 
 BLVR SZ IPg    C  1 8 54.92                             115   -0.0210 18.8 154 
 BLVR SZ ESg  4    1 8 58.35                             115    0.30 0 18.8 154 
 BLVR SZ  IAML     1 8 58.51       104.5 0.13                                   
 VRDN SZ IPg    C  1 8 54.71                             115   -0.0410 19.0  81 
 VRDN SZ ESg       1 8 57.77                             115    0.0510 19.0  81 
 VRDN SZ  IAML     1 8 58.36       163.8 0.20                                   
 NMVR SZ IPg    D  1 8 55.00                             114    0.0710 19.7 129 
 NMVR SZ ESg       1 8 58.18                             114    0.1510 19.7 129 
 AZGN SZ IPg    D  1 8 54.89                             112   -0.0510 20.7  51 
 AZGN SZ ESg       1 8 58.09                             112    0.0410 20.7  51 
 AZGN SZ  IAML     1 8 58.32       349.8 0.13                                   
 FRMZ SZ IPg    D  1 8 55.30                             110   -0.0510 22.3 302 
 FRMZ SZ ESg       1 8 58.95                             110    0.1910 22.3 302 
 FRMZ SZ  IAML     1 9  0.27       110.0 0.22                                   
 MGSL SZ IPg    D  1 8 56.05                             104   -0.0610 27.3 125 
 MGSL SZ ESg       1 9  0.16                             104    0.0610 27.3 125 
 MGSL SZ  IAML     1 9  1.17        13.8 0.14                                   
 KRNG SZ IPg    C  1 8 56.41                             101   -0.0110 30.2  84 
 KRNG SZ ESg       1 9  0.63                             101    0.0110 30.2  84 
 KRNG SZ  IAML     1 9  0.91        52.0 0.09                                   
 GOLJ SZ IPg    C  1 8 56.43                             102   -0.0510 30.2 270 
 GOLJ SZ ESg       1 9  0.85                             102    0.1110 30.2 270 
                                                                                
 2012  815  110 32.7 L  38.404  46.733 11.1  THM 14 0.1 1.9LTHM                1
 GAP=73    THM  0.28       0.6     0.5  1.0 -2.6660e-02                        E
     203.7      65.4      27.2                 0.0                <bu  FOCMEC  F
 Action:ARG 25-08-12 12:51 OP:OBSP STATUS:               ID:20120815011032     I
 OLDACT:ARG 14-11-22 00:27 OP:ahal STATUS:               ID:20120815011032 L   3
 2012-08-15-0108-57S.AHAR__039                                                 6
 STAT SP IPHASW D HRMM SECON CODA AMPLIT PERI AZIMU VELO AIN AR TRES W  DIS CAZ7
 ZANG SZ IPg    C  110 34.84                             166   -0.1310 2.91 355 
 ZANG SZ ESg       110 36.64                             166   -0.0110 2.91 355 
 ZANG SZ  IAML     110 37.12       386.1 0.31                                   
 HIGH SZ IPg    C  110 35.31                             140   -0.1110 8.96 218 
 HIGH SZ ESg       110 37.37                             140   -0.0610 8.96 218 
 HIGH SZ  IAML     110 37.53      1582.5 0.12                                   
 ORNG SZ IPg    C  110 36.23                             124   -0.0710 14.6  49 
 ORNG SZ ESg       110 38.95                             124    0.0010 14.6  49 
 ORNG SZ  IAML     110 39.83       345.8 0.23                                   
 SRND SZ IPg    C  110 36.18                             123   -0.0510 14.9 226 
 SRND SZ ESg       110 38.92                             123    0.0810 14.9 226 
 SRND SZ  IAML     110 39.12       313.3 0.10                                   
 KVCH SZ IPg    C  110 36.31                             122   -0.0410 15.7 238 
 KVCH SZ ESg  4    110 39.52                             122    0.48 0 15.7 238 
 BLVR SZ IPg    D  110 37.00                             114   -0.0110 19.5 145 
 BLVR SZ ESg  4    110 40.54                             114    0.35 0 19.5 145 
 FRMZ SZ IPg    D  110 37.08                             113    0.0110 20.5 309 
 FRMZ SZ ESg       110 40.37                             113    0.0810 20.5 309 
 FRMZ SZ  IAML     110 41.22       565.8 0.17                                   
 NMVR SZ IPg    D  110 37.15                             111   -0.0110 21.5 122 
 NMVR SZ ESg       110 40.64                             111    0.1810 21.5 122 
 NMVR SZ  IAML     110 44.71       125.1 0.33                                   
 VRDN SZ IPg    C  110 37.12                             110   -0.0410 22.0  79 
 VRDN SZ ESg       110 40.62                             110    0.1610 22.0  79 
 VRDN SZ  IAML     110 42.05       238.5 0.25                                   
 AZGN SZ IPg    C  110 37.27                             108   -0.0810 23.6  54 
 AZGN SZ ESg       110 40.86                             108    0.0810 23.6  54 
 AZGN SZ  IAML     110 41.08       453.0 0.02                                   
 GOLJ SZ IPg    C  110 38.01                             105   -0.0110 27.3 272 
 GOLJ SZ ESg       110 42.11                             105    0.1610 27.3 272 
 GOLJ SZ  IAML     110 42.67       250.3 0.19                                   
 HRS  SZ IPg    D  110 37.85                             103   -0.1110 28.8 109 
 MGSL SZ IPg    D  110 38.35                             103   -0.0310 29.2 121 
 MGSL SZ ESg       110 42.66                             103    0.0810 29.2 121 
 MGSL SZ  IAML     110 43.77        66.0 0.17                                   
 KRNG SZ IPg    C  110 38.86                              99    0.0010 33.2  83 
 KRNG SZ ESg       110 43.32                              99   -0.0910 33.2  83 
 KRNG SZ  IAML     110 43.65       207.4 0.19                                   
                                                                                
 2012  815  112 33.0 L  38.396  46.675  5.0  THM 14 0.1                        1
 GAP=90    THM  0.34       0.6     0.6  1.4 -9.3080e-02                        E
     350.7      64.4       8.9                 0.0                <bu  FOCMEC  F
 Action:ARG 25-08-12 12:51 OP:OBSP STATUS:               ID:20120815011233     I
 OLDACT:ARG 14-11-22 00:27 OP:ahal STATUS:               ID:20120815011233 L   3
 2012-08-15-0111-03S.AHAR__039                                                 6
 STAT SP IPHASW D HRMM SECON CODA AMPLIT PERI AZIMU VELO AIN AR TRES W  DIS CAZ7
 ZANG SZ IPg    C  112 34.57                             130   -0.0810 6.13  52 
 ZANG SZ ESg       112 35.94                             130    0.0610 6.13  52 
 HIGH SZ IPg    D  112 34.52                             129   -0.1610 6.22 184 
 HIGH SZ ESg       112 35.85                             129   -0.0710 6.22 184 
 KVCH SZ IPg    C  112 35.50                             109   -0.0110 11.0 229 
 KVCH SZ ESg       112 37.53                             109    0.1510 11.0 229 
 SRND SZ IPg    C  112 35.46                             109   -0.0510 11.1 211 
 SRND SZ ESg       112 37.51                             109    0.1410 11.1 211 
 FRMZ SZ IPg    D  112 36.78                              98    0.1510 17.5 322 
 FRMZ SZ ESg       112 39.20                              98   -0.1210 17.5 322 
 ORNG SZ IPg    C  112 36.90                              96   -0.0610 19.2  57 
 ORNG SZ ESg       112 40.00                              96    0.0910 19.2  57 
 BLVR SZ IPg    D  112 37.41                              95   -0.0910 22.1 133 
 BLVR SZ ESg  4    112 41.36                              95    0.53 0 22.1 133 
 GOLJ SZ IPg    D  112 37.46                              95    0.1010 22.3 274 
 GOLJ SZ ESg  4    112 41.19                              95    0.60 0 22.3 274 
 NMVR SZ IPg    D  112 37.89                              94   -0.0410 25.5 115 
 NMVR SZ ESg       112 41.73                              94    0.1510 25.5 115 
 VRDN SZ IPg    D  112 38.01                              93   -0.1210 27.1  80 
 VRDN SZ ESg       112 42.07                              93    0.1410 27.1  80 
 AZGN SZ IPg    C  112 38.18                              93   -0.0810 28.3  58 
 AZGN SZ ESg       112 42.26                              93    0.0910 28.3  58 
 MGSL SZ IPg    D  112 39.18                              93   -0.1110 33.3 115 
 MGSL SZ ESg  4    112 44.33                              93    0.38 0 33.3 115 
 HRS  SZ IPg  4 D  112 38.65                              93   -0.29 0 33.4 105 
 KRNG SZ IPg    D  112 39.82                              92   -0.1810 38.3  83 
 KRNG SZ ESg       112 45.30                              92    0.1110 38.3  83 
                                                                                
 2012  815  113 32.1 L  38.380  46.771 11.5  THM 13 0.1 1.3LTHM                1
 GAP=91    THM  0.29       0.5     0.5  1.2 -8.8870e-03                        E
 Action:ARG 25-08-12 12:51 OP:OBSP STATUS:               ID:20120815011332     I
 OLDACT:ARG 14-11-22 00:27 OP:ahal STATUS:               ID:20120815011332 L   3
 2012-08-15-0112-34S.AHAR__015                                                 6
 STAT SP IPHASW D HRMM SECON CODA AMPLIT PERI AZIMU VELO AIN AR TRES W  DIS CAZ7
 ZANG SZ IPg    D  113 34.53                             150   -0.0610 6.56 327 
 ZANG SZ ESg       113 36.51                             150    0.0410 6.56 327 
 HIGH SZ IPg    C  113 34.76                             138   -0.1510 9.88 243 
 HIGH SZ ESg       113 37.00                             138   -0.0210 9.88 243 
 HIGH SZ  IAML     113 37.31       112.9 0.13                                   
 ORNG SZ IPg    C  113 35.64                             125   -0.0110 14.4  33 
 ORNG SZ ESg       113 38.34                             125    0.0310 14.4  33 
 BLVR SZ IPg    D  113 35.74                             123   -0.0910 15.5 150 
 BLVR SZ ESg       113 38.54                             123   -0.0910 15.5 150 
 SRND SZ IPg    C  113 35.64                             122   -0.1210 16.1 241 
 SRND SZ ESg       113 38.41                             122   -0.0910 16.1 241 
 NMVR SZ IPg    D  113 35.94                             119    0.0010 17.3 121 
 NMVR SZ ESg       113 39.00                             119    0.1910 17.3 121 
 KVCH SZ IPg    C  113 35.94                             119   -0.0410 17.6 252 
 KVCH SZ ESg       113 39.11                             119    0.2210 17.6 252 
 KVCH SZ  IAML     113 39.75        26.3 0.23                                   
 VRDN SZ IPg    C  113 36.22                             115    0.0510 19.4  70 
 VRDN SZ ESg       113 39.16                             115   -0.0510 19.4  70 
 AZGN SZ IPg    C  113 36.59                             111   -0.0110 22.8  43 
 AZGN SZ ESg       113 39.84                             111   -0.1210 22.8  43 
 AZGN SZ  IAML     113 40.16        64.5 0.15                                   
 FRMZ SZ IPg    D  113 37.05                             109   -0.0110 24.7 309 
 FRMZ SZ ESg       113 40.80                             109    0.0510 24.7 309 
 FRMZ SZ  IAML     113 42.02       137.2 0.04                                   
 MGSL SZ IPg    D  113 37.12                             108    0.0110 25.0 119 
 MGSL SZ ESg       113 40.92                             108    0.0710 25.0 119 
 KRNG SZ IPg       113 37.82                             103    0.0410 30.4  77 
 KRNG SZ ESg       113 42.05                             103    0.0410 30.4  77 
 GOLJ SZ IPg    D  113 37.87                             103   -0.0510 30.8 276 
 GOLJ SZ ESg       113 42.40                             103    0.1510 30.8 276 
                                                                                
 2012  815  115 32.3 L  38.422  46.729 12.0  THM 13 0.1 1.6LTHM                1
 GAP=62    THM  0.23       0.5     0.4  0.9 -1.9210e-02                        E
     181.7      55.1      30.4                 0.0                <bu  FOCMEC  F
 Action:ARG 25-08-12 12:51 OP:OBSP STATUS:               ID:20120815011532     I
 OLDACT:ARG 14-11-22 00:27 OP:ahal STATUS:               ID:20120815011532 L   3
 2012-08-15-0114-32S.AHAR__033                                                 6
 STAT SP IPHASW D HRMM SECON CODA AMPLIT PERI AZIMU VELO AIN AR TRES W  DIS CAZ7
 ZANG SZ IPg    C  115 34.54                             176   -0.0710 0.89   4 
 ZANG SZ ESg       115 36.41                             176    0.0710 0.89   4 
 HIGH SZ IPg    C  115 35.15                             138   -0.0810 10.5 210 
 HIGH SZ ESg       115 37.46                             138    0.0410 10.5 210 
 ORNG SZ IPg    C  115 35.84                             129    0.0410 13.7  56 
 ORNG SZ ESg       115 38.28                             129   -0.1410 13.7  56 
 SRND SZ IPg    C  115 35.96                             123   -0.0610 16.2 220 
 SRND SZ ESg       115 38.85                             123    0.0410 16.2 220 
 KVCH SZ IPg    C  115 36.02                             123   -0.0710 16.6 232 
 KVCH SZ ESg       115 38.94                             123    0.0210 16.6 232 
 KVCH SZ  IAML     115 39.57        54.8 0.18                                   
 FRMZ SZ IPg    D  115 36.48                             118    0.0110 19.0 305 
 FRMZ SZ ESg       115 39.63                             118    0.0510 19.0 305 
 FRMZ SZ  IAML     115 41.15       205.3 0.18                                   
 BLVR SZ IPg    D  115 36.87                             114   -0.0110 21.3 148 
 BLVR SZ ESg       115 40.26                             114   -0.0410 21.3 148 
 BLVR SZ  IAML     115 41.16       103.9 0.10                                   
 VRDN SZ IPg    D  115 36.82                             113    0.0510 22.0  85 
 VRDN SZ ESg       115 40.12                             113    0.0210 22.0  85 
 VRDN SZ  IAML     115 41.43        71.3 0.26                                   
 AZGN SZ IPg    C  115 36.85                             112    0.0410 22.7  58 
 AZGN SZ ESg       115 40.21                             112    0.0310 22.7  58 
 AZGN SZ  IAML     115 40.61       367.6 0.10                                   
 NMVR SZ IPg    D  115 36.99                             112    0.0310 22.9 126 
 NMVR SZ ESg       115 40.38                             112   -0.0710 22.9 126 
 GOLJ SZ IPg    D  115 37.52                             108   -0.0410 27.0 267 
 GOLJ SZ ESg       115 41.51                             108    0.0210 27.0 267 
 MGSL SZ IPg    D  115 38.15                             105   -0.0210 30.5 123 
 MGSL SZ ESg       115 42.70                             105    0.1610 30.5 123 
 KRNG SZ IPg    D  115 38.49                             102    0.0410 33.3  86 
 KRNG SZ ESg       115 42.94                             102   -0.0910 33.3  86 
 KRNG SZ  IAML     115 46.48       197.6 0.47                                   
                                                                                
 2012  815  116 30.3 L  38.403  46.873  9.0  THM 13 0.1 0.8LTHM                1
 GAP=62    THM  0.32       0.6     0.6  1.7  1.0740e-02                        E
     151.7      90.0      36.0                 0.0                <bu  FOCMEC  F
 Action:ARG 25-08-12 12:51 OP:OBSP STATUS:               ID:20120815011630     I
 OLDACT:ARG 14-11-22 00:27 OP:ahal STATUS:               ID:20120815011630 L   3
 2012-08-15-0115-33S.AHAR__018                                                 6
 STAT SP IPHASW D HRMM SECON CODA AMPLIT PERI AZIMU VELO AIN AR TRES W  DIS CAZ7
 ORNG SZ IPg    C  116 33.08                             131   -0.0210 9.74 353 
 ORNG SZ ESg       116 35.04                             131   -0.1010 9.74 353 
 ORNG SZ  IAML     116 35.96        44.6 0.26                                   
 VRDN SZ IPg    D  116 33.07                             129    0.0710 10.2  66 
 VRDN SZ ESg  4    116 35.31                             129    0.35 0 10.2  66 
 NMVR SZ IPg    C  116 33.50                             122    0.0910 12.8 153 
 NMVR SZ ESg       116 35.50                             122   -0.1810 12.8 153 
 ZANG SZ IPg    D  116 33.20                             123   -0.0810 12.8 284 
 ZANG SZ ESg       116 35.52                             123    0.0710 12.8 284 
 ZANG SZ  IAML     116 36.18        29.6 0.11                                   
 AZGN SZ IPg    C  116 33.64                             116   -0.0410 15.6  25 
 AZGN SZ ESg       116 36.20                             116    0.0510 15.6  25 
 BLVR SZ IPg    C  116 33.91                             115   -0.0810 15.9 184 
 BLVR SZ ESg  4    116 36.36                             115   -0.32 0 15.9 184 
 HIGH SZ IPg       116 34.10                             110   -0.0910 19.0 249 
 HIGH SZ ESg       116 37.07                             110    0.0310 19.0 249 
 MGSL SZ IPg       116 34.39                             109   -0.0610 19.6 139 
 MGSL SZ ESg       116 37.63                             109    0.1410 19.6 139 
 KRNG SZ IPg       116 34.60                             107    0.0610 21.1  79 
 KRNG SZ ESg       116 37.73                             107    0.0810 21.1  79 
 SRND SZ IPg    C  116 35.22                             103   -0.0310 25.2 246 
 SRND SZ ESg       116 38.97                             103    0.0910 25.2 246 
 SRND SZ  IAML     116 39.76        12.6 0.18                                   
 KVCH SZ IPg    C  116 35.54                             102    0.0110 26.8 253 
 KVCH SZ ESg       116 39.49                             102    0.1310 26.8 253 
 FRMZ SZ IPg    D  116 36.03                             100   -0.2010 31.0 295 
 FRMZ SZ ESg       116 40.76                             100    0.1710 31.0 295 
 FRMZ SZ  IAML     116 42.76        20.6 0.37                                   
 GOLJ SZ IPg    D  116 37.42                              97   -0.1110 39.6 271 
 GOLJ SZ ESg  4    116 43.54                              97    0.69 0 39.6 271 
 GOLJ SZ  IAML     116 45.13        12.9 0.18                                   
                                                                                
 2012  815  119  1.6 L  38.408  46.855  8.4  THM 13 0.1 1.3LTHM                1
 GAP=67    THM  0.27       0.5     0.5  1.4 -5.7000e-03                        E
     197.2      77.4     -12.9                 0.0                <bu  FOCMEC  F
 Action:ARG 25-08-12 12:51 OP:OBSP STATUS:               ID:20120815011901     I
 OLDACT:ARG 14-11-22 00:27 OP:ahal STATUS:               ID:20120815011901 L   3
 2012-08-15-0118-03S.AHAR__036                                                 6
 STAT SP IPHASW D HRMM SECON CODA AMPLIT PERI AZIMU VELO AIN AR TRES W  DIS CAZ7
 ORNG SZ IPg    D  119  4.17                             131   -0.0810 9.14   3 
 ORNG SZ ESg       119  6.11                             131   -0.0710 9.14   3 
 ORNG SZ  IAML     119  6.44        93.6 0.04                                   
 ZANG SZ IPg    D  119  4.19                             125   -0.1110 11.2 283 
 ZANG SZ ESg       119  6.26                             125   -0.0110 11.2 283 
 ZANG SZ  IAML     119  6.56        89.1 0.10                                   
 VRDN SZ IPg    C  119  4.39                             123    0.0010 11.5  72 
 VRDN SZ ESg       119  6.50                             123    0.0810 11.5  72 
 VRDN SZ  IAML     119  7.06        88.9 0.02                                   
 NMVR SZ IPg    D  119  4.73                             116   -0.1010 14.1 148 
 NMVR SZ ESg       119  7.25                             116    0.0610 14.1 148 
 NMVR SZ  IAML     119 10.96        53.6 0.24                                   
 AZGN SZ IPg    C  119  5.00                             112    0.0410 15.9  31 
 AZGN SZ ESg       119  7.51                             112    0.0810 15.9  31 
 AZGN SZ  IAML     119  7.90       499.4 0.07                                   
 BLVR SZ IPg    D  119  5.17                             112   -0.1410 16.4 179 
 BLVR SZ ESg       119  8.12                             112    0.0910 16.4 179 
 HIGH SZ IPg    C  119  5.15                             110   -0.1210 17.8 245 
 HIGH SZ ESg       119  7.98                             110    0.0310 17.8 245 
 HIGH SZ  IAML     119 11.06       114.5 0.12                                   
 MGSL SZ IPg    D  119  5.84                             105   -0.0910 21.0 137 
 MGSL SZ ESg       119  9.03                             105   -0.0810 21.0 137 
 KRNG SZ IPg    C  119  6.12                             103    0.0910 22.5  81 
 KRNG SZ ESg       119  9.33                             103    0.0610 22.5  81 
 KRNG SZ  IAML     119  9.59       103.2 0.10                                   
 SRND SZ IPg    C  119  6.33                             102   -0.0010 24.0 243 
 SRND SZ ESg       119 10.00                             102    0.1910 24.0 243 
 KVCH SZ IPg    C  119  6.67                             101    0.0810 25.5 250 
 FRMZ SZ IPg    D  119  7.19                              99   -0.0610 29.4 295 
 FRMZ SZ ESg  4    119 11.78                              99    0.38 0 29.4 295 
 FRMZ SZ  IAML     119 13.65        44.7 0.19                                   
 GOLJ SZ IPg       119  8.57                              96    0.0110 38.0 271 
 GOLJ SZ ESg       119 13.72                              96    0.0410 38.0 271 
 GOLJ SZ  IAML     119 15.09        16.8 0.14                                   
                                                                                
 2012  815  122 57.0 L  38.414  46.756 12.4  THM 14 0.1 1.9LTHM                1
 GAP=99    THM  0.28       0.6     0.5  1.1 -4.3020e-02                        E
      22.8      74.2      19.7                 0.0                <bu  FOCMEC  F
 Action:ARG 25-08-12 12:51 OP:OBSP STATUS:               ID:20120815012257     I
 OLDACT:ARG 14-11-22 00:27 OP:ahal STATUS:               ID:20120815012257 L   3
 2012-08-15-0120-38S.AHAR__030                                                 6
 STAT SP IPHASW D HRMM SECON CODA AMPLIT PERI AZIMU VELO AIN AR TRES W  DIS CAZ7
 ZANG SZ IPg    C  122 59.31                             167   -0.1510 2.84 308 
 ZANG SZ ESg       123  1.22                             167   -0.0510 2.84 308 
 HIGH SZ IPg    C  122 59.99                             137   -0.1010 11.1 222 
 HIGH SZ ESg       123  2.28                             137   -0.0910 11.1 222 
 HIGH SZ  IAML     123  2.49       644.8 0.13                                   
 ORNG SZ IPg    C  123  0.37                             133   -0.0610 12.4  47 
 ORNG SZ ESg       123  2.98                             133    0.0210 12.4  47 
 ORNG SN  IAML     123  3.16       386.9 0.12                                   
 SRND SZ IPg    C  123  0.88                             122   -0.0610 17.2 228 
 SRND SZ ESg       123  3.85                             122    0.0110 17.2 228 
 KVCH SZ IPg    C  123  1.01                             121   -0.0510 18.0 239 
 KVCH SZ ESg       123  4.22                             121    0.1710 18.0 239 
 BLVR SZ IPg    D  123  1.36                             118   -0.0210 19.4 152 
 BLVR SZ ESg  4    123  4.94                             118    0.32 0 19.4 152 
 VRDN SZ IPg    C  123  1.22                             118   -0.0110 19.8  82 
 VRDN SZ ESg       123  4.52                             118    0.1710 19.8  82 
 NMVR SZ IPg    D  123  1.37                             117   -0.0310 20.5 128 
 NMVR SZ ESg       123  4.78                             117    0.1310 20.5 128 
 NMVR SE  IAML     123  6.40       116.5 0.13                                   
 AZGN SZ IPg    C  123  1.34                             115   -0.0410 21.3  53 
 AZGN SZ ESg       123  4.58                             115   -0.0310 21.3  53 
 FRMZ SZ IPg    D  123  1.55                             115   -0.0310 21.4 303 
 FRMZ SZ ESg       123  5.08                             115    0.1210 21.4 303 
 FRMZ SE  IAML     123  5.50       957.0 0.31                                   
 HRS  SZ IPg    C  123  1.95                             109   -0.1410 27.3 113 
 MGSL SZ IPg    D  123  2.52                             108   -0.0510 28.1 125 
 MGSL SZ ESg       123  6.75                             108    0.0710 28.1 125 
 GOLJ SZ IPg    C  123  2.65                             107   -0.0210 29.3 269 
 GOLJ SZ ESg       123  7.01                             107    0.1410 29.3 269 
 GOLJ SN  IAML     123  7.98       178.2 0.13                                   
 KRNG SZ IPg    C  123  2.90                             105    0.0310 31.1  85 
 KRNG SZ ESg       123  7.25                             105    0.0510 31.1  85 
 KRNG SZ  IAML     123  7.40        80.4 0.09                                   
                                                                                
 2012  815  123 40.3 L  38.422  46.673 13.3  THM 19 0.1 3.0LTHM                1
 GAP=108   THM  0.21       0.5     0.4  0.7 -2.8030e-02                        E
      30.5      65.8      51.0                 0.0                <bu  FOCMEC  F
 Action:ARG 25-08-12 12:51 OP:OBSP STATUS:               ID:20120815012340     I
 OLDACT:ARG 14-11-22 00:27 OP:ahal STATUS:               ID:20120815012340 L   3
 2012-08-15-0121-24S.AHAR__039                                                 6
 STAT SP IPHASW D HRMM SECON CODA AMPLIT PERI AZIMU VELO AIN AR TRES W  DIS CAZ7
 ZANG SZ IPg    C  123 42.89                             160   -0.1110 5.05  80 
 ZANG SZ ESg       123 44.92                             160   -0.0610 5.05  80 
 ZANG SZ  IAML     123 45.17      7750.8 0.18                                   
 HIGH SZ IPg    C  123 43.22                             145   -0.0910 9.14 182 
 HIGH SZ ESg       123 45.52                             145   -0.0010 9.14 182 
 KVCH SZ IPg    C  123 43.77                             134   -0.0610 13.1 218 
 KVCH SZ ESg       123 46.47                             134    0.0310 13.1 218 
 KVCH SZ  IAML     123 47.20      1614.0 0.31                                   
 SRND SZ IPg    C  123 43.82                             133   -0.0510 13.6 204 
 SRND SZ ESg       123 46.55                             133    0.0410 13.6 204 
 FRMZ SZ IPg    D  123 44.10                             129   -0.0310 15.2 315 
 FRMZ SZ ESg       123 47.06                             129    0.1110 15.2 315 
 FRMZ SZ  IAML     123 47.89      5857.3 0.22                                   
 ORNG SZ IPg    C  123 44.49                             123   -0.0210 18.0  65 
 ORNG SZ ESg       123 47.70                             123    0.0710 18.0  65 
 GOLJ SZ IPg    D  123 44.92                             117   -0.0610 22.1 267 
 GOLJ SZ ESg       123 48.52                             117    0.0810 22.1 267 
 GOLJ SZ  IAML     123 49.58      2304.0 0.09                                   
 BLVR SZ IPg    D  123 45.46                             114    0.0210 24.3 138 
 BLVR SZ ESg  4    123 49.72                             114    0.48 0 24.3 138 
 BLVR SZ  IAML     123 50.04      2227.2 0.20                                   
 VRDN SZ IPg    C  123 45.58                             111   -0.0310 26.9  86 
 VRDN SZ ESg       123 49.58                             111    0.0610 26.9  86 
 VRDN SZ  IAML     123 50.41      3216.2 0.13                                   
 AZGN SZ IPg    C  123 45.54                             111   -0.0210 27.0  64 
 AZGN SZ ESg       123 49.45                             111    0.0110 27.0  64 
 AZGN SZ  IAML     123 49.69      5965.6 0.09                                   
 NMVR SZ IPg    D  123 45.71                             111    0.0210 27.0 120 
 NMVR SZ ESg       123 49.72                             111    0.0410 27.0 120 
 HRS  SZ IPg    D  123 46.39                             105   -0.1010 34.4 110 
 MGSL SZ IPg    D  123 46.93                             105    0.0210 34.7 119 
 MGSL SZ ESg       123 51.90                             105    0.1110 34.7 119 
 KRNG SZ IPg    C  123 47.32                             103    0.0310 38.2  87 
 KRNG SZ ESg       123 52.43                             103   -0.0310 38.2  87 
 TBZ  SZ IPg    C  123 49.13                              98   -0.0310 50.2 246 
 MRD  SZ IPg  4 D  123 55.19                              93   -0.32 0 90.5 291 
 SHB  SZ IPg    C  123 56.16                              93    0.03 8 93.6 261 
 AZR  SZ IPg    C  123 57.65                              93    0.10 7  103 216 
 SRB  SZ IPg  4 D  123 58.18                              92   -0.25 0  110 127 
                                                                                
 2012  815  132 22.2 L  38.413  46.794  8.1  THM 13 0.1 1.9LTHM                1
 GAP=94    THM  0.26       0.5     0.4  1.3 -2.1420e-02                        E
     203.9      72.2      -2.9                 0.0                <bu  FOCMEC  F
 Action:ARG 25-08-12 12:51 OP:OBSP STATUS:               ID:20120815013222     I
 OLDACT:ARG 14-11-22 00:27 OP:ahal STATUS:               ID:20120815013222 L   3
 2012-08-15-0130-26S.AHAR__039                                                 6
 STAT SP IPHASW D HRMM SECON CODA AMPLIT PERI AZIMU VELO AIN AR TRES W  DIS CAZ7
 ZANG SZ IPg    C  132 24.08                             144   -0.1110 5.94 289 
 ZANG SZ ESg       132 25.69                             144    0.0110 5.94 289 
 ZANG SZ  IAML     132 26.06       150.6 0.12                                   
 ORNG SZ IPg    C  132 24.83                             125   -0.0810 10.3  34 
 HIGH SZ IPg    C  132 25.08                             117   -0.0710 13.5 233 
 HIGH SZ ESg       132 27.34                             117   -0.0010 13.5 233 
 VRDN SZ IPg    C  132 25.58                             110   -0.0610 16.5  79 
 VRDN SZ ESg       132 28.30                             110    0.1010 16.5  79 
 VRDN SZ  IAML     132 28.86        74.2 0.21                                   
 NMVR SZ IPg    D  132 25.86                             108   -0.0510 17.8 134 
 NMVR SZ ESg       132 28.68                             108    0.0010 17.8 134 
 BLVR SZ IPg    D  132 25.95                             108   -0.1110 17.9 161 
 BLVR SZ ESg  4    132 29.39                             108    0.46 0 17.9 161 
 BLVR SZ  IAML     132 29.80      22.9e4 0.02                                   
 AZGN SZ IPg    C  132 25.88                             106   -0.0510 18.8  46 
 AZGN SZ ESg       132 28.79                             106    0.0710 18.8  46 
 AZGN SZ  IAML     132 29.14       224.9 0.12                                   
 SRND SZ IPg    C  132 26.20                             105    0.0110 19.7 235 
 SRND SZ ESg       132 29.32                             105    0.1610 19.7 235 
 KVCH SZ IPg    C  132 26.41                             104    0.0310 20.9 244 
 KVCH SZ ESg  4    132 29.88                             104    0.39 0 20.9 244 
 FRMZ SZ IPg       132 26.94                             101   -0.0510 24.4 299 
 FRMZ SZ ESg       132 30.66                             101    0.1110 24.4 299 
 MGSL SZ IPg    D  132 27.05                             100   -0.0910 25.3 129 
 MGSL SZ ESg       132 30.93                             100    0.1210 25.3 129 
 MGSL SZ  IAML     132 31.48        33.0 0.12                                   
 KRNG SZ IPg    C  132 27.35                              98   -0.0310 27.7  84 
 KRNG SZ ESg       132 31.31                              98    0.0810 27.7  84 
 KRNG SZ  IAML     132 31.60        49.0 0.12                                   
 GOLJ SZ IPg    C  132 28.24                              97    0.0010 32.7 270 
 GOLJ SZ ESg  4    132 33.10                              97    0.37 0 32.7 270 
                                                                                
 2012  815  135 40.4 L  38.395  46.648  4.7  THM 14 0.1 2.0LTHM                1
 GAP=92    THM  0.29       0.6     0.6  1.4 -1.4650e-01                        E
     353.4      55.1      30.4                 0.0                <bu  FOCMEC  F
 Action:ARG 25-08-12 12:51 OP:OBSP STATUS:               ID:20120815013540     I
 OLDACT:ARG 14-11-22 00:27 OP:ahal STATUS:               ID:20120815013540 L   3
 2012-08-15-0133-29S.AHAR__060                                                 6
 STAT SP IPHASW D HRMM SECON CODA AMPLIT PERI AZIMU VELO AIN AR TRES W  DIS CAZ7
 HIGH SZ IPg    D  135 41.99                             126   -0.1210 6.36 163 
 HIGH SZ ESg       135 43.31                             126   -0.0410 6.36 163 
 HIGH SZ  IAML     135 43.48      2996.2 0.11                                   
 ZANG SZ IPg    C  135 42.24                             118   -0.1110 8.13  61 
 ZANG SZ ESg       135 43.82                             118    0.0510 8.13  61 
 KVCH SZ IPg    C  135 42.60                             112   -0.0710 9.34 220 
 KVCH SZ ESg       135 44.43                             112    0.1010 9.34 220 
 KVCH SZ  IAML     135 46.85       455.4 0.24                                   
 SRND SZ IPg    C  135 42.72                             109   -0.0410 9.98 200 
 SRND SZ ESg       135 44.58                             109    0.1010 9.98 200 
 FRMZ SZ IPg    D  135 43.95                              96    0.0810 16.3 328 
 FRMZ SZ ESg  4    135 46.89                              96    0.48 0 16.3 328 
 FRMZ SZ  IAML     135 47.80       544.5 0.13                                   
 GOLJ SZ IPg    D  135 44.49                              94    0.0710 20.0 275 
 GOLJ SZ  IAML     135 48.94       290.6 0.24                                   
 ORNG SZ IPg    C  135 44.70                              93   -0.0510 21.3  60 
 ORNG SZ ESg       135 47.94                              93   -0.0010 21.3  60 
 BLVR SZ IPg    D  135 45.27                              93    0.0510 23.8 129 
 NMVR SZ IPg    D  135 45.71                              92   -0.0110 27.6 112 
 NMVR SZ ESg       135 49.80                              92    0.1710 27.6 112 
 VRDN SZ IPg    D  135 45.89                              92   -0.0710 29.4  80 
 VRDN SZ ESg       135 50.11                              92    0.0610 29.4  80 
 AZGN SZ IPg    C  135 46.00                              92   -0.0510 30.3  60 
 AZGN SZ ESg       135 50.32                              92    0.1110 30.3  60 
 AZGN SZ  IAML     135 50.69       339.1 0.11                                   
 MGSL SZ IPg    D  135 47.01                              92   -0.0710 35.3 113 
 MGSL SZ ESg  4    135 52.55                              92    0.55 0 35.3 113 
 HRS  SZ IPg    D  135 46.58                              92   -0.1710 35.6 104 
 KRNG SZ IPg       135 47.76                              91   -0.0810 40.6  83 
 KRNG SZ ESg       135 53.42                              91    0.1010 40.6  83 
                                                                                
 2012  815  139 56.0 L  38.429  46.716 11.9  THM 19 0.1 3.1LTHM                1
 GAP=116   THM  0.28       0.5     0.4  0.9 -2.3120e-02                        E
     355.4      83.6      39.6                 0.0                <bu  FOCMEC  F
 Action:ARG 25-08-12 12:51 OP:OBSP STATUS:               ID:20120815013956     I
 OLDACT:ARG 14-11-22 00:27 OP:ahal STATUS:               ID:20120815013956 L   3
 2012-08-15-0138-53S.AHAR__033                                                 6
 STAT SP IPHASW D HRMM SECON CODA AMPLIT PERI AZIMU VELO AIN AR TRES W  DIS CAZ7
 ZANG SZ IPg    C  139 58.18                             174   -0.1210 1.19  84 
 ZANG SZ ESg       139 59.96                             174   -0.0810 1.19  84 
 ZANG SZ  IAML     140  0.36      9439.9 0.36                                   
 HIGH SZ IPg    D  139 58.87                             137   -0.0710 10.7 202 
 HIGH SZ ESg       140  1.11                             137   -0.0410 10.7 202 
 HIGH SZ  IAML     140  1.28      9179.3 0.21                                   
 ORNG SZ IPg    C  139 59.53                             127   -0.0410 14.2  62 
 ORNG SZ ESg       140  2.32                             127    0.0910 14.2  62 
 SRND SZ IPg    C  139 59.67                             123   -0.0410 16.1 215 
 SRND SZ ESg       140  2.55                             123    0.0610 16.1 215 
 KVCH SZ IPg    C  139 59.70                             123   -0.0410 16.2 227 
 KVCH SZ ESg       140  2.52                             123   -0.0110 16.2 227 
 KVCH SZ  IAML     140  4.29      2036.2 0.31                                   
 FRMZ SZ IPg    D  140  0.00                             120    0.0210 17.7 305 
 FRMZ SZ ESg       140  3.03                             120    0.0810 17.7 305 
 FRMZ SZ  IAML     140  4.59      6215.0 0.08                                   
 BLVR SZ IPg    D  140  0.64                             112   -0.1210 22.5 146 
 BLVR SZ ESg       140  4.41                             112    0.1010 22.5 146 
 VRDN SZ IPg    C  140  0.56                             112   -0.0610 23.0  87 
 VRDN SZ ESg       140  4.24                             112    0.1810 23.0  87 
 VRDN SZ  IAML     140  4.51      5130.2 0.21                                   
 AZGN SZ IPg    C  140  0.57                             112   -0.0210 23.3  61 
 AZGN SZ ESg       140  4.00                             112   -0.0210 23.3  61 
 AZGN SZ  IAML     140  4.35      7700.6 0.13                                   
 NMVR SZ IPg    D  140  0.79                             110   -0.0710 24.2 126 
 NMVR SZ ESg       140  4.62                             110    0.1310 24.2 126 
 GOLJ SZ IPg    D  140  1.11                             109    0.0010 26.0 265 
 GOLJ SZ ESg       140  5.07                             109    0.1610 26.0 265 
 GOLJ SZ  IAML     140  6.02      1269.1 0.10                                   
 HRS  SZ IPg    D  140  1.48                             104   -0.1210 31.1 113 
 MGSL SZ IPg    D  140  2.02                             103   -0.0510 31.8 124 
 MGSL SZ ESg       140  6.54                             103   -0.0510 31.8 124 
 KRNG SZ IPg    C  140  2.30                             101   -0.0110 34.4  88 
 KRNG SZ ESg       140  7.12                             101    0.1110 34.4  88 
 TBZ  SZ IPg    C  140  5.43                              95    0.0510 54.0 247 
 MRD  SZ IPg    D  140 11.43                              92   -0.24 8 93.8 290 
 SHB  SZ IPg    D  140 12.44                              92    0.06 8 97.5 261 
 AZR  SZ IPg    C  140 13.83                              92    0.19 7  105 218 
 SRB  SZ IPg  4 D  140 13.33                              91   -0.34 0  107 129 
                                                                                
 2012  815  145 32.1 L  38.423  46.732 10.4  THM 13 0.1 1.4LTHM                1
 GAP=73    THM  0.27       0.6     0.5  1.0 -2.1960e-02                        E
      10.5      65.4      39.0                 0.0                <bu  FOCMEC  F
 Action:ARG 25-08-12 12:51 OP:OBSP STATUS:               ID:20120815014532     I
 OLDACT:ARG 14-11-22 00:27 OP:ahal STATUS:               ID:20120815014532 L   3
 2012-08-15-0144-34S.AHAR__036                                                 6
 STAT SP IPHASW D HRMM SECON CODA AMPLIT PERI AZIMU VELO AIN AR TRES W  DIS CAZ7
 ZANG SZ IPg    C  145 34.13                             176   -0.1010 0.75 345 
 ZANG SZ ESg       145 35.73                             176   -0.0410 0.75 345 
 ZANG SZ  IAML     145 35.98       240.7 0.20                                   
 HIGH SZ IPg    D  145 34.89                             132   -0.0710 10.7 210 
 HIGH SZ ESg       145 37.06                             132    0.0210 10.7 210 
 HIGH SZ  IAML     145 37.27       407.5 0.11                                   
 SRND SZ IPg    C  145 35.77                             117   -0.0410 16.5 220 
 SRND SZ ESg       145 38.50                             117   -0.0310 16.5 220 
 SRND SZ  IAML     145 40.96        42.3 0.33                                   
 KVCH SZ IPg    C  145 35.84                             116   -0.0410 16.9 232 
 KVCH SZ ESg       145 38.71                             116    0.0610 16.9 232 
 KVCH SZ  IAML     145 41.02        50.9 0.33                                   
 FRMZ SZ IPg    D  145 36.21                             112   -0.0410 19.2 304 
 FRMZ SZ ESg       145 39.40                             112    0.1010 19.2 304 
 BLVR SZ IPg    D  145 36.69                             108    0.0310 21.3 148 
 BLVR SZ ESg  4    145 40.64                             108    0.63 0 21.3 148 
 VRDN SZ IPg    C  145 36.46                             107   -0.0610 21.7  85 
 VRDN SZ ESg       145 39.88                             107    0.1310 21.7  85 
 AZGN SZ IPg    C  145 36.52                             107   -0.0410 22.4  58 
 AZGN SZ ESg       145 39.83                             107    0.0010 22.4  58 
 AZGN SZ  IAML     145 40.18       146.4 0.04                                   
 NMVR SZ IPg    D  145 36.71                             106   -0.0310 22.7 127 
 NMVR SZ ESg       145 40.29                             106    0.1410 22.7 127 
 GOLJ SZ IPg    D  145 37.35                             101   -0.0710 27.3 267 
 GOLJ SZ ESg       145 41.51                             101    0.1810 27.3 267 
 GOLJ SZ  IAML     145 42.63       106.9 0.15                                   
 HRS  SZ IPg    D  145 37.37                              99   -0.1210 29.6 113 
 MGSL SZ IPg    D  145 37.91                              98   -0.0610 30.4 124 
 MGSL SZ ESg       145 42.33                              98    0.0410 30.4 124 
 KRNG SZ IPg       145 38.19                              95   -0.0510 33.0  87 
 KRNG SZ ESg       145 42.87                              95    0.1110 33.0  87 
                                                                                
 2012  815  146 48.3 L  38.407  46.670  4.0  THM 13 0.1 1.5LTHM                1
 GAP=100   THM  0.38       0.6     0.6  1.7 -7.0490e-02                        E
     177.0      82.7      -5.3                 0.0                <bu  FOCMEC  F
 Action:ARG 25-08-12 12:51 OP:OBSP STATUS:               ID:20120815014648     I
 OLDACT:ARG 14-11-22 00:27 OP:ahal STATUS:               ID:20120815014649dL   3
 2012-08-15-0145-42S.AHAR__039                                                 6
 STAT SP IPHASW D HRMM SECON CODA AMPLIT PERI AZIMU VELO AIN AR TRES W  DIS CAZ7
 ZANG SZ IPg    C  146 49.87                             128    0.0110 5.81  63 
 ZANG SZ ESg       146 51.13                             128    0.1410 5.81  63 
 ZANG SZ  IAML     146 51.61       288.2 0.20                                   
 HIGH SZ IPg    C  146 50.03                             119   -0.0810 7.39 180 
 HIGH SZ ESg       146 51.48                             119    0.0610 7.39 180 
 HIGH SZ  IAML     146 51.65      1135.6 0.20                                   
 KVCH SZ IPg    C  146 50.87                             106   -0.0510 11.6 223 
 KVCH SZ ESg       146 52.96                             106    0.1310 11.6 223 
 SRND SZ IPg    C  146 50.93                             105   -0.0410 11.9 206 
 SRND SZ ESg       146 53.03                             105    0.1210 11.9 206 
 FRMZ SZ IPg    D  146 51.93                             100    0.1310 16.4 320 
 FRMZ SZ ESg       146 54.65                             100    0.2910 16.4 320 
 FRMZ SZ  IAML     146 56.49       173.5 0.17                                   
 ORNG SZ IPg    C  146 52.22                              98   -0.0810 19.0  61 
 ORNG SZ ESg       146 55.07                              98   -0.1510 19.0  61 
 GOLJ SZ IPg    D  146 52.70                              97    0.0110 21.9 271 
 GOLJ SZ ESg  4    146 56.34                              97    0.44 0 21.9 271 
 GOLJ SZ  IAML     146 56.79        59.0 0.25                                   
 BLVR SZ IPg    D  146 52.94                              96   -0.1510 23.2 134 
 BLVR SZ ESg       146 56.72                              96    0.1210 23.2 134 
 NMVR SZ IPg    D  146 53.35                              95   -0.1510 26.4 117 
 NMVR SZ ESg       146 57.40                              95    0.0810 26.4 117 
 VRDN SZ IPg    C  146 53.38                              95   -0.2210 27.3  82 
 VRDN SZ ESg       146 57.54                              95    0.0410 27.3  82 
 VRDN SZ  IAML     146 58.04        72.8 0.17                                   
 AZGN SZ IPg    C  146 53.51                              95   -0.1510 28.0  61 
 AZGN SZ ESg       146 57.53                              95   -0.0710 28.0  61 
 AZGN SZ  IAML     146 57.86       117.3 0.17                                   
 MGSL SZ IPg       146 54.84                              94   -0.0810 34.1 116 
 MGSL SZ ESg       146 59.91                              94    0.1210 34.1 116 
 HRS  SZ IPg  4 D  146 54.10                              94   -0.44 0 34.1 107 
                                                                                
 2012  815  2 4 38.1 L  38.385  46.653  4.1  THM 13 0.1 1.8LTHM                1
 GAP=84    THM  0.32       0.6     0.6  1.6 -5.4390e-02                        E
       4.1      81.9      25.9                 0.0                <bu  FOCMEC  F
 Action:ARG 25-08-12 12:51 OP:OBSP STATUS:               ID:20120815020438     I
 OLDACT:ARG 14-11-22 00:27 OP:ahal STATUS:               ID:20120815020438 L   3
 2012-08-15-0203-11S.AHAR__039                                                 6
 STAT SP IPHASW D HRMM SECON CODA AMPLIT PERI AZIMU VELO AIN AR TRES W  DIS CAZ7
 HIGH SZ IPg    D  2 4 39.43                             132   -0.1410 5.22 164 
 HIGH SZ ESg       2 4 40.60                             132   -0.0610 5.22 164 
 ZANG SZ IPg    C  2 4 39.93                             116   -0.0910 8.35  53 
 ZANG SZ ESg       2 4 41.52                             116    0.0910 8.35  53 
 ZANG SZ  IAML     2 4 42.51       572.4 0.26                                   
 KVCH SZ IPg    C  2 4 40.14                             114   -0.1010 8.85 226 
 KVCH SZ ESg       2 4 41.98                             114    0.1710 8.85 226 
 SRND SZ IPg    C  2 4 40.22                             113   -0.0510 9.15 204 
 SRND SZ ESg       2 4 42.02                             113    0.1510 9.15 204 
 FRMZ SZ IPg    D  2 4 41.75                              99   -0.0110 17.5 329 
 FRMZ SZ ESg       2 4 44.60                              99    0.1510 17.5 329 
 FRMZ SZ  IAML     2 4 45.74       750.1 0.13                                   
 GOLJ SZ IPg    D  2 4 42.23                              98    0.0110 20.6 278 
 GOLJ SZ ESg  4    2 4 45.74                              98    0.47 0 20.6 278 
 GOLJ SZ  IAML     2 4 49.21       230.1 0.32                                   
 ORNG SZ IPg    C  2 4 42.43                              97   -0.0810 21.5  57 
 ORNG SZ ESg       2 4 45.81                              97    0.0510 21.5  57 
 BLVR SZ IPg    D  2 4 42.88                              97    0.0910 22.8 127 
 BLVR SZ ESg  4    2 4 47.04                              97    0.79 0 22.8 127 
 NMVR SZ IPg    D  2 4 43.34                              95   -0.0110 26.8 111 
 NMVR SZ ESg       2 4 47.26                              95    0.0310 26.8 111 
 NMVR SZ  IAML     2 4 49.17       282.5 0.16                                   
 VRDN SZ IPg    C  2 4 43.61                              95   -0.1010 29.2  78 
 VRDN SZ ESg       2 4 47.93                              95    0.0810 29.2  78 
 AZGN SZ IPg    C  2 4 43.74                              95   -0.1410 30.5  58 
 AZGN SZ ESg       2 4 48.21                              95    0.0710 30.5  58 
 MGSL SZ IPg    D  2 4 44.79                              94    0.0210 34.5 112 
 MGSL SZ ESg  4    2 4 50.30                              94    0.61 0 34.5 112 
 MGSL SZ  IAML     2 4 51.01        87.9 0.16                                   
 KRNG SZ IPg    C  2 4 45.43                              93   -0.2310 40.3  81 
 KRNG SZ ESg       2 4 51.35                              93    0.1010 40.3  81 
 KRNG SZ  IAML     2 4 52.53        96.2 0.16                                   
                                                                                
 2012  815  222 39.5 L  38.387  46.745 10.5  THM 13 0.1 1.7LTHM                1
 GAP=87    THM  0.27       0.5     0.4  1.0 -2.2770e-02                        E
       7.5      51.6      12.2                 0.0                <bu  FOCMEC  F
 Action:ARG 25-08-12 12:51 OP:OBSP STATUS:               ID:20120815022239     I
 OLDACT:ARG 14-11-22 00:27 OP:ahal STATUS:               ID:20120815022239 L   3
 2012-08-15-0220-53S.AHAR__036                                                 6
 STAT SP IPHASW D HRMM SECON CODA AMPLIT PERI AZIMU VELO AIN AR TRES W  DIS CAZ7
 ZANG SZ IPg    C  222 41.65                             155   -0.0910 4.92 344 
 ZANG SZ ESg       222 43.37                             155   -0.0510 4.92 344 
 ZANG SZ  IAML     222 43.70       579.6 0.24                                   
 HIGH SZ IPg    D  222 41.91                             140   -0.1410 8.42 231 
 HIGH SZ ESg       222 43.95                             140   -0.0010 8.42 231 
 SRND SZ IPg    C  222 42.82                             122   -0.0710 14.6 234 
 SRND SZ ESg       222 45.50                             122    0.0810 14.6 234 
 SRND SZ  IAML     222 46.02       160.1 0.14                                   
 ORNG SZ IPg    C  222 43.01                             120   -0.0610 15.2  41 
 ORNG SZ ESg       222 45.85                             120    0.1210 15.2  41 
 KVCH SZ IPg    C  222 43.03                             119   -0.0410 15.8 246 
 KVCH SZ ESg       222 45.93                             119    0.2010 15.8 246 
 KVCH SZ  IAML     222 46.54       179.8 0.31                                   
 BLVR SZ IPg    D  222 43.37                             116   -0.0510 17.3 145 
 BLVR SZ ESg  4    222 46.84                             116    0.50 0 17.3 145 
 NMVR SZ IPg    D  222 43.61                             112    0.0110 19.6 120 
 NMVR SZ ESg       222 46.58                             112   -0.0910 19.6 120 
 NMVR SZ  IAML     222 51.11       140.5 0.31                                   
 VRDN SZ IPg    C  222 43.78                             109   -0.0110 21.3  74 
 VRDN SZ ESg       222 47.00                             109    0.0110 21.3  74 
 VRDN SZ  IAML     222 48.60       216.9 0.35                                   
 FRMZ SZ IPg    D  222 44.05                             107   -0.0410 22.5 311 
 FRMZ SZ ESg       222 47.56                             107    0.0610 22.5 311 
 FRMZ SZ  IAML     222 48.91       371.5 0.21                                   
 AZGN SZ IPg    C  222 44.05                             105   -0.0710 23.9  48 
 AZGN SZ ESg       222 47.62                             105    0.0610 23.9  48 
 HRS  SZ IPg    D  222 44.53                             102    0.0910 27.2 107 
 MGSL SZ IPg    D  222 44.81                             102   -0.0210 27.3 118 
 MGSL SZ ESg       222 48.92                             102    0.1210 27.3 118 
 MGSL SZ  IAML     222 50.50        61.0 0.17                                   
 GOLJ SZ IPg    D  222 44.88                             101   -0.0610 28.5 275 
 GOLJ SZ ESg       222 49.02                             101    0.0310 28.5 275 
 GOLJ SZ  IAML     222 50.99       109.6 0.42                                   
                                                                                
 2012  815  224 22.7 L  38.413  46.799 12.8  THM 13 0.1 1.9LTHM                1
 GAP=93    THM  0.26       0.5     0.4  1.1 -1.4750e-02                        E
     311.4      54.5       6.5                 0.0                <bu  FOCMEC  F
 Action:ARG 25-08-12 12:51 OP:OBSP STATUS:               ID:20120815022422     I
 OLDACT:ARG 14-11-22 00:27 OP:ahal STATUS:               ID:20120815022422 L   3
 2012-08-15-0222-19S.AHAR__045                                                 6
 STAT SP IPHASW D HRMM SECON CODA AMPLIT PERI AZIMU VELO AIN AR TRES W  DIS CAZ7
 ZANG SZ IPg    C  224 25.30                             154   -0.1010 6.35 287 
 ZANG SZ ESg       224 27.46                             154    0.0610 6.35 287 
 ZANG SZ  IAML     224 27.74       436.0 0.10                                   
 ORNG SZ IPg    C  224 25.86                             141   -0.0610 10.0  32 
 ORNG SZ ESg       224 28.26                             141   -0.0510 10.0  32 
 HIGH SZ IPg    D  224 26.06                             131   -0.0810 13.9 234 
 HIGH SZ ESg       224 28.55                             131   -0.1410 13.9 234 
 HIGH SZ  IAML     224 29.05       274.8 0.15                                   
 VRDN SZ IPg    D  224 26.46                             126    0.0110 16.0  79 
 VRDN SZ ESg       224 29.18                             126   -0.0510 16.0  79 
 NMVR SZ IPg    D  224 26.64                             123   -0.0810 17.5 136 
 NMVR SZ ESg       224 29.80                             123    0.1010 17.5 136 
 NMVR SZ  IAML     224 31.54        78.8 0.16                                   
 BLVR SZ IPg    C  224 26.76                             123   -0.1310 17.8 163 
 BLVR SZ ESg       224 30.10                             123    0.1110 17.8 163 
 BLVR SZ  IAML     224 30.31       276.2 0.06                                   
 AZGN SZ IPg    D  224 26.70                             121   -0.0110 18.5  45 
 AZGN SZ ESg       224 29.68                             121   -0.0110 18.5  45 
 AZGN SZ  IAML     224 30.10       844.6 0.13                                   
 SRND SZ IPg    D  224 27.03                             119   -0.0210 20.1 235 
 SRND SZ ESg       224 30.26                             119   -0.0210 20.1 235 
 KVCH SZ IPg    D  224 27.27                             117    0.0410 21.3 244 
 KVCH SZ ESg       224 30.72                             117    0.1310 21.3 244 
 HRS  SZ IPg    D  224 27.30                             114    0.0110 23.8 116 
 HRS  SZ ESg       224 30.78                             114    0.1010 23.8 116 
 FRMZ SZ IPg    C  224 27.80                             113    0.0210 24.8 299 
 FRMZ SZ ESg       224 31.68                             113    0.1410 24.8 299 
 FRMZ SZ  IAML     224 32.48       246.0 0.15                                   
 MGSL SZ IPg    D  224 27.73                             112   -0.0910 25.0 129 
 MGSL SZ ESg       224 31.58                             112   -0.0210 25.0 129 
 KRNG SZ IPg    D  224 28.06                             110    0.0510 27.3  84 
 KRNG SZ ESg       224 32.02                             110    0.0810 27.3  84 
                                                                                
 2012  815  227 22.4 L  38.396  46.698  3.7  THM 13 0.1 1.8LTHM                1
 GAP=79    THM  0.39       0.7     0.7  1.7 -2.0260e-01                        E
      24.7      71.2      68.8                 0.0                <bu  FOCMEC  F
 Action:ARG 25-08-12 12:51 OP:OBSP STATUS:               ID:20120815022722     I
 OLDACT:ARG 14-11-22 00:27 OP:ahal STATUS:               ID:20120815022722 L   3
 2012-08-15-0225-58S.AHAR__036                                                 6
 STAT SP IPHASW D HRMM SECON CODA AMPLIT PERI AZIMU VELO AIN AR TRES W  DIS CAZ7
 ZANG SZ IPg    C  227 23.59                             133   -0.1610 4.70  36 
 ZANG SZ ESg       227 24.78                             133    0.0510 4.70  36 
 HIGH SZ IPg    C  227 23.85                             120   -0.1910 6.67 202 
 HIGH SZ ESg       227 25.18                             120   -0.0610 6.67 202 
 SRND SZ IPg    C  227 25.05                             103   -0.0310 12.2 219 
 SRND SZ ESg       227 27.34                             103    0.2910 12.2 219 
 KVCH SZ IPg    D  227 25.09                             103   -0.0710 12.6 235 
 KVCH SZ ESg       227 27.40                             103    0.2110 12.6 235 
 ORNG SZ IPg    C  227 26.05                              98   -0.0610 17.6  53 
 ORNG SZ ESg       227 29.00                              98    0.1510 17.6  53 
 ORNG SZ  IAML     227 30.53       101.0 0.33                                   
 FRMZ SZ IPg    D  227 26.27                              97   -0.0210 18.9 317 
 FRMZ SZ ESg  4    227 29.57                              97    0.40 0 18.9 317 
 FRMZ SZ  IAML     227 30.36       509.4 0.13                                   
 BLVR SZ IPg    D  227 26.70                              96   -0.0010 20.7 137 
 BLVR SZ ESg       227 29.78                              96   -0.1010 20.7 137 
 NMVR SZ IPg    D  227 27.05                              95   -0.0410 23.6 117 
 NMVR SZ ESg       227 30.68                              95    0.1310 23.6 117 
 NMVR SZ  IAML     227 32.43       166.9 0.18                                   
 GOLJ SZ IPg    D  227 27.11                              95   -0.0710 24.4 274 
 GOLJ SZ ESg  4    227 31.13                              95    0.42 0 24.4 274 
 VRDN SZ IPg    C  227 27.23                              95   -0.0510 25.1  79 
 VRDN SZ ESg  4    227 31.35                              95    0.47 0 25.1  79 
 AZGN SZ IPg    C  227 27.40                              94   -0.0710 26.5  56 
 AZGN SZ ESg       227 31.44                              94    0.2210 26.5  56 
 AZGN SZ  IAML     227 31.80       407.6 0.15                                   
 MGSL SZ IPg    D  227 28.45                              94   -0.0610 31.4 116 
 MGSL SZ ESg  4    227 33.53                              94    0.51 0 31.4 116 
 KRNG SZ IPg       227 29.05                              93   -0.1910 36.3  82 
 KRNG SZ ESg       227 34.40                              93    0.1110 36.3  82 
 KRNG SZ  IAML     227 34.71       104.0 0.15                                   
                                                                                
 2012  815  239 12.0 L  38.406  46.842  9.2  THM 14 0.1 2.0LTHM                1
 GAP=73    THM  0.31       0.5     0.5  1.4  3.2880e-03                        E
     196.8      63.8      15.2                 0.0                <bu  FOCMEC  F
 Action:ARG 25-08-12 12:51 OP:OBSP STATUS:               ID:20120815023912     I
 OLDACT:ARG 14-11-22 00:27 OP:ahal STATUS:               ID:20120815023912 L   3
 2012-08-15-0237-13S.AHAR__045                                                 6
 STAT SP IPHASW D HRMM SECON CODA AMPLIT PERI AZIMU VELO AIN AR TRES W  DIS CAZ7
 ORNG SZ IPg    D  239 14.67                             133   -0.0510 9.47   9 
 ORNG SZ ESg       239 16.71                             133   -0.0310 9.47   9 
 ZANG SZ IPg    C  239 14.48                             131   -0.1010 10.1 285 
 ZANG SZ ESg       239 16.47                             131   -0.0410 10.1 285 
 ZANG SZ  IAML     239 17.10       674.3 0.09                                   
 VRDN SZ IPg    C  239 14.95                             123   -0.0110 12.6  72 
 VRDN SZ ESg       239 17.09                             123   -0.0710 12.6  72 
 VRDN SZ  IAML     239 18.26       629.6 0.12                                   
 NMVR SZ IPg    D  239 15.18                             119   -0.1110 14.5 144 
 NMVR SZ ESg       239 17.90                             119    0.1510 14.5 144 
 NMVR SZ  IAML     239 21.56       178.2 0.50                                   
 BLVR SZ IPg    D  239 15.49                             115   -0.1910 16.3 174 
 BLVR SZ ESg       239 18.55                             115    0.1310 16.3 174 
 BLVR SZ  IAML     239 18.74       923.0 0.12                                   
 AZGN SZ  IAML     239 18.58      1106.2 0.09                                   
 HIGH SZ IPg    C  239 15.36                             115   -0.1310 16.7 244 
 HIGH SZ ESg       239 18.04                             115   -0.0510 16.7 244 
 HIGH SZ  IAML     239 18.82       252.1 0.16                                   
 AZGN SZ IPg    C  239 15.48                             114    0.0010 16.7  34 
 AZGN SZ ESg       239 18.19                             114    0.1210 16.7  34 
 HRS  SZ IPg  4 D  239 15.56                             110   -0.25 0 20.1 119 
 MGSL SZ IPg    D  239 16.28                             108   -0.1310 21.6 134 
 MGSL SZ ESg       239 19.75                             108    0.0610 21.6 134 
 SRND SZ IPg    C  239 16.49                             106   -0.0410 22.9 242 
 SRND SZ ESg       239 20.06                             106    0.1610 22.9 242 
 KRNG SZ IPg    C  239 16.64                             105    0.0610 23.7  81 
 KRNG SZ ESg       239 20.07                             105    0.0810 23.7  81 
 KRNG SZ  IAML     239 20.17       361.7 0.20                                   
 KVCH SZ IPg    C  239 16.81                             105    0.0310 24.4 250 
 KVCH SZ ESg  4    239 20.65                             105    0.31 0 24.4 250 
 FRMZ SZ IPg    D  239 17.39                             102   -0.0710 28.5 297 
 FRMZ SZ ESg       239 21.68                             102    0.1610 28.5 297 
 FRMZ SZ  IAML     239 23.14       199.9 0.21                                   
 GOLJ SZ IPg    C  239 18.74                              98    0.0110 36.9 271 
 GOLJ SZ ESg       239 23.82                              98    0.0910 36.9 271 
                                                                                
 2012  815  241 53.8 L  38.426  46.719 11.6  THM 13 0.1 1.5LTHM                1
 GAP=114   THM  0.24       0.5     0.4  0.9 -3.7250e-02                        E
       9.0      65.8      18.3                 0.0                <bu  FOCMEC  F
 Action:ARG 25-08-12 12:51 OP:OBSP STATUS:               ID:20120815024153     I
 OLDACT:ARG 14-11-22 00:27 OP:ahal STATUS:               ID:20120815024153 L   3
 2012-08-15-0240-50S.AHAR__030                                                 6
 STAT SP IPHASW D HRMM SECON CODA AMPLIT PERI AZIMU VELO AIN AR TRES W  DIS CAZ7
 ZANG SZ IPg    C  241 55.99                             175   -0.1310 1.10  63 
 ZANG SZ ESg       241 57.75                             175   -0.0610 1.10  63 
 ZANG SZ  IAML     242  0.15        96.7 0.20                                   
 HIGH SZ IPg    D  241 56.68                             137   -0.0610 10.4 204 
 HIGH SZ ESg       241 58.87                             137   -0.0310 10.4 204 
 ORNG SZ IPg    C  241 57.34                             126   -0.0610 14.2  60 
 ORNG SZ ESg       242  0.14                             126    0.0910 14.2  60 
 ORNG SZ  IAML     242  1.51        64.4 0.19                                   
 SRND SZ IPg    C  241 57.48                             123   -0.0410 16.0 217 
 SRND SZ ESg       242  0.29                             123    0.0310 16.0 217 
 SRND SZ  IAML     242  0.61        71.6 0.09                                   
 KVCH SZ IPg    C  241 57.52                             123   -0.0410 16.1 229 
 KVCH SZ ESg       242  0.45                             123    0.1210 16.1 229 
 FRMZ SZ IPg    D  241 57.84                             119   -0.0310 18.1 305 
 FRMZ SZ ESg       242  0.96                             119    0.1010 18.1 305 
 BLVR SZ IPg    D  241 58.51                             112   -0.0310 22.1 146 
 BLVR SZ ESg  4    242  2.53                             112    0.50 0 22.1 146 
 VRDN SZ IPg    C  241 58.39                             111   -0.0510 22.9  86 
 VRDN SZ ESg       242  1.94                             111    0.0910 22.9  86 
 VRDN SZ  IAML     242  2.33       233.7 0.20                                   
 AZGN SZ IPg    C  241 58.38                             110   -0.0610 23.3  60 
 AZGN SZ ESg       242  1.87                             110    0.0110 23.3  60 
 AZGN SZ  IAML     242  2.16       269.2 0.08                                   
 NMVR SZ IPg    D  241 58.65                             110   -0.0010 23.8 126 
 NMVR SZ ESg       242  2.23                             110    0.0110 23.8 126 
 GOLJ SZ IPg    D  241 58.93                             108   -0.0510 26.1 266 
 GOLJ SZ ESg       242  2.90                             108    0.1110 26.1 266 
 GOLJ SZ  IAML     242  4.13       103.2 0.08                                   
 MGSL SZ IPg    D  241 59.83                             103   -0.0410 31.5 123 
 MGSL SZ ESg       242  4.45                             103    0.1110 31.5 123 
 KRNG SZ IPg    C  242  0.11                             100   -0.0310 34.2  87 
 KRNG SZ ESg       242  4.88                             100    0.0710 34.2  87 
                                                                                
 2012  815  245 44.4 L  38.425  46.711 11.8  THM 12 0.1 1.3LTHM                1
 GAP=114   THM  0.22       0.6     0.5  0.9 -1.0130e-01                        E
       0.4      66.1      13.0                 0.0                <bu  FOCMEC  F
 Action:ARG 25-08-12 12:51 OP:OBSP STATUS:               ID:20120815024544     I
 OLDACT:ARG 14-11-22 00:27 OP:ahal STATUS:               ID:20120815024544 L   3
 2012-08-15-0244-23S.AHAR__036                                                 6
 STAT SP IPHASW D HRMM SECON CODA AMPLIT PERI AZIMU VELO AIN AR TRES W  DIS CAZ7
 ZANG SZ IPg    C  245 46.58                             172   -0.1110 1.78  71 
 ZANG SZ ESg       245 48.40                             172   -0.0110 1.78  71 
 ZANG SZ  IAML     245 48.70       179.5 0.10                                   
 HIGH SZ IPg    D  245 47.21                             139   -0.0510 10.1 201 
 HIGH SZ ESg       245 49.42                             139    0.0110 10.1 201 
 HIGH SZ  IAML     245 49.57       125.1 0.19                                   
 ORNG SZ IPg    C  245 47.98                             125   -0.0610 14.9  61 
 ORNG SZ ESg       245 50.77                             125    0.0110 14.9  61 
 KVCH SZ IPg    C  245 48.04                             124    0.0010 15.5 227 
 KVCH SZ ESg       245 50.86                             124    0.1010 15.5 227 
 KVCH SZ  IAML     245 51.25        60.9 0.19                                   
 SRND SZ IPg       245 47.96                             124   -0.0510 15.5 215 
 SRND SZ  IAML     245 53.12        66.7 0.10                                   
 FRMZ SZ IPg    D  245 48.38                             120    0.0310 17.5 307 
 FRMZ SZ ESg       245 51.32                             120    0.0310 17.5 307 
 FRMZ SZ  IAML     245 52.88       253.7 0.16                                   
 VRDN SZ IPg    D  245 49.11                             110    0.0210 23.6  86 
 VRDN SZ ESg       245 52.69                             110    0.1110 23.6  86 
 VRDN SZ  IAML     245 55.83        83.5 0.29                                   
 AZGN SZ IPg    C  245 49.03                             110   -0.0510 23.9  61 
 AZGN SZ ESg       245 52.59                             110    0.0210 23.9  61 
 NMVR SZ IPg    D  245 49.27                             110   -0.0110 24.4 125 
 GOLJ SZ IPg    D  245 49.43                             109    0.0110 25.4 266 
 GOLJ SZ  IAML     245 54.41        43.6 0.00                                   
 MGSL SZ IPg    D  245 50.47                             103   -0.0310 32.0 122 
 KRNG SZ IPg    D  245 50.83                             100    0.0410 34.9  87 
 KRNG SZ  IAML     245 55.70        28.6 0.22                                   
                                                                                
 2012  815  253 43.6 L  38.411  46.772  9.2  THM 12 0.1 1.5LTHM                1
 GAP=99    THM  0.29       0.5     0.5  1.2 -1.7950e-02                        E
     203.7      65.4      27.2                 0.0                <bu  FOCMEC  F
 Action:ARG 25-08-12 12:51 OP:OBSP STATUS:               ID:20120815025343     I
 OLDACT:ARG 14-11-22 00:27 OP:ahal STATUS:               ID:20120815025343 L   3
 2012-08-15-0251-43S.AHAR__042                                                 6
 STAT SP IPHASW D HRMM SECON CODA AMPLIT PERI AZIMU VELO AIN AR TRES W  DIS CAZ7
 ZANG SZ IPg    C  253 45.57                             156   -0.0910 4.20 300 
 ZANG SZ ESg       253 47.15                             156   -0.0210 4.20 300 
 ZANG SZ  IAML     253 47.71       182.2 0.25                                   
 ORNG SZ IPg    C  253 46.66                             126    0.0210 11.7  41 
 ORNG SZ ESg       253 49.00                             126    0.1310 11.7  41 
 ORNG SZ  IAML     253 49.95        89.0 0.27                                   
 HIGH SZ IPg    C  253 46.35                             126   -0.1210 11.9 228 
 HIGH SZ ESg       253 48.48                             126   -0.0910 11.9 228 
 HIGH SZ  IAML     253 48.68       588.4 0.15                                   
 SRND SZ IPg    C  253 47.37                             112   -0.0810 18.0 232 
 SRND SZ ESg       253 50.32                             112    0.0510 18.0 232 
 BLVR SZ IPg       253 47.67                             112    0.0110 18.5 155 
 BLVR SZ ESg       253 50.77                             112    0.1310 18.5 155 
 BLVR SZ  IAML     253 51.39       221.3 0.10                                   
 VRDN SZ IPg    C  253 47.47                             111    0.0210 18.5  80 
 VRDN SZ ESg       253 50.25                             111   -0.0310 18.5  80 
 VRDN SZ  IAML     253 51.10       129.4 0.20                                   
 KVCH SZ IPg    C  253 47.55                             111   -0.0610 19.0 242 
 KVCH SZ ESg       253 50.76                             111    0.2110 19.0 242 
 NMVR SZ IPg    D  253 47.62                             110   -0.0110 19.2 130 
 NMVR SZ ESg       253 50.41                             110   -0.1810 19.2 130 
 AZGN SZ IPg    C  253 47.72                             109    0.0310 20.4  50 
 AZGN SZ ESg       253 50.66                             109   -0.0310 20.4  50 
 AZGN SZ  IAML     253 51.12       212.8 0.07                                   
 FRMZ SZ IPg    D  253 48.18                             106   -0.0510 22.8 302 
 FRMZ SZ ESg       253 51.68                             106    0.0510 22.8 302 
 FRMZ SZ  IAML     253 52.30       116.7 0.17                                   
 MGSL SZ IPg    D  253 48.85                             103   -0.0110 26.8 126 
 MGSL SZ ESg       253 52.87                             103    0.1410 26.8 126 
 MGSL SZ  IAML     253 53.72        26.4 0.17                                   
 GOLJ SZ IPg    C  253 49.33                             101   -0.0810 30.7 270 
 GOLJ SZ ESg       253 53.75                             101    0.0710 30.7 270 
 GOLJ SZ  IAML     253 54.11        44.1 0.22                                   
                                                                                
 2012  815  341 31.0 L  38.410  46.769 10.1  THM 18 0.1 3.6LTHM                1
 GAP=107   THM  0.31       0.6     0.4  1.1 -2.4430e-02                        E
      15.4      60.2      19.3                 0.0                <bu  FOCMEC  F
 Action:ARG 25-08-12 12:51 OP:OBSP STATUS:               ID:20120815034131     I
 OLDACT:ARG 14-11-22 00:27 OP:ahal STATUS:               ID:20120815034131 L   3
 2012-08-15-0339-06S.AHAR__023                                                 6
 STAT SP IPHASW D HRMM SECON CODA AMPLIT PERI AZIMU VELO AIN AR TRES W  DIS CAZ7
 ZANG SZ IPg    C  341 33.06                             159   -0.1410 4.01 303 
 ZANG SZ ESg       341 34.86                             159    0.0610 4.01 303 
 HIGH SZ IPg    C  341 33.80                             130   -0.1410 11.6 228 
 HIGH SZ ESg       341 36.07                             130   -0.0110 11.6 228 
 HIGH SZ  IAML     341 36.41     28585.1 0.10                                   
 SRND SZ IPg    C  341 34.76                             116   -0.1210 17.8 231 
 SRND SZ ESg       341 37.77                             116    0.0510 17.8 231 
 BLVR SZ IPg    D  341 35.03                             115   -0.1110 18.5 154 
 BLVR SZ ESg  4    341 38.49                             115    0.32 0 18.5 154 
 VRDN SZ IPg    C  341 34.94                             114   -0.0210 18.7  80 
 VRDN SZ ESg       341 37.89                             114    0.0210 18.7  80 
 KVCH SZ IPg    C  341 34.95                             115   -0.0910 18.7 242 
 KVCH SZ ESg       341 38.08                             115    0.0910 18.7 242 
 NMVR SZ IPg    D  341 35.05                             114   -0.0710 19.3 129 
 NMVR SZ ESg       341 38.28                             114    0.1410 19.3 129 
 AZGN SZ IPg    C  341 35.17                             112   -0.0210 20.7  50 
 AZGN SZ ESg       341 38.32                             112    0.0610 20.7  50 
 AZGN SZ  IAML     341 38.68     20098.7 0.23                                   
 FRMZ SZ IPg    D  341 35.62                             110   -0.0410 22.6 303 
 FRMZ SZ ESg       341 39.28                             110    0.2010 22.6 303 
 HRS  SZ IPg    D  341 35.71                             106   -0.1410 26.1 113 
 HRS  SZ IPg    D  341 35.72                             106           26.1 113 
 HRS  SN ESg       341 39.50                             106    0.1010 26.1 113 
 MGSL SZ IPg    D  341 36.27                             105   -0.0710 26.9 125 
 MGSL SZ ESg       341 40.37                             105    0.1210 26.9 125 
 KRNG SZ IPg    C  341 36.67                             103    0.0010 30.0  84 
 KRNG SZ ESg       341 40.89                             103    0.0610 30.0  84 
 GOLJ SZ IPg    C  341 36.75                             103   -0.0610 30.4 270 
 GOLJ SZ ESg       341 41.21                             103    0.1410 30.4 270 
 GOLJ SZ  IAML     341 42.60      6094.3 0.35                                   
 TBZ  SZ IPg    C  341 40.99                              95   -0.0610 57.5 250 
 TBZ  SZ ESg  4    341 48.83                              95    0.37 0 57.5 250 
 MRD  SZ IPg  4 D  341 47.25                              93   -0.48 0 98.8 290 
 SHB  SZ IPg    C  341 48.14                              93   -0.19 7  102 262 
 SHB  SZ ESg  4    342  1.72                              93    0.60 0  102 262 
 SRB  SZ IPg  4 D  341 47.66                              93   -0.54 0  102 129 
 AZR  SZ IPg    C  341 49.11                              93   -0.04 7  107 221 
 AZR  SZ ESg       342  2.84                              93    0.30 7  107 221 
                                                                                
 2012  815  344 30.6 L  38.388  46.690 13.2  THM 12 0.1                        1
 GAP=76    THM  0.31       0.7     0.6  1.2  2.4250e-02                        E
     182.6      43.9      32.0                 0.0                <bu  FOCMEC  F
 Action:ARG 25-08-12 12:51 OP:OBSP STATUS:               ID:20120815034430     I
 OLDACT:ARG 14-11-22 00:27 OP:ahal STATUS:               ID:20120815034430 L   3
 2012-08-15-0342-49S.AHAR__035                                                 6
 STAT SP IPHASW D HRMM SECON CODA AMPLIT PERI AZIMU VELO AIN AR TRES W  DIS CAZ7
 HIGH SZ IPg    C  344 33.26                             157   -0.0710 5.59 199 
 HIGH SZ ESg       344 35.31                             157   -0.0310 5.59 199 
 ZANG SZ IPg    C  344 33.25                             157   -0.0910 5.83  36 
 ZANG SZ ESg       344 35.46                             157    0.1010 5.83  36 
 SRND SZ IPg    C  344 33.89                             139   -0.0110 11.1 219 
 SRND SZ ESg       344 36.34                             139    0.0110 11.1 219 
 KVCH SZ IPg    C  344 33.94                             138   -0.0310 11.6 236 
 KVCH SZ ESg       344 36.59                             138    0.1410 11.6 236 
 FRMZ SZ IPg    D  344 34.80                             122   -0.1310 19.1 320 
 FRMZ SZ ESg       344 38.05                             122   -0.0710 19.1 320 
 BLVR SZ IPg    D  344 35.32                             119    0.1110 20.5 134 
 BLVR SZ ESg       344 38.34                             119   -0.2710 20.5 134 
 GOLJ SZ IPg    D  344 35.42                             115   -0.0910 23.7 276 
 GOLJ SZ ESg       344 39.26                             115    0.1310 23.7 276 
 NMVR SZ IPg    D  344 35.63                             115    0.0910 23.9 114 
 NMVR SZ ESg       344 39.14                             115   -0.0510 23.9 114 
 VRDN SZ IPg    D  344 35.78                             112    0.0110 25.9  77 
 VRDN SZ ESg       344 39.73                             112    0.1510 25.9  77 
 AZGN SZ IPg    C  344 35.91                             110   -0.0510 27.6  55 
 AZGN SZ ESg       344 39.86                             110   -0.0510 27.6  55 
 MGSL SZ IPg    D  344 36.86                             107    0.1210 31.6 114 
 KRNG SZ IPg    D  344 37.47                             103    0.0510 37.1  81 
 KRNG SZ ESg       344 42.47                             103    0.0010 37.1  81 
                                                                                
 2012  815  427 43.7 L  38.384  46.643  6.2  THM 13 0.1 1.8LTHM                1
 GAP=84    THM  0.32       0.7     0.7  1.3 -4.6710e-02                        E
      33.4      37.0      74.9                 0.0                <bu  FOCMEC  F
 Action:ARG 25-08-12 12:51 OP:OBSP STATUS:               ID:20120815042743     I
 OLDACT:ARG 14-11-22 00:27 OP:ahal STATUS:               ID:20120815042743 L   3
 2012-08-15-0426-28S.AHAR__030                                                 6
 STAT SP IPHASW D HRMM SECON CODA AMPLIT PERI AZIMU VELO AIN AR TRES W  DIS CAZ7
 HIGH SZ IPg    D  427 45.33                             139   -0.0910 5.40 154 
 HIGH SZ ESg       427 46.69                             139   -0.0110 5.40 154 
 KVCH SZ IPg    C  427 45.77                             125   -0.1010 8.11 223 
 KVCH SZ ESg       427 47.54                             125    0.0510 8.11 223 
 SRND SZ IPg    D  427 45.93                             121    0.0110 8.67 199 
 SRND SZ ESg       427 47.74                             121    0.1510 8.67 199 
 SRND SZ  IAML     427 48.39       484.0 0.10                                   
 ZANG SZ IPg    C  427 45.74                             120   -0.1410 9.18  56 
 ZANG SZ ESg       427 47.48                             120   -0.0210 9.18  56 
 FRMZ SZ IPg    D  427 47.22                              95   -0.0710 17.2 332 
 FRMZ SZ ESg       427 50.15                              95    0.1910 17.2 332 
 GOLJ SZ IPg    D  427 47.60                              93   -0.0310 19.7 279 
 GOLJ SZ ESg  4    427 51.06                              93    0.51 0 19.7 279 
 GOLJ SZ  IAML     427 54.42       256.8 0.37                                   
 ORNG SZ IPg    D  427 48.04                              92   -0.1310 22.3  58 
 ORNG SZ  IAML     427 52.62       140.4 0.27                                   
 BLVR SZ IPg    D  427 48.47                              92    0.0810 23.4 126 
 NMVR SZ EPg       427 48.85                              91   -0.0710 27.6 110 
 NMVR SZ  IAML     427 50.03       172.0 0.17                                   
 VRDN SZ IPg    D  427 49.16                              91   -0.1010 30.1  78 
 VRDN SZ ESg       427 53.57                              91    0.1810 30.1  78 
 AZGN SZ IPg    D  427 49.32                              91   -0.0810 31.3  59 
 AZGN SZ ESg       427 53.72                              91    0.0910 31.3  59 
 MGSL SZ IPg    D  427 50.24                              91    0.0210 35.3 111 
 KRNG SZ IPg    D  427 50.94                              91   -0.1010 41.3  81 
 KRNG SZ ESg       427 56.64                              91    0.1510 41.3  81 
 KRNG SZ  IAML     427 57.11       143.3 0.13                                   
                                                                                
 2012  815  429 39.7 L  38.417  46.800  8.6  THM 14 0.1 2.9LTHM                1
 GAP=95    THM  0.39       0.7     0.5  1.6 -1.9460e-02                        E
     350.9      63.0       0.0                 0.0                <bu  FOCMEC  F
 Action:ARG 25-08-12 12:51 OP:OBSP STATUS:               ID:20120815042939     I
 OLDACT:ARG 14-11-22 00:27 OP:ahal STATUS:               ID:20120815042940dL   3
 2012-08-15-0428-43S.AHAR__021                                                 6
 STAT SP IPHASW D HRMM SECON CODA AMPLIT PERI AZIMU VELO AIN AR TRES W  DIS CAZ7
 ZANG SZ IPg    C  429 41.65                             145   -0.2010 6.27 284 
 ZANG SZ ESg       429 43.23                             145   -0.1810 6.27 284 
 ORNG SZ IPg    C  429 42.45                             130    0.0110 9.69  33 
 ORNG SZ ESg       429 44.49                             130    0.0510 9.69  33 
 HIGH SZ IPg    C  429 42.68                             118   -0.1610 14.2 233 
 HIGH SZ ESg       429 45.09                             118   -0.0410 14.2 233 
 VRDN SZ IPg    D  429 43.08                             113   -0.0610 15.9  81 
 VRDN SZ ESg       429 45.82                             113    0.1610 15.9  81 
 VRDN SZ  IAML     429 48.37      7052.8 0.39                                   
 NMVR SZ IPg    D  429 43.39                             110   -0.1010 17.8 137 
 NMVR SZ ESg       429 46.45                             110    0.1710 17.8 137 
 NMVR SZ  IAML     429 47.47      1576.5 0.28                                   
 BLVR SZ IPg    D  429 43.51                             110   -0.1710 18.2 163 
 BLVR SZ ESg       429 46.78                             110    0.1710 18.2 163 
 AZGN SZ IPg    C  429 43.40                             110   -0.0210 18.2  46 
 AZGN SZ ESg       429 46.29                             110    0.1510 18.2  46 
 BLVR SZ  IAML     429 51.70      4407.1 0.35                                   
 SRND SZ IPg    C  429 43.79                             107   -0.0810 20.4 235 
 SRND SZ ESg       429 47.09                             107    0.1610 20.4 235 
 KVCH SZ IPg    C  429 44.01                             106   -0.0510 21.5 243 
 KVCH SZ ESg       429 47.45                             106    0.1910 21.5 243 
 KVCH SZ  IAML     429 48.90      2645.9 0.32                                   
 HRS  SZ IPg    D  429 43.91                             103   -0.2210 24.0 117 
 HRS  SZ ESg       429 47.42                             103    0.0310 24.0 117 
 FRMZ SZ IPg    D  429 44.52                             102   -0.0710 24.6 298 
 FRMZ SZ ESg       429 48.35                             102    0.1610 24.6 298 
 MGSL SZ IPg    D  429 44.56                             102   -0.1410 25.2 130 
 MGSL SZ ESg       429 48.45                             102    0.0810 25.2 130 
 MGSL SZ  IAML     429 49.00      1348.8 0.12                                   
 KRNG SZ IPg    D  429 44.87                             100    0.0010 27.2  84 
 KRNG SZ ESg       429 48.68                             100    0.0110 27.2  84 
 GOLJ SZ IPg    D  429 45.82                              98   -0.0610 33.2 269 
 GOLJ SZ ESg       429 50.65                              98    0.2110 33.2 269 
 GOLJ SZ  IAML     429 51.90      1824.2 0.30                                   
                                                                                
 2012  815  435 57.2 L  38.381  46.691  4.1  THM 14 0.1 1.7LTHM                1
 GAP=70    THM  0.34       0.6     0.6  1.4 -6.5440e-02                        E
     349.8      60.0      35.3                 0.0                <bu  FOCMEC  F
 Action:ARG 25-08-12 12:51 OP:OBSP STATUS:               ID:20120815043557     I
 OLDACT:ARG 14-11-22 00:27 OP:ahal STATUS:               ID:20120815043557 L   3
 2012-08-15-0433-10S.AHAR__054                                                 6
 STAT SP IPHASW D HRMM SECON CODA AMPLIT PERI AZIMU VELO AIN AR TRES W  DIS CAZ7
 HIGH SZ IPg    C  435 58.55                             134   -0.1110 4.85 202 
 HIGH SZ ESg       435 59.69                             134   -0.0210 4.85 202 
 ZANG SZ IPg    C  435 58.81                             125   -0.0610 6.47  32 
 ZANG SZ ESg       436  0.20                             125    0.1310 6.47  32 
 ZANG SZ  IAML     436  2.08       656.9 0.28                                   
 SRND SZ EPg    C  435 59.57                             109   -0.0710 10.5 222 
 SRND SZ ESg       436  1.57                             109    0.1610 10.5 222 
 SRND SZ  IAML     436  3.86       136.9 0.32                                   
 KVCH SZ EPg    D  435 59.64                             108   -0.1210 11.2 240 
 KVCH SZ ESg       436  1.71                             108    0.0910 11.2 240 
 KVCH SZ  IAML     436  2.14       460.4 0.16                                   
 ORNG SZ IPg    C  436  1.20                              98   -0.0310 19.1  51 
 ORNG SZ ESg  4    436  4.50                              98    0.32 0 19.1  51 
 FRMZ SZ IPg    D  436  1.15                              98   -0.1410 19.8 322 
 FRMZ SZ ESg       436  4.36                              98    0.0810 19.8 322 
 FRMZ SZ  IAML     436  5.29       557.5 0.20                                   
 BLVR SZ EPg    D  436  1.56                              98    0.1410 19.9 132 
 NMVR SZ IPg    D  436  1.97                              96    0.0610 23.5 112 
 GOLJ SZ IPg    D  436  1.79                              96   -0.1510 23.9 278 
 GOLJ SZ ESg       436  5.58                              96    0.1710 23.9 278 
 GOLJ SZ  IAML     436  8.58       162.2 0.51                                   
 VRDN SZ IPg    D  436  2.25                              96   -0.0510 26.1  75 
 VRDN SZ ESg       436  6.12                              96    0.0810 26.1  75 
 VRDN SZ  IAML     436  9.45       146.2 0.28                                   
 AZGN SZ IPg  4    436  2.26                              95   -0.32 0 28.1  54 
 AZGN SZ ESg  4    436  6.48                              95   -0.05 0 28.1  54 
 MGSL SZ IPg    D  436  3.34                              95    0.0110 31.3 113 
 MGSL SZ ESg  4    436  8.50                              95    0.67 0 31.3 113 
 HRS  SZ IPg    D  436  2.86                              95   -0.1510 31.6 103 
 KRNG SZ IPg    D  436  4.09                              94   -0.1510 37.2  80 
 KRNG SZ ESg       436  9.56                              94    0.1510 37.2  80 
                                                                                
 2012  815  442 33.2 L  38.427  46.698 11.7  THM 13 0.1 1.8LTHM                1
 GAP=114   THM  0.24       0.6     0.5  1.4  2.3920e-02                        E
       7.9      74.5      32.9                 0.0                <bu  FOCMEC  F
 Action:ARG 25-08-12 12:51 OP:OBSP STATUS:               ID:20120815044233     I
 OLDACT:ARG 14-11-22 00:27 OP:ahal STATUS:               ID:20120815044000 L   3
 2012-08-15-0440-40S.AHAR__033                                                 6
 STAT SP IPHASW D HRMM SECON CODA AMPLIT PERI AZIMU VELO AIN AR TRES W  DIS CAZ7
 HIGH SZ IPg    D  442 35.98                             138   -0.0910 9.99 194 
 HIGH SZ ESg       442 38.15                             138   -0.0510 9.99 194 
 KVCH SZ IPg    C  442 36.73                             125   -0.0510 14.9 224 
 KVCH SZ ESg       442 39.53                             125    0.0910 14.9 224 
 KVCH SZ  IAML     442 39.91       174.2 0.07                                   
 SRND SZ IPg    C  442 36.73                             124   -0.0610 15.1 211 
 SRND SZ ESg       442 39.45                             124    0.0110 15.1 211 
 SRND SZ  IAML     442 40.00       130.5 0.11                                   
 ORNG SZ IPg    C  442 36.98                             123    0.0110 15.7  64 
 FRMZ SZ IPg    D  442 37.07                             122    0.0410 16.5 309 
 FRMZ SZ ESg       442 39.84                             122   -0.0310 16.5 309 
 FRMZ SZ  IAML     442 40.94       602.5 0.16                                   
 BLVR SZ IPg    D  442 38.23                             111    0.1410 23.3 143 
 GOLJ SZ IPg    D  442 38.06                             110   -0.0310 24.4 266 
 GOLJ SZ ESg       442 41.80                             110    0.0910 24.4 266 
 GOLJ SZ  IAML     442 42.28       105.9 0.07                                   
 VRDN SZ IPg    C  442 38.02                             109   -0.0510 24.6  87 
 VRDN SZ ESg       442 41.58                             109   -0.1010 24.6  87 
 VRDN SZ  IAML     442 42.85       205.5 0.18                                   
 AZGN SZ IPg       442 37.98                             109   -0.0510 24.7  62 
 AZGN SZ ESg       442 41.72                             109    0.1110 24.7  62 
 AZGN SZ  IAML     442 42.22       352.4 0.02                                   
 NMVR SZ IPg    D  442 38.23                             108   -0.0310 25.4 124 
 NMVR SZ ESg       442 42.02                             108    0.0210 25.4 124 
 HRS  SZ IPg    D  442 38.90                             102   -0.1310 32.5 112 
 HRS  SZ ESg       442 43.44                             102    0.0910 32.5 112 
 MGSL SZ IPg    D  442 39.47                             102   -0.0110 33.1 122 
 MGSL SZ ESg       442 44.15                             102    0.0110 33.1 122 
 KRNG SZ IPg       442 39.79                             100    0.0110 36.0  88 
 KRNG SZ ESg       442 44.70                             100    0.0410 36.0  88 
                                                                                
 2012  815  453 20.4 L  38.381  46.687  4.3  THM 13 0.1 1.9LTHM                1
 GAP=85    THM  0.29       0.6     0.6  1.2 -7.3220e-02                        E
     171.7      51.0      24.4                 0.0                <bu  FOCMEC  F
 Action:ARG 25-08-12 12:51 OP:OBSP STATUS:               ID:20120815045320     I
 OLDACT:ARG 14-11-22 00:27 OP:ahal STATUS:               ID:20120815045320 L   3
 2012-08-15-0451-03S.AHAR__048                                                 6
 STAT SP IPHASW D HRMM SECON CODA AMPLIT PERI AZIMU VELO AIN AR TRES W  DIS CAZ7
 HIGH SZ IPg    C  453 21.73                             133   -0.0710 4.83 198 
 HIGH SZ ESg       453 22.87                             133    0.0110 4.83 198 
 ZANG SZ IPg    C  453 21.90                             122   -0.1210 6.57  35 
 ZANG SZ ESg       453 23.29                             122    0.0510 6.57  35 
 KVCH SZ IPg    C  453 22.79                             102   -0.0610 11.0 239 
 KVCH SZ ESg       453 24.84                             102    0.1610 11.0 239 
 KVCH SZ  IAML     453 25.91       652.1 0.23                                   
 ORNG SZ IPg    C  453 24.27                              92   -0.0810 19.3  51 
 ORNG SZ  IAML     453 30.30       112.2 0.40                                   
 FRMZ SZ IPg    D  453 24.23                              92   -0.1010 19.5 322 
 FRMZ SZ ESg       453 27.38                              92    0.1210 19.5 322 
 FRMZ SZ  IAML     453 28.35       594.2 0.20                                   
 BLVR SZ IPg  4 D  453 24.67                              92    0.12 0 20.2 132 
 GOLJ SZ IPg    D  453 24.88                              91   -0.0610 23.5 278 
 GOLJ SZ ESg  4    453 28.79                              91    0.46 0 23.5 278 
 GOLJ SZ  IAML     453 29.95       230.1 0.27                                   
 NMVR SZ IPg    D  453 25.15                              91    0.1210 23.9 112 
 VRDN SZ IPg    D  453 25.35                              91   -0.0410 26.4  76 
 VRDN SZ ESg       453 29.09                              91   -0.0110 26.4  76 
 VRDN SZ  IAML     453 29.77       192.9 0.17                                   
 AZGN SZ IPg    C  453 25.60                              91   -0.0410 28.3  54 
 AZGN SZ ESg       453 29.69                              91    0.1510 28.3  54 
 MGSL SZ IPg    D  453 26.45                              91    0.0610 31.6 113 
 HRS  SZ IPg    D  453 25.98                              91   -0.0910 31.9 103 
 KRNG SZ IPg    D  453 27.18                              91   -0.0610 37.5  80 
 KRNG SZ ESg       453 32.39                              91    0.0610 37.5  80 
 KRNG SZ  IAML     453 34.45       252.8 0.67                                   
                                                                                
 2012  815  5 9 27.0 L  38.402  46.753 10.8  THM 13 0.1 1.7LTHM                1
 GAP=77    THM  0.25       0.5     0.4  1.0 -1.6640e-02                        E
      31.3      83.7      44.6                 0.0                <bu  FOCMEC  F
 Action:ARG 25-08-12 12:51 OP:OBSP STATUS:               ID:20120815050927     I
 OLDACT:ARG 14-11-22 00:27 OP:ahal STATUS:               ID:20120815050927 L   3
 2012-08-15-0507-44S.AHAR__036                                                 6
 STAT SP IPHASW D HRMM SECON CODA AMPLIT PERI AZIMU VELO AIN AR TRES W  DIS CAZ7
 ZANG SZ IPg    D  5 9 29.20                             161   -0.0810 3.70 327 
 ZANG SZ ESg       5 9 30.96                             161    0.0210 3.70 327 
 HIGH SZ IPg    D  5 9 29.72                             136   -0.1010 10.0 227 
 HIGH SZ ESg       5 9 31.80                             136   -0.0710 10.0 227 
 HIGH SZ  IAML     5 9 32.01       391.2 0.09                                   
 ORNG SZ IPg    C  5 9 30.37                             125   -0.0610 13.5  44 
 ORNG SZ ESg       5 9 33.03                             125    0.0810 13.5  44 
 SRND SZ IPg    C  5 9 30.64                             119   -0.0510 16.2 231 
 SRND SZ ESg       5 9 33.45                             119    0.0510 16.2 231 
 SRND SZ  IAML     5 9 34.12        64.8 0.07                                   
 BLVR SZ IPg       5 9 31.21                             115    0.0610 18.3 149 
 NMVR SZ IPg       5 9 31.26                             112    0.0310 19.9 125 
 NMVR SZ ESg       5 9 34.35                             112    0.0210 19.9 125 
 VRDN SZ IPg    C  5 9 31.20                             111   -0.0110 20.2  78 
 VRDN SZ ESg       5 9 34.32                             111    0.0210 20.2  78 
 FRMZ SZ IPg    D  5 9 31.56                             109   -0.0410 22.0 306 
 FRMZ SZ ESg       5 9 35.06                             109    0.0910 22.0 306 
 FRMZ SZ  IAML     5 9 35.60       159.2 0.14                                   
 AZGN SZ IPg    C  5 9 31.39                             109   -0.0710 22.3  50 
 AZGN SZ ESg       5 9 34.70                             109   -0.0310 22.3  50 
 AZGN SZ  IAML     5 9 34.95       294.2 0.00                                   
 HRS  SZ IPg    C  5 9 31.86                             104   -0.1410 27.0 110 
 HRS  SZ ESg       5 9 35.81                             104    0.1410 27.0 110 
 MGSL SZ IPg       5 9 32.49                             103    0.0510 27.5 122 
 GOLJ SZ IPg    C  5 9 32.56                             101   -0.0510 29.1 272 
 GOLJ SZ ESg       5 9 36.87                             101    0.1410 29.1 272 
 KRNG SZ IPg    C  5 9 32.89                              99   -0.0110 31.4  82 
                                                                                
 2012  815  526 27.2 L  38.404  46.737 11.7  THM 13 0.1 2.7LTHM                1
 GAP=73    THM  0.21       0.5     0.4  0.8  8.1260e-04                        E
     357.9      82.0       4.1                 0.0                <bu  FOCMEC  F
 Action:ARG 25-08-12 12:51 OP:OBSP STATUS:               ID:20120815052627     I
 OLDACT:ARG 14-11-22 00:27 OP:ahal STATUS:               ID:20120815052627 L   3
 2012-08-15-0525-12S.AHAR__036                                                 6
 STAT SP IPHASW D HRMM SECON CODA AMPLIT PERI AZIMU VELO AIN AR TRES W  DIS CAZ7
 ZANG SZ IPg    C  526 29.48                             166   -0.0610 2.91 348 
 ZANG SZ ESg       526 31.26                             166   -0.0210 2.91 348 
 ZANG SZ  IAML     526 31.56      2642.9 0.16                                   
 HIGH SZ IPg    C  526 29.92                             141   -0.0810 9.25 219 
 HIGH SZ ESg       526 32.07                             141   -0.0010 9.25 219 
 SRND SZ IPg    C  526 30.76                             124   -0.0410 15.3 227 
 SRND SZ ESg       526 33.51                             124    0.0310 15.3 227 
 SRND SZ  IAML     526 34.05       776.4 0.28                                   
 KVCH SZ IPg    C  526 30.88                             123   -0.0410 16.0 239 
 KVCH SZ ESg       526 33.77                             123    0.0910 16.0 239 
 BLVR SZ IPg    D  526 31.49                             117   -0.0110 19.3 146 
 BLVR SZ ESg       526 34.73                             117    0.0410 19.3 146 
 BLVR SZ  IAML     526 35.67      7463.2 0.04                                   
 FRMZ SZ IPg    D  526 31.66                             114    0.0410 20.8 308 
 FRMZ SZ ESg       526 34.98                             114    0.0910 20.8 308 
 NMVR SZ IPg    D  526 31.61                             114   -0.0210 21.2 123 
 NMVR SZ ESg       526 34.95                             114    0.0310 21.2 123 
 NMVR SZ  IAML     526 39.18       914.3 0.32                                   
 VRDN SZ IPg    C  526 31.64                             113    0.0210 21.6  79 
 VRDN SZ ESg       526 34.82                             113   -0.0710 21.6  79 
 VRDN SZ  IAML     526 35.65      1949.8 0.14                                   
 AZGN SZ IPg    C  526 31.78                             111   -0.0210 23.2  53 
 AZGN SZ ESg       526 35.19                             111   -0.0210 23.2  53 
 AZGN SZ  IAML     526 35.48      1357.8 0.10                                   
 GOLJ SZ IPg    D  526 32.57                             106   -0.0110 27.7 271 
 GOLJ SZ ESg       526 36.55                             106   -0.0210 27.7 271 
 HRS  SN IPg    D  526 32.32                             106   -0.0910 28.4 110 
 HRS  SN ESg       526 36.35                             106    0.0810 28.4 110 
 MGSL SZ EPg    D  526 32.78                             105   -0.0610 28.9 121 
 KRNG SZ IPg    C  526 33.33                             102    0.0410 32.8  83 
 KRNG SZ ESg       526 37.91                             102    0.1110 32.8  83 
 KRNG SZ  IAML     526 38.08      1021.9 0.10                                   
                                                                                
 2012  815  613 54.7 L  38.414  46.779  9.1  THM 13 0.1 1.9LTHM                1
 GAP=99    THM  0.27       0.6     0.5  1.2 -1.5320e-01                        E
     351.1      64.4      -8.9                 0.0                <bu  FOCMEC  F
 Action:ARG 25-08-12 12:51 OP:OBSP STATUS:               ID:20120815061354     I
 OLDACT:ARG 14-11-22 00:27 OP:ahal STATUS:               ID:20120815061355dL   3
 2012-08-15-0612-57S.AHAR__027                                                 6
 STAT SP IPHASW D HRMM SECON CODA AMPLIT PERI AZIMU VELO AIN AR TRES W  DIS CAZ7
 ZANG SZ IPg    C  613 56.60                             154   -0.1010 4.65 292 
 ZANG SZ ESg       613 58.17                             154   -0.0410 4.65 292 
 ORNG SZ IPg       613 57.54                             127   -0.0310 11.0  40 
 ORNG SZ ESg       613 59.80                             127    0.0810 11.0  40 
 HIGH SZ IPg    C  613 57.49                             123   -0.0810 12.6 229 
 HIGH SZ ESg       613 59.67                             123   -0.0610 12.6 229 
 HIGH SZ  IAML     614  0.27       982.1 0.12                                   
 VRDN SZ IPg    D  613 58.31                             112   -0.0510 17.8  81 
 VRDN SZ ESg       614  1.25                             112    0.1410 17.8  81 
 VRDN SZ  IAML     614  1.78       481.8 0.20                                   
 BLVR SZ IPg    D  613 58.58                             111   -0.1010 18.5 158 
 SRND SZ IPg    C  613 58.55                             111   -0.0210 18.8 232 
 SRND SZ ESg       614  1.60                             111    0.1310 18.8 232 
 SRND SZ  IAML     614  1.83       189.9 0.06                                   
 NMVR SZ IPg    D  613 58.50                             110   -0.1010 18.9 132 
 AZGN SZ IPg    C  613 58.56                             109   -0.0310 19.7  49 
 AZGN SZ ESg       614  1.51                             109   -0.0010 19.7  49 
 AZGN SZ  IAML     614  2.36       453.9 0.14                                   
 KVCH SZ IPg    C  613 58.74                             110    0.0110 19.7 242 
 KVCH SZ ESg       614  1.89                             110    0.1410 19.7 242 
 KVCH SZ  IAML     614  3.44       209.3 0.24                                   
 FRMZ SZ IPg    D  613 59.34                             105    0.0310 23.2 301 
 MGSL SZ IPg    D  613 59.74                             103   -0.0810 26.4 127 
 MGSL SZ ESg       614  3.78                             103    0.1310 26.4 127 
 KRNG SZ IPg    D  614  0.11                             101    0.0210 29.0  84 
 KRNG SZ ESg       614  4.11                             101   -0.0010 29.0  84 
 KRNG SZ  IAML     614  4.50       293.6 0.18                                   
 GOLJ SZ IPg    D  614  0.56                             100    0.0310 31.4 269 
 GOLJ SZ  IAML     614  6.77        95.1 0.16                                   
                                                                                
 2012  815  625 10.7 L  38.409  46.776 11.1  THM 13 0.1 2.6LTHM                1
 GAP=97    THM  0.23       0.4     0.4  0.9 -2.2920e-02                        E
     229.6      38.3      47.0                 0.0                <bu  FOCMEC  F
 Action:ARG 25-08-12 12:51 OP:OBSP STATUS:               ID:20120815062510     I
 OLDACT:ARG 14-11-22 00:27 OP:ahal STATUS:               ID:20120815062511dL   3
 2012-08-15-0624-02S.AHAR__030                                                 6
 STAT SP IPHASW D HRMM SECON CODA AMPLIT PERI AZIMU VELO AIN AR TRES W  DIS CAZ7
 ZANG SZ IPg    C  625 12.95                             158   -0.0910 4.60 300 
 ZANG SZ ESg       625 14.76                             158   -0.0110 4.60 300 
 ZANG SZ  IAML     625 15.32      4742.5 0.37                                   
 ORNG SZ IPg    D  625 13.85                             131   -0.0510 11.6  39 
 ORNG SZ ESg       625 16.32                             131    0.0610 11.6  39 
 HIGH SZ IPg    C  625 13.63                             130   -0.1210 12.0 230 
 HIGH SZ ESg       625 15.91                             130   -0.0910 12.0 230 
 VRDN SZ IPg    D  625 14.57                             116   -0.0310 18.1  79 
 VRDN SZ ESg       625 17.55                             116    0.0710 18.1  79 
 VRDN SZ  IAML     625 17.80      2924.2 0.22                                   
 BLVR SZ IPg    D  625 14.71                             116   -0.1010 18.1 156 
 BLVR SZ ESg       625 17.98                             116    0.1310 18.1 156 
 BLVR SZ  IAML     625 18.29      1684.0 0.13                                   
 SRND SZ IPg    C  625 14.64                             116   -0.0310 18.2 233 
 SRND SZ ESg       625 17.67                             116    0.0710 18.2 233 
 SRND SZ  IAML     625 19.23       792.6 0.31                                   
 NMVR SZ IPg    D  625 14.68                             115   -0.0810 18.8 130 
 NMVR SZ ESg       625 17.83                             115    0.0610 18.8 130 
 KVCH SZ IPg    C  625 14.84                             115    0.0110 19.2 243 
 KVCH SZ ESg       625 17.96                             115    0.0810 19.2 243 
 KVCH SZ  IAML     625 19.46      1280.0 0.22                                   
 AZGN SZ IPg    D  625 14.82                             113   -0.0210 20.2  49 
 AZGN SZ ESg       625 17.88                             113   -0.0310 20.2  49 
 FRMZ SZ IPg    D  625 15.52                             109    0.0710 23.2 302 
 FRMZ SZ ESg       625 19.00                             109    0.0310 23.2 302 
 FRMZ SZ  IAML     625 20.81      1646.8 0.13                                   
 MGSL SZ IPg    D  625 15.86                             105   -0.0810 26.4 126 
 MGSL SZ ESg       625 19.84                             105    0.0210 26.4 126 
 KRNG SZ IPg    C  625 16.30                             102    0.0410 29.4  83 
 KRNG SZ IPg       625 16.30                             102    0.0410 29.4  83 
 KRNG SZ ESg       625 20.36                             102   -0.0110 29.4  83 
 KRNG SZ  IAML     625 20.67      1049.7 0.29                                   
 GOLJ SZ IPg    C  625 16.65                             101    0.0610 31.1 270 
 GOLJ SZ  IAML     625 22.32      1017.1 0.20                                   
                                                                                
 2012  815  654 27.7 L  38.405  46.641  4.1  THM 12 0.1 2.8LTHM                1
 GAP=94    THM  0.29       0.5     0.6  1.9 -5.8770e-02                        E
     218.2      51.0      54.2                 0.0                <bu  FOCMEC  F
 Action:ARG 25-08-12 12:51 OP:OBSP STATUS:               ID:20120815065427     I
 OLDACT:ARG 14-11-22 00:27 OP:ahal STATUS:               ID:20120815065428 L   3
 2012-08-15-0652-55S.AHAR__036                                                 6
 STAT SP IPHASW D HRMM SECON CODA AMPLIT PERI AZIMU VELO AIN AR TRES W  DIS CAZ7
 HIGH SZ IPg    D  654 29.46                             114   -0.0910 7.64 160 
 HIGH SZ ESg       654 30.88                             114   -0.0110 7.64 160 
 ZANG SZ IPg    C  654 29.52                             111   -0.1210 8.29  70 
 ZANG SZ ESg       654 31.09                             111    0.0510 8.29  70 
 ZANG SZ  IAML     654 31.49     10938.0 0.09                                   
 KVCH SZ IPg    C  654 29.91                             104   -0.1210 9.85 213 
 KVCH SZ ESg       654 31.81                             104    0.0910 9.85 213 
 SRND SZ IPg    C  654 30.13                              99   -0.0510 10.9 194 
 SRND SZ ESg       654 32.11                              99    0.1210 10.9 194 
 FRMZ SZ IPg    D  654 30.92                              92   -0.0210 15.0 328 
 FRMZ SZ ESg       654 33.44                              92    0.1310 15.0 328 
 FRMZ SZ  IAML     654 34.54      4543.7 0.24                                   
 GOLJ SZ IPg    C  654 31.56                              91   -0.0310 19.3 272 
 GOLJ SZ ESg  4    654 34.86                              91    0.42 0 19.3 272 
 GOLJ SZ  IAML     654 35.22      2586.2 0.30                                   
 ORNG SZ IPg    C  654 31.98                              91   -0.0810 21.4  64 
 ORNG SZ ESg       654 35.36                              91    0.1010 21.4  64 
 ORNG SZ  IAML     654 35.96      1286.3 0.24                                   
 BLVR SZ IPg    D  654 32.80                              90    0.0710 25.0 130 
 BLVR SZ ESg       654 36.51                              90    0.0910 25.0 130 
 NMVR SZ IPg    D  654 33.24                              90    0.0410 28.6 114 
 VRDN SZ IPg       654 33.21                              90   -0.1310 29.9  82 
 VRDN SZ ESg  4    654 38.03                              90    0.54 0 29.9  82 
 VRDN SZ  IAML     654 40.85      1255.1 0.33                                   
 AZGN SZ IPg    C  654 33.28                              90   -0.0810 30.4  63 
 AZGN SZ ESg       654 37.66                              90    0.1410 30.4  63 
 AZGN SZ  IAML     654 37.94      1170.2 0.12                                   
 KRNG SZ IPg    D  654 35.15                              90   -0.0810 41.2  84 
 KRNG SZ ESg       654 40.76                              90   -0.0110 41.2  84 
                                                                                
 2012  815  712 14.3 L  38.390  46.634  5.9  THM 12 0.1 2.5LTHM                1
 GAP=87    THM  0.29       0.6     0.7  1.6 -4.5690e-02                        E
     164.2      87.2       8.6                 0.0                <bu  FOCMEC  F
 Action:ARG 25-08-12 12:51 OP:OBSP STATUS:               ID:20120815071214     I
 OLDACT:ARG 14-11-22 00:27 OP:ahal STATUS:               ID:20120815071215dL   3
 2012-08-15-0710-31S.AHAR__036                                                 6
 STAT SP IPHASW D HRMM SECON CODA AMPLIT PERI AZIMU VELO AIN AR TRES W  DIS CAZ7
 KVCH SZ IPg    C  712 16.33                             126   -0.1310 8.15 216 
 KVCH SZ ESg       712 18.10                             126    0.0510 8.15 216 
 KVCH SZ  IAML     712 20.23      4215.2 0.32                                   
 SRND SZ IPg    C  712 16.52                             121   -0.0510 9.09 194 
 SRND SZ ESg       712 18.35                             121    0.0910 9.09 194 
 ZANG SZ IPg    C  712 16.36                             121   -0.1510 9.48  62 
 ZANG SZ ESg       712 18.13                             121   -0.0210 9.48  62 
 ZANG SZ  IAML     712 18.70      3483.4 0.21                                   
 FRMZ SZ IPg    D  712 17.78                             105    0.0310 16.2 333 
 FRMZ SZ ESg       712 20.34                             105    0.0410 16.2 333 
 FRMZ SZ  IAML     712 21.96      4990.8 0.21                                   
 GOLJ SZ IPg    D  712 18.20                             102    0.0910 18.8 277 
 GOLJ SZ ESg  4    712 21.37                             102    0.43 0 18.8 277 
 GOLJ SZ  IAML     712 22.52      1702.0 0.21                                   
 ORNG SZ IPg    C  712 18.79                              98   -0.0710 22.6  60 
 ORNG SZ ESg  4    712 22.47                              98    0.24 0 22.6  60 
 ORNG SZ  IAML     712 25.19       615.5 0.53                                   
 BLVR SZ IPg  4 D  712 19.30                              97    0.09 0 24.4 126 
 BLVR SZ  IAML     712 27.01       696.9 0.35                                   
 NMVR SZ IPg    D  712 19.81                              96    0.0610 28.5 110 
 VRDN SZ IPg    D  712 19.97                              95   -0.0810 30.7  79 
 VRDN SZ ESg       712 24.36                              95    0.0510 30.7  79 
 VRDN SZ  IAML     712 27.64      1137.0 0.23                                   
 AZGN SZ IPg    C  712 20.09                              95   -0.0610 31.6  60 
 AZGN SZ ESg       712 24.61                              95    0.1210 31.6  60 
 AZGN SZ  IAML     712 26.98       387.4 0.38                                   
 MGSL SZ IPg    D  712 21.11                              94    0.0010 36.2 111 
 MGSL SZ  IAML     712 23.41       258.6 0.21                                   
 KRNG SZ IPg    D  712 21.81                              93   -0.1110 41.9  82 
 KRNG SZ ESg       712 27.71                              93    0.1410 41.9  82 
 KRNG SZ  IAML     712 28.47       653.4 0.09                                   
                                                                                
 2012  815  9 3 23.9 L  38.393  46.797  8.8  THM 12 0.1 1.6LTHM                1
 GAP=84    THM  0.24       0.5     0.5  1.5 -1.0140e-01                        E
 Action:ARG 25-08-12 12:51 OP:OBSP STATUS:               ID:20120815090323     I
 OLDACT:ARG 14-11-22 00:27 OP:ahal STATUS:               ID:20120815090300 L   3
 2012-08-15-0900-55S.AHAR__066                                                 6
 STAT SP IPHASW D HRMM SECON CODA AMPLIT PERI AZIMU VELO AIN AR TRES W  DIS CAZ7
 ORNG SZ IPg       9 3 26.84                             123   -0.0710 12.1  27 
 ORNG SZ ESg       9 3 29.10                             123   -0.0610 12.1  27 
 ORNG SZ  IAML     9 3 29.38        99.3 0.10                                   
 HIGH SZ IPg    C  9 3 26.67                             123   -0.1010 12.6 242 
 HIGH SZ ESg       9 3 28.91                             123   -0.0110 12.6 242 
 HIGH SZ  IAML     9 3 29.47       200.5 0.14                                   
 BLVR SZ IPg       9 3 27.44                             115   -0.0410 15.7 160 
 BLVR SZ  IAML     9 3 30.67       295.7 0.09                                   
 NMVR SZ IPg       9 3 27.36                             114   -0.0410 16.2 130 
 NMVR SZ ESg       9 3 30.11                             114    0.0910 16.2 130 
 VRDN SZ IPg       9 3 27.38                             113   -0.0410 16.8  72 
 VRDN SZ ESg       9 3 30.19                             113    0.1410 16.8  72 
 VRDN SZ  IAML     9 3 30.59       116.4 0.03                                   
 SRND SZ IPg       9 3 27.79                             110    0.0110 18.8 241 
 SRND SZ ESg       9 3 30.71                             110    0.0410 18.8 241 
 SRND SZ  IAML     9 3 31.64        53.0 0.21                                   
 KVCH SZ IPg       9 3 28.09                             108    0.0710 20.2 250 
 AZGN SZ IPg    C  9 3 27.83                             108   -0.0510 20.2  41 
 AZGN SZ ESg       9 3 30.91                             108    0.0610 20.2  41 
 KVCH SZ  IAML     9 3 31.24       102.1 0.03                                   
 AZGN SZ  IAML     9 3 31.10      6212.5 0.03                                   
 KVCH SZ ESg       9 3 31.05                             108   -0.0310 20.2 250 
 MGSL SZ IPg    D  9 3 28.54                             104   -0.0810 23.8 125 
 FRMZ SZ IPg       9 3 28.96                             102    0.0410 25.8 303 
 FRMZ SZ  IAML     9 3 30.13        68.3 0.07                                   
 KRNG SZ IPg       9 3 29.12                             101    0.0110 27.8  79 
 KRNG SZ ESg       9 3 32.96                             101   -0.0310 27.8  79 
 GOLJ SZ IPg    D  9 3 30.09                              99    0.0910 33.0 273 
                                                                                
 2012  815  9 3 48.7 L  38.371  46.668  4.1  THM 13 0.1 2.6LTHM                1
 GAP=84    THM  0.34       0.8     0.7  1.7 -8.3650e-02                        E
     347.7      58.4      18.2                 0.0                <bu  FOCMEC  F
 Action:ARG 25-08-12 12:51 OP:OBSP STATUS:               ID:20120815090348     I
 OLDACT:ARG 14-11-22 00:27 OP:ahal STATUS:               ID:20120815090349 L   3
 2012-08-15-0900-55S.AHAR__066                                                 6
 STAT SP IPHASW D HRMM SECON CODA AMPLIT PERI AZIMU VELO AIN AR TRES W  DIS CAZ7
 HIGH SZ IPg    D  9 3 49.87                             144   -0.1210 3.43 178 
 HIGH SZ ESg       9 3 50.90                             144   -0.0210 3.43 178 
 SRND SZ IPg    C  9 3 50.71                             109   -0.0710 8.47 217 
 SRND SZ ESg       9 3 52.46                             109    0.1610 8.47 217 
 KVCH SZ IPg    C  9 3 50.77                             108   -0.1110 8.96 240 
 KVCH SZ ESg       9 3 52.61                             108    0.1410 8.96 240 
 KVCH SZ  IAML     9 3 53.89      5270.8 0.39                                   
 HMLO SZ IPg  4 D  9 3 42.82                              91   -9.45 0 17.1 315 
 HMLO SZ  IAML     9 3 53.41      1494.8 0.43                                   
 FRMZ SZ IPg    D  9 3 52.60                              91   -0.0910 19.5 328 
 FRMZ SZ ESg       9 3 55.79                              91    0.1710 19.5 328 
 BLVR SZ IPg    D  9 3 53.08                              91    0.0710 20.8 126 
 BLVR SZ ESg  4    9 3 56.81                              91    0.64 0 20.8 126 
 ORNG SZ IPg       9 3 52.97                              91   -0.0810 21.3  52 
 ORNG SZ ESg       9 3 56.24                              91   -0.0010 21.3  52 
 ORNG SZ  IAML     9 3 59.97       607.8 0.53                                   
 GOLJ SZ IPg    D  9 3 53.01                              91   -0.0610 22.1 281 
 GOLJ SZ ESg  4    9 3 56.85                              91    0.58 0 22.1 281 
 GOLJ SZ  IAML     9 3 57.53      2015.6 0.32                                   
 NMVR SZ IPg    D  9 3 53.59                              90    0.0110 25.0 108 
 NMVR SZ ESg  4    9 3 57.89                              90    0.72 0 25.0 108 
 VRDN SZ IPg    D  9 3 53.98                              90   -0.0910 28.3  74 
 VRDN SZ ESg       9 3 58.22                              90    0.2110 28.3  74 
 VRDN SZ  IAML     9 3 58.64       950.8 0.39                                   
 AZGN SZ IPg    C  9 3 54.23                              90   -0.1110 30.3  54 
 AZGN SZ ESg       9 3 58.53                              90    0.0410 30.3  54 
 AZGN SZ  IAML     9 3 59.01       800.4 0.21                                   
 MGSL SZ IPg    D  9 3 54.92                              90   -0.0210 32.7 110 
 MGSL SZ ESg  4    9 4  0.18                              90    0.65 0 32.7 110 
 KRNG SZ IPg    D  9 3 55.74                              90   -0.1710 39.3  79 
 KRNG SZ ESg       9 4  1.37                              90    0.1410 39.3  79 
 KRNG SZ  IAML     9 4  1.61      1436.8 0.21                                   
                                                                                
 2012  815  911 16.8 L  38.398  46.704  7.9  THM 14 0.1 1.7LTHM                1
 GAP=77    THM  0.34       0.7     0.6  1.2 -8.4860e-02                        E
      14.7      74.5     -22.4                 0.0                <bu  FOCMEC  F
 Action:ARG 25-08-12 12:51 OP:OBSP STATUS:               ID:20120815091116     I
 OLDACT:ARG 14-11-22 00:27 OP:ahal STATUS:               ID:20120815090900 L   3
 2012-08-15-0909-46S.AHAL__054                                                 6
 STAT SP IPHASW D HRMM SECON CODA AMPLIT PERI AZIMU VELO AIN AR TRES W  DIS CAZ7
 ZANG SZ IPg    C  911 18.66                             153    0.0410 4.19  32 
 ZANG SZ ESg       911 20.13                             153    0.1510 4.19  32 
 HIGH SZ IPg    D  911 18.71                             138   -0.1810 7.11 205 
 HIGH SZ ESg       911 20.30                             138   -0.1610 7.11 205 
 SRND SZ IPg    C  911 19.68                             117   -0.0510 12.8 220 
 SRND SZ ESg       911 21.97                             117    0.0510 12.8 220 
 SRND SZ  IAML     911 23.59       142.5 0.30                                   
 KVCH SZ IPg    C  911 19.76                             117   -0.0510 13.2 235 
 KVCH SZ ESg       911 22.13                             117    0.0710 13.2 235 
 FRMZ SZ IPg    D  911 20.72                             105   -0.0210 19.1 315 
 FRMZ SZ ESg       911 23.67                             105   -0.0010 19.1 315 
 FRMZ SZ  IAML     911 24.84       486.6 0.23                                   
 BLVR SZ IPg    C  911 21.16                             103    0.1110 20.5 138 
 NMVR SZ IPg    D  911 21.39                             101    0.0310 23.3 118 
 NMVR SZ  IAML     911 29.17        81.2 0.42                                   
 GOLJ SZ IPg    C  911 21.62                             100    0.0410 24.9 273 
 GOLJ SZ ESg  4    911 25.52                             100    0.38 0 24.9 273 
 GOLJ SZ  IAML     911 25.92       106.3 0.23                                   
 AZGN SZ IPg    C  911 21.52                              99   -0.1310 26.0  56 
 AZGN SZ ESg       911 25.18                              99   -0.0810 26.0  56 
 AZGN SZ  IAML     911 25.47       173.3 0.15                                   
 HRS  SZ IPg    C  911 22.07                              97   -0.2010 30.9 107 
 HRS  SZ ESg       911 26.47                              97    0.1410 30.9 107 
 MGSL SZ IPg       911 22.66                              96    0.0110 31.0 117 
 KRNG SZ IPg    C  911 23.14                              95   -0.1210 35.7  82 
 KRNG SZ ESg       911 28.20                              95    0.1410 35.7  82 
 KRNG SZ  IAML     911 28.51       269.1 0.04                                   
 TBZ  SZ IPg       911 26.02                              93    0.1910 51.8 250 
 BST  SZ IPg       911 30.29                              92    0.02 9 79.1 168 
                                                                                
 2012  815  925 49.3 L  38.403  46.800 10.1  THM 16 0.1 2.2LTHM                1
 GAP=88    THM  0.28       0.5     0.4  1.1 -2.2420e-02                        E
       2.9      58.4      18.2                 0.0                <bu  FOCMEC  F
 Action:ARG 25-08-12 12:51 OP:OBSP STATUS:               ID:20120815092549     I
 OLDACT:ARG 14-11-22 00:27 OP:ahal STATUS:               ID:20120815092300 L   3
 2012-08-15-0923-21S.AHAL__036                                                 6
 STAT SP IPHASW D HRMM SECON CODA AMPLIT PERI AZIMU VELO AIN AR TRES W  DIS CAZ7
 ZANG SZ IPg    C  925 51.66                             147   -0.0210 6.77 296 
 ZANG SZ ESg       925 53.59                             147    0.1710 6.77 296 
 ZANG SZ  IAML     925 56.02        15.8 0.00                                   
 ORNG SZ IPg    C  925 52.21                             131   -0.1210 10.9  29 
 ORNG SZ ESg       925 54.56                             131   -0.0110 10.9  29 
 ORNG SZ  IAML     925 55.31       805.1 0.33                                   
 HIGH SZ IPg    C  925 52.25                             125   -0.1810 13.3 238 
 HIGH SZ ESg       925 54.64                             125   -0.1010 13.3 238 
 HIGH SZ  IAML     925 54.92      3058.4 0.19                                   
 VRDN SZ IPg    C  925 52.83                             118   -0.0410 16.2  75 
 VRDN SZ ESg       925 55.53                             118    0.0210 16.2  75 
 BLVR SZ IPg    D  925 53.04                             118   -0.1210 16.8 162 
 BLVR SZ ESg       925 56.14                             118    0.1410 16.8 162 
 NMVR SZ IPg    D  925 52.92                             118   -0.1010 16.8 133 
 NMVR SZ ESg       925 55.91                             118    0.1410 16.8 133 
 NMVR SZ  IAML     925 59.82       613.2 0.25                                   
 AZGN SZ IPg    C  925 53.20                             114   -0.0510 19.2  43 
 AZGN SZ ESg       925 56.18                             114    0.0210 19.2  43 
 AZGN SZ  IAML     925 56.80      1384.8 0.08                                   
 SRND SZ IPg    C  925 53.35                             113   -0.0610 19.6 238 
 SRND SZ ESg       925 56.44                             113   -0.0110 19.6 238 
 KVCH SZ IPg    C  925 53.60                             112   -0.0210 20.9 247 
 KVCH SZ ESg       925 56.89                             112    0.0810 20.9 247 
 MGSL SZ IPg    D  925 54.16                             108   -0.0410 24.3 128 
 MGSL SZ ESg       925 57.84                             108    0.0310 24.3 128 
 HMLO SZ IPg  4 D  925 44.90                             107   -9.39 0 25.0 290 
 FRMZ SZ IPg    D  925 54.31                             107   -0.0410 25.3 301 
 FRMZ SZ ESg       925 58.09                             107    0.0210 25.3 301 
 FRMZ SZ  IAML     925 59.07       679.5 0.22                                   
 KRNG SZ IPg    C  925 54.58                             105    0.0510 27.4  81 
 KRNG SZ ESg       925 58.47                             105    0.0810 27.4  81 
 KRNG SZ  IAML     925 58.71      1563.4 0.05                                   
 GOLJ SZ IPg  4 D  925 46.19                             102   -9.32 0 33.2 271 
 TBZ  SZ IPg       925 59.77                              95    0.0710 59.8 252 
 MRD  SZ IPg       926  6.65                              93    0.20 7  102 290 
                                                                                
 2012  815 10 0 35.1 L  38.424  46.804 12.3  THM 18 0.1 2.6LTHM                1
 GAP=57    THM  0.24       0.5     0.4  0.8 -4.1720e-02                        E
     198.3      63.9      44.3                 0.0                <bu  FOCMEC  F
 Action:ARG 25-08-12 12:51 OP:OBSP STATUS:               ID:20120815100035     I
 OLDACT:ARG 14-11-22 00:27 OP:ahal STATUS:               ID:20120815095800 L   3
 2012-08-15-0958-27S.AHAL__033                                                 6
 STAT SP IPHASW D HRMM SECON CODA AMPLIT PERI AZIMU VELO AIN AR TRES W  DIS CAZ7
 GZCH SZ IPg    C 10 0 37.51                             172   -0.1010 1.82 350 
 GZCH SZ ESg      10 0 39.40                             172   -0.0510 1.82 350 
 ZANG SZ IPg    C 10 0 37.67                             152   -0.0910 6.46 276 
 ZANG SZ ESg      10 0 39.86                             152    0.1510 6.46 276 
 ORNG SZ IPg    C 10 0 38.14                             143   -0.0310 8.84  34 
 ORNG SZ ESg      10 0 40.43                             143    0.0110 8.84  34 
 ORNG SN  IAML    10 0 40.60      1428.0 0.09                                   
 HIGH SZ IPg    C 10 0 38.58                             127   -0.0610 14.9 231 
 HIGH SZ ESg      10 0 41.20                             127   -0.0510 14.9 231 
 HIGH SZ  IAML    10 0 41.42       940.4 0.16                                   
 VRDN SZ IPg    D 10 0 38.84                             125    0.0810 15.5  83 
 VRDN SZ ESg      10 0 41.48                             125    0.0310 15.5  83 
 VRDN SE  IAML    10 0 42.06      3646.4 0.10                                   
 AZGN SZ IPg    C 10 0 39.00                             122    0.0510 17.4  47 
 AZGN SZ ESg      10 0 41.73                             122   -0.0510 17.4  47 
 AZGN SZ  IAML    10 0 42.09      1065.5 0.09                                   
 NMVR SZ IPg    D 10 0 39.18                             120   -0.0110 18.2 139 
 BLVR SZ IPg    D 10 0 39.37                             119   -0.0510 18.8 165 
 BLVR SZ ESg      10 0 42.67                             119    0.0810 18.8 165 
 SRND SZ IPg    C 10 0 39.54                             116   -0.0410 21.1 233 
 SRND SZ ESg      10 0 42.80                             116   -0.0810 21.1 233 
 KVCH SZ IPg    C 10 0 39.77                             114    0.0210 22.1 242 
 KVCH SZ ESg      10 0 43.29                             114    0.1210 22.1 242 
 KVCH SN  IAML    10 0 43.48      1167.5 0.19                                   
 FRMZ SZ IPg    D 10 0 40.07                             111   -0.0710 24.6 296 
 FRMZ SZ ESg      10 0 43.81                             111   -0.0410 24.6 296 
 FRMZ SN  IAML    10 0 46.99      2681.9 0.24                                   
 HMLO SZ IPg  4 D 10 0 23.31                             111   -16.8 0 24.7 285 
 MGSL SZ IPg    D 10 0 40.25                             110   -0.0410 25.5 132 
 KRNG SZ IPg      10 0 40.43                             108    0.0910 26.8  86 
 GOLJ SZ IPg    C 10 0 41.40                             103   -0.0310 33.5 267 
 GOLJ SZ ESg      10 0 46.22                             103    0.1310 33.5 267 
 GOLJ SE  IAML    10 0 47.20      1011.8 0.16                                   
 TBZ  SZ IPg    C 10 0 45.59                              94   -0.03 9 60.9 250 
 BST  SZ IPg    D 10 0 48.72                              93   -0.04 8 80.6 175 
 MRD  SZ IPg    D 10 0 52.13                              92    0.14 7  101 289 
                                                                                
 2012  815 1016  1.0 L  38.401  46.727 10.7  THM 22 0.1 2.7LTHM                1
 GAP=54    THM  0.23       0.4     0.3  0.6 -2.8750e-02                        E
      46.2      62.0      67.2                 0.0                <bu  FOCMEC  F
 Action:ARG 25-08-12 12:51 OP:OBSP STATUS:               ID:20120815101601     I
 OLDACT:ARG 14-11-22 00:27 OP:ahal STATUS:               ID:20120815101301dL   3
 2012-08-15-1013-57S.AHAL__051                                                 6
 STAT SP IPHASW D HRMM SECON CODA AMPLIT PERI AZIMU VELO AIN AR TRES W  DIS CAZ7
 ZANG SZ IPg    C 1016  3.17                             164   -0.0910 3.19   4 
 ZANG SZ ESg      1016  5.03                             164    0.1410 3.19   4 
 ZANG SZ  IAML    1016  5.46      2385.3 0.22                                   
 GZCH SZ IPg    C 1016  3.60                             144   -0.0510 7.65  56 
 GZCH SZ ESg      1016  5.57                             144    0.0010 7.65  56 
 HIGH SZ IPg    C 1016  3.62                             141   -0.0410 8.46 216 
 HIGH SZ ESg      1016  5.56                             141   -0.0310 8.46 216 
 HIGH SZ  IAML    1016  5.85      4934.4 0.16                                   
 SRND SZ IPg    C 1016  4.41                             123   -0.0510 14.4 225 
 SRND SZ ESg      1016  6.99                             123   -0.0010 14.4 225 
 KVCH SZ IPg    C 1016  4.52                             121   -0.0610 15.1 238 
 KVCH SZ ESg      1016  7.19                             121    0.0010 15.1 238 
 ORNG SZ IPg    C 1016  4.65                             121   -0.0210 15.2  50 
 ORNG SZ ESg      1016  7.45                             121    0.1010 15.2  50 
 HMLO SZ IPg  4 D 1015 55.78                             113   -9.41 0 19.3 297 
 BLVR SZ IPg    D 1016  5.29                             113   -0.0410 19.5 144 
 FRMZ SZ IPg    D 1016  5.28                             111   -0.0710 20.3 310 
 FRMZ SZ ESg      1016  8.47                             111   -0.0710 20.3 310 
 FRMZ SZ  IAML    1016  9.51      3036.7 0.20                                   
 NMVR SZ IPg    D 1016  5.55                             109    0.0410 21.7 121 
 NMVR SZ ESg      1016  8.79                             109   -0.0210 21.7 121 
 VRDN SZ IPg    C 1016  5.55                             108   -0.0010 22.5  79 
 VRDN SZ ESg      1016  8.90                             108    0.0110 22.5  79 
 VRDN SZ  IAML    1016 10.16      1189.0 0.24                                   
 AZGN SZ IPg    C 1016  5.70                             106   -0.0410 24.1  54 
 AZGN SZ ESg      1016  9.17                             106   -0.0410 24.1  54 
 AZGN SZ  IAML    1016  9.82      1941.0 0.06                                   
 GOLJ SZ IPg    D 1016  6.18                             103   -0.0910 26.9 272 
 GOLJ SZ ESg      1016 10.17                             103    0.0310 26.9 272 
 GOLJ SZ  IAML    1016 11.37       999.5 0.22                                   
 HRS  SZ IPg    D 1016  6.32                             101   -0.0110 29.1 109 
 MGSL SZ IPg    D 1016  6.78                             101    0.0410 29.4 120 
 MGSL SZ ESg      1016 11.07                             101    0.1110 29.4 120 
 KRNG SZ IPg    C 1016  7.31                              97    0.0510 33.7  83 
 KRNG SZ ESg      1016 11.81                              97   -0.0410 33.7  83 
 KRNG SZ  IAML    1016 12.22       971.9 0.18                                   
 TBZ  SZ IPg    C 1016 10.39                              92   -0.0310 53.8 250 
 TBZ  SZ ESg      1016 17.50                              92    0.1510 53.8 250 
 BST  SZ IPg    D 1016 14.35                              91   -0.08 9 79.1 170 
 BST  SZ ESg  4   1016 25.30                              91    0.97 0 79.1 170 
 MRD  SZ IPg    D 1016 17.31                              91    0.25 8 95.8 292 
 SHB  SZ IPg    C 1016 17.63                              91    0.09 8 98.0 263 
 SHB  SZ ESg  4   1016 30.72                              91    0.97 0 98.0 263 
 AZR  SZ IPg  4 D 1016 18.76                              91    0.32 0  104 219 
 SRB  SZ IPg    D 1016 18.29                              91   -0.05 7  105 128 
                                                                                
 2012  815 1053 24.9 L  38.392  46.636  4.3  THM 17 0.1 2.4LTHM                1
 GAP=88    THM  0.32       0.7     0.6  1.8 -1.4090e-01                        E
       7.9      84.7      35.7                 0.0                <bu  FOCMEC  F
 Action:ARG 25-08-12 12:51 OP:OBSP STATUS:               ID:20120815105324     I
 OLDACT:ARG 14-11-22 00:27 OP:ahal STATUS:               ID:20120815105101dL   3
 2012-08-15-1051-49S.AHAL__051                                                 6
 STAT SP IPHASW D HRMM SECON CODA AMPLIT PERI AZIMU VELO AIN AR TRES W  DIS CAZ7
 HIGH SZ IPg    D 1053 26.52                             122   -0.0710 6.48 152 
 HIGH SZ ESg      1053 27.78                             122   -0.0310 6.48 152 
 KVCH SZ IPg    C 1053 26.98                             112   -0.0210 8.39 215 
 KVCH SZ ESg      1053 28.55                             112    0.0210 8.39 215 
 KVCH SZ  IAML    1053 30.21      5501.4 0.37                                   
 ZANG SZ IPg    C 1053 26.94                             109   -0.0610 9.28  63 
 ZANG SZ ESg      1053 28.67                             109    0.1410 9.28  63 
 SRND SZ IPg    C 1053 27.10                             107   -0.0310 9.34 194 
 HMLO SZ IPg  4 D 1053 18.67                              96   -9.19 0 13.4 317 
 GZCH SZ IPg    C 1053 27.99                              94   -0.1010 15.3  69 
 GZCH SZ ESg      1053 30.38                              94   -0.0510 15.3  69 
 FRMZ SZ IPg    D 1053 28.46                              93    0.1410 16.1 332 
 FRMZ SZ ESg  4   1053 31.23                              93    0.41 0 16.1 332 
 FRMZ SZ  IAML    1053 36.15      1850.6 0.15                                   
 GOLJ SZ IPg    D 1053 28.90                              92    0.1710 18.9 276 
 GOLJ SZ ESg  4   1053 32.30                              92    0.76 0 18.9 276 
 ORNG SZ IPg    C 1053 29.35                              91   -0.0910 22.4  61 
 ORNG SZ  IAML    1053 33.72      1068.8 0.37                                   
 BLVR SZ IPg    D 1053 29.82                              91   -0.0110 24.5 127 
 NMVR SZ IPg    D 1053 30.30                              91   -0.0710 28.5 111 
 NMVR SZ ESg      1053 34.59                              91    0.2010 28.5 111 
 NMVR SZ  IAML    1053 39.03       796.7 0.45                                   
 VRDN SZ IPg    C 1053 30.52                              91   -0.1310 30.5  80 
 VRDN SZ ESg      1053 35.00                              91    0.1210 30.5  80 
 VRDN SZ  IAML    1053 38.13      1372.6 0.30                                   
 AZGN SZ IPg      1053 30.63                              91   -0.1110 31.4  61 
 AZGN SZ ESg      1053 34.97                              91   -0.0710 31.4  61 
 MGSL SZ IPg      1053 31.67                              91   -0.0610 36.2 112 
 MGSL SZ ESg      1053 36.94                              91    0.1810 36.2 112 
 TBZ  SZ IPg      1053 33.25                              90    0.0310 45.9 248 
 TBZ  SZ ESg  4   1053 39.82                              90    0.47 0 45.9 248 
 TBZ  SZ  IAML    1053 48.59       115.4 0.67                                   
 SHB  SZ IPg  4   1053 40.93                              90    0.12 0 89.9 263 
 SHB  SZ  IAML    1053 54.86        69.1 0.30                                   
 AZR  SZ IPg      1053 41.99                              90   -0.18 8 97.8 216 
 AZR  SZ ESg  4   1053 55.09                              90    0.17 0 97.8 216 
                                                                                
 2012  815 1056 57.3 L  38.409  46.710  3.5  THM 17 0.1 2.9LTHM                1
 GAP=85    THM  0.35       0.7     0.6  1.3 -1.8440e-01                        E
     202.2      67.5      45.9                 0.0                <bu  FOCMEC  F
 Action:ARG 25-08-12 12:51 OP:OBSP STATUS:               ID:20120815105657     I
 OLDACT:ARG 14-11-22 00:27 OP:ahal STATUS:               ID:20120815105500 L   3
 2012-08-15-1055-10S.AHAL__038                                                 6
 STAT SP IPHASW D HRMM SECON CODA AMPLIT PERI AZIMU VELO AIN AR TRES W  DIS CAZ7
 ZANG SZ IPg    C 1056 58.24                             147   -0.1510 2.89  37 
 ZANG SZ ESg      1056 59.17                             147   -0.0410 2.89  37 
 ZANG SZ  IAML    1056 59.77     30274.5 0.20                                   
 HIGH SZ IPg    C 1056 59.12                             111   -0.0710 8.43 205 
 HIGH SZ ESg      1057  0.65                             111    0.0610 8.43 205 
 GZCH SZ IPg    C 1056 59.25                             110   -0.0310 8.55  66 
 GZCH SZ ESg      1057  0.94                             110    0.1910 8.55  66 
 SRND SZ IPg    C 1057  0.23                              99   -0.0310 14.1 219 
 SRND SZ ESg      1057  2.72                              99    0.2610 14.1 219 
 KVCH SZ IPg    C 1057  0.31                              99   -0.0210 14.4 232 
 ORNG SZ IPg    C 1057  0.66                              98   -0.0310 15.9  55 
 ORNG SZ ESg  4   1057  3.56                              98    0.36 0 15.9  55 
 ORNG SZ  IAML    1057  4.79      1445.3 0.25                                   
 HMLO SZ IPg  4 D 1056 51.60                              97   -9.32 0 17.6 297 
 FRMZ SZ IPg    D 1057  1.18                              96    0.0610 18.6 311 
 FRMZ SZ ESg  4   1057  4.55                              96    0.59 0 18.6 311 
 FRMZ SZ  IAML    1057  5.38      8302.9 0.06                                   
 BLVR SZ IPg    D 1057  1.58                              95   -0.0710 21.1 142 
 NMVR SZ IPg    D 1057  1.85                              95   -0.0810 23.4 121 
 NMVR SZ ESg      1057  5.24                              95   -0.1210 23.4 121 
 VRDN SZ IPg    C 1057  1.85                              95   -0.0810 23.8  82 
 VRDN SZ ESg      1057  5.48                              95    0.1210 23.8  82 
 VRDN SZ  IAML    1057  9.18      3011.8 0.67                                   
 AZGN SZ IPg    C 1057  1.99                              94   -0.0610 24.8  57 
 AZGN SZ ESg      1057  5.71                              94    0.1310 24.8  57 
 AZGN SZ  IAML    1057  6.02      3162.3 0.08                                   
 GOLJ SZ IPg    C 1057  2.24                              94    0.0110 25.3 270 
 GOLJ SZ  IAML    1057  7.20      2237.8 0.28                                   
 HRS  SZ IPg  4 D 1057  2.60                              93   -0.31 0 30.8 109 
 MGSL SZ IPg    D 1057  3.17                              93   -0.1710 31.2 120 
 MGSL SZ ESg      1057  7.96                              93    0.1310 31.2 120 
 MGSL SZ  IAML    1057  9.67       497.6 0.33                                   
 KRNG SZ IPg    C 1057  3.74                              93   -0.1610 35.1  84 
 KRNG SZ ESg      1057  8.94                              93    0.1510 35.1  84 
 KRNG SZ  IAML    1057  9.16      1756.0 0.28                                   
 BST  SZ IPg  4 D 1057 10.93                              91   -0.96 0 80.2 169 
                                                                                
 2012  815 1123 44.2 L  38.393  46.678  4.1  THM 13 0.1 1.9LTHM                1
 GAP=86    THM  0.27       0.4     0.4  1.2 -4.5350e-02                        E
     156.7      60.0       0.0                 0.0                <bu  FOCMEC  F
 Action:ARG 25-08-12 12:51 OP:OBSP STATUS:               ID:20120815112344     I
 OLDACT:ARG 14-11-22 00:27 OP:ahal STATUS:               ID:20120815112001dL   3
 2012-08-15-1120-46S.AHAL__063                                                 6
 STAT SP IPHASW D HRMM SECON CODA AMPLIT PERI AZIMU VELO AIN AR TRES W  DIS CAZ7
 HIGH SZ IPg    C 1123 45.65                             127   -0.0710 5.92 187 
 HIGH SZ ESg      1123 46.89                             127    0.0210 5.92 187 
 ZANG SZ IPg    C 1123 45.69                             127   -0.0410 6.10  48 
 ZANG SZ ESg      1123 46.96                             127    0.0710 6.10  48 
 ZANG SZ  IAML    1123 47.80       613.1 0.19                                   
 SRND SZ IPg    C 1123 46.58                             108   -0.0510 11.0 213 
 SRND SZ ESg      1123 48.57                             108    0.1210 11.0 213 
 KVCH SZ IPg    D 1123 46.60                             108   -0.0610 11.1 231 
 KVCH SZ ESg      1123 48.52                             108    0.0110 11.1 231 
 KVCH SZ  IAML    1123 49.73       495.6 0.22                                   
 GZCH SZ IPg    D 1123 46.75                             106    0.0110 11.8  64 
 GZCH SZ ESg      1123 48.77                             106    0.1310 11.8  64 
 HMLO SZ IPg  4 D 1123 38.14                             101   -9.42 0 16.1 307 
 FRMZ SZ IPg    D 1123 47.83                              99   -0.0710 18.0 322 
 FRMZ SZ ESg      1123 50.75                              99    0.0810 18.0 322 
 FRMZ SZ  IAML    1123 51.81       659.7 0.22                                   
 BLVR SZ IPg    D 1123 48.65                              97    0.0110 21.7 133 
 GOLJ SZ IPg    D 1123 48.52                              97   -0.1210 22.6 275 
 GOLJ SZ ESg      1123 52.08                              97    0.1210 22.6 275 
 NMVR SZ IPg    D 1123 49.13                              96    0.0310 25.1 114 
 NMVR SZ ESg      1123 52.82                              96    0.0610 25.1 114 
 VRDN SZ IPg    D 1123 49.24                              95   -0.1110 26.8  79 
 VRDN SZ ESg      1123 53.27                              95    0.0810 26.8  79 
 VRDN SZ  IAML    1123 53.75       203.9 0.11                                   
 AZGN SZ IPg    D 1123 49.41                              95   -0.1110 28.2  57 
 AZGN SZ ESg      1123 53.43                              95   -0.0510 28.2  57 
 AZGN SZ  IAML    1123 53.75       372.3 0.13                                   
 MGSL SZ IPg    D 1123 50.46                              94   -0.0610 32.8 114 
                                                                                
 2012  815 1127  6.1 L  38.411  46.774  9.8  THM 20 0.1 2.3LTHM                1
 GAP=94    THM  0.25       0.5     0.4  0.8 -1.8210e-02                        E
      10.6      87.2     -17.8                 0.0                <bu  FOCMEC  F
 Action:ARG 25-08-12 12:51 OP:OBSP STATUS:               ID:20120815112706     I
 OLDACT:ARG 14-11-22 00:27 OP:ahal STATUS:               ID:20120815112500 L   3
 2012-08-15-1125-28S.AHAL__057                                                 6
 STAT SP IPHASW D HRMM SECON CODA AMPLIT PERI AZIMU VELO AIN AR TRES W  DIS CAZ7
 GZCH SZ IPg    C 1127  8.23                             159   -0.0910 3.94  36 
 GZCH SZ ESg      1127  9.99                             159    0.0510 3.94  36 
 ZANG SZ IPg    C 1127  8.18                             157   -0.0910 4.34 299 
 ZANG SZ ESg      1127  9.84                             157   -0.0110 4.34 299 
 ORNG SZ IPg    C 1127  9.19                             129    0.0010 11.5  41 
 ORNG SZ ESg      1127 11.48                             129    0.0210 11.5  41 
 SRND SZ IPg    C 1127  9.94                             115   -0.0610 18.2 232 
 SRND SZ ESg      1127 12.85                             115   -0.0210 18.2 232 
 VRDN SZ IPg    C 1127  9.98                             114    0.0210 18.3  80 
 VRDN SZ ESg      1127 12.71                             114   -0.0910 18.3  80 
 BLVR SZ IPg    D 1127 10.06                             114   -0.1310 18.4 156 
 NMVR SZ IPg    D 1127 10.08                             113   -0.0710 19.1 130 
 NMVR SZ ESg      1127 13.21                             113    0.0810 19.1 130 
 KVCH SZ IPg    C 1127 10.16                             113   -0.0110 19.2 242 
 KVCH SZ ESg      1127 13.26                             113    0.1010 19.2 242 
 KVCH SZ  IAML    1127 14.20       573.8 0.41                                   
 AZGN SZ IPg    C 1127 10.21                             111    0.0110 20.3  49 
 AZGN SZ ESg      1127 13.26                             111    0.0510 20.3  49 
 AZGN SZ  IAML    1127 13.51       948.2 0.02                                   
 HMLO SZ IPg  4 D 1127  1.39                             109   -9.32 0 22.6 290 
 FRMZ SZ IPg    D 1127 10.80                             108    0.0210 22.9 302 
 FRMZ SZ ESg      1127 14.23                             108    0.0110 22.9 302 
 FRMZ SZ  IAML    1127 15.95       819.9 0.26                                   
 HRS  SZ IPg    D 1127 10.72                             106   -0.1410 25.8 114 
 MGSL SZ IPg    D 1127 11.31                             105   -0.0510 26.6 126 
 MGSL SZ ESg      1127 15.35                             105    0.1110 26.6 126 
 KRNG SZ IPg    C 1127 11.73                             103    0.0610 29.5  84 
 KRNG SZ ESg      1127 15.92                             103    0.1410 29.5  84 
 KRNG SZ  IAML    1127 16.18       620.6 0.22                                   
 GOLJ SZ IPg    C 1127 11.95                             102   -0.0010 30.9 270 
 GOLJ SZ ESg      1127 16.23                             102   -0.0310 30.9 270 
 GOLJ SZ  IAML    1127 17.79       468.5 0.14                                   
 TBZ  SZ IPg    C 1127 16.19                              95   -0.0110 57.9 250 
 TBZ  SZ ESg      1127 23.84                              95    0.1810 57.9 250 
 MRD  SZ IPg      1127 22.75                              93   -0.12 8 99.1 290 
 SHB  SZ IPg      1127 23.57                              93    0.09 7  102 262 
 SRB  SZ IPg  4 D 1127 22.81                              93   -0.43 0  102 129 
 AZR  SZ IPg      1127 24.26                              92   -0.03 7  107 221 
                                                                                
 2012  815 1139 29.3 L  38.380  46.686  4.1  THM 15 0.1 2.0LTHM                1
 GAP=72    THM  0.32       0.5     0.5  1.2 -1.0160e-01                        E
     197.2      37.0      74.9                 0.0                <bu  FOCMEC  F
 Action:ARG 25-08-12 12:51 OP:OBSP STATUS:               ID:20120815113929     I
 OLDACT:ARG 14-11-22 00:27 OP:ahal STATUS:               ID:20120815113700 L   3
 2012-08-15-1137-54S.AHAL__048                                                 6
 STAT SP IPHASW D HRMM SECON CODA AMPLIT PERI AZIMU VELO AIN AR TRES W  DIS CAZ7
 HIGH SZ IPg    C 1139 30.61                             136   -0.0410 4.59 197 
 HIGH SZ ESg      1139 31.69                             136    0.0210 4.59 197 
 ZANG SZ IPg    C 1139 30.89                             123   -0.0510 6.82  35 
 ZANG SZ ESg      1139 32.34                             123    0.1610 6.82  35 
 SRND SZ IPg    C 1139 31.59                             110   -0.0110 10.1 221 
 SRND SZ ESg      1139 33.38                             110    0.0610 10.1 221 
 KVCH SZ IPg    D 1139 31.71                             109    0.0010 10.7 239 
 KVCH SZ ESg      1139 33.71                             109    0.2010 10.7 239 
 KVCH SZ  IAML    1139 34.17       706.6 0.10                                   
 GZCH SZ IPg    D 1139 31.88                             106    0.0110 12.0  56 
 GZCH SZ ESg      1139 34.01                             106    0.2110 12.0  56 
 HMLO SZ IPg  4 D 1139 23.49                             100   -9.42 0 17.6 309 
 FRMZ SZ IPg    D 1139 33.20                              98   -0.0810 19.6 323 
 FRMZ SZ ESg      1139 36.20                              98   -0.0510 19.6 323 
 FRMZ SZ  IAML    1139 37.36      1349.1 0.15                                   
 BLVR SZ IPg    D 1139 33.59                              98    0.1010 20.2 131 
 GOLJ SZ IPg    D 1139 33.80                              97   -0.0910 23.4 278 
 GOLJ SZ ESg      1139 37.43                              97    0.1310 23.4 278 
 GOLJ SZ  IAML    1139 40.53       299.6 0.24                                   
 NMVR SZ IPg    D 1139 34.06                              96    0.0610 23.9 112 
 NMVR SZ  IAML    1139 48.40       317.1 0.49                                   
 VRDN SZ IPg    D 1139 34.33                              95   -0.0710 26.6  75 
 VRDN SZ ESg  4   1139 38.59                              95    0.39 0 26.6  75 
 VRDN SZ  IAML    1139 41.55       260.6 0.29                                   
 AZGN SZ IPg    D 1139 34.59                              95   -0.0910 28.5  54 
 AZGN SZ ESg      1139 38.70                              95    0.0210 28.5  54 
 MGSL SZ IPg    D 1139 35.34                              94   -0.0810 31.7 112 
 KRNG SZ IPg    D 1139 36.15                              94   -0.1910 37.7  80 
 KRNG SZ ESg      1139 41.58                              94    0.0010 37.7  80 
 KRNG SZ  IAML    1139 41.82       365.1 0.10                                   
 TBZ  SZ IPg      1139 38.30                              93   -0.1310 49.5 251 
 TBZ  SZ ESg      1139 45.12                              93   -0.1010 49.5 251 
 TBZ  SZ  IAML    1139 48.62        18.0 0.29                                   
                                                                                
 2012  815 12 3 57.0 L  38.382  46.809  7.7  THM 14 0.1 1.6LTHM                1
 GAP=84    THM  0.24       0.5     0.5  1.1 -3.8450e-02                        E
     322.9      81.4      71.8                 0.0                <bu  FOCMEC  F
 Action:ARG 25-08-12 12:51 OP:OBSP STATUS:               ID:20120815120357     I
 OLDACT:ARG 14-11-22 00:27 OP:ahal STATUS:               ID:20120815120200 L   3
 2012-08-15-1202-25S.AHAL__042                                                 6
 STAT SP IPHASW D HRMM SECON CODA AMPLIT PERI AZIMU VELO AIN AR TRES W  DIS CAZ7
 GZCH SZ IPg    C 12 3 59.02                             140   -0.0510 6.47 353 
 GZCH SZ ESg      12 4  0.69                             140    0.0710 6.47 353 
 ZANG SZ IPg    D 12 3 59.21                             130   -0.0310 8.71 308 
 ZANG SZ ESg      12 4  0.83                             130   -0.0910 8.71 308 
 ZANG SZ  IAML    12 4  1.35       447.4 0.15                                   
 ORNG SZ IPg    C 12 3 59.99                             116   -0.0210 12.8  20 
 HIGH SZ IPg    D 12 3 59.81                             116   -0.0310 13.0 249 
 HIGH SZ ESg      12 4  2.09                             116    0.1310 13.0 249 
 HIGH SZ  IAML    12 4  2.92       214.9 0.26                                   
 BLVR SZ IPg    D 12 4  0.20                             113   -0.0810 14.3 162 
 BLVR SZ ESg      12 4  2.73                             113   -0.0010 14.3 162 
 BLVR SZ  IAML    12 4  3.33       260.2 0.14                                   
 NMVR SZ IPg      12 4  0.23                             112    0.0310 14.6 129 
 VRDN SZ IPg    C 12 4  0.38                             108    0.0110 16.2  67 
 VRDN SZ ESg      12 4  2.88                             108   -0.0110 16.2  67 
 VRDN SZ  IAML    12 4  4.47       364.9 0.32                                   
 SRND SZ IPg      12 4  0.74                             104   -0.1410 19.1 245 
 SRND SZ ESg  4   12 4  4.09                             104    0.32 0 19.1 245 
 SRND SZ  IAML    12 4  4.80        71.7 0.24                                   
 AZGN SZ IPg    C 12 4  0.95                             102   -0.0310 20.5  37 
 AZGN SZ ESg      12 4  4.00                             102    0.0610 20.5  37 
 AZGN SZ  IAML    12 4  4.39       187.0 0.07                                   
 KVCH SZ IPg      12 4  1.20                             102    0.0410 20.8 254 
 MGSL SZ IPg      12 4  1.39                             101   -0.0410 22.2 124 
 MGSL SZ ESg      12 4  4.81                             101    0.0710 22.2 124 
 HMLO SZ IPg  4 D 12 3 52.84                              98   -9.27 0 26.7 294 
 KRNG SZ IPg    D 12 4  2.08                              97    0.0210 27.0  76 
 KRNG SZ ESg      12 4  5.80                              97   -0.0210 27.0  76 
 KRNG SZ  IAML    12 4  6.09       102.6 0.09                                   
 GOLJ SZ IPg    D 12 4  3.36                              95    0.1110 34.1 275 
                                                                                
 2012  815 1319  1.2 L  38.439  46.705  3.3  THM 22 0.1 2.2LTHM                1
 GAP=64    THM  0.34       0.5     0.5  1.0 -5.9930e-02                        E
      11.6      74.3      35.1                 0.0                <bu  FOCMEC  F
 Action:ARG 25-08-12 12:51 OP:OBSP STATUS:               ID:20120815131901     I
 OLDACT:ARG 14-11-22 00:27 OP:ahal STATUS:               ID:20120815131601dL   3
 2012-08-15-1316-53S.AHAL__075                                                 6
 STAT SP IPHASW D HRMM SECON CODA AMPLIT PERI AZIMU VELO AIN AR TRES W  DIS CAZ7
 ZANG SZ IPg    C 1319  2.02                             151   -0.1810 2.40 114 
 ZANG SZ ESg      1319  2.86                             151   -0.1010 2.40 114 
 MHTR SZ IPg    C 1319  2.39                             139   -0.0210 3.47   7 
 MHTR SZ ESg      1319  3.47                             139    0.1610 3.47   7 
 MHTR SZ  IAML    1319  5.04     11540.2 0.40                                   
 GZCH SZ IPg    C 1319  3.08                             109   -0.0310 8.30  89 
 GZCH SZ ESg      1319  4.62                             109    0.0810 8.30  89 
 HIGH SZ IPg    C 1319  3.55                             101   -0.0210 11.4 196 
 HIGH SZ ESg      1319  5.47                             101    0.1310 11.4 196 
 ORNG SZ IPg    C 1319  4.37                              97    0.0110 14.7  67 
 ORNG SZ ESg      1319  6.76                              97    0.0410 14.7  67 
 ORNG SZ  IAML    1319  8.06       706.2 0.35                                   
 HMLO SZ IPg  4 D 1318 55.16                              97   -9.36 0 15.9 287 
 FRMZ SZ IPg    D 1319  4.60                              96    0.0110 16.2 304 
 FRMZ SZ ESg      1319  7.01                              96   -0.1010 16.2 304 
 KVCH SZ IPg    C 1319  4.48                              97   -0.0710 16.3 222 
 KVCH SZ ESg      1319  7.13                              97    0.0810 16.3 222 
 SRND SZ IPg    C 1319  4.54                              96   -0.0510 16.5 210 
 SRND SZ ESg      1319  7.24                              96    0.1310 16.5 210 
 AZGN SZ IPg    C 1319  5.70                              94   -0.0310 23.6  65 
 AZGN SZ ESg      1319  9.28                              94    0.1910 23.6  65 
 AZGN SZ  IAML    1319 11.63       688.8 0.35                                   
 BLVR SZ IPg    D 1319  5.96                              94   -0.1010 24.0 146 
 BLVR SZ  IAML    1319 17.46       395.2 0.58                                   
 VRDN SZ IPg    C 1319  5.82                              94   -0.0310 24.0  90 
 VRDN SZ ESg      1319  9.46                              94    0.1510 24.0  90 
 VRDN SZ  IAML    1319 12.38       786.3 0.35                                   
 GOLJ SZ IPg    C 1319  6.02                              94   -0.0610 25.1 263 
 GOLJ SZ ESg      1319  9.86                              94    0.1610 25.1 263 
 GOLJ SZ  IAML    1319 12.85       603.2 0.41                                   
 NMVR SZ IPg    D 1319  6.09                              93   -0.1210 25.7 127 
 NMVR SZ ESg      1319 10.09                              93    0.1510 25.7 127 
 NMVR SZ  IAML    1319 11.61       367.1 0.18                                   
 HRS  SZ IPg  4 D 1319  6.75                              93   -0.35 0 32.5 114 
 MGSL SZ IPg    D 1319  7.40                              93   -0.2210 33.3 124 
 MGSL SZ  IAML    1319 18.88       110.3 0.53                                   
 KRNG SZ IPg      1319  7.68                              92   -0.1610 35.4  90 
 KRNG SZ ESg      1319 12.79                              92    0.0210 35.4  90 
 TBZ  SZ IPg  4 C 1319 10.70                              91   -0.35 0 53.6 245 
 BST  SZ IPg  4 D 1319 15.40                              91   -0.98 0 83.5 169 
 MRD  SZ IPg  4 D 1319 17.61                              91   -0.35 0 92.5 290 
 SHB  SZ IPg  4   1319 17.99                              91   -0.84 0 96.7 260 
 AZR  SZ IPg  4 C 1319 19.21                              91   -1.23 0  106 217 
                                                                                
 2012  815 1334 33.3 L  38.415  46.762 11.5  THM 23 0.1 3.0LTHM                1
 GAP=83    THM  0.24       0.5     0.4  0.7 -1.4010e-02                        E
     201.3      50.1     -22.9                 0.0                <bu  FOCMEC  F
 Action:ARG 25-08-12 12:51 OP:OBSP STATUS:               ID:20120815133433     I
 OLDACT:ARG 14-11-22 00:27 OP:ahal STATUS:               ID:20120815133200 L   3
 2012-08-15-1332-00S.AHAL__061                                                 6
 STAT SP IPHASW D HRMM SECON CODA AMPLIT PERI AZIMU VELO AIN AR TRES W  DIS CAZ7
 ZANG SZ IPg    D 1334 35.50                             165   -0.0910 3.20 301 
 ZANG SZ ESg      1334 37.32                             165    0.0110 3.20 301 
 ZANG SZ  IAML    1334 37.82      9806.6 0.33                                   
 GZCH SZ IPg    D 1334 35.62                             160   -0.1010 4.33  51 
 GZCH SZ ESg      1334 37.52                             160   -0.0210 4.33  51 
 MHTR SZ IPg    D 1334 35.92                             146   -0.0410 7.56 323 
 MHTR SZ ESg      1334 38.02                             146    0.0510 7.56 323 
 MHTR SZ  IAML    1334 41.59     10543.8 0.33                                   
 HIGH SZ IPg    C 1334 36.24                             133   -0.0510 11.6 224 
 HIGH SZ ESg      1334 38.45                             133   -0.0810 11.6 224 
 HIGH SZ  IAML    1334 38.78     12054.6 0.11                                   
 ORNG SZ IPg    D 1334 36.56                             132    0.0310 11.9  46 
 ORNG SZ ESg      1334 38.89                             132   -0.0710 11.9  46 
 ORNG SZ  IAML    1334 42.12      3605.0 0.35                                   
 SRND SZ IPg    C 1334 37.14                             119   -0.0310 17.7 229 
 SRND SZ ESg      1334 40.11                             119    0.0410 17.7 229 
 SRND SZ  IAML    1334 41.73      2311.7 0.31                                   
 KVCH SZ IPg    C 1334 37.29                             118   -0.0110 18.5 239 
 KVCH SZ ESg      1334 40.42                             118    0.1210 18.5 239 
 KVCH SZ  IAML    1334 41.34      2823.2 0.32                                   
 VRDN SZ IPg    C 1334 37.36                             116    0.0210 19.3  82 
 VRDN SZ ESg      1334 40.48                             116    0.1210 19.3  82 
 VRDN SZ  IAML    1334 41.05      6980.3 0.25                                   
 BLVR SZ IPg    D 1334 37.45                             116   -0.1010 19.3 153 
 BLVR SZ  IAML    1334 41.37      3669.7 0.15                                   
 NMVR SZ IPg    C 1334 37.47                             114   -0.0710 20.2 129 
 NMVR SZ ESg      1334 40.83                             114    0.1210 20.2 129 
 AZGN SZ IPg    C 1334 37.53                             113    0.0310 20.8  52 
 AZGN SZ ESg      1334 40.61                             113   -0.0310 20.8  52 
 AZGN SZ  IAML    1334 40.92      7203.6 0.09                                   
 HMLO SZ IPg  4 C 1334 28.52                             113   -9.24 0 21.4 290 
 FRMZ SZ IPg    D 1334 37.88                             112    0.0610 21.8 302 
 FRMZ SZ ESg      1334 41.21                             112    0.0110 21.8 302 
 FRMZ SZ  IAML    1334 42.97      3177.3 0.19                                   
 HRS  SZ IPg    C 1334 38.14                             107   -0.0910 26.9 114 
 HRS  SZ ESg      1334 42.07                             107    0.1610 26.9 114 
 MGSL SZ IPg    C 1334 38.66                             105   -0.0610 27.7 125 
 MGSL SZ ESg      1334 42.86                             105    0.0910 27.7 125 
 MGSL SZ  IAML    1334 43.87       908.0 0.17                                   
 GOLJ SZ IPg    C 1334 38.99                             104    0.0310 29.8 269 
 GOLJ SZ ESg      1334 43.24                             104    0.0510 29.8 269 
 KRNG SZ IPg    C 1334 39.05                             103    0.0510 30.5  85 
 KRNG SZ ESg      1334 43.21                             103   -0.0410 30.5  85 
 KRNG SZ  IAML    1334 43.64      3203.1 0.17                                   
 TBZ  SZ IPg    C 1334 43.21                              93    0.0610 57.1 250 
 BST  SZ IPg    D 1334 46.60                              92   -0.20 8 80.1 172 
 MRD  SZ IPg  4 C 1334 49.28                              91   -0.34 0 98.0 290 
 SHB  SZ IPg    C 1334 50.31                              91    0.06 7  101 262 
 SRB  SZ IPg    D 1334 50.24                              91   -0.09 7  103 129 
 AZR  SZ IPg  4 C 1334 51.48                              91    0.34 0  107 220 
                                                                                
 2012  815 1337  6.1 L  38.427  46.700 11.6  THM 20 0.1 2.0LTHM                1
 GAP=62    THM  0.27       0.6     0.4  0.8 -3.6780e-02                        E
       6.6      72.3      41.0                 0.0                <bu  FOCMEC  F
 Action:ARG 25-08-12 12:51 OP:OBSP STATUS:               ID:20120815133706     I
 OLDACT:ARG 14-11-22 00:27 OP:ahal STATUS:               ID:20120815133500 L   3
 2012-08-15-1335-40S.AHAL__057                                                 6
 STAT SP IPHASW D HRMM SECON CODA AMPLIT PERI AZIMU VELO AIN AR TRES W  DIS CAZ7
 MHTR SZ IPg    C 1337  8.52                             158   -0.0510 4.81  11 
 MHTR SZ ESg      1337 10.36                             158   -0.0810 4.81  11 
 MHTR SZ  IAML    1337 11.79      1122.2 0.31                                   
 GZCH SZ IPg    C 1337  8.79                             142   -0.0910 8.86  81 
 GZCH SZ ESg      1337 10.99                             142    0.0210 8.86  81 
 HIGH SZ IPg    D 1337  8.90                             138   -0.0310 10.0 195 
 HIGH SZ ESg      1337 11.10                             138    0.0410 10.0 195 
 HIGH SZ  IAML    1337 11.31       740.6 0.16                                   
 KVCH SZ IPg    C 1337  9.58                             125   -0.0710 15.0 224 
 SRND SZ IPg    C 1337  9.62                             124   -0.0310 15.2 211 
 SRND SZ ESg      1337 12.35                             124    0.0410 15.2 211 
 HMLO SZ IPg  4 D 1337  0.51                             123   -9.28 0 15.9 292 
 FRMZ SZ IPg    D 1337  9.93                             121    0.0310 16.6 308 
 FRMZ SZ ESg      1337 12.80                             121    0.0610 16.6 308 
 FRMZ SZ  IAML    1337 13.68      1198.9 0.60                                   
 GOLJ SZ IPg    D 1337 10.94                             110   -0.0210 24.5 266 
 GOLJ SZ ESg      1337 14.70                             110    0.1110 24.5 266 
 GOLJ SZ  IAML    1337 17.23       288.4 0.48                                   
 VRDN SZ IPg    C 1337 10.81                             109   -0.1010 24.5  87 
 VRDN SZ ESg      1337 14.67                             109    0.1710 24.5  87 
 VRDN SZ  IAML    1337 16.12       632.4 0.24                                   
 AZGN SZ IPg    C 1337 10.81                             109   -0.0610 24.6  62 
 AZGN SZ ESg      1337 14.45                             109    0.0210 24.6  62 
 AZGN SZ  IAML    1337 15.08       542.2 0.06                                   
 NMVR SZ IPg    D 1337 11.06                             108   -0.0410 25.3 124 
 HRS  SZ IPg    D 1337 11.73                             102   -0.1410 32.4 112 
 HRS  SE ESg      1337 16.39                             102    0.2210 32.4 112 
 MGSL SZ IPg    D 1337 12.24                             101   -0.0810 33.0 122 
 KRNG SZ IPg    C 1337 12.56                              99   -0.0610 35.8  88 
 KRNG SZ ESg      1337 17.56                              99    0.0810 35.8  88 
 KRNG SZ  IAML    1337 18.95       185.8 0.65                                   
 TBZ  SZ IPg    C 1337 15.18                              94   -0.0610 52.6 246 
 TBZ  SZ  IAML    1337 25.07        20.4 0.63                                   
 BST  SZ IPg    D 1337 19.85                              92   -0.10 8 82.4 168 
 BST  SZ  IAML    1337 33.63        17.2 0.65                                   
 MRD  SZ IPg    D 1337 21.64                              92    0.09 8 92.5 290 
 MRD  SZ  IAML    1337 35.64        37.0 0.39                                   
 SHB  SZ IPg    D 1337 22.32                              91    0.08 8 96.0 261 
 SHB  SZ  IAML    1337 37.02        31.1 0.55                                   
 AZR  SZ IPg      1337 23.69                              91    0.12 7  104 217 
 SRB  SZ IPg    D 1337 23.96                              91    0.04 7  108 128 
                                                                                
 2012  815 1338 51.2 L  38.386  46.680  4.1  THM 18 0.1 2.3LTHM                1
 GAP=53    THM  0.32       0.5     0.6  1.3 -7.9280e-02                        E
      22.9      33.7      49.8                 0.0                <bu  FOCMEC  F
 Action:ARG 25-08-12 12:51 OP:OBSP STATUS:               ID:20120815133851     I
 OLDACT:ARG 14-11-22 00:27 OP:ahal STATUS:               ID:20120815133600 L   3
 2012-08-15-1336-54S.AHAL__047                                                 6
 STAT SP IPHASW D HRMM SECON CODA AMPLIT PERI AZIMU VELO AIN AR TRES W  DIS CAZ7
 HIGH SZ IPg    D 1338 52.59                             129   -0.1110 5.23 189 
 HIGH SZ ESg      1338 53.80                             129    0.0210 5.23 189 
 ZANG SZ IPg    C 1338 52.72                             121   -0.1410 6.53  42 
 ZANG SZ ESg      1338 54.15                             121    0.0810 6.53  42 
 MHTR SZ IPg    C 1338 53.32                             104   -0.1310 9.64  16 
 MHTR SZ ESg      1338 55.18                             104    0.0910 9.64  16 
 MHTR SZ  IAML    1338 57.27      1595.8 0.31                                   
 SRND SZ IPg    D 1338 53.56                             101   -0.0510 10.4 216 
 SRND SZ ESg      1338 55.50                             101    0.1410 10.4 216 
 SRND SZ  IAML    1338 59.28       436.0 0.35                                   
 KVCH SZ IPg    C 1338 53.51                             100   -0.1610 10.7 234 
 KVCH SZ ESg      1338 55.55                             100    0.0810 10.7 234 
 GZCH SZ IPg    C 1338 53.82                              95   -0.0210 12.1  60 
 HMLO SZ IPg  4 D 1338 45.23                              91   -9.47 0 16.7 309 
 FRMZ SZ IPg    D 1338 54.90                              91   -0.1510 18.6 323 
 FRMZ SZ ESg      1338 57.95                              91    0.0810 18.6 323 
 FRMZ SZ  IAML    1338 58.99      4562.7 0.03                                   
 BLVR SZ IPg    D 1338 55.69                              91    0.1310 21.1 132 
 BLVR SZ  IAML    1339  5.58       584.0 0.28                                   
 GOLJ SZ IPg    D 1338 55.55                              91   -0.1310 22.8 277 
 GOLJ SZ ESg      1338 59.15                              91    0.1710 22.8 277 
 GOLJ SZ  IAML    1339  2.22       578.6 0.28                                   
 NMVR SZ IPg    D 1338 56.14                              91    0.1210 24.7 113 
 NMVR SZ ESg  4   1338 59.97                              91    0.40 0 24.7 113 
 NMVR SZ  IAML    1339  1.66       393.4 0.13                                   
 VRDN SZ IPg    D 1338 56.33                              90    0.0010 26.9  77 
 VRDN SZ ESg  4   1339  0.67                              90    0.57 0 26.9  77 
 VRDN SZ  IAML    1339  0.91       723.0 0.13                                   
 AZGN SZ IPg    C 1338 56.49                              90   -0.0410 28.5  56 
 AZGN SZ ESg      1339  0.61                              90    0.1510 28.5  56 
 AZGN SZ  IAML    1339  0.91       748.1 0.17                                   
 MGSL SZ IPg    D 1338 57.44                              90    0.0510 32.4 113 
 HRS  SZ IPg    D 1338 56.97                              90   -0.0910 32.7 103 
 KRNG SZ IPg    D 1338 58.16                              90   -0.0310 38.0  81 
 KRNG SZ  IAML    1339  4.00       535.5 0.17                                   
 TBZ  SZ IPg    D 1339  0.13                              90    0.0410 49.3 250 
 BST  SZ IPg    D 1339  4.89                              90   -0.13 9 78.3 166 
                                                                                
 2012  815 14 2 41.3 L  38.382  46.789  8.6  THM 20 0.1 2.0LTHM                1
 GAP=70    THM  0.26       0.4     0.4  0.9 -1.6010e-02                        E
     165.8      62.5      43.6                 0.0                <bu  FOCMEC  F
 Action:ARG 25-08-12 12:51 OP:OBSP STATUS:               ID:20120815140241     I
 OLDACT:ARG 14-11-22 00:27 OP:ahal STATUS:               ID:20120815140100 L   3
 2012-08-15-1401-27S.AHAL__042                                                 6
 STAT SP IPHASW D HRMM SECON CODA AMPLIT PERI AZIMU VELO AIN AR TRES W  DIS CAZ7
 GZCH SZ IPg    C 14 2 43.45                             143   -0.0810 6.48   8 
 GZCH SZ ESg      14 2 45.21                             143    0.0510 6.48   8 
 ZANG SZ IPg    D 14 2 43.43                             139   -0.1110 7.42 316 
 ZANG SZ ESg      14 2 45.12                             139   -0.0710 7.42 316 
 ZANG SZ  IAML    14 2 45.81       552.8 0.13                                   
 HIGH SZ IPg    C 14 2 43.97                             125   -0.0710 11.4 246 
 HIGH SZ ESg      14 2 46.06                             125    0.0110 11.4 246 
 MHTR SZ IPg    D 14 2 44.08                             123   -0.1110 11.9 325 
 MHTR SZ ESg      14 2 46.36                             123    0.0410 11.9 325 
 MHTR SZ  IAML    14 2 47.83       698.6 0.31                                   
 ORNG SZ IPg    D 14 2 44.49                             119   -0.0310 13.4  27 
 ORNG SZ ESg      14 2 46.96                             119    0.0610 13.4  27 
 BLVR SZ IPg    C 14 2 44.71                             115   -0.0710 14.9 156 
 BLVR SZ  IAML    14 2 48.09      1995.8 0.08                                   
 NMVR SZ IPg    D 14 2 44.81                             113    0.0110 16.0 125 
 NMVR SZ ESg      14 2 47.54                             113    0.1510 16.0 125 
 NMVR SZ  IAML    14 2 48.09       222.3 0.10                                   
 SRND SZ IPg    C 14 2 45.01                             111   -0.0210 17.6 243 
 SRND SZ ESg      14 2 47.92                             111    0.1410 17.6 243 
 VRDN SZ IPg    D 14 2 45.00                             110   -0.0110 17.8  69 
 VRDN SZ ESg      14 2 47.84                             110    0.1010 17.8  69 
 VRDN SZ  IAML    14 2 49.32       474.2 0.39                                   
 KVCH SZ IPg    D 14 2 45.30                             108    0.0110 19.2 252 
 KVCH SZ ESg      14 2 48.18                             108   -0.0510 19.2 252 
 KVCH SZ  IAML    14 2 48.83       236.2 0.18                                   
 AZGN SZ IPg    C 14 2 45.46                             105   -0.0610 21.6  40 
 AZGN SZ ESg      14 2 48.70                             105    0.0610 21.6  40 
 AZGN SZ  IAML    14 2 48.91       532.3 0.13                                   
 HRS  SZ IPg    D 14 2 45.52                             104   -0.1010 23.3 108 
 MGSL SZ IPg    D 14 2 46.04                             103   -0.0010 23.7 122 
 FRMZ SZ IPg    D 14 2 46.32                             101   -0.0510 25.9 306 
 FRMZ SZ ESg      14 2 50.10                             101   -0.0210 25.9 306 
 FRMZ SZ  IAML    14 2 51.52       264.2 0.13                                   
 GOLJ SZ IPg    D 14 2 47.35                              98    0.0010 32.4 276 
 GOLJ SZ ESg      14 2 51.91                              98    0.1010 32.4 276 
 TBZ  SZ IPg    D 14 2 51.54                              93    0.1110 58.3 254 
 BST  SZ IPg    C 14 2 54.19                              92   -0.15 9 76.2 173 
 SRB  SZ IPg    D 14 2 57.93                              92    0.01 8 98.9 129 
 MRD  SZ IPg    D 14 2 58.67                              92    0.23 7  102 292 
 SHB  SZ IPg    D 14 2 58.82                              92   -0.00 7  103 264 
                                                                                
 2012  815 14 6 47.5 L  38.391  46.922 10.2  THM 19 0.1 1.6LTHM                1
 GAP=81    THM  0.28       0.5     0.5  1.1  7.9480e-02                        E
      21.4      70.3       3.6                 0.0                <bu  FOCMEC  F
 Action:ARG 25-08-12 12:51 OP:OBSP STATUS:               ID:20120815140647     I
 OLDACT:ARG 14-11-22 00:27 OP:ahal STATUS:               ID:20120815140400 L   3
 2012-08-15-1404-45S.AHAL__066                                                 6
 STAT SP IPHASW D HRMM SECON CODA AMPLIT PERI AZIMU VELO AIN AR TRES W  DIS CAZ7
 NMVR SZ IPg    D 14 6 50.25                             133   -0.1310 10.2 171 
 NMVR SZ ESg      14 6 52.49                             133   -0.0010 10.2 171 
 GZCH SZ IPg    D 14 6 50.42                             127   -0.1310 12.0 297 
 GZCH SZ ESg      14 6 52.72                             127   -0.0710 12.0 297 
 ORNG SZ IPg    D 14 6 50.64                             126   -0.0910 12.3 334 
 ORNG SZ ESg      14 6 53.12                             126    0.0310 12.3 334 
 HRS  SZ EPg    D 14 6 50.46                             124   -0.0110 13.3 128 
 HRS  SZ ESg      14 6 52.80                             124    0.1510 13.3 128 
 BLVR SZ IPg  4 D 14 6 50.92                             118   -0.29 0 15.5 201 
 AZGN SZ IPg    D 14 6 50.95                             118   -0.0110 15.6   9 
 AZGN SZ ESg      14 6 53.49                             118   -0.0010 15.6   9 
 AZGN SZ  IAML    14 6 53.85      1001.6 0.07                                   
 MGSL SZ IPg    D 14 6 51.09                             118   -0.0910 15.9 148 
 MGSL SZ ESg      14 6 53.85                             118   -0.0310 15.9 148 
 KRNG SZ IPg    C 14 6 51.30                             114    0.0810 17.3  72 
 KRNG SZ ESg      14 6 54.09                             114    0.1310 17.3  72 
 ZANG SZ IPg    C 14 6 51.16                             115   -0.0410 17.4 285 
 ZANG SZ ESg      14 6 54.07                             115    0.1610 17.4 285 
 ZANG SZ  IAML    14 6 54.51       210.4 0.22                                   
 MHTR SZ IPg    D 14 6 51.62                             109   -0.1410 20.5 295 
 MHTR SZ ESg      14 6 54.89                             109    0.0110 20.5 295 
 MHTR SZ  IAML    14 6 57.25       357.3 0.22                                   
 HIGH SZ IPg    C 14 6 52.01                             106    0.0010 22.8 256 
 HIGH SZ ESg      14 6 55.32                             106   -0.0010 22.8 256 
 SRND SZ IPg    C 14 6 53.02                              98   -0.0210 28.7 252 
 KVCH SZ IPg    C 14 6 53.39                              96    0.0410 30.7 257 
 GOLJ SZ IPg    C 14 6 55.46                              91    0.0410 43.9 273 
 GOLJ SZ ESg      14 7  1.39                              91    0.1410 43.9 273 
 GOLJ SZ  IAML    14 7  4.48        46.4 0.18                                   
 TBZ  SZ IPg      14 6 59.40                              90   -0.01 9 69.7 256 
 TBZ  SZ ESg      14 7  8.36                              90    0.16 9 69.7 256 
 BST  SZ IPg  4 D 14 7  0.18                              90   -0.35 0 76.7 182 
 SRB  SZ IPg      14 7  2.62                              90   -0.04 8 90.8 134 
 MRD  SZ  IAML    14 6 55.72         2.1 0.29                                   
 MRD  SZ IPg      14 7  5.90                              90   -0.23 7  112 289 
 SHB  SZ IPg  4   14 7  6.96                              90    0.29 0  115 264 
                                                                                
 2012  815 1417 21.1 L  38.409  46.769 10.2  THM 17 0.1 2.0LTHM                1
 GAP=75    THM  0.25       0.5     0.4  0.7 -3.0510e-02                        E
     193.2      90.0      35.0                 0.0                <bu  FOCMEC  F
 Action:ARG 25-08-12 12:51 OP:OBSP STATUS:               ID:20120815141721     I
 OLDACT:ARG 14-11-22 00:27 OP:ahal STATUS:               ID:20120815141500 L   3
 2012-08-15-1415-10S.AHAL__054                                                 6
 STAT SP IPHASW D HRMM SECON CODA AMPLIT PERI AZIMU VELO AIN AR TRES W  DIS CAZ7
 ZANG SZ IPg    C 1417 23.18                             158   -0.0710 4.15 305 
 ZANG SZ ESg      1417 24.84                             158   -0.0210 4.15 305 
 ZANG SZ  IAML    1417 25.44       503.6 0.11                                   
 GZCH SZ IPg    D 1417 23.28                             157   -0.0610 4.39  38 
 GZCH SZ ESg      1417 25.10                             157    0.0810 4.39  38 
 MHTR SZ IPg    C 1417 23.64                             139   -0.0710 8.53 323 
 MHTR SZ ESg      1417 25.69                             139    0.0310 8.53 323 
 MHTR SZ  IAML    1417 29.23       319.0 0.26                                   
 HIGH SZ IPg    C 1417 23.91                             129   -0.0610 11.5 229 
 HIGH SZ ESg      1417 26.08                             129   -0.0310 11.5 229 
 HIGH SZ  IAML    1417 26.72      1267.9 0.14                                   
 ORNG SZ IPg    C 1417 24.23                             127   -0.0010 12.0  41 
 ORNG SZ ESg      1417 26.61                             127    0.0410 12.0  41 
 SRND SZ IPg    C 1417 24.85                             114   -0.0610 17.7 232 
 SRND SZ ESg      1417 27.78                             114    0.0410 17.7 232 
 BLVR SZ IPg    D 1417 25.08                             112   -0.0710 18.3 154 
 KVCH SZ IPg    C 1417 25.04                             112   -0.0310 18.7 242 
 VRDN SZ IPg    C 1417 25.03                             111    0.0310 18.7  79 
 VRDN SZ ESg      1417 27.76                             111   -0.1410 18.7  79 
 VRDN SZ  IAML    1417 28.65       426.1 0.19                                   
 NMVR SZ IPg    D 1417 25.23                             111    0.0910 19.2 129 
 NMVR SZ ESg      1417 28.31                             111    0.1710 19.2 129 
 AZGN SZ IPg    C 1417 25.22                             108   -0.0210 20.7  50 
 AZGN SZ ESg      1417 28.34                             108    0.0210 20.7  50 
 HMLO SZ IPg  4 C 1417 16.76                             106   -8.88 0 22.3 291 
 FRMZ SZ IPg    D 1417 25.67                             106   -0.0410 22.8 303 
 FRMZ SZ ESg      1417 29.21                             106    0.0610 22.8 303 
 FRMZ SZ  IAML    1417 31.03       399.9 0.18                                   
 HRS  SZ IPg    D 1417 25.76                             102   -0.1010 26.0 113 
 HRS  SZ ESg  4   1417 29.69                             102    0.29 0 26.0 113 
 MGSL SZ IPg    D 1417 26.34                             100   -0.0110 26.8 125 
 KRNG SZ IPg    C 1417 26.76                              96    0.0610 30.0  83 
 KRNG SZ ESg      1417 30.89                              96    0.0410 30.0  83 
 GOLJ SZ IPg    C 1417 26.78                              96   -0.0710 30.5 270 
 GOLJ SZ ESg      1417 31.28                              96    0.1610 30.5 270 
                                                                                
 2012  815 1420 41.6 L  38.414  46.791  9.6  THM 14 0.1 1.6LTHM                1
 GAP=76    THM  0.36       0.7     0.6  1.3 -9.6000e-02                        E
     177.1      57.4      66.0                 0.0                <bu  FOCMEC  F
 Action:ARG 25-08-12 12:51 OP:OBSP STATUS:               ID:20120815142041     I
 OLDACT:ARG 14-11-22 00:27 OP:ahal STATUS:               ID:20120815141801dL   3
 2012-08-15-1418-51S.AHAL__048                                                 6
 STAT SP IPHASW D HRMM SECON CODA AMPLIT PERI AZIMU VELO AIN AR TRES W  DIS CAZ7
 GZCH SZ IPg    C 1420 43.59                             163   -0.0910 2.96  16 
 GZCH SZ ESg      1420 45.22                             163   -0.0110 2.96  16 
 ZANG SZ IPg    D 1420 43.76                             151   -0.0110 5.60 288 
 ZANG SZ ESg      1420 45.41                             151    0.0210 5.60 288 
 ZANG SZ  IAML    1420 46.06       224.8 0.08                                   
 ORNG SZ IPg    D 1420 44.51                             131    0.0510 10.3  36 
 ORNG SZ ESg      1420 46.30                             131   -0.3010 10.3  36 
 ORNG SZ  IAML    1420 47.70       147.5 0.17                                   
 HIGH SZ IPg    C 1420 44.61                             123   -0.0410 13.4 232 
 HIGH SZ ESg      1420 46.90                             123   -0.0210 13.4 232 
 HIGH SZ  IAML    1420 47.13       974.4 0.22                                   
 VRDN SZ IPg    D 1420 45.17                             116   -0.0010 16.7  80 
 VRDN SZ ESg      1420 47.98                             116    0.1510 16.7  80 
 BLVR SZ IPg    D 1420 45.32                             113   -0.2710 18.1 161 
 NMVR SZ IPg    D 1420 45.48                             113    0.0310 18.2 134 
 NMVR SZ ESg      1420 48.41                             113    0.0910 18.2 134 
 NMVR SZ  IAML    1420 49.20       125.8 0.07                                   
 AZGN SZ IPg    D 1420 45.49                             112    0.0610 18.9  47 
 AZGN SZ ESg      1420 48.42                             112    0.1410 18.9  47 
 AZGN SZ  IAML    1420 48.68       602.3 0.07                                   
 SRND SZ IPg      1420 45.60                             111   -0.0510 19.6 234 
 SRND SZ ESg      1420 48.74                             111    0.0810 19.6 234 
 SRND SZ  IAML    1420 49.46       103.8 0.10                                   
 KVCH SZ IPg    D 1420 45.86                             110    0.0310 20.7 243 
 KVCH SZ ESg      1420 49.23                             110    0.2610 20.7 243 
 KVCH SZ  IAML    1420 50.30        89.9 0.29                                   
 HMLO SZ IPg  4 D 1420 37.65                             107   -8.70 0 23.9 288 
 FRMZ SZ IPg    D 1420 46.27                             106   -0.1210 24.1 299 
 FRMZ SZ ESg      1420 49.97                             106    0.0210 24.1 299 
 FRMZ SZ  IAML    1420 51.72       230.1 0.20                                   
 MGSL SZ IPg    D 1420 46.50                             105   -0.1510 25.6 129 
 MGSL SZ ESg      1420 50.35                             105   -0.0510 25.6 129 
 MGSL SZ  IAML    1420 51.24        40.2 0.35                                   
 KRNG SZ IPg    D 1420 46.91                             103    0.0410 28.0  84 
 KRNG SZ ESg      1420 50.93                             103    0.1410 28.0  84 
                                                                                
 2012  815 1456 57.2 L  38.419  46.781  8.6  THM 23 0.1 2.4LTHM                1
 GAP=83    THM  0.29       0.5     0.4  0.8 -1.3350e-02                        E
       3.2      62.0      21.9                 0.0                <bu  FOCMEC  F
 Action:ARG 25-08-12 12:51 OP:OBSP STATUS:               ID:20120815145657     I
 OLDACT:ARG 14-11-22 00:27 OP:ahal STATUS:               ID:20120815145500 L   3
 2012-08-15-1455-46S.AHAL__048                                                 6
 STAT SP IPHASW D HRMM SECON CODA AMPLIT PERI AZIMU VELO AIN AR TRES W  DIS CAZ7
 GZCH SZ IPg    C 1456 59.07                             162   -0.0710 2.91  36 
 GZCH SZ ESg      1457  0.57                             162   -0.0110 2.91  36 
 ZANG SZ IPg    C 1456 59.07                             153   -0.0910 4.59 286 
 ZANG SZ ESg      1457  0.59                             153   -0.0410 4.59 286 
 ZANG SZ  IAML    1457  1.20     10672.6 0.29                                   
 MHTR SZ IPg    D 1456 59.57                             135   -0.0510 8.39 313 
 MHTR SZ ESg      1457  1.46                             135    0.0410 8.39 313 
 ORNG SZ IPg    C 1457  0.03                             127    0.0310 10.5  41 
 ORNG SZ ESg      1457  2.20                             127    0.1210 10.5  41 
 HIGH SZ IPg    C 1457  0.03                             121   -0.1010 13.0 228 
 HIGH SZ ESg      1457  2.28                             121   -0.0210 13.0 228 
 VRDN SZ IPg    C 1457  0.85                             110    0.0110 17.6  82 
 VRDN SZ ESg      1457  3.43                             110   -0.1110 17.6  82 
 VRDN SZ  IAML    1457  5.83      2449.1 0.73                                   
 BLVR SZ IPg    D 1457  1.09                             109   -0.1610 18.9 158 
 BLVR SZ  IAML    1457  9.27      2300.9 0.00                                   
 NMVR SZ IPg    D 1457  1.06                             108   -0.0910 19.2 133 
 NMVR SZ ESg      1457  4.19                             108    0.1010 19.2 133 
 SRND SZ IPg    C 1457  1.07                             109   -0.0710 19.2 231 
 SRND SZ ESg      1457  4.17                             109    0.1010 19.2 231 
 AZGN SZ IPg    C 1457  1.09                             108    0.0510 19.3  50 
 AZGN SZ ESg      1457  3.78                             108   -0.1110 19.3  50 
 KVCH SZ IPg    C 1457  1.27                             107   -0.0310 20.1 241 
 KVCH SZ ESg      1457  4.43                             107    0.0910 20.1 241 
 HMLO SZ IPg  4 D 1456 52.95                             104   -8.81 0 22.9 287 
 FRMZ SZ IPg    D 1457  1.85                             104    0.0510 23.0 299 
 FRMZ SZ ESg      1457  5.36                             104    0.1510 23.0 299 
 HRS  SZ IPg    D 1457  1.65                             102   -0.1910 25.6 116 
 HRS  SZ ESg      1457  5.46                             102    0.1810 25.6 116 
 MGSL SZ IPg    D 1457  2.32                             101   -0.0610 26.6 128 
 MGSL SZ ESg      1457  6.35                             101    0.1310 26.6 128 
 MGSL SZ  IAML    1457  7.57       462.6 0.09                                   
 KRNG SZ IPg    C 1457  2.66                             100    0.0810 28.9  85 
 KRNG SZ ESg      1457  6.67                             100    0.0910 28.9  85 
 GOLJ SZ IPg    D 1457  3.03                              99   -0.0410 31.5 268 
 GOLJ SZ ESg      1457  7.50                              99    0.0710 31.5 268 
 GOLJ SZ  IAML    1457  8.85       993.4 0.47                                   
 TBZ  SZ IPg    C 1457  7.42                              93    0.0410 58.8 250 
 TBZ  SZ ESg  4   1457 15.16                              93    0.23 0 58.8 250 
 TBZ  SZ  IAML    1457 28.64       131.1 0.52                                   
 BST  SZ IPg  4 D 1457 10.47                              92   -0.40 0 80.3 173 
 BST  SZ  IAML    1457 24.65        41.9 0.28                                   
 MRD  SZ IPg      1457 13.73                              92   -0.24 8 99.4 290 
 SRB  SZ IPg  4 D 1457 13.79                              92   -0.51 0  102 130 
 SHB  SZ IPg      1457 14.67                              92    0.02 7  103 262 
 SHB  SZ  IAML    1457 29.79       108.1 0.21                                   
 AZR  SZ IPg      1457 15.50                              92   -0.00 7  108 221 
 AZR  SZ  IAML    1457 34.45        74.3 0.09                                   
                                                                                
 2012  815 1520 26.3 L  38.398  46.753 10.7  THM 16 0.1 1.6LTHM                1
 GAP=67    THM  0.25       0.6     0.5  0.8 -5.8470e-02                        E
       7.9      74.5      32.9                 0.0                <bu  FOCMEC  F
 Action:ARG 25-08-12 12:51 OP:OBSP STATUS:               ID:20120815152026     I
 OLDACT:ARG 14-11-22 00:27 OP:ahal STATUS:               ID:20120815151800 L   3
 2012-08-15-1518-58S.AHAL__045                                                 6
 STAT SP IPHASW D HRMM SECON CODA AMPLIT PERI AZIMU VELO AIN AR TRES W  DIS CAZ7
 ZANG SZ IPg    C 1520 28.49                             160   -0.0610 4.04 331 
 ZANG SZ ESg      1520 30.18                             160   -0.0310 4.04 331 
 ZANG SZ  IAML    1520 30.48       440.5 0.15                                   
 GZCH SZ IPg    C 1520 28.72                             150   -0.0510 6.21  42 
 GZCH SZ ESg      1520 30.60                             150    0.0010 6.21  42 
 MHTR SZ IPg    D 1520 28.99                             140   -0.0310 8.79 335 
 MHTR SZ ESg      1520 31.12                             140    0.0910 8.79 335 
 HIGH SZ IPg    C 1520 28.97                             136   -0.0610 9.69 228 
 HIGH SZ ESg      1520 31.04                             136   -0.0110 9.69 228 
 SRND SZ IPg    C 1520 29.86                             119   -0.0510 15.8 232 
 SRND SZ ESg      1520 32.66                             119    0.0810 15.8 232 
 BLVR SZ IPg      1520 30.38                             115    0.0210 18.0 149 
 BLVR SZ  IAML    1520 34.19       309.7 0.15                                   
 VRDN SZ IPg    C 1520 30.50                             111    0.0110 20.4  77 
 VRDN SZ ESg      1520 33.58                             111   -0.0210 20.4  77 
 VRDN SZ  IAML    1520 34.35       251.4 0.15                                   
 HMLO SZ IPg  4 D 1520 21.97                             110   -8.78 0 21.4 295 
 FRMZ SZ IPg    D 1520 30.98                             109    0.0910 22.2 307 
 AZGN SZ IPg    C 1520 30.74                             108   -0.0210 22.6  50 
 AZGN SZ ISg      1520 34.01                             108   -0.0610 22.6  50 
 AZGN SZ  IAML    1520 34.74       139.5 0.02                                   
 HRS  SZ IPg    D 1520 31.14                             103   -0.1110 26.9 109 
 HRS  SE ESg      1520 35.05                             103    0.1410 26.9 109 
 MGSL SZ IPg    D 1520 31.62                             102   -0.0610 27.4 121 
 MGSL SZ ESg      1520 35.74                             102    0.0910 27.4 121 
 GOLJ SZ IPg    D 1520 31.87                             101    0.0110 29.1 273 
 GOLJ SZ ESg  4   1520 36.49                             101    0.51 0 29.1 273 
 GOLJ SZ  IAML    1520 39.66        72.0 0.36                                   
 KRNG SZ IPg    C 1520 32.28                              98    0.1010 31.5  81 
 TBZ  SZ IPg      1520 36.04                              92    0.0610 55.7 251 
 TBZ  SZ  IAML    1520 44.74         6.2 0.30                                   
 BST  SZ IPg    D 1520 39.38                              91   -0.19 9 78.4 171 
                                                                                
 2012  815 1533 26.2 L  38.383  46.639  6.0  THM 22 0.1 1.9LTHM                1
 GAP=60    THM  0.30       0.5     0.5  0.8 -5.4660e-02                        E
     176.6      78.7      33.3                 0.0                <bu  FOCMEC  F
 Action:ARG 25-08-12 12:51 OP:OBSP STATUS:               ID:20120815153326     I
 OLDACT:ARG 14-11-22 00:27 OP:ahal STATUS:               ID:20120815153100 L   3
 2012-08-15-1531-46S.AHAL__066                                                 6
 STAT SP IPHASW D HRMM SECON CODA AMPLIT PERI AZIMU VELO AIN AR TRES W  DIS CAZ7
 HIGH SZ IPg    D 1533 28.17                             147   -0.0310 5.54 151 
 HIGH SZ ESg      1533 29.53                             147   -0.1510 5.54 151 
 KVCH SZ IPg    C 1533 28.54                             137   -0.0210 7.85 221 
 KVCH SZ ESg      1533 30.24                             137   -0.0710 7.85 221 
 SRND SZ IPg    C 1533 28.64                             134    0.0210 8.53 197 
 SRND SZ ESg      1533 30.46                             134    0.0410 8.53 197 
 ZANG SZ IPg    D 1533 28.51                             131   -0.1210 9.49  57 
 ZANG SZ ESg      1533 30.24                             131   -0.1910 9.49  57 
 MHTR SZ IPg    C 1533 28.89                             125   -0.0910 11.4  33 
 MHTR SZ ESg      1533 31.03                             125   -0.0210 11.4  33 
 MHTR SZ  IAML    1533 34.74       535.2 0.23                                   
 HMLO SZ IPg  4 D 1533 20.65                             118   -8.82 0 14.3 318 
 GZCH SZ IPg      1533 29.51                             116   -0.0410 15.4  66 
 GZCH SZ ESg      1533 32.06                             116    0.0310 15.4  66 
 FRMZ SZ IPg    D 1533 29.93                             113    0.0410 17.0 333 
 FRMZ SZ ESg      1533 32.73                             113    0.1010 17.0 333 
 GOLJ SZ IPg    D 1533 30.27                             110    0.0810 19.3 279 
 GOLJ SZ  IAML    1533 36.99       783.3 0.62                                   
 ORNG SZ IPg    C 1533 30.81                             106   -0.0310 22.6  58 
 ORNG SZ ESg      1533 34.35                             106    0.0810 22.6  58 
 BLVR SZ IPg    D 1533 31.25                             105    0.1910 23.7 125 
 BLVR SZ  IAML    1533 35.86       295.2 0.23                                   
 NMVR SZ IPg    D 1533 31.73                             102    0.1210 27.9 109 
 VRDN SZ IPg    D 1533 31.96                             101   -0.0010 30.4  78 
 VRDN SZ ESg      1533 36.39                             101    0.1610 30.4  78 
 AZGN SZ IPg    C 1533 32.06                             100   -0.0510 31.7  59 
 AZGN SZ ESg      1533 36.49                             100    0.0110 31.7  59 
 AZGN SZ  IAML    1533 37.45       324.9 0.15                                   
 MGSL SZ IPg    D 1533 33.03                              99    0.0810 35.6 111 
 MGSL SZ ESg      1533 37.81                              99   -0.1310 35.6 111 
 MGSL SZ  IAML    1533 44.37        76.6 0.39                                   
 HRS  SZ IPg    D 1533 32.62                              99   -0.0410 36.1 102 
 KRNG SZ IPg      1533 33.81                              97   -0.0010 41.6  81 
 KRNG SZ ESg      1533 39.52                              97    0.0810 41.6  81 
 KRNG SZ  IAML    1533 40.81       239.5 0.20                                   
 TBZ  SZ IPg    C 1533 34.71                              96    0.2010 45.8 249 
 BST  SZ IPg    D 1533 40.07                              93   -0.04 9 78.9 164 
 BST  SZ  IAML    1533 51.67        27.2 0.78                                   
 MRD  SZ IPg    D 1533 41.60                              93   -0.28 8 89.4 294 
 SHB  SZ IPg      1533 42.11                              93   -0.01 8 90.1 263 
 SRB  SZ IPg    D 1533 45.17                              92   -0.02 7  110 124 
                                                                                
 2012  815 1543 25.7 L  38.415  46.793  7.7  THM 19 0.1 2.1LTHM                1
 GAP=63    THM  0.26       0.5     0.5  0.9 -4.6920e-02                        E
     200.7      38.3      18.4                 0.0                <bu  FOCMEC  F
 Action:ARG 25-08-12 12:51 OP:OBSP STATUS:               ID:20120815154325     I
 OLDACT:ARG 14-11-22 00:27 OP:ahal STATUS:               ID:20120815154100 L   3
 2012-08-15-1541-38S.AHAL__064                                                 6
 STAT SP IPHASW D HRMM SECON CODA AMPLIT PERI AZIMU VELO AIN AR TRES W  DIS CAZ7
 GZCH SZ IPg    D 1543 27.46                             161   -0.0810 2.85  13 
 GZCH SZ ESg      1543 28.81                             161   -0.0610 2.85  13 
 ZANG SZ IPg    C 1543 27.62                             144   -0.0610 5.71 287 
 ZANG SZ ESg      1543 29.13                             144    0.0110 5.71 287 
 MHTR SZ IPg    D 1543 28.14                             127   -0.0610 9.45 310 
 MHTR SZ ESg      1543 30.03                             127    0.0110 9.45 310 
 ORNG SZ IPg    D 1543 28.41                             124   -0.0110 10.2  35 
 ORNG SZ ESg      1543 30.52                             124    0.1210 10.2  35 
 HIGH SZ IPg    C 1543 28.70                             115    0.0110 13.6 232 
 HIGH SZ ESg      1543 30.98                             115    0.1110 13.6 232 
 HIGH SZ  IAML    1543 31.86      4011.8 0.22                                   
 NMVR SZ IPg    D 1543 29.49                             105   -0.0110 18.1 135 
 NMVR SZ  IAML    1543 36.44       211.6 0.43                                   
 BLVR SZ IPg    D 1543 29.56                             105   -0.0910 18.2 161 
 BLVR SZ ESg      1543 32.54                             105   -0.0010 18.2 161 
 BLVR SZ  IAML    1543 33.43       627.1 0.12                                   
 AZGN SZ IPg    C 1543 29.44                             104   -0.0310 18.7  47 
 AZGN SZ ESg      1543 32.28                             104    0.0510 18.7  47 
 AZGN SZ  IAML    1543 32.56       814.1 0.19                                   
 SRND SZ IPg    C 1543 29.76                             103    0.0210 19.8 234 
 KVCH SZ IPg    C 1543 30.02                             102    0.1010 20.8 243 
 HMLO SZ IPg  4 D 1543 21.63                              99   -8.83 0 24.0 288 
 FRMZ SZ IPg    D 1543 30.45                              99   -0.0410 24.2 299 
 FRMZ SZ  IAML    1543 35.91       839.0 0.12                                   
 HRS  SZ IPg    D 1543 30.04                              99   -0.1410 24.4 116 
 MGSL SZ IPg    D 1543 30.66                              98   -0.0710 25.6 129 
 MGSL SZ ESg      1543 34.60                              98    0.1710 25.6 129 
 KRNG SZ IPg    C 1543 30.95                              97   -0.0010 27.8  84 
 KRNG SZ ESg      1543 34.89                              97    0.0810 27.8  84 
 KRNG SZ  IAML    1543 35.21       404.4 0.19                                   
 TBZ  SZ IPg    C 1543 36.16                              92    0.0910 59.6 251 
 TBZ  SZ ESg  4   1543 44.19                              92    0.48 0 59.6 251 
 TBZ  SZ  IAML    1543 48.27        16.3 0.61                                   
 BST  SZ IPg      1543 39.19                              91   -0.15 9 79.8 174 
 MRD  SZ IPg  4   1543 43.08                              91    0.38 0  101 290 
 MRD  SZ  IAML    1543 58.36                                            101 290 
 SHB  SZ IPg  4   1543 44.12                              91    0.77 0  104 262 
                                                                                
 2012  815 16 1 21.5 L  38.400  46.683  5.6  THM 13 0.1 1.6LTHM                1
 GAP=92    THM  0.29       0.6     0.6  1.3 -7.3180e-02                        E
     159.3      55.1     -44.2                 0.0                <bu  FOCMEC  F
 Action:ARG 25-08-12 12:51 OP:OBSP STATUS:               ID:20120815160121     I
 OLDACT:ARG 14-11-22 00:27 OP:ahal STATUS:               ID:20120815155900 L   3
 2012-08-15-1559-40S.AHAL__051                                                 6
 STAT SP IPHASW D HRMM SECON CODA AMPLIT PERI AZIMU VELO AIN AR TRES W  DIS CAZ7
 ZANG SZ IPg    C 16 1 23.07                             139   -0.0310 5.26  51 
 ZANG SZ ESg      16 1 24.39                             139    0.0810 5.26  51 
 SRND SZ IPg    C 16 1 24.08                             111   -0.0710 11.9 213 
 SRND SZ ESg      16 1 26.15                             111    0.0210 11.9 213 
 KVCH SZ IPg    C 16 1 24.07                             112   -0.1010 11.9 229 
 KVCH SZ ESg      16 1 26.09                             112   -0.0810 11.9 229 
 KVCH SZ  IAML    16 1 27.08       535.6 0.15                                   
 HMLO SZ IPg  4 D 16 1 15.97                             104   -8.89 0 16.0 304 
 FRMZ SZ IPg    D 16 1 25.12                             101   -0.0210 17.6 319 
 FRMZ SZ ESg      16 1 27.84                             101   -0.0210 17.6 319 
 ORNG SZ IPg    C 16 1 25.35                             100    0.0410 18.4  57 
 BLVR SZ IPg    D 16 1 26.02                              98    0.0610 21.9 135 
 GOLJ SZ IPg    C 16 1 25.85                              98   -0.1210 23.0 273 
 GOLJ SZ ESg      16 1 29.39                              98    0.0910 23.0 273 
 GOLJ SZ  IAML    16 1 30.00       307.6 0.15                                   
 MGSL SZ IPg    D 16 1 27.75                              94    0.0510 32.8 116 
 MGSL SZ  IAML    16 1 36.20        62.8 0.52                                   
 KRNG SZ IPg    C 16 1 28.30                              93   -0.0510 37.5  83 
 TBZ  SZ IPg    C 16 1 30.41                              92   -0.0610 50.1 249 
 TBZ  SZ ESg      16 1 37.35                              92    0.2210 50.1 249 
 BST  SZ IPg  4 C 16 1 35.31                              91   -0.19 0 79.8 167 
 BST  SZ  IAML    16 1 46.67        11.8 0.30                                   
 SHB  SZ IPg      16 1 38.04                              91   -0.02 8 94.1 262 
                                                                                
 2012  815 1618 14.2 L  38.414  46.784  4.1  THM 19 0.1 1.9LTHM                1
 GAP=86    THM  0.37       0.7     0.5  1.2  1.0780e-02                        E
      57.9      73.2      68.0                 0.0                <bu  FOCMEC  F
 Action:ARG 25-08-12 12:51 OP:OBSP STATUS:               ID:20120815161814     I
 OLDACT:ARG 14-11-22 00:27 OP:ahal STATUS:               ID:20120815161700 L   3
 2012-08-15-1617-15S.AHAL__024                                                 6
 STAT SP IPHASW D HRMM SECON CODA AMPLIT PERI AZIMU VELO AIN AR TRES W  DIS CAZ7
 GZCH SZ IPg    D 1618 15.46                             146   -0.0310 3.19  26 
 GZCH SZ ESg      1618 16.48                             146    0.0210 3.19  26 
 ZANG SZ IPg    D 1618 15.47                             131   -0.1510 5.01 290 
 ZANG SZ ESg      1618 16.72                             131    0.0410 5.01 290 
 ZANG SZ  IAML    1618 16.98      2009.1 0.10                                   
 ORNG SZ IPg  4   1618 16.12                              99   -0.60 0 10.7  38 
 ORNG SZ ESg  4   1618 17.39                              99   -1.20 0 10.7  38 
 ORNG SZ  IAML    1618 22.54       631.1 0.88                                   
 VRDN SZ IPg    C 1618 17.68                              91   -0.0010 17.4  80 
 VRDN SZ ESg      1618 20.27                              91    0.0010 17.4  80 
 BLVR SZ IPg    D 1618 17.88                              91   -0.1810 18.4 159 
 BLVR SZ ESg      1618 21.15                              91    0.2310 18.4 159 
 NMVR SZ IPg    D 1618 17.86                              91   -0.1010 18.6 133 
 NMVR SZ ESg      1618 20.87                              91    0.1210 18.6 133 
 NMVR SZ  IAML    1618 24.82       423.7 0.30                                   
 SRND SZ IPg    D 1618 17.90                              91   -0.1210 19.1 233 
 SRND SZ ESg      1618 20.89                              91    0.0310 19.1 233 
 AZGN SZ IPg    D 1618 18.01                              91    0.0510 19.4  48 
 AZGN SZ ESg      1618 20.88                              91    0.1310 19.4  48 
 KVCH SZ IPg    C 1618 18.14                              91   -0.0710 20.1 242 
 KVCH SZ ESg      1618 21.32                              91    0.1310 20.1 242 
 HMLO SZ IPg  4 C 1618  9.92                              91   -8.86 0 23.3 288 
 FRMZ SZ IPg    D 1618 18.79                              91   -0.0410 23.5 300 
 FRMZ SZ ESg      1618 22.35                              91    0.0810 23.5 300 
 HRS  SZ IPg    D 1618 18.50                              91   -0.2410 25.1 115 
 MGSL SZ IPg    D 1618 19.12                              90   -0.1610 26.1 128 
 MGSL SZ ESg      1618 23.23                              90    0.1810 26.1 128 
 MGSL SZ  IAML    1618 24.76        74.6 0.30                                   
 KRNG SZ IPg      1618 19.59                              90    0.0310 28.6  84 
 KRNG SZ  IAML    1618 24.00       124.9 0.23                                   
 GOLJ SZ IPg    C 1618 20.07                              90   -0.0910 31.8 269 
 GOLJ SZ ESg      1618 24.71                              90    0.1410 31.8 269 
 GOLJ SZ  IAML    1618 25.29       331.6 0.13                                   
 TBZ  SZ IPg    C 1618 24.53                              90   -0.1410 58.9 250 
 BST  SZ IPg  4 D 1618 27.46                              90   -0.76 0 79.8 173 
 MRD  SZ IPg      1618 31.87                              90    0.25 8 99.9 290 
 SRB  SZ IPg  4   1618 30.77                              90   -1.04 0  102 130 
                                                                                
 2012  815 1628 54.3 L  38.382  46.770 11.7  THM 21 0.1 3.0LTHM                1
 GAP=72    THM  0.24       0.4     0.3  0.8 -6.1780e-03                        E
     355.6      76.7       6.9                 0.0                <bu  FOCMEC  F
 Action:ARG 25-08-12 12:51 OP:OBSP STATUS:               ID:20120815162854     I
 OLDACT:ARG 14-11-22 00:27 OP:ahal STATUS:               ID:20120815162601dL   3
 2012-08-15-1626-53S.AHAL__018                                                 6
 STAT SP IPHASW D HRMM SECON CODA AMPLIT PERI AZIMU VELO AIN AR TRES W  DIS CAZ7
 ZANG SZ IPg    D 1628 56.78                             152   -0.0610 6.33 327 
 ZANG SZ ESg      1628 58.78                             152    0.0510 6.33 327 
 GZCH SZ IPg    C 1628 56.94                             149   -0.0210 6.93  22 
 GZCH SZ ESg      1628 59.04                             149    0.1010 6.93  22 
 ORNG SZ IPg    C 1628 57.88                             126   -0.0110 14.3  33 
 ORNG SZ ESg      1629  0.59                             126    0.0410 14.3  33 
 BLVR SZ IPg    D 1628 58.02                             123   -0.0910 15.7 150 
 BLVR SZ ESg      1629  0.87                             123   -0.0710 15.7 150 
 SRND SZ IPg    C 1628 57.88                             123   -0.1410 16.1 240 
 SRND SZ ESg      1629  0.65                             123   -0.1210 16.1 240 
 NMVR SZ IPg    D 1628 58.17                             120   -0.0410 17.5 121 
 NMVR SZ ESg      1629  1.27                             120    0.1610 17.5 121 
 KVCH SZ IPg    C 1628 58.18                             120   -0.0510 17.6 251 
 KVCH SZ ESg      1629  1.18                             120    0.0310 17.6 251 
 VRDN SZ IPg    C 1628 58.47                             116    0.0510 19.4  71 
 VRDN SZ ESg      1629  1.40                             116   -0.0710 19.4  71 
 AZGN SZ IPg    C 1628 58.82                             112   -0.0110 22.7  44 
 AZGN SZ ESg      1629  2.11                             112   -0.0810 22.7  44 
 HMLO SZ IPg  4 D 1628 50.33                             111   -8.79 0 23.6 297 
 FRMZ SZ IPg    D 1628 59.29                             110    0.0210 24.5 309 
 FRMZ SZ ESg      1629  2.90                             110   -0.0510 24.5 309 
 HRS  SZ IPg    D 1628 58.91                             109   -0.0810 25.0 107 
 HRS  SZ ESg      1629  2.52                             109    0.0610 25.0 107 
 MGSL SZ IPg    D 1628 59.33                             109   -0.0510 25.2 120 
 MGSL SZ ESg      1629  3.20                             109    0.0510 25.2 120 
 KRNG SZ IPg    C 1629  0.06                             104    0.0410 30.4  78 
 KRNG SZ ESg      1629  4.29                             104    0.0310 30.4  78 
 GOLJ SZ IPg    D 1629  0.13                             104   -0.0110 30.7 276 
 GOLJ SZ ESg      1629  4.59                             104    0.1210 30.7 276 
 TBZ  SZ IPg    C 1629  4.08                              94   -0.0310 56.6 253 
 TBZ  SZ ESg      1629 11.45                              94    0.0710 56.6 253 
 TBZ  SZ  IAML    1629 20.51       966.2 0.88                                   
 BST  SZ IPg  4 D 1629  6.99                              92   -0.26 0 76.4 172 
 BST  SZ  IAML    1629 20.61       467.8 0.40                                   
 MRD  SZ IPg  4 D 1629 10.59                              91   -0.38 0  100 292 
 SRB  SZ IPg  4 D 1629 10.58                              91   -0.34 0  100 128 
 SRB  SZ  IAML    1629 32.90       278.7 0.13                                   
 MRD  SZ  IAML    1629 27.92       742.6 0.40                                   
 SHB  SZ IPg    D 1629 11.37                              91    0.04 7  101 264 
 SHB  SZ  IAML    1629 26.40      1036.7 0.40                                   
 AZR  SZ IPg    C 1629 11.96                              91    0.15 7  104 222 
 AZR  SZ ESg      1629 24.91                              91    0.13 7  104 222 
 AZR  SZ  IAML    1629 27.21       635.8 0.20                                   
                                                                                
 2012  815 1637 21.1 L  38.394  46.669  5.0  THM 17 0.1 2.2LTHM                1
 GAP=90    THM  0.31       0.6     0.6  1.6 -9.4280e-02                        E
     215.3      64.2      65.4                 0.0                <bu  FOCMEC  F
 Action:ARG 25-08-12 12:51 OP:OBSP STATUS:               ID:20120815163721     I
 OLDACT:ARG 14-11-22 00:27 OP:ahal STATUS:               ID:20120815163500 L   3
 2012-08-15-1635-54S.AHAL__049                                                 6
 STAT SP IPHASW D HRMM SECON CODA AMPLIT PERI AZIMU VELO AIN AR TRES W  DIS CAZ7
 ZANG SZ IPg    C 1637 22.65                             128   -0.1510 6.64  53 
 ZANG SZ ESg      1637 24.11                             128    0.0310 6.64  53 
 KVCH SZ IPg    C 1637 23.46                             111   -0.0610 10.5 228 
 KVCH SZ ESg      1637 25.45                             111    0.1210 10.5 228 
 SRND SZ IPg    C 1637 23.43                             110   -0.0910 10.7 209 
 SRND SZ ESg      1637 25.37                             110    0.0310 10.7 209 
 HMLO SZ IPg  4 D 1637 15.64                             100   -8.71 0 15.4 308 
 FRMZ SZ IPg    D 1637 24.80                              98    0.1110 17.4 323 
 ORNG SZ IPg    C 1637 25.07                              96   -0.0610 19.8  57 
 ORNG SZ ESg      1637 28.15                              96    0.0110 19.8  57 
 ORNG SZ  IAML    1637 32.48       243.4 0.44                                   
 GOLJ SZ IPg    D 1637 25.43                              95    0.0710 21.8 275 
 GOLJ SZ ESg  4   1637 29.08                              95    0.54 0 21.8 275 
 GOLJ SZ  IAML    1637 30.37       854.3 0.18                                   
 BLVR SZ IPg    D 1637 25.52                              95   -0.1010 22.4 132 
 BLVR SZ ESg      1637 28.92                              95   -0.0610 22.4 132 
 BLVR SZ  IAML    1637 32.56      1336.0 0.18                                   
 NMVR SZ IPg    D 1637 26.02                              94   -0.0510 25.9 114 
 NMVR SZ ESg      1637 29.83                              94    0.0610 25.9 114 
 VRDN SZ IPg    D 1637 26.18                              93   -0.1210 27.6  79 
 VRDN SZ ESg      1637 30.33                              93    0.1610 27.6  79 
 VRDN SZ  IAML    1637 33.88       626.4 0.35                                   
 MGSL SZ IPg      1637 27.34                              92   -0.0910 33.6 114 
 MGSL SZ ESg      1637 32.35                              92    0.2110 33.6 114 
 HRS  SZ IPg  4 D 1637 26.85                              92   -0.24 0 33.8 104 
 HRS  SZ ESg  4   1637 31.66                              92    0.12 0 33.8 104 
 TBZ  SZ IPg    C 1637 29.80                              91   -0.0410 48.7 249 
 TBZ  SZ  IAML    1637 40.23        68.7 0.35                                   
 BST  SZ IPg  4 D 1637 34.66                              91   -0.38 0 79.4 166 
 BST  SZ  IAML    1637 46.10       151.4 0.35                                   
 MRD  SZ IPg  4 D 1637 36.35                              91   -0.72 0 91.4 293 
 MRD  SZ  IAML    1637 52.50       137.4 0.70                                   
 SHB  SZ IPg    C 1637 37.49                              91    0.04 8 92.8 263 
 SHB  SZ  IAML    1637 53.99        66.4 0.09                                   
 SRB  SZ IPg  4 D 1637 39.24                              91   -0.56 0  108 126 
                                                                                
 2012  815 1749  5.1 L  38.387  46.654  7.0  THM 25 0.1 4.7LTHM                1
 GAP=51    THM  0.29       0.4     0.4  1.1 -1.2490e-02                        E
     198.2      57.5      70.9                 0.0                <bu  FOCMEC  F
 Action:ARG 25-08-12 12:51 OP:OBSP STATUS:               ID:20120815174905     I
 OLDACT:ARG 14-11-22 00:27 OP:ahal STATUS:               ID:20120815174900 L   3
 2012-08-15-1749-02S.AHAL__009                                                 6
 STAT SP IPHASW D HRMM SECON CODA AMPLIT PERI AZIMU VELO AIN AR TRES W  DIS CAZ7
 ZANG SZ IPg    D 1749  7.26                             129   -0.0210 8.14  54 
 ZANG SZ ESg      1749  8.84                             129   -0.0110 8.14  54 
 SRND SZ IPg    C 1749  7.45                             123   -0.1110 9.42 204 
 SRND SZ ESg      1749  9.44                             123    0.0910 9.42 204 
 MHTR SZ IPg    C 1749  7.67                             120   -0.0010 10.4  28 
 MHTR SZ ESg      1749  9.57                             120    0.0310 10.4  28 
 VRZ1 BZ IPg    D 1749  8.13                             112    0.0510 13.0   5 
 VRZ1 BZ ESg      1749 10.10                             112   -0.1610 13.0   5 
 GZCH SZ IPg    D 1749  8.14                             109   -0.0510 14.0  65 
 GZCH SZ ESg      1749 10.64                             109    0.2010 14.0  65 
 HMLO SZ IPg  4 D 1749 10.68                             107    2.27 0 14.9 314 
 FRMZ SZ IPg    D 1749  8.88                             103    0.0810 17.3 328 
 FRMZ SZ ESg      1749 11.33                             103   -0.1710 17.3 328 
 GOLJ SZ IPg    D 1749  9.24                              99   -0.0210 20.6 277 
 GOLJ SZ ESg      1749 12.37                              99    0.0710 20.6 277 
 ORNG SZ IPg    D 1749  9.44                              98   -0.0410 21.3  58 
 ORNG SZ ESg      1749 12.71                              98    0.0310 21.3  58 
 BLVR SZ IPg    D 1749  9.77                              96   -0.0110 22.9 128 
 BLVR SZ ESg      1749 13.09                              96   -0.1210 22.9 128 
 NMVR SZ IPg    D 1749 10.18                              95   -0.0910 26.8 111 
 NMVR SZ ESg      1749 14.20                              95    0.1310 26.8 111 
 VRDN SZ IPg    D 1749 10.48                              94   -0.0910 29.0  78 
 VRDN SZ ESg      1749 14.58                              94    0.0010 29.0  78 
 AZGN SZ IPg    D 1749 10.68                              94   -0.0310 30.3  58 
 AZGN SZ ESg      1749 15.01                              94    0.1910 30.3  58 
 MGSL SZ IPg    D 1749 11.49                              93   -0.0810 34.5 112 
 MGSL SZ ESg      1749 16.19                              93   -0.1410 34.5 112 
 HRS  SZ IPg    D 1749 11.38                              93    0.1210 34.9 103 
 HRS  SZ ESg  4   1749 16.45                              93    0.66 0 34.9 103 
 KRNG SZ IPg    D 1749 12.26                              92   -0.0910 40.2  82 
 KRNG SZ ESg      1749 17.75                              92    0.0710 40.2  82 
 TBZ  SZ IPg    D 1749 13.50                              92    0.0310 47.2 249 
 TBZ  SZ ESg  4   1749 18.98                              92   -0.66 0 47.2 249 
 TBZ  SZ  IAML    1749 33.99     41853.9 0.66                                   
 GRVN SZ IPg  4 D 1749 10.68                              92   -3.07 0 48.1 107 
 BST  SZ IPg    D 1749 18.58                              91   -0.04 9 79.0 165 
 BST  SZ ESg  4   1749 29.27                              91    0.68 0 79.0 165 
 BST  SZ  IAML    1749 32.83     20613.9 0.66                                   
 MRD  SZ IPg  4 D 1749 20.12                              91   -0.36 0 90.5 294 
 MRD  SZ ESg  4   1749 31.67                              91   -0.15 0 90.5 294 
 MRD  SZ  IAML    1749 37.77     96105.4 0.40                                   
 SHB  SZ IPg    D 1749 20.77                              91    0.00 8 91.4 263 
 SHB  SZ ESg      1749 32.43                              91    0.11 8 91.4 263 
 SHB  SZ  IAML    1749 41.59     35377.8 0.40                                   
 AZR  SZ IPg    C 1749 22.08                              91    0.17 8 98.4 217 
 AZR  SZ  IAML    1749 37.25     20189.9 0.59                                   
 SRB  SZ IPg  4 D 1749 22.84                              91   -0.49 0  109 125 
 SRB  SZ ESg  4   1749 35.71                              91   -1.08 0  109 125 
 SRB  SZ  IAML    1749 42.32     12071.2 0.40                                   
 GRMI SZ IPg  4 D 1749 22.08                              91   -2.79 0  117  66 
 MAKU SZ IPg  4 D 1749 22.08                              90   -16.4 0  202 303 
                                                                                
 2012  815 19 2 15.6 L  38.384  46.651  6.8  THM 22 0.1 2.1LTHM                1
 GAP=59    THM  0.30       0.5     0.6  1.0 -7.5870e-02                        E
     215.8      50.2      83.5                 0.0                <bu  FOCMEC  F
 Action:ARG 25-08-12 12:51 OP:OBSP STATUS:               ID:20120815190215     I
 OLDACT:ARG 14-11-22 00:27 OP:ahal STATUS:               ID:20120815185900 L   3
 2012-08-15-1859-51S.AHAL__036                                                 6
 STAT SP IPHASW D HRMM SECON CODA AMPLIT PERI AZIMU VELO AIN AR TRES W  DIS CAZ7
 HIGH SZ IPg    C 19 2 17.38                             143   -0.0410 5.14 161 
 HIGH SZ ESg      19 2 18.70                             143   -0.0410 5.14 161 
 KVCH SZ IPg    C 19 2 17.93                             126   -0.0110 8.58 226 
 KVCH SZ ESg      19 2 19.83                             126    0.1810 8.58 226 
 ZANG SZ IPg    C 19 2 17.71                             126   -0.1110 8.63  53 
 ZANG SZ ESg      19 2 19.41                             126   -0.0110 8.63  53 
 ZANG SZ  IAML    19 2 20.21      2177.2 0.18                                   
 SRND SZ IPg    C 19 2 17.98                             124    0.0110 8.92 203 
 SRND SZ ESg      19 2 19.62                             124   -0.0710 8.92 203 
 SRND SZ  IAML    19 2 20.62       823.9 0.00                                   
 MHTR SZ IPg    C 19 2 18.13                             117   -0.0910 10.9  28 
 MHTR SZ ESg      19 2 20.16                             117    0.0310 10.9  28 
 GZCH SZ IPg    D 19 2 18.65                             107   -0.1010 14.5  64 
 GZCH SZ ESg      19 2 21.15                             107    0.1110 14.5  64 
 GZCH SZ  IAML    19 2 21.40       428.5 0.11                                   
 HMLO SZ IPg  4 D 19 2 10.11                             106   -8.80 0 15.0 315 
 FRMZ SZ IPg    D 19 2 19.31                             101   -0.0110 17.5 330 
 FRMZ SZ ESg      19 2 22.13                             101    0.1010 17.5 330 
 FRMZ SZ  IAML    19 2 23.65      1251.7 0.14                                   
 GOLJ SZ IPg    D 19 2 19.69                              97   -0.0210 20.3 278 
 ORNG SZ IPg    D 19 2 19.96                              96   -0.0810 21.7  57 
 ORNG SZ ESg      19 2 23.44                              96    0.1410 21.7  57 
 ORNG SZ  IAML    19 2 24.44       227.5 0.39                                   
 BLVR SZ IPg    D 19 2 20.35                              95    0.0810 22.9 127 
 NMVR SZ IPg    D 19 2 20.90                              94    0.1110 26.9 110 
 VRDN SZ IPg    D 19 2 21.02                              93   -0.1010 29.4  78 
 VRDN SZ ESg      19 2 25.27                              93    0.0910 29.4  78 
 AZGN SZ IPg    D 19 2 21.17                              93   -0.1110 30.8  58 
 AZGN SZ ESg      19 2 25.37                              93   -0.0710 30.8  58 
 AZGN SZ  IAML    19 2 26.85       289.5 0.14                                   
 MGSL SZ IPg    D 19 2 22.10                              92    0.0110 34.7 111 
 MGSL SZ ESg  4   19 2 27.20                              92    0.34 0 34.7 111 
 HRS  SZ IPg    D 19 2 21.62                              92   -0.1710 35.1 102 
 KRNG SZ IPg    D 19 2 22.81                              92   -0.0910 40.6  81 
 KRNG SZ ESg      19 2 28.50                              92    0.2310 40.6  81 
 KRNG SZ  IAML    19 2 28.85       416.1 0.39                                   
 TBZ  SZ IPg  4 D 19 2 23.97                              91    0.07 0 46.8 249 
 BST  SZ IPg  4 D 19 2 29.40                              91    0.34 0 78.7 165 
 BST  SZ ESg  4   19 2 40.14                              91    1.14 0 78.7 165 
 MRD  SZ IPg    D 19 2 30.88                              91   -0.07 8 90.3 294 
 SHB  SZ IPg    D 19 2 31.36                              91    0.16 8 91.1 263 
 SRB  SZ EPg  4 D 19 2 33.38                              90   -0.45 0  109 125 
                                                                                
 2012  815 1923 58.1 L  38.388  46.649  7.1  THM 16 0.1 1.8LTHM                1
 GAP=61    THM  0.26       0.5     0.6  0.9 -5.2020e-02                        E
      37.9      35.3      81.3                 0.0                <bu  FOCMEC  F
 Action:ARG 25-08-12 12:51 OP:OBSP STATUS:               ID:20120815192358     I
 OLDACT:ARG 14-11-22 00:27 OP:ahal STATUS:               ID:20120815192100 L   3
 2012-08-15-1921-59S.AHAL__048                                                 6
 STAT SP IPHASW D HRMM SECON CODA AMPLIT PERI AZIMU VELO AIN AR TRES W  DIS CAZ7
 HIGH SZ IPg    D 1923 59.92                             142   -0.0710 5.60 161 
 HIGH SZ ISg      1924  1.29                             142   -0.0810 5.60 161 
 HIGH SZ  IAML    1924  1.56      2855.4 0.13                                   
 ZANG SZ IPg    C 1924  0.22                             128   -0.0810 8.50  56 
 ZANG SZ ESg      1924  1.95                             128    0.0310 8.50  56 
 ZANG SZ  IAML    1924  2.70      1009.5 0.08                                   
 KVCH SZ IPg    C 1924  0.42                             127   -0.0610 8.79 223 
 KVCH SZ ESg      1924  2.37                             127    0.1410 8.79 223 
 KVCH SZ  IAML    1924  2.62       412.2 0.19                                   
 SRND SZ IPg    C 1924  0.52                             125   -0.0010 9.27 202 
 SRND SZ ESg      1924  2.31                             125    0.0110 9.27 202 
 MHTR SZ IPg    C 1924  0.62                             120   -0.0610 10.6  30 
 MHTR SZ ESg      1924  2.60                             120    0.0210 10.6  30 
 GZCH SZ IPg    D 1924  1.17                             109   -0.0610 14.4  66 
 GZCH SZ ESg      1924  3.65                             109    0.1210 14.4  66 
 GZCH SZ  IAML    1924  3.90       213.0 0.13                                   
 HMLO SZ IPg  4 D 1923 52.58                             109   -8.76 0 14.6 315 
 HMLO SZ  IAML    1924  1.60       223.6 0.27                                   
 FRMZ SZ IPg    D 1924  1.77                             104    0.0410 17.0 330 
 FRMZ SZ ESg      1924  4.43                             104    0.0310 17.0 330 
 FRMZ SZ  IAML    1924  5.94       608.8 0.19                                   
 GOLJ SZ IPg    D 1924  2.14                             100   -0.0210 20.1 277 
 GOLJ SZ ESg  4   1924  5.49                             100    0.34 0 20.1 277 
 ORNG SZ IPg    D 1924  2.44                              98   -0.0710 21.6  58 
 ORNG SZ  IAML    1924  6.96       110.9 0.27                                   
 BLVR SZ IPg    D 1924  2.91                              97    0.0910 23.3 127 
 NMVR SZ IPg      1924  3.44                              95    0.1310 27.2 111 
 VRDN SZ IPg    D 1924  3.53                              94   -0.0810 29.5  79 
 VRDN SZ ESg      1924  7.75                              94    0.0810 29.5  79 
 MGSL SZ IPg    D 1924  4.62                              93    0.0110 35.0 112 
 MGSL SZ  IAML    1924  5.99        30.0 0.08                                   
 HRS  SZ IPg    D 1924  4.17                              93   -0.1310 35.3 103 
 KRNG SZ IPg      1924  5.40                              92    0.0110 40.7  82 
                                                                                
 2012  815 1936 21.4 L  38.386  46.673  7.2  THM 21 0.1 2.6LTHM                1
 GAP=55    THM  0.31       0.5     0.5  0.9 -8.7640e-02                        E
     231.8      62.3      81.0                 0.0                <bu  FOCMEC  F
 Action:ARG 25-08-12 12:51 OP:OBSP STATUS:               ID:20120815193621     I
 OLDACT:ARG 14-11-22 00:27 OP:ahal STATUS:               ID:20120815193400 L   3
 2012-08-15-1934-15S.AHAL__054                                                 6
 STAT SP IPHASW D HRMM SECON CODA AMPLIT PERI AZIMU VELO AIN AR TRES W  DIS CAZ7
 HIGH SZ IPg    D 1936 23.11                             145   -0.0910 5.08 183 
 HIGH SZ ESg      1936 24.56                             145    0.0110 5.08 183 
 ZANG SZ IPg    C 1936 23.27                             135   -0.1210 7.00  45 
 ZANG SZ ESg      1936 24.89                             135    0.0110 7.00  45 
 ZANG SZ  IAML    1936 25.65      4736.9 0.14                                   
 MHTR SZ IPg    C 1936 23.78                             123   -0.0710 9.90  19 
 MHTR SZ ESg      1936 25.82                             123    0.1410 9.90  19 
 SRND SZ IPg    C 1936 23.83                             122   -0.0610 10.0 213 
 SRND SZ ESg      1936 25.81                             122    0.0610 10.0 213 
 KVCH SZ IPg    C 1936 23.84                             122   -0.0910 10.2 233 
 KVCH SZ ESg      1936 25.85                             122    0.0310 10.2 233 
 KVCH SZ  IAML    1936 27.70      3407.7 0.25                                   
 GZCH SZ IPg    C 1936 24.12                             114   -0.1010 12.6  61 
 GZCH SZ ESg      1936 26.41                             114    0.0810 12.6  61 
 GZCH SZ  IAML    1936 27.26      1542.8 0.33                                   
 HMLO SZ IPg  4 D 1936 16.06                             106   -8.80 0 16.3 310 
 FRMZ SZ IPg    D 1936 25.22                             102    0.0210 18.4 324 
 FRMZ SZ ESg      1936 27.93                             102   -0.1010 18.4 324 
 FRMZ SZ  IAML    1936 29.05      8484.6 0.11                                   
 ORNG SZ IPg    C 1936 25.42                             100   -0.0910 20.0  55 
 ORNG SZ ESg      1936 28.56                             100   -0.0110 20.0  55 
 ORNG SZ  IAML    1936 29.72      1035.0 0.36                                   
 BLVR SZ IPg    D 1936 25.79                              99   -0.0010 21.5 130 
 BLVR SZ ESg  4   1936 29.79                              99    0.73 0 21.5 130 
 BLVR SZ  IAML    1936 30.16      1452.0 0.14                                   
 GOLJ SZ IPg    D 1936 25.71                              98   -0.0410 22.2 277 
 GOLJ SZ ESg      1936 29.25                              98    0.2610 22.2 277 
 NMVR SZ IPg    D 1936 26.23                              96   -0.0210 25.2 112 
 VRDN SZ IPg    D 1936 26.45                              95   -0.1010 27.5  77 
 VRDN SZ ESg      1936 30.60                              95    0.2310 27.5  77 
 AZGN SZ IPg    C 1936 26.60                              95   -0.1310 29.0  56 
 AZGN SZ ESg      1936 30.70                              95    0.0110 29.0  56 
 AZGN SZ  IAML    1936 31.71       663.1 0.16                                   
 MGSL SZ IPg    D 1936 27.50                              94   -0.0510 32.9 113 
 KRNG SZ IPg    D 1936 28.25                              93   -0.0710 38.6  81 
 KRNG SZ ESg      1936 33.65                              93    0.1910 38.6  81 
 TBZ  SZ IPg    C 1936 29.98                              92    0.0410 48.7 250 
 BST  SZ IPg    D 1936 34.84                              91    0.09 9 78.4 166 
 MRD  SZ IPg  4   1936 36.59                              91   -0.37 0 92.0 294 
 SHB  SZ IPg    D 1936 37.27                              91    0.02 8 93.0 263 
 SRB  SZ IPg  4 D 1936 38.88                              91   -0.44 0  107 125 
                                                                                
 2012  815 1937 25.9 L  38.399  46.695  5.1  THM 15 0.1 1.5LTHM                1
 GAP=62    THM  0.32       0.5     0.6  1.2 -6.7270e-02                        E
     194.3      55.1      30.4                 0.0                <bu  FOCMEC  F
 Action:ARG 25-08-12 12:51 OP:OBSP STATUS:               ID:20120815193725     I
 OLDACT:ARG 14-11-22 00:27 OP:ahal STATUS:               ID:20120815193600 L   3
 2012-08-15-1936-20S.AHAL__042                                                 6
 STAT SP IPHASW D HRMM SECON CODA AMPLIT PERI AZIMU VELO AIN AR TRES W  DIS CAZ7
 ZANG SZ IPg    D 1937 27.20                             141   -0.1510 4.60  41 
 ZANG SZ ESg      1937 28.40                             141   -0.0610 4.60  41 
 ZANG SZ  IAML    1937 28.60       854.4 0.08                                   
 HIGH SZ IPg    C 1937 27.53                             127   -0.1110 6.88 199 
 HIGH SZ ESg      1937 28.94                             127   -0.0310 6.88 199 
 MHTR SZ IPg    D 1937 27.80                             121   -0.0910 8.02   9 
 MHTR SZ ESg      1937 29.54                             121    0.1510 8.02   9 
 GZCH SZ IPg    C 1937 28.17                             113   -0.0410 10.2  63 
 GZCH SZ ESg      1937 30.11                             113    0.1710 10.2  63 
 SRND SZ IPg    C 1937 28.51                             107   -0.0710 12.3 217 
 SRND SZ ESg      1937 30.75                             107    0.1510 12.3 217 
 KVCH SZ IPg    C 1937 28.56                             106   -0.0910 12.6 233 
 KVCH SZ ESg      1937 30.83                             106    0.1210 12.6 233 
 HMLO SZ IPg  4 D 1937 20.53                              99   -8.87 0 17.0 302 
 ORNG SZ IPg    C 1937 29.51                              98   -0.0410 17.6  55 
 ORNG SZ  IAML    1937 33.01       108.3 0.15                                   
 FRMZ SZ IPg    D 1937 29.64                              98   -0.0210 18.5 317 
 FRMZ SZ ESg      1937 32.59                              98    0.1210 18.5 317 
 FRMZ SZ  IAML    1937 33.54       331.9 0.15                                   
 BLVR SZ IPg    D 1937 30.25                              96    0.0610 21.1 137 
 NMVR SZ IPg    D 1937 30.64                              95    0.1010 24.0 117 
 NMVR SZ ESg      1937 34.06                              95    0.0510 24.0 117 
 NMVR SZ  IAML    1937 38.66        74.5 0.19                                   
 GOLJ SZ IPg    D 1937 30.46                              95   -0.0710 24.1 273 
 GOLJ SZ ESg  4   1937 34.37                              95    0.38 0 24.1 273 
 GOLJ SZ  IAML    1937 34.81        91.6 0.31                                   
 HRS  SZ IPg    D 1937 31.41                              93   -0.1110 31.7 106 
 MGSL SZ IPg      1937 31.99                              93    0.0910 31.8 117 
 MGSL SZ  IAML    1937 40.19        29.1 0.27                                   
 KRNG SZ IPg      1937 32.37                              92   -0.1910 36.5  83 
 KRNG SZ ESg      1937 37.60                              92    0.0810 36.5  83 
 KRNG SZ  IAML    1937 38.00        89.4 0.15                                   
                                                                                
 2012  815 1939 16.9 L  38.426  46.737 11.3  THM 22 0.1 2.9LTHM                1
 GAP=82    THM  0.23       0.4     0.4  0.6 -1.8910e-02                        E
       9.6      87.6      23.9                 0.0                <bu  FOCMEC  F
 Action:ARG 25-08-12 12:51 OP:OBSP STATUS:               ID:20120815193916     I
 OLDACT:ARG 14-11-22 00:27 OP:ahal STATUS:               ID:20120815193700 L   3
 2012-08-15-1937-53S.AHAL__036                                                 6
 STAT SP IPHASW D HRMM SECON CODA AMPLIT PERI AZIMU VELO AIN AR TRES W  DIS CAZ7
 ZANG SZ IPg    D 1939 19.08                             176   -0.0710 0.77 306 
 ZANG SZ ESg      1939 20.84                             176    0.0410 0.77 306 
 MHTR SZ IPg    D 1939 19.40                             154   -0.0310 5.44 334 
 MHTR SZ ESg      1939 21.31                             154    0.0210 5.44 334 
 MHTR SZ  IAML    1939 22.61      3824.6 0.27                                   
 GZCH SZ IPg    C 1939 19.34                             153   -0.0910 5.71  74 
 GZCH SZ ESg      1939 21.26                             153   -0.0410 5.71  74 
 HIGH SZ IPg    C 1939 19.85                             134   -0.0310 11.2 212 
 HIGH SZ ESg      1939 22.04                             134   -0.0410 11.2 212 
 HIGH SZ  IAML    1939 22.27      9216.7 0.14                                   
 ORNG SZ IPg    C 1939 20.30                             129    0.0210 12.9  56 
 ORNG SZ ESg      1939 22.77                             129   -0.0110 12.9  56 
 SRND SZ IPg    C 1939 20.71                             119   -0.0110 17.0 221 
 SRND SZ ESg      1939 23.56                             119    0.0210 17.0 221 
 KVCH SZ IPg    C 1939 20.79                             119   -0.0010 17.4 232 
 KVCH SZ ESg      1939 23.61                             119   -0.0510 17.4 232 
 HMLO SZ IPg  4 D 1939 12.40                             116   -8.66 0 19.0 288 
 FRMZ SZ IPg    D 1939 21.24                             115    0.1310 19.4 303 
 FRMZ SZ ESg      1939 24.17                             115   -0.0610 19.4 303 
 FRMZ SZ  IAML    1939 27.29      2804.9 0.19                                   
 VRDN SZ IPg    C 1939 21.25                             112   -0.0210 21.3  86 
 VRDN SZ ESg      1939 24.58                             112    0.0910 21.3  86 
 BLVR SZ ESg      1939 24.99                             112    0.1210 21.3 150 
 VRDN SZ  IAML    1939 26.12      3406.8 0.38                                   
 BLVR SZ IPg    D 1939 21.44                             112   -0.0510 21.3 150 
 AZGN SZ IPg    C 1939 21.33                             111    0.0310 21.9  58 
 AZGN SZ ESg      1939 24.56                             111    0.0110 21.9  58 
 NMVR SZ IPg    D 1939 21.48                             110   -0.0510 22.6 128 
 NMVR SZ ESg      1939 25.11                             110    0.1610 22.6 128 
 GOLJ SZ IPg    C 1939 22.33                             105    0.0410 27.7 266 
 GOLJ SZ ESg      1939 26.37                             105    0.1010 27.7 266 
 GOLJ SZ  IAML    1939 27.64      1415.6 0.07                                   
 HRS  SZ IPg    D 1939 22.11                             104   -0.1410 29.3 114 
 MGSL SZ IPg    D 1939 22.67                             103   -0.0710 30.2 125 
 MGSL SZ ESg      1939 27.09                             103    0.0410 30.2 125 
 KRNG SZ IPg    C 1939 22.96                             100   -0.0110 32.6  87 
 KRNG SZ ESg      1939 27.46                             100    0.0110 32.6  87 
 KRNG SZ  IAML    1939 27.65      1442.6 0.24                                   
 TBZ  SZ IPg    C 1939 26.63                              93    0.0710 55.5 248 
 BST  SZ IPg    D 1939 30.53                              92   -0.16 8 81.6 171 
 MRD  SZ IPg  4   1939 33.90                              91    1.00 0 95.6 290 
 SHB  SZ IPg  4 C 1939 33.83                              91    0.23 0 99.2 261 
 SRB  SZ IPg  4 D 1939 34.05                              91   -0.31 0  106 129 
                                                                                
 2012  815 1959 43.8 L  38.384  46.648  6.0  THM 14 0.1 1.6LTHM                1
 GAP=91    THM  0.29       0.5     0.6  1.3 -1.0780e-01                        E
      16.2      49.1      39.0                 0.0                <bu  FOCMEC  F
 Action:ARG 25-08-12 12:51 OP:OBSP STATUS:               ID:20120815195943     I
 OLDACT:ARG 14-11-22 00:27 OP:ahal STATUS:               ID:20120815195701dL   3
 2012-08-15-1957-42S.AHAL__036                                                 6
 STAT SP IPHASW D HRMM SECON CODA AMPLIT PERI AZIMU VELO AIN AR TRES W  DIS CAZ7
 HIGH SZ IPg  4 D 1959 36.70                             141   -8.74 0 5.23 159 
 KVCH SZ IPg      1959 45.87                             125   -0.1010 8.47 225 
 KVCH SZ ESg      1959 47.55                             125   -0.0610 8.47 225 
 ZANG SZ IPg      1959 45.73                             124   -0.1410 8.77  54 
 ZANG SZ ESg      1959 47.39                             124   -0.0510 8.77  54 
 ZANG SZ  IAML    1959 47.74       755.1 0.08                                   
 SRND SZ IPg      1959 46.00                             123   -0.0110 8.87 202 
 SRND SZ ESg      1959 47.81                             123    0.1410 8.87 202 
 MHTR SZ IPg      1959 46.19                             116   -0.1010 10.9  29 
 MHTR SZ ESg      1959 48.27                             116    0.1010 10.9  29 
 GZCH SZ IPg      1959 46.78                             108   -0.0710 14.6  65 
 GZCH SZ ESg      1959 49.21                             108    0.0710 14.6  65 
 GZCH SZ  IAML    1959 49.82       117.3 0.16                                   
 HMLO SZ IPg  4 D 1959 38.16                             108   -8.81 0 14.8 316 
 FRMZ SZ IPg      1959 47.37                             104   -0.0210 17.4 330 
 FRMZ SZ ESg      1959 50.22                             104    0.1310 17.4 330 
 FRMZ SZ  IAML    1959 50.91       348.4 0.13                                   
 GOLJ SZ IPg    D 1959 47.80                             101    0.0110 20.2 278 
 GOLJ SZ ESg  4   1959 51.26                             101    0.49 0 20.2 278 
 BLVR SZ IPg  4 D 1959 48.55                              99    0.12 0 23.0 127 
 NMVR SZ IPg      1959 49.09                              97    0.1110 27.1 110 
 AZGN SZ IPg      1959 49.41                              95   -0.0710 30.9  58 
 AZGN SZ ESg      1959 53.75                              95    0.0210 30.9  58 
 MGSL SZ IPg      1959 50.38                              95    0.0510 34.9 111 
 KRNG SZ IPg    D 1959 51.11                              94   -0.0810 40.8  81 
 KRNG SZ ESg      1959 56.76                              94    0.0710 40.8  81 
 KRNG SZ  IAML    1959 57.11        39.5 0.05                                   
                                                                                
 2012  815 2015 12.5 L  38.388  46.650  6.6  THM 20 0.1 1.9LTHM                1
 GAP=87    THM  0.29       0.5     0.6  1.0 -8.3210e-02                        E
     354.3      57.0      22.0                 0.0                <bu  FOCMEC  F
 Action:ARG 25-08-12 12:51 OP:OBSP STATUS:               ID:20120815201512     I
 OLDACT:ARG 14-11-22 00:27 OP:ahal STATUS:               ID:20120815201300 L   3
 2012-08-15-2013-47S.AHAL__039                                                 6
 STAT SP IPHASW D HRMM SECON CODA AMPLIT PERI AZIMU VELO AIN AR TRES W  DIS CAZ7
 HIGH SZ IPg    D 2015 14.23                             140   -0.0410 5.57 162 
 HIGH SZ ESg      2015 15.57                             140   -0.0310 5.57 162 
 ZANG SZ IPg    C 2015 14.53                             126   -0.0710 8.44  56 
 ZANG SZ ESg      2015 16.21                             126    0.0410 8.44  56 
 ZANG SZ  IAML    2015 16.64       877.0 0.17                                   
 KVCH SZ IPg    C 2015 14.69                             124   -0.1010 8.84 224 
 KVCH SZ ESg      2015 16.52                             124    0.0210 8.84 224 
 SRND SZ IPg    C 2015 14.77                             121   -0.0610 9.29 202 
 SRND SZ ESg      2015 16.67                             121    0.0910 9.29 202 
 GZCH SZ IPg    C 2015 15.47                             105   -0.0810 14.3  66 
 GZCH SZ ESg      2015 17.95                             105    0.1310 14.3  66 
 HMLO SZ IPg  4 D 2015  6.89                             105   -8.79 0 14.6 314 
 FRMZ SZ IPg    D 2015 16.08                             100    0.0110 17.1 329 
 FRMZ SZ ESg      2015 18.76                             100    0.0210 17.1 329 
 FRMZ SZ  IAML    2015 19.92       487.2 0.08                                   
 ORNG SZ IPg    C 2015 16.76                              95   -0.0810 21.6  58 
 ORNG SZ ESg      2015 20.23                              95    0.1510 21.6  58 
 ORNG SZ  IAML    2015 21.27       113.3 0.30                                   
 BLVR SZ IPg    D 2015 17.18                              94    0.0310 23.2 128 
 NMVR SZ IPg    D 2015 17.71                              93    0.0610 27.2 111 
 VRDN SZ IPg    D 2015 17.86                              92   -0.0810 29.4  78 
 VRDN SZ  IAML    2015 22.84       330.4 0.66                                   
 AZGN SZ IPg    C 2015 17.99                              92   -0.0810 30.6  59 
 AZGN SZ ESg      2015 22.24                              92    0.0210 30.6  59 
 AZGN SZ  IAML    2015 22.69       119.4 0.11                                   
 MGSL SZ IPg    D 2015 18.90                              92   -0.0510 34.9 112 
 HRS  SZ IPg    D 2015 18.44                              92   -0.2010 35.3 103 
 KRNG SZ IPg    D 2015 19.64                              91   -0.0910 40.6  82 
 KRNG SZ ESg      2015 25.23                              91    0.1310 40.6  82 
 KRNG SZ  IAML    2015 25.69       106.9 0.33                                   
 TBZ  SZ IPg    C 2015 20.95                              91    0.2110 46.9 249 
 BST  SZ IPg    D 2015 26.09                              91    0.13 9 79.1 165 
 MRD  SZ IPg      2015 27.64                              90   -0.10 8 90.1 294 
 SHB  SZ IPg      2015 28.03                              90    0.00 8 91.1 263 
 SRB  SN IPg      2015 30.75                              90    0.05 7  109 125 
                                                                                
 2012  815 2019  0.0 L  38.407  46.733 10.7  THM 22 0.1 2.4LTHM                1
 GAP=71    THM  0.26       0.5     0.4  0.7 -2.1880e-02                        E
      57.2      54.5      78.9                 0.0                <bu  FOCMEC  F
 Action:ARG 25-08-12 12:51 OP:OBSP STATUS:               ID:20120815201900     I
 OLDACT:ARG 14-11-22 00:27 OP:ahal STATUS:               ID:20120815201601dL   3
 2012-08-15-2016-53S.AHAL__066                                                 6
 STAT SP IPHASW D HRMM SECON CODA AMPLIT PERI AZIMU VELO AIN AR TRES W  DIS CAZ7
 ZANG SZ IPg    C 2019  2.09                             167   -0.0910 2.60 354 
 ZANG SZ ESg      2019  3.78                             167   -0.0110 2.60 354 
 GZCH SZ IPg    C 2019  2.47                             147   -0.0610 6.93  58 
 GZCH SZ ESg      2019  4.44                             147    0.0410 6.93  58 
 GZCH SZ  IAML    2019  5.17       779.9 0.23                                   
 MHTR SZ IPg    C 2019  2.51                             145   -0.0710 7.31 344 
 MHTR SZ ESg      2019  4.54                             145    0.0610 7.31 344 
 HIGH SZ IPg    C 2019  2.63                             138   -0.0510 9.22 217 
 HIGH SZ ESg      2019  4.63                             138   -0.0310 9.22 217 
 HIGH SZ  IAML    2019  5.24      2333.7 0.27                                   
 ORNG SZ IPg    C 2019  3.49                             122   -0.0310 14.4  50 
 ORNG SZ ESg      2019  6.22                             122    0.1010 14.4  50 
 SRND SZ IPg    C 2019  3.47                             121   -0.0410 15.2 225 
 SRND SZ ESg      2019  6.07                             121   -0.0410 15.2 225 
 KVCH SZ IPg    C 2019  3.56                             120   -0.0610 15.8 238 
 KVCH SZ ESg      2019  6.30                             120   -0.0010 15.8 238 
 HMLO SZ IPg  4 D 2018 55.41                             113   -8.76 0 19.5 295 
 BLVR SZ IPg    D 2019  4.24                             112   -0.0710 19.7 146 
 FRMZ SZ IPg    D 2019  4.33                             111    0.0310 20.3 308 
 FRMZ SZ ESg      2019  7.51                             111    0.0310 20.3 308 
 FRMZ SZ  IAML    2019  9.13      1278.0 0.17                                   
 NMVR SZ IPg    D 2019  4.41                             109   -0.0410 21.6 123 
 NMVR SZ ESg      2019  7.98                             109    0.2410 21.6 123 
 VRDN SZ IPg    C 2019  4.40                             109   -0.0210 21.9  80 
 AZGN SZ IPg    C 2019  4.56                             107   -0.0210 23.4  54 
 AZGN SZ ESg      2019  7.87                             107   -0.1010 23.4  54 
 AZGN SZ  IAML    2019  8.38                                           23.4  54 
 GOLJ SZ IPg    D 2019  5.25                             103   -0.0410 27.3 271 
 GOLJ SZ ESg      2019  9.43                             103    0.2210 27.3 271 
 GOLJ SZ  IAML    2019 10.51       532.6 0.17                                   
 HRS  SZ IPg    D 2019  5.15                             101   -0.0910 28.9 110 
 MGSL SZ IPg    D 2019  5.66                             100   -0.0210 29.3 121 
 MGSL SZ ESg      2019 10.01                             100    0.1310 29.3 121 
 KRNG SZ IPg    C 2019  6.17                              97    0.0410 33.1  83 
 KRNG SZ  IAML    2019 10.93       558.4 0.37                                   
 TBZ  SZ IPg    C 2019  9.43                              92   -0.0410 54.4 250 
 TBZ  SZ ESg  4   2019 17.08                              92    0.60 0 54.4 250 
 BST  SZ IPg  4 D 2019 13.35                              91   -0.11 0 79.6 170 
 MRD  SZ IPg      2019 16.06                              91    0.01 8 96.0 291 
 SHB  SZ IPg      2019 16.73                              91    0.15 8 98.5 262 
 SRB  SZ IPg    D 2019 17.18                              91   -0.11 7  105 128 
                                                                                
 2012  815 2027 45.1 L  38.381  46.665  7.3  THM 21 0.1 1.6LTHM                1
 GAP=55    THM  0.33       0.6     0.6  1.1 -8.3120e-02                        E
     204.8      67.5      62.8                 0.0                <bu  FOCMEC  F
 Action:ARG 25-08-12 12:51 OP:OBSP STATUS:               ID:20120815202745     I
 OLDACT:ARG 14-11-22 00:27 OP:ahal STATUS:               ID:20120815202600 L   3
 2012-08-15-2026-21S.AHAL__048                                                 6
 STAT SP IPHASW D HRMM SECON CODA AMPLIT PERI AZIMU VELO AIN AR TRES W  DIS CAZ7
 HIGH SZ IPg    C 2027 46.89                             149   -0.0410 4.60 175 
 HIGH SZ ESg      2027 48.26                             149   -0.0110 4.60 175 
 ZANG SZ IPg    C 2027 47.11                             133   -0.1410 7.81  46 
 ZANG SZ ESg      2027 48.80                             133   -0.0210 7.81  46 
 ZANG SZ  IAML    2027 49.57       336.4 0.26                                   
 SRND SZ IPg    C 2027 47.49                             126   -0.0610 9.28 212 
 SRND SZ ESg      2027 49.43                             126    0.0910 9.28 212 
 KVCH SZ IPg    C 2027 47.46                             126   -0.1210 9.39 233 
 KVCH SZ ESg      2027 49.41                             126    0.0110 9.39 233 
 MHTR SZ IPg    C 2027 47.58                             121   -0.1210 10.6  22 
 MHTR SZ ESg      2027 49.71                             121    0.0910 10.6  22 
 MHTR SZ  IAML    2027 54.39       140.0 0.44                                   
 GZCH SZ IPg    D 2027 47.99                             113   -0.1110 13.4  61 
 GZCH SZ ESg      2027 50.42                             113    0.1210 13.4  61 
 GZCH SZ  IAML    2027 51.24       101.2 0.26                                   
 HMLO SZ IPg  4 D 2027 39.70                             107   -8.89 0 16.1 313 
 FRMZ SZ IPg    D 2027 48.84                             103   -0.1210 18.4 327 
 FRMZ SZ ESg      2027 51.83                             103    0.0310 18.4 327 
 FRMZ SZ  IAML    2027 53.40       399.0 0.13                                   
 ORNG SZ IPg      2027 49.40                             100    0.0110 20.8  55 
 ORNG SZ ESg      2027 52.62                             100    0.0710 20.8  55 
 ORNG SZ  IAML    2027 54.04       109.5 0.44                                   
 GOLJ SZ IPg    D 2027 49.28                             100   -0.1310 21.7 279 
 GOLJ SZ ESg      2027 52.91                             100    0.3310 21.7 279 
 BLVR SZ IPg    D 2027 49.67                              99    0.1010 21.7 128 
 NMVR SZ IPg    D 2027 50.18                              97    0.1210 25.6 111 
 VRDN SZ IPg    D 2027 50.33                              95   -0.0810 28.2  77 
 VRDN SZ ESg      2027 54.42                              95    0.0910 28.2  77 
 VRDN SZ  IAML    2027 57.62       115.9 0.26                                   
 AZGN SZ IPg    C 2027 50.50                              95   -0.1110 29.8  56 
 AZGN SZ ESg      2027 54.69                              95    0.0210 29.8  56 
 AZGN SZ  IAML    2027 54.92       156.6 0.13                                   
 MGSL SZ IPg    D 2027 51.43                              94    0.0710 33.4 112 
 HRS  SZ IPg    D 2027 50.93                              94   -0.1310 33.8 102 
 KRNG SZ IPg    D 2027 52.11                              93   -0.0710 39.4  80 
 KRNG SZ ESg      2027 57.52                              93    0.1110 39.4  80 
 KRNG SZ  IAML    2027 57.95       190.2 0.13                                   
 TBZ  SZ IPg  4 C 2027 53.62                              92    0.06 0 47.9 250 
 BST  SZ IPg  4 D 2027 58.51                              91    0.06 0 78.1 165 
 SHB  SZ IPg  4   2028  1.24                              91    0.36 0 92.3 264 
 SRB  SZ IPg  4 D 2028  3.26                              91    0.15 0  108 125 
                                                                                
 2012  815 2038 43.0 L  38.410  46.799 10.1  THM 16 0.1 1.8LTHM                1
 GAP=74    THM  0.29       0.5     0.4  1.0 -1.3810e-02                        E
     353.6      83.7      44.6                 0.0                <bu  FOCMEC  F
 Action:ARG 25-08-12 12:51 OP:OBSP STATUS:               ID:20120815203843     I
 OLDACT:ARG 14-11-22 00:27 OP:ahal STATUS:               ID:20120815203600 L   3
 2012-08-15-2036-17S.AHAL__020                                                 6
 STAT SP IPHASW D HRMM SECON CODA AMPLIT PERI AZIMU VELO AIN AR TRES W  DIS CAZ7
 GZCH SZ IPg    C 2038 45.08                             162   -0.1510 3.38   2 
 GZCH SZ ESg      2038 46.79                             162   -0.0710 3.38   2 
 ZANG SZ IPg    D 2038 45.26                             148   -0.1010 6.40 291 
 ZANG SZ ESg      2038 47.02                             148   -0.0710 6.40 291 
 MHTR SZ IPg    D 2038 45.76                             134   -0.0910 10.2 311 
 MHTR SZ ESg      2038 47.95                             134    0.0210 10.2 311 
 ORNG SZ IPg    C 2038 45.95                             133   -0.0410 10.4  31 
 ORNG SZ ESg      2038 48.30                             133    0.1310 10.4  31 
 HIGH SZ IPg    D 2038 46.15                             125   -0.0410 13.6 236 
 HIGH SZ ESg      2038 48.53                             125    0.0110 13.6 236 
 VRDN SZ IPg    C 2038 46.57                             118   -0.0210 16.2  78 
 VRDN SZ ESg      2038 49.41                             118    0.1910 16.2  78 
 NMVR SZ IPg    D 2038 46.74                             117   -0.0810 17.3 134 
 NMVR SZ ESg      2038 49.71                             117    0.0910 17.3 134 
 NMVR SZ  IAML    2038 53.62       282.8 0.41                                   
 BLVR SZ IPg    D 2038 46.86                             117   -0.1110 17.4 162 
 BLVR SZ ESg      2038 50.00                             117    0.1110 17.4 162 
 AZGN SZ IPg    C 2038 46.88                             114   -0.0210 18.8  45 
 AZGN SZ ESg      2038 49.83                             114    0.0610 18.8  45 
 SRND SZ IPg    D 2038 47.13                             113   -0.0410 19.8 236 
 SRND SZ ESg      2038 50.25                             113    0.0110 19.8 236 
 SRND SZ  IAML    2038 50.74       118.9 0.14                                   
 KVCH SZ IPg    D 2038 47.37                             112    0.0010 21.0 245 
 KVCH SZ ESg      2038 50.79                             112    0.2110 21.0 245 
 HMLO SZ IPg  4 D 2038 39.20                             108   -8.76 0 24.7 289 
 MGSL SZ IPg    D 2038 47.90                             107   -0.1010 24.8 129 
 MGSL SZ ESg      2038 51.67                             107    0.0010 24.8 129 
 MGSL SZ  IAML    2038 52.67        95.3 0.11                                   
 FRMZ SZ IPg    D 2038 47.97                             107   -0.0310 24.9 300 
 FRMZ SZ ESg      2038 51.83                             107    0.1510 24.9 300 
 FRMZ SZ  IAML    2038 52.68       238.9 0.16                                   
 KRNG SZ IPg    C 2038 48.27                             105    0.0210 27.4  83 
 KRNG SZ ESg      2038 52.08                             105   -0.0410 27.4  83 
 KRNG SZ  IAML    2038 52.34       339.6 0.14                                   
 GOLJ SZ IPg    D 2038 49.20                             102   -0.0110 33.1 270 
 GOLJ SZ ESg  4   2038 54.60                             102    0.82 0 33.1 270 
                                                                                
 2012  815 2039 42.3 L  38.405  46.730 11.1  THM 21 0.1 2.4LTHM                1
 GAP=50    THM  0.24       0.4     0.4  0.7 -1.4050e-02                        E
      56.2      56.6      78.0                 0.0                <bu  FOCMEC  F
 Action:ARG 25-08-12 12:51 OP:OBSP STATUS:               ID:20120815203942     I
 OLDACT:ARG 14-11-22 00:27 OP:ahal STATUS:               ID:20120815203700 L   3
 2012-08-15-2037-39S.AHAL__047                                                 6
 STAT SP IPHASW D HRMM SECON CODA AMPLIT PERI AZIMU VELO AIN AR TRES W  DIS CAZ7
 ZANG SZ IPg    C 2039 44.39                             167   -0.1210 2.74   0 
 ZANG SZ ESg      2039 46.11                             167   -0.0710 2.74   0 
 ZANG SZ  IAML    2039 46.76      1524.9 0.17                                   
 GZCH SZ IPg    C 2039 44.77                             147   -0.1010 7.23  58 
 GZCH SZ ESg      2039 46.80                             147   -0.0010 7.23  58 
 MHTR SZ IPg    C 2039 44.83                             146   -0.0710 7.39 346 
 MHTR SZ ESg      2039 46.86                             146    0.0110 7.39 346 
 HIGH SZ IPg    C 2039 44.94                             140   -0.0210 8.95 216 
 HIGH SZ ESg      2039 46.95                             140   -0.0110 8.95 216 
 ORNG SZ IPg    C 2039 45.81                             123   -0.0410 14.7  50 
 ORNG SZ ESg      2039 48.59                             123    0.0810 14.7  50 
 ORNG SZ  IAML    2039 48.83       581.2 0.10                                   
 SRND SZ IPg    C 2039 45.77                             123    0.0010 14.9 225 
 SRND SZ ESg      2039 48.40                             123    0.0310 14.9 225 
 SRND SZ  IAML    2039 48.91       522.4 0.09                                   
 KVCH SZ IPg    C 2039 45.87                             122   -0.0010 15.5 238 
 KVCH SZ ESg      2039 48.68                             122    0.1310 15.5 238 
 KVCH SZ  IAML    2039 50.95       510.7 0.36                                   
 HMLO SZ IPg  4 D 2039 37.72                             115   -8.71 0 19.3 295 
 BLVR SZ IPg    D 2039 46.51                             114   -0.0810 19.7 145 
 BLVR SZ ESg      2039 49.74                             114   -0.0610 19.7 145 
 FRMZ SZ IPg    D 2039 46.61                             113    0.0410 20.2 309 
 FRMZ SZ ESg      2039 49.79                             113    0.0310 20.2 309 
 FRMZ SZ  IAML    2039 51.42      2026.5 0.16                                   
 NMVR SZ IPg    D 2039 46.71                             111   -0.0410 21.8 122 
 NMVR SZ ESg      2039 50.20                             111    0.1310 21.8 122 
 VRDN SZ IPg    C 2039 46.71                             110   -0.0310 22.2  80 
 VRDN SZ ESg      2039 50.19                             110    0.1410 22.2  80 
 VRDN SZ  IAML    2039 50.82      1277.7 0.09                                   
 AZGN SZ IPg    C 2039 46.86                             108   -0.0410 23.7  54 
 AZGN SZ ESg      2039 50.34                             108   -0.0010 23.7  54 
 AZGN SZ  IAML    2039 50.89      1599.6 0.08                                   
 GOLJ SZ IPg    D 2039 47.56                             105    0.0310 27.1 271 
 GOLJ SZ ESg      2039 51.56                             105    0.1310 27.1 271 
 GOLJ SZ  IAML    2039 52.62       633.9 0.24                                   
 HRS  SZ IPg    D 2039 47.49                             103   -0.0510 29.1 110 
 HRS  SN ESg      2039 51.63                             103    0.1710 29.1 110 
 MGSL SZ IPg    D 2039 47.96                             102   -0.0110 29.5 121 
 MGSL SZ ESg      2039 52.17                             102   -0.0310 29.5 121 
 KRNG SZ IPg    C 2039 48.46                              99    0.0310 33.4  83 
 KRNG SZ ESg      2039 53.00                              99   -0.0010 33.4  83 
 TBZ  SZ IPg    C 2039 51.60                              93   -0.0910 54.1 250 
 BST  SZ IPg    D 2039 55.58                              91   -0.12 9 79.5 170 
 SHB  SZ IPg  4 D 2039 59.09                              91    0.29 0 98.3 262 
 SRB  SZ IPg  4 D 2039 59.29                              91   -0.27 0  105 128 
                                                                                
 2012  815 2041 16.2 L  38.398  46.827  3.2  THM 13 0.1 1.2LTHM                1
 GAP=74    THM  0.30       0.5     0.5  2.0 -2.4580e-02                        E
     205.1      74.5      32.9                 0.0                <bu  FOCMEC  F
 Action:ARG 25-08-12 12:51 OP:OBSP STATUS:               ID:20120815204116     I
 OLDACT:ARG 14-11-22 00:27 OP:ahal STATUS:               ID:20120815204000 L   3
 2012-08-15-2040-12S.AHAL__047                                                 6
 STAT SP IPHASW D HRMM SECON CODA AMPLIT PERI AZIMU VELO AIN AR TRES W  DIS CAZ7
 GZCH SZ IPg    D 2041 17.55                             123   -0.1410 5.27 333 
 GZCH SZ ESg      2041 18.77                             123    0.0110 5.27 333 
 ZANG SZ IPg    C 2041 18.16                             105   -0.0810 9.21 293 
 ZANG SZ ESg      2041 19.82                             105    0.1010 9.21 293 
 ZANG SZ  IAML    2041 20.45       211.0 0.18                                   
 ORNG SZ IPg    D 2041 18.65                             101   -0.0810 10.6  16 
 ORNG SZ  IAML    2041 22.36        64.0 0.26                                   
 MHTR SZ IPg    D 2041 18.84                              99   -0.1610 13.0 308 
 MHTR SZ ESg      2041 21.10                              99    0.0610 13.0 308 
 MHTR SZ  IAML    2041 21.65       327.1 0.14                                   
 VRDN SZ IPg    C 2041 19.15                              97   -0.0310 14.1  71 
 VRDN SZ ESg      2041 21.48                              97    0.1210 14.1  71 
 HIGH SZ IPg    C 2041 19.23                              97   -0.0610 15.1 245 
 HIGH SZ ESg      2041 21.66                              97    0.1210 15.1 245 
 HIGH SZ  IAML    2041 22.57       128.3 0.20                                   
 BLVR SZ IPg    D 2041 19.59                              96   -0.0410 15.5 169 
 BLVR SZ ESg  4   2041 22.69                              96    0.56 0 15.5 169 
 AZGN SZ IPg      2041 19.79                              95   -0.0410 18.2  36 
 AZGN SZ ESg      2041 22.63                              95    0.1510 18.2  36 
 AZGN SZ  IAML    2041 23.00       239.6 0.06                                   
 SRND SZ IPg    C 2041 20.46                              94   -0.0310 21.3 243 
 SRND SZ ESg      2041 23.75                              94    0.1210 21.3 243 
 MGSL SZ IPg    D 2041 20.68                              94   -0.0110 22.0 130 
 MGSL SZ ESg      2041 24.00                              94    0.0310 22.0 130 
 MGSL SZ  IAML    2041 25.49        18.8 0.18                                   
 KVCH SZ IPg    C 2041 20.75                              94   -0.0310 22.9 251 
 HMLO SZ IPg  4 C 2041 12.76                              93   -8.86 0 27.5 290 
 FRMZ SZ IPg      2041 21.57                              93   -0.1110 27.7 299 
 FRMZ SZ ESg      2041 25.81                              93    0.1110 27.7 299 
 GOLJ SZ  IAML    2041 24.60        10.4 0.12                                   
                                                                                
 2012  815 2052 34.0 L  38.417  46.751 11.7  THM 12 0.0 1.2LTHM                1
 GAP=90    THM  0.23       0.7     0.6  0.9 -1.4190e-01                        E
      21.0      61.6      48.1                 0.0                <bu  FOCMEC  F
 Action:ARG 25-08-12 12:51 OP:OBSP STATUS:               ID:20120815205234     I
 OLDACT:ARG 14-11-22 00:27 OP:ahal STATUS:               ID:20120815205100 L   3
 2012-08-15-2051-21S.AHAL__038                                                 6
 STAT SP IPHASW D HRMM SECON CODA AMPLIT PERI AZIMU VELO AIN AR TRES W  DIS CAZ7
 GZCH SZ IPg    C 2052 36.46                             157   -0.0510 4.97  59 
 GZCH SZ ESg      2052 38.35                             157   -0.0310 4.97  59 
 MHTR SZ IPg    C 2052 36.63                             149   -0.0410 6.92 329 
 MHTR SZ ESg      2052 38.68                             149    0.0310 6.92 329 
 MHTR SZ  IAML    2052 39.89       190.4 0.37                                   
 HIGH SZ IPg    C 2052 36.97                             135   -0.0210 11.1 220 
 HIGH SZ ESg      2052 39.19                             135   -0.0210 11.1 220 
 HIGH SZ  IAML    2052 39.67       116.8 0.31                                   
 SRND SZ IPg    C 2052 37.82                             120   -0.0310 17.1 226 
 SRND SZ ESg      2052 40.76                             120    0.0610 17.1 226 
 SRND SZ  IAML    2052 41.38        19.4 0.17                                   
 KVCH SZ IPg    D 2052 37.92                             119   -0.0410 17.8 237 
 BLVR SZ IPg      2052 38.42                             116    0.0510 19.8 151 
 BLVR SZ  IAML    2052 42.55       118.0 0.17                                   
 VRDN SZ IPg    C 2052 38.26                             115    0.0510 20.1  83 
 VRDN SZ ESg      2052 41.39                             115    0.0610 20.1  83 
 VRDN SZ  IAML    2052 41.68        71.3 0.03                                   
 HMLO SZ IPg  4 D 2052 29.70                             115   -8.67 0 20.5 290 
 FRMZ SZ IPg    D 2052 38.51                             114    0.0610 21.0 303 
 MGSL SZ IPg    D 2052 39.57                             105   -0.0210 28.6 125 
 GOLJ SZ IPg    D 2052 39.57                             105    0.0010 28.9 269 
 GOLJ SZ  IAML    2052 46.69        26.7 0.40                                   
 KRNG SZ IPg    D 2052 39.76                             103   -0.1210 31.4  85 
 KRNG SZ ESg      2052 44.27                             103    0.0410 31.4  85 
 KRNG SZ  IAML    2052 44.55        34.9 0.37                                   
                                                                                
 2012  815 2054  3.1 L  38.426  46.738 11.6  THM 14 0.1 1.3LTHM                1
 GAP=83    THM  0.25       0.5     0.5  0.8 -5.7690e-02                        E
     184.3      51.0      24.4                 0.0                <bu  FOCMEC  F
 Action:ARG 25-08-12 12:51 OP:OBSP STATUS:               ID:20120815205403     I
 OLDACT:ARG 14-11-22 00:27 OP:ahal STATUS:               ID:20120815205200 L   3
 2012-08-15-2052-55S.AHAL__041                                                 6
 STAT SP IPHASW D HRMM SECON CODA AMPLIT PERI AZIMU VELO AIN AR TRES W  DIS CAZ7
 ZANG SZ IPg    C 2054  5.30                             176   -0.0410 0.86 305 
 ZANG SZ ESg      2054  6.95                             176   -0.0810 0.86 305 
 MHTR SZ IPg    D 2054  5.54                             155   -0.0810 5.51 334 
 MHTR SZ ESg      2054  7.53                             155    0.0110 5.51 334 
 GZCH SZ IPg    C 2054  5.49                             154   -0.1210 5.64  73 
 GZCH SZ ESg      2054  7.48                             154   -0.0310 5.64  73 
 HIGH SZ IPg    C 2054  6.02                             135   -0.0410 11.2 212 
 HIGH SZ ESg      2054  8.29                             135    0.0110 11.2 212 
 HIGH SZ  IAML    2054  8.51       108.3 0.10                                   
 ORNG SZ IPg    C 2054  6.45                             130   -0.0010 12.8  56 
 ORNG SZ ESg      2054  9.06                             130    0.0910 12.8  56 
 ORNG SZ  IAML    2054  9.30        70.3 0.09                                   
 SRND SZ IPg    C 2054  6.84                             120   -0.0610 17.0 221 
 SRND SZ ESg      2054  9.72                             120   -0.0210 17.0 221 
 SRND SZ  IAML    2054  9.91        31.1 0.14                                   
 KVCH SZ EPg    C 2054  6.93                             120   -0.0410 17.4 233 
 KVCH SZ ESg      2054  9.97                             120    0.1110 17.4 233 
 KVCH SZ  IAML    2054 10.50        48.5 0.10                                   
 FRMZ SZ IPg    D 2054  7.36                             116    0.0710 19.5 303 
 FRMZ SZ ESg      2054 10.54                             116    0.1110 19.5 303 
 FRMZ SZ  IAML    2054 12.72        49.5 0.14                                   
 BLVR SZ IPg    D 2054  7.59                             113   -0.0510 21.2 150 
 BLVR SZ ESg      2054 11.24                             113    0.2010 21.2 150 
 VRDN SZ IPg    D 2054  7.38                             113   -0.0410 21.2  86 
 VRDN SZ ESg      2054 10.74                             113    0.0910 21.2  86 
 VRDN SZ  IAML    2054 11.95        41.7 0.11                                   
 AZGN SZ IPg    C 2054  7.46                             112    0.0010 21.8  58 
 AZGN SZ ESg      2054 10.76                             112    0.0410 21.8  58 
 AZGN SZ  IAML    2054 11.17      1274.4 0.04                                   
 NMVR SZ IPg      2054  7.68                             111   -0.0010 22.5 128 
 NMVR SZ  IAML    2054 10.89        40.8 0.10                                   
 MGSL SZ IPg    D 2054  8.80                             104   -0.0810 30.1 125 
 MGSL SZ ESg      2054 13.18                             104   -0.0110 30.1 125 
 KRNG SZ IPg    D 2054  9.08                             102   -0.0310 32.5  87 
                                                                                
 2012  815 2058 14.3 L  38.396  46.671  6.1  THM 18 0.1 1.5LTHM                1
 GAP=91    THM  0.34       0.6     0.5  1.4 -1.2190e-01                        E
     164.0      77.1     -52.9                 0.0                <bu  FOCMEC  F
 Action:ARG 25-08-12 12:51 OP:OBSP STATUS:               ID:20120815205814     I
 OLDACT:ARG 14-11-22 00:27 OP:ahal STATUS:               ID:20120815205600 L   3
 2012-08-15-2056-45S.AHAL__060                                                 6
 STAT SP IPHASW D HRMM SECON CODA AMPLIT PERI AZIMU VELO AIN AR TRES W  DIS CAZ7
 ZANG SZ IPg    C 2058 16.23                             144   -0.1710 6.39  54 
 ZANG SZ ESg      2058 17.80                             144   -0.1410 6.39  54 
 KVCH SZ IPg    C 2058 16.92                             127   -0.1510 10.8 227 
 KVCH SZ ESg      2058 18.93                             127   -0.1710 10.8 227 
 KVCH SZ  IAML    2058 21.65       173.7 0.52                                   
 SRND SZ IPg    C 2058 17.02                             126   -0.0510 10.9 209 
 SRND SZ ESg      2058 19.12                             126    0.0310 10.9 209 
 GZCH SZ IPg    C 2058 17.16                             123   -0.0610 12.3  67 
 GZCH SZ ESg      2058 19.40                             123    0.0410 12.3  67 
 GZCH SZ  IAML    2058 19.64       156.2 0.21                                   
 HMLO SZ IPg  4 D 2058  8.92                             116   -8.85 0 15.4 307 
 FRMZ SZ IPg    D 2058 18.02                             113   -0.0510 17.3 323 
 FRMZ SZ ESg      2058 20.93                             113    0.0810 17.3 323 
 FRMZ SZ  IAML    2058 22.33       437.9 0.14                                   
 ORNG SZ IPg    C 2058 18.46                             109   -0.0010 19.5  58 
 ORNG SZ  IAML    2058 22.73        85.9 0.31                                   
 GOLJ SZ IPg    D 2058 18.65                             107   -0.0910 22.0 274 
 GOLJ SZ ESg      2058 22.09                             107    0.0810 22.0 274 
 BLVR SZ IPg    D 2058 19.15                             106    0.1810 22.4 132 
 NMVR SZ IPg    D 2058 19.53                             104    0.1310 25.8 114 
 VRDN SZ IPg    C 2058 19.58                             102   -0.0110 27.4  80 
 VRDN SZ ESg      2058 23.73                             102    0.2410 27.4  80 
 VRDN SZ  IAML    2058 28.51        66.3 0.45                                   
 AZGN SZ IPg    C 2058 19.68                             102   -0.0410 28.5  59 
 AZGN SZ ESg      2058 23.72                             102    0.0210 28.5  59 
 AZGN SZ  IAML    2058 24.18       109.1 0.17                                   
 MGSL SZ IPg    D 2058 20.80                             100    0.0710 33.6 115 
 HRS  SZ IPg    D 2058 20.30                             100   -0.0810 33.7 105 
 KRNG SZ IPg    C 2058 21.38                              98   -0.0610 38.6  83 
 KRNG SZ  IAML    2058 27.28       142.2 0.10                                   
 TBZ  SZ IPg    C 2058 23.20                              96    0.0410 48.9 249 
 TBZ  SZ ESg      2058 29.91                              96    0.2110 48.9 249 
 TBZ  SZ  IAML    2058 30.39         8.2 0.28                                   
 BST  SZ IPg    C 2058 28.29                              93   -0.05 9 79.5 166 
 BST  SZ ESg  4   2058 39.23                              93    0.52 0 79.5 166 
 SHB  SZ IPg  4   2058 30.25                              93   -0.49 0 93.0 263 
                                                                                
 2012  815 2059 12.6 L  38.387  46.678  4.8  THM 14 0.1 1.2LTHM                1
 GAP=56    THM  0.31       0.5     0.6  1.3 -1.3920e-01                        E
     167.8      54.0       0.0                 0.0                <bu  FOCMEC  F
 Action:ARG 25-08-12 12:51 OP:OBSP STATUS:               ID:20120815205912     I
 OLDACT:ARG 14-11-22 00:27 OP:ahal STATUS:               ID:20120815205800 L   3
 2012-08-15-2058-14S.AHAL__012                                                 6
 STAT SP IPHASW D HRMM SECON CODA AMPLIT PERI AZIMU VELO AIN AR TRES W  DIS CAZ7
 HIGH SZ IPg    C 2059 14.04                             134   -0.0910 5.22 188 
 HIGH SZ ESg      2059 15.23                             134   -0.0410 5.22 188 
 HIGH SZ  IAML    2059 15.46       733.0 0.14                                   
 ZANG SZ IPg    C 2059 14.15                             126   -0.1510 6.63  43 
 ZANG SZ ESg      2059 15.59                             126    0.0310 6.63  43 
 MHTR SZ IPg    C 2059 14.76                             112   -0.0910 9.67  17 
 MHTR SZ ESg      2059 16.60                             112    0.0810 9.67  17 
 MHTR SZ  IAML    2059 19.98       125.3 0.24                                   
 SRND SZ IPg    C 2059 14.92                             109   -0.0610 10.4 215 
 SRND SZ ESg      2059 16.85                             109    0.1010 10.4 215 
 KVCH SZ IPg    C 2059 14.95                             109   -0.0810 10.6 234 
 KVCH SZ ESg      2059 16.98                             109    0.1410 10.6 234 
 GZCH SZ IPg    C 2059 15.19                             104   -0.0510 12.2  61 
 GZCH SZ ESg      2059 17.33                             104    0.1310 12.2  61 
 HMLO SZ IPg  4 D 2059  7.20                              97   -8.84 0 16.5 309 
 FRMZ SZ IPg    D 2059 16.33                              96   -0.0610 18.5 323 
 FRMZ SZ ESg      2059 19.33                              96    0.1210 18.5 323 
 FRMZ SZ  IAML    2059 20.37       109.6 0.21                                   
 ORNG SZ IPg    C 2059 16.56                              95   -0.0610 19.6  54 
 ORNG SZ ESg      2059 19.53                              95   -0.0810 19.6  54 
 BLVR SZ IPg      2059 17.09                              94    0.1410 21.2 131 
 GOLJ SZ IPg    D 2059 16.96                              94   -0.0610 22.7 277 
 GOLJ SZ ESg  4   2059 20.62                              94    0.32 0 22.7 277 
 GOLJ SZ  IAML    2059 21.86        16.1 0.09                                   
 AZGN SZ IPg    C 2059 17.87                              92   -0.0510 28.6  56 
 AZGN SZ ESg      2059 22.00                              92    0.1410 28.6  56 
 MGSL SZ IPg    D 2059 18.90                              92    0.1210 32.6 113 
 HRS  SZ IPg      2059 18.31                              92   -0.1410 32.9 103 
 HRS  SZ ESg  4   2059 23.16                              92    0.38 0 32.9 103 
                                                                                
 2012  815 21 2 50.0 L  38.393  46.668  6.0  THM 15 0.1 2.5LTHM                1
 GAP=59    THM  0.29       0.4     0.5  1.0 -4.0220e-02                        E
       2.9      58.4      18.2                 0.0                <bu  FOCMEC  F
 Action:ARG 25-08-12 12:51 OP:OBSP STATUS:               ID:20120815210250     I
 OLDACT:ARG 14-11-22 00:27 OP:ahal STATUS:               ID:20120815210100 L   3
 2012-08-15-2101-44S.AHAL__045                                                 6
 STAT SP IPHASW D HRMM SECON CODA AMPLIT PERI AZIMU VELO AIN AR TRES W  DIS CAZ7
 HIGH SZ IPg    D 21 2 51.71                             137   -0.0610 5.91 178 
 HIGH SZ ESg      21 2 53.11                             137    0.0310 5.91 178 
 ZANG SZ IPg    C 21 2 51.76                             133   -0.1110 6.80  53 
 ZANG SZ ESg      21 2 53.32                             133    0.0710 6.80  53 
 ZANG SZ  IAML    21 2 53.97      2626.8 0.16                                   
 MHTR SZ IPg    C 21 2 52.23                             122   -0.0710 9.29  23 
 MHTR SZ ESg      21 2 54.07                             122    0.0710 9.29  23 
 MHTR SZ  IAML    21 2 55.74      5280.0 0.16                                   
 KVCH SZ IPg    C 21 2 52.40                             118   -0.1010 10.4 228 
 KVCH SZ ESg      21 2 54.29                             118   -0.0610 10.4 228 
 SRND SZ IPg    C 21 2 52.45                             117   -0.0610 10.5 209 
 SRND SZ ESg      21 2 54.41                             117    0.0510 10.5 209 
 SRND SZ  IAML    21 2 54.86      3398.5 0.00                                   
 GZCH SZ IPg    C 21 2 52.72                             112   -0.0810 12.6  66 
 GZCH SZ ESg      21 2 54.92                             112    0.0610 12.6  66 
 GZCH SZ  IAML    21 2 59.07       704.4 0.48                                   
 HMLO SZ IPg  4 D 21 2 44.53                             107   -8.79 0 15.4 309 
 FRMZ SZ IPg    D 21 2 53.64                             104   -0.0210 17.4 324 
 FRMZ SZ ESg      21 2 56.47                             104    0.1110 17.4 324 
 FRMZ SZ  IAML    21 2 57.82      5123.3 0.24                                   
 ORNG SZ IPg    C 21 2 54.03                             101   -0.0910 19.9  57 
 ORNG SZ ESg      21 2 57.17                             101    0.0110 19.9  57 
 ORNG SZ  IAML    21 2 57.86      1234.6 0.35                                   
 GOLJ SZ IPg    D 21 2 54.25                             100   -0.0510 21.7 275 
 GOLJ SZ ESg      21 2 57.74                             100    0.2610 21.7 275 
 BLVR SZ IPg    D 21 2 54.59                              99    0.0110 22.4 131 
 NMVR SZ IPg    D 21 2 55.05                              97    0.0110 25.9 113 
 NMVR SZ ESg      21 2 58.94                              97    0.1810 25.9 113 
 NMVR SZ  IAML    21 3  0.61       693.3 0.16                                   
 VRDN SZ IPg    C 21 2 55.14                              96   -0.1310 27.7  79 
 VRDN SZ ESg      21 2 59.29                              96    0.1210 27.7  79 
 AZGN SZ IPg    C 21 2 55.29                              96   -0.1210 28.9  58 
 AZGN SZ ESg      21 2 59.37                              96   -0.0410 28.9  58 
 AZGN SZ  IAML    21 2 59.91       799.3 0.11                                   
 MGSL SZ IPg    D 21 2 56.40                              95    0.0110 33.7 114 
 MGSL SZ ESg      21 3  1.11                              95   -0.0010 33.7 114 
                                                                                
 2012  815 2114  4.7 L  38.431  46.733 10.5  THM 16 0.1 1.2LTHM                1
 GAP=84    THM  0.23       0.5     0.4  0.7 -3.1820e-02                        E
      12.2      77.4      43.6                 0.0                <bu  FOCMEC  F
 Action:ARG 25-08-12 12:51 OP:OBSP STATUS:               ID:20120815211404     I
 OLDACT:ARG 14-11-22 00:27 OP:ahal STATUS:               ID:20120815211300 L   3
 2012-08-15-2113-00S.AHAL__036                                                 6
 STAT SP IPHASW D HRMM SECON CODA AMPLIT PERI AZIMU VELO AIN AR TRES W  DIS CAZ7
 ZANG SZ IPg    C 2114  6.77                             179   -0.0510 0.26 245 
 ZANG SZ ESg      2114  8.43                             179    0.0510 0.26 245 
 MHTR SZ IPg    D 2114  7.03                             156   -0.0410 4.76 335 
 MHTR SZ ESg      2114  8.63                             156   -0.1810 4.76 335 
 GZCH SZ IPg    C 2114  7.06                             150   -0.0810 5.96  80 
 GZCH SZ ESg      2114  8.98                             150    0.0510 5.96  80 
 HIGH SZ IPg    C 2114  7.64                             130    0.0110 11.5 209 
 HIGH SZ ESg      2114  9.83                             130    0.0410 11.5 209 
 ORNG SZ IPg    C 2114  8.01                             126    0.0010 12.9  59 
 ORNG SZ ESg      2114 10.52                             126    0.0710 12.9  59 
 SRND SZ IPg    C 2114  8.47                             116   -0.0210 17.2 219 
 SRND SZ ESg      2114 11.29                             116    0.0110 17.2 219 
 KVCH SZ IPg    C 2114  8.53                             116   -0.0110 17.4 230 
 HMLO SZ IPg  4 D 2114  0.03                             114   -8.70 0 18.5 287 
 FRMZ SZ IPg    D 2114  8.82                             113    0.0510 18.7 302 
 FRMZ SZ ESg      2114 11.88                             113    0.1010 18.7 302 
 FRMZ SZ  IAML    2114 15.18        70.1 0.16                                   
 VRDN SZ IPg    C 2114  9.02                             108   -0.0610 21.6  87 
 VRDN SZ ESg      2114 12.39                             108    0.0810 21.6  87 
 VRDN SZ  IAML    2114 14.05       125.8 0.21                                   
 AZGN SZ IPg    C 2114  9.03                             108   -0.0410 21.9  60 
 AZGN SZ ESg      2114 12.35                             108    0.0610 21.9  60 
 BLVR SZ IPg      2114  9.33                             108   -0.0110 22.0 150 
 BLVR SZ  IAML    2114 13.61        93.1 0.10                                   
 NMVR SZ IPg    D 2114  9.48                             106    0.0910 23.2 129 
 NMVR SZ ESg      2114 12.95                             106    0.1010 23.2 129 
 NMVR SZ  IAML    2114 14.16        26.9 0.21                                   
 GOLJ SZ IPg    D 2114 10.02                             102    0.0110 27.4 265 
 GOLJ SZ  IAML    2114 15.53        60.7 0.29                                   
 MGSL SZ IPg    D 2114 10.54                              98   -0.0810 30.8 125 
 MGSL SZ ESg      2114 14.91                              98   -0.0810 30.8 125 
 MGSL SZ  IAML    2114 15.76        11.7 0.10                                   
 KRNG SZ IPg    C 2114 10.76                              96   -0.0410 32.9  88 
 KRNG SZ ESg      2114 15.28                              96   -0.0310 32.9  88 
                                                                                
