 2012  814 1210 18.5 L  38.392  46.798 13.8      12 0.0 2.3L                   1
 Action:ARG 26-09-15 11:07 OP:OBSP STATUS:               ID:20120814121018     I
 STAT SP IPHASW D HRMM SECON CODA AMPLIT PERI AZIMU VELO AIN AR TRES W  DIS CAZ7
 ZANG     P   0A  1210 21.65                                   -0.06            
 HIGH     P   0A  1210 22.14                                   -0.06            
 BLVR     P   0A  1210 22.59                                    0.08            
 NMVR     P   0A  1210 22.51                                   -0.06            
 VRDN     P   0A  1210 22.68                                    0.06            
 SRND     P   0A  1210 23.08                                    0.14            
 AZGN     P   0A  1210 23.13                                    0.01            
 MGSL     P   0A  1210 23.58                                   -0.06            
 FRMZ     P   0A  1210 24.00                                    0.04            
 KRNG     P   0A  1210 24.21                                    0.03            
 GOLJ     P   0A  1210 25.01                                   -0.08            
 GRVN     P   4A  1211 17.13                                   -8.49            
                                                                                

 2012  814 1222 56.2 L  38.414  46.770 11.1      12 0.0 2.4L                   1
 Action:ARG 26-09-15 11:07 OP:OBSP STATUS:               ID:20120814122256     I
 STAT SP IPHASW D HRMM SECON CODA AMPLIT PERI AZIMU VELO AIN AR TRES W  DIS CAZ7
 ZANG     P   0A  1222 58.83                                   -0.01            
 HIGH     P   0A  1222 59.48                                   -0.10            
 SRND     P   0A  1223  0.41                                    0.01            
 BLVR     P   0A  1223  0.61                                    0.14            
 VRDN     P   0A  1223  0.45                                    0.05            
 NMVR     P   0A  1223  0.59                                    0.01            
 AZGN     P   0A  1223  0.64                                   -0.04            
 FRMZ     P   0A  1223  1.18                                    0.12            
 MGSL     P   0A  1223  1.71                                   -0.05            
 KRNG     P   0A  1223  2.10                                   -0.03            
 GOLJ     P   0A  1223  2.29                                   -0.07            
 GRVN     P   4A  1223 55.27                                   -8.52            
                                                                                

 2012  814 1233 17.9 L  38.423  46.738 11.1      15 0.0 3.1L                   1
 Action:ARG 26-09-15 11:07 OP:OBSP STATUS:               ID:20120814123317     I
 STAT SP IPHASW D HRMM SECON CODA AMPLIT PERI AZIMU VELO AIN AR TRES W  DIS CAZ7
 ZANG     P   0A  1233 20.29                                   -0.12            
 HIGH     P   0A  1233 21.09                                   -0.04            
 SRND     P   0A  1233 21.97                                    0.09            
 FRMZ     P   0A  1233 22.38                                    0.09            
 VRDN     P   0A  1233 22.54                                    0.07            
 BLVR     P   0A  1233 22.68                                    0.21            
 AZGN     P   0A  1233 22.59                                   -0.02            
 NMVR     P   0A  1233 22.83                                    0.16            
 GOLJ     P   0A  1233 23.54                                   -0.06            
 HRS      P   0A  1233 23.42                                   -0.39            
 MGSL     P   0A  1233 24.03                                    0.15            
 KRNG     P   0A  1233 24.30                                    0.07            
 GRVN     P   4A  1234 17.62                                   -8.31            
 TBZ      P   0A  1233 27.90                                    0.00            
 BST      P   0A  1233 31.88                                   -0.18            
                                                                                

 2012  814 1234 10.3 L  38.399  46.666  3.5      12 0.0 2.7L                   1
 Action:ARG 26-09-15 11:07 OP:OBSP STATUS:               ID:20120814123410     I
 STAT SP IPHASW D HRMM SECON CODA AMPLIT PERI AZIMU VELO AIN AR TRES W  DIS CAZ7
 HIGH     P   0A  1234 12.20                                   -0.04            
 ZANG     P   0A  1234 12.28                                    0.03            
 SRND     P   0A  1234 13.07                                    0.01            
 FRMZ     P   0A  1234 14.34                                    0.15            
 GOLJ     P   0A  1234 14.94                                   -0.12            
 BLVR     P   0A  1234 15.37                                    0.14            
 NMVR     P   0A  1234 15.88                                    0.06            
 VRDN     P   0A  1234 16.02                                   -0.02            
 AZGN     P   0A  1234 16.13                                   -0.09            
 MGSL     P   0A  1234 17.14                                   -0.00            
 KRNG     P   0A  1234 17.83                                   -0.08            
 GRVN     P   4A  1234 10.80                                   -8.62            
                                                                                

 2012  814 1358 41.2 L  38.395  46.675  3.8      12 0.0 2.0L                   1
 Action:ARG 26-09-15 11:07 OP:OBSP STATUS:               ID:20120814135841     I
 STAT SP IPHASW D HRMM SECON CODA AMPLIT PERI AZIMU VELO AIN AR TRES W  DIS CAZ7
 HIGH     P   0A  1358 43.01                                   -0.07            
 ZANG     P   0A  1358 43.16                                    0.06            
 SRND     P   0A  1358 43.95                                    0.00            
 KVCH     P   0A  1358 43.96                                    0.00            
 FRMZ     P   0A  1358 45.29                                    0.13            
 BLVR     P   0A  1358 46.06                                    0.14            
 GOLJ     P   0A  1358 45.93                                   -0.09            
 NMVR     P   0A  1358 46.53                                    0.02            
 AZGN     P   0A  1358 46.85                                   -0.13            
 MGSL     P   0A  1358 47.89                                    0.06            
 KRNG     P   0A  1358 48.53                                   -0.10            
 GRVN     P   4A  1358 41.54                                   -8.57            
                                                                                

 2012  814 14 2 25.9 L  38.444  46.776 15.4      17 0.0 4.9L                   1
 Action:ARG 26-09-15 11:07 OP:OBSP STATUS:               ID:20120814140225     I
 STAT SP IPHASW D HRMM SECON CODA AMPLIT PERI AZIMU VELO AIN AR TRES W  DIS CAZ7
 ZANG     P   0A  14 2 28.95                                   -0.24            
 ORNG     P   0A  14 2 29.48                                    0.07            
 VRZ1     P   0A  14 2 29.84                                    0.16            
 HIGH     P   0A  14 2 29.93                                   -0.12            
 AZGN     P   0A  14 2 30.36                                   -0.02            
 SRND     P   0A  14 2 30.85                                    0.08            
 KVCH     P   0A  14 2 30.90                                    0.03            
 NMVR     P   0A  14 2 30.98                                    0.14            
 BLVR     P   0A  14 2 31.09                                    0.22            
 HRS      P   0A  14 2 31.42                                   -0.33            
 MGSL     P   0A  14 2 32.04                                    0.13            
 KRNG     P   0A  14 2 31.94                                    0.03            
 GOLJ     P   0A  14 2 32.30                                   -0.03            
 GRVN     P   4A  14 3 25.58                                   -8.19            
 TABZ     P   4A  14 2 37.20                                    0.82            
 TBZ      P   0A  14 2 36.57                                   -0.03            
 BST      P   0A  14 2 40.33                                   -0.06            
                                                                                

 2012  814 1548 20.5 L  38.388  46.649  3.7      17 0.0 3.7L                   1
 Action:ARG 26-09-15 11:07 OP:OBSP STATUS:               ID:20120814154820     I
 STAT SP IPHASW D HRMM SECON CODA AMPLIT PERI AZIMU VELO AIN AR TRES W  DIS CAZ7
 HIGH     P   0A  1548 21.72                                   -0.06            
 KVCH     P   0A  1548 22.35                                    0.01            
 ZANG     P   0A  1548 22.25                                   -0.03            
 SRND     P   0A  1548 22.47                                    0.06            
 VRZ1     P   0A  1548 23.13                                    0.01            
 FRMZ     P   0A  1548 23.95                                    0.08            
 GOLJ     P   0A  1548 24.38                                   -0.08            
 ORNG     P   0A  1548 24.78                                    0.14            
 BLVR     P   0A  1548 25.24                                    0.31            
 NMVR     P   0A  1548 25.70                                    0.08            
 VRDN     P   0A  1548 25.98                                    0.02            
 AZGN     P   0A  1548 26.10                                   -0.08            
 MGSL     P   0A  1548 27.00                                    0.07            
 HRS      P   0A  1548 26.61                                   -0.43            
 TABZ     P   4A  1548 29.68                                    0.90            
 TBZ      P   0A  1548 28.88                                   -0.01            
 BST      P   0A  1548 34.12                                   -0.09            
                                                                                

 2012  814 17 5 17.8 L  38.399  46.655  3.5      12 0.0 1.9L                   1
 Action:ARG 26-09-15 11:07 OP:OBSP STATUS:               ID:20120814170517     I
 STAT SP IPHASW D HRMM SECON CODA AMPLIT PERI AZIMU VELO AIN AR TRES W  DIS CAZ7
 ZANG     P   0A  17 5 19.88                                    0.01            
 KVCH     P   0A  17 5 20.32                                   -0.03            
 SRND     P   0A  17 5 20.45                                    0.01            
 FRMZ     P   0A  17 5 21.67                                    0.11            
 GOLJ     P   0A  17 5 22.27                                   -0.08            
 ORNG     P   0A  17 5 22.34                                    0.07            
 BLVR     P   0A  17 5 22.91                                    0.11            
 NMVR     P   0A  17 5 23.37                                   -0.06            
 VRDN     P   0A  17 5 23.53                                   -0.13            
 AZGN     P   4A  17 5 59.55                                   -24.2            
 MGSL     P   0A  17 5 24.82                                    0.08            
 KRNG     P   4A  17 5 25.36                                   -0.17            
                                                                                

 2012  814 1719 59.1 L  38.415  46.758 11.5      12 0.0 2.0L                   1
 Action:ARG 26-09-15 11:07 OP:OBSP STATUS:               ID:20120814171959     I
 STAT SP IPHASW D HRMM SECON CODA AMPLIT PERI AZIMU VELO AIN AR TRES W  DIS CAZ7
 ZANG     P   0A  1720  1.59                                   -0.18            
 ORNG     P   0A  1720  2.67                                    0.18            
 SRND     P   0A  1720  3.24                                    0.01            
 KVCH     P   0A  1720  3.36                                   -0.01            
 VRDN     P   0A  1720  3.53                                    0.05            
 BLVR     P   0A  1720  3.70                                    0.22            
 NMVR     P   0A  1720  3.73                                    0.10            
 FRMZ     P   0A  1720  3.87                                    0.03            
 HRS      P   0A  1720  4.29                                   -0.46            
 MGSL     P   0A  1720  4.86                                    0.05            
 GOLJ     P   0A  1720  5.09                                   -0.02            
 KRNG     P   0A  1720  5.23                                    0.03            
                                                                                

 2012  814 18 3 34.8 L  38.424  46.738 10.9      13 0.0 1.9L                   1
 Action:ARG 26-09-15 11:07 OP:OBSP STATUS:               ID:20120814180334     I
 STAT SP IPHASW D HRMM SECON CODA AMPLIT PERI AZIMU VELO AIN AR TRES W  DIS CAZ7
 ZANG     P   0A  18 3 37.17                                   -0.17            
 ORNG     P   0A  18 3 38.46                                    0.21            
 SRND     P   0A  18 3 38.84                                    0.02            
 KVCH     P   0A  18 3 38.92                                    0.01            
 FRMZ     P   0A  18 3 39.32                                    0.09            
 BLVR     P   0A  18 3 39.59                                    0.17            
 VRDN     P   0A  18 3 39.45                                    0.04            
 AZGN     P   0A  18 3 39.49                                   -0.06            
 NMVR     P   0A  18 3 39.72                                    0.10            
 GOLJ     P   0A  18 3 40.46                                   -0.09            
 HRS      P   0A  18 3 40.34                                   -0.42            
 MGSL     P   0A  18 3 40.93                                    0.10            
 KRNG     P   0A  18 3 41.16                                   -0.01            
                                                                                

 2012  814 1827 32.1 L  38.411  46.803 12.6      14 0.0 1.9L                   1
 Action:ARG 26-09-15 11:07 OP:OBSP STATUS:               ID:20120814182732     I
 STAT SP IPHASW D HRMM SECON CODA AMPLIT PERI AZIMU VELO AIN AR TRES W  DIS CAZ7
 ZANG     P   0A  1827 34.95                                   -0.18            
 ORNG     P   0A  1827 35.50                                    0.14            
 HIGH     P   4A  1828 30.39                                   -5.48            
 VRDN     P   0A  1827 36.12                                    0.10            
 NMVR     P   0A  1827 36.33                                    0.09            
 BLVR     P   0A  1827 36.45                                    0.17            
 AZGN     P   0A  1827 36.34                                   -0.06            
 SRND     P   0A  1827 36.69                                    0.00            
 KVCH     P   0A  1827 36.92                                    0.03            
 HRS      P   0A  1827 36.80                                   -0.42            
 MGSL     P   0A  1827 37.40                                    0.06            
 FRMZ     P   0A  1827 37.46                                    0.04            
 KRNG     P   0A  1827 37.71                                    0.07            
 GOLJ     P   0A  1827 38.71                                   -0.02            
                                                                                

 2012  814 1842 57.7 L  38.404  46.865  7.8      13 0.0 1.9L                   1
 Action:ARG 26-09-15 11:07 OP:OBSP STATUS:               ID:20120814184257     I
 STAT SP IPHASW D HRMM SECON CODA AMPLIT PERI AZIMU VELO AIN AR TRES W  DIS CAZ7
 ORNG     P   0A  1843  0.50                                    0.14            
 VRDN     P   0A  1843  0.53                                    0.01            
 ZANG     P   0A  1843  0.66                                   -0.15            
 NMVR     P   0A  1843  0.95                                    0.02            
 AZGN     P   0A  1843  1.23                                   -0.08            
 BLVR     P   0A  1843  1.41                                    0.06            
 HIGH     P   4A  1843 32.17                                   -29.6            
 MGSL     P   0A  1843  1.98                                   -0.06            
 KRNG     P   0A  1843  2.25                                   -0.00            
 SRND     P   0A  1843  2.79                                    0.03            
 KVCH     P   0A  1843  3.17                                    0.12            
 FRMZ     P   0A  1843  3.75                                    0.04            
 GOLJ     P   0A  1843  5.17                                   -0.00            
                                                                                

 2012  814 1940 50.2 L  38.382  46.815  6.9      12 0.0 1.6L                   1
 Action:ARG 26-09-15 11:07 OP:OBSP STATUS:               ID:20120814194050     I
 STAT SP IPHASW D HRMM SECON CODA AMPLIT PERI AZIMU VELO AIN AR TRES W  DIS CAZ7
 ZANG     P   0A  1940 52.81                                   -0.04            
 HIGH     P   0A  1940 53.37                                   -0.13            
 BLVR     P   0A  1940 53.75                                    0.20            
 VRDN     P   0A  1940 53.92                                    0.14            
 SRND     P   0A  1940 54.48                                    0.01            
 AZGN     P   0A  1940 54.52                                   -0.01            
 KVCH     P   0A  1940 54.83                                    0.05            
 HRS      P   0A  1940 54.37                                   -0.41            
 MGSL     P   0A  1940 54.94                                    0.11            
 KRNG     P   0A  1940 55.62                                    0.06            
 FRMZ     P   0A  1940 55.89                                    0.07            
 GOLJ     P   0A  1940 56.96                                   -0.05            
                                                                                

 2012  814 1958 53.5 L  38.418  46.736 10.6      14 0.0 2.8L                   1
 Action:ARG 26-09-15 11:07 OP:OBSP STATUS:               ID:20120814195853     I
 STAT SP IPHASW D HRMM SECON CODA AMPLIT PERI AZIMU VELO AIN AR TRES W  DIS CAZ7
 ZANG     P   0A  1958 55.86                                   -0.13            
 HIGH     P   0A  1958 56.59                                   -0.07            
 ORNG     P   0A  1958 57.18                                    0.19            
 SRND     P   0A  1958 57.46                                    0.04            
 KVCH     P   0A  1958 57.55                                    0.04            
 FRMZ     P   0A  1958 58.02                                    0.08            
 BLVR     P   0A  1958 58.23                                    0.19            
 VRDN     P   0A  1958 58.19                                    0.05            
 AZGN     P   0A  1958 58.24                                   -0.07            
 NMVR     P   0A  1958 58.33                                    0.06            
 GOLJ     P   0A  1958 59.10                                   -0.10            
 HRS      P   0A  1958 59.04                                   -0.40            
 MGSL     P   0A  1958 59.60                                    0.11            
 KRNG     P   0A  1958 59.91                                    0.00            
                                                                                

 2012  814 2010 56.6 L  38.377  46.777 11.1      14 0.0 3.3L                   1
 Action:ARG 26-09-15 11:07 OP:OBSP STATUS:               ID:20120814201056     I
 STAT SP IPHASW D HRMM SECON CODA AMPLIT PERI AZIMU VELO AIN AR TRES W  DIS CAZ7
 ZANG     P   0A  2010 59.34                                   -0.15            
 HIGH     P   0A  2010 59.69                                   -0.09            
 ORNG     P   0A  2011  0.38                                    0.11            
 SRND     P   0A  2011  0.63                                    0.08            
 NMVR     P   0A  2011  0.77                                    0.20            
 KVCH     P   0A  2011  0.91                                    0.10            
 VRDN     P   0A  2011  0.99                                    0.09            
 AZGN     P   0A  2011  1.35                                   -0.13            
 FRMZ     P   0A  2011  1.94                                    0.03            
 HRS      P   0A  2011  1.46                                   -0.33            
 MGSL     P   0A  2011  1.95                                    0.20            
 KRNG     P   0A  2011  2.62                                    0.05            
 TBZ      P   0A  2011  6.89                                    0.01            
 BST      P   0A  2011  9.75                                   -0.16            
                                                                                

 2012  814 2020 32.9 L  38.383  46.651  3.9      15 0.0 2.9L                   1
 Action:ARG 26-09-15 11:07 OP:OBSP STATUS:               ID:20120814202032     I
 STAT SP IPHASW D HRMM SECON CODA AMPLIT PERI AZIMU VELO AIN AR TRES W  DIS CAZ7
 HIGH     P   0A  2020 34.65                                   -0.01            
 KVCH     P   0A  2020 35.24                                   -0.00            
 SRND     P   0A  2020 35.36                                    0.08            
 ZANG     P   0A  2020 35.19                                   -0.07            
 FRMZ     P   0A  2020 36.90                                    0.04            
 GOLJ     P   4A  2020 34.20                                   -3.20            
 ORNG     P   0A  2020 37.71                                    0.15            
 NMVR     P   0A  2020 38.64                                    0.18            
 VRDN     P   0A  2020 38.89                                    0.04            
 AZGN     P   0A  2020 39.03                                   -0.07            
 MGSL     P   0A  2020 39.95                                    0.17            
 HRS      P   0A  2020 39.52                                   -0.38            
 KRNG     P   0A  2020 40.72                                    0.01            
 TBZ      P   0A  2020 41.73                                   -0.06            
 BST      P   0A  2020 46.97                                   -0.06            
                                                                                

 2012  814 21 2 33.5 L  38.389  46.676  4.4      13 0.0 1.7L                   1
 Action:ARG 26-09-15 11:07 OP:OBSP STATUS:               ID:20120814210233     I
 STAT SP IPHASW D HRMM SECON CODA AMPLIT PERI AZIMU VELO AIN AR TRES W  DIS CAZ7
 HIGH     P   0A  21 2 35.19                                   -0.11            
 ZANG     P   0A  21 2 35.38                                   -0.09            
 KVCH     P   0A  21 2 36.17                                    0.01            
 FRMZ     P   0A  21 2 37.56                                    0.11            
 ORNG     P   0A  21 2 37.79                                    0.13            
 BLVR     P   0A  21 2 38.24                                    0.24            
 GOLJ     P   0A  21 2 38.18                                   -0.06            
 NMVR     P   0A  21 2 38.74                                    0.12            
 VRDN     P   0A  21 2 38.92                                   -0.02            
 AZGN     P   0A  21 2 39.09                                   -0.11            
 MGSL     P   0A  21 2 40.05                                    0.11            
 HRS      P   0A  21 2 39.56                                   -0.47            
 KRNG     P   0A  21 2 40.93                                    0.13            
                                                                                

 2012  814 2111 55.9 L  38.409  46.768 10.4      13 0.0 1.2L                   1
 Action:ARG 26-09-15 11:07 OP:OBSP STATUS:               ID:20120814211155     I
 STAT SP IPHASW D HRMM SECON CODA AMPLIT PERI AZIMU VELO AIN AR TRES W  DIS CAZ7
 ZANG     P   0A  2111 57.51                                   -0.08            
 HIGH     P   0A  2111 58.17                                   -0.12            
 ORNG     P   0A  2111 58.48                                    0.17            
 SRND     P   0A  2111 59.14                                    0.02            
 BLVR     P   0A  2111 59.36                                    0.15            
 KVCH     P   0A  2111 59.34                                    0.04            
 VRDN     P   0A  2111 59.25                                   -0.01            
 NMVR     P   0A  2111 59.40                                    0.05            
 AZGN     P   0A  2111 59.48                                   -0.10            
 FRMZ     P   0A  2112  0.00                                    0.10            
 MGSL     P   0A  2112  0.47                                   -0.09            
 KRNG     P   0A  2112  0.94                                   -0.06            
 GOLJ     P   0A  2112  1.10                                   -0.06            
                                                                                

 2012  814 2117 20.6 L  38.411  46.870 11.3      13 0.0 1.2L                   1
 Action:ARG 26-09-15 11:07 OP:OBSP STATUS:               ID:20120814211720     I
 STAT SP IPHASW D HRMM SECON CODA AMPLIT PERI AZIMU VELO AIN AR TRES W  DIS CAZ7
 ORNG     P   0A  2117 23.61                                    0.07            
 VRDN     P   0A  2117 23.77                                    0.11            
 ZANG     P   0A  2117 23.89                                   -0.15            
 NMVR     P   0A  2117 24.22                                    0.08            
 AZGN     P   0A  2117 24.30                                    0.01            
 BLVR     P   0A  2117 24.63                                    0.07            
 HRS      P   0A  2117 24.46                                   -0.41            
 HIGH     P   0A  2117 24.81                                   -0.14            
 MGSL     P   0A  2117 25.31                                    0.20            
 SRND     P   0A  2117 25.92                                    0.06            
 KVCH     P   0A  2117 26.23                                    0.10            
 FRMZ     P   0A  2117 26.67                                    0.01            
 GOLJ     P   0A  2117 28.09                                   -0.01            
                                                                                

 2012  814 2120  9.8 L  38.416  46.751 12.4      14 0.0 1.2L                   1
 Action:ARG 26-09-15 11:07 OP:OBSP STATUS:               ID:20120814212009     I
 STAT SP IPHASW D HRMM SECON CODA AMPLIT PERI AZIMU VELO AIN AR TRES W  DIS CAZ7
 ZANG     P   0A  2120 11.67                                   -0.14            
 HIGH     P   0A  2120 12.34                                   -0.10            
 ORNG     P   0A  2120 12.75                                    0.19            
 SRND     P   0A  2120 13.21                                    0.04            
 KVCH     P   0A  2120 13.32                                    0.03            
 BLVR     P   0A  2120 13.76                                    0.22            
 VRDN     P   0A  2120 13.63                                    0.07            
 NMVR     P   0A  2120 13.78                                    0.07            
 FRMZ     P   0A  2120 13.80                                    0.07            
 AZGN     P   0A  2120 13.70                                   -0.07            
 HRS      P   0A  2120 14.39                                   -0.43            
 MGSL     P   0A  2120 14.97                                    0.09            
 GOLJ     P   0A  2120 14.91                                   -0.06            
 KRNG     P   0A  2120 15.28                                    0.01            
                                                                                

 2012  814 2126 25.4 L  38.402  46.848 11.3      14 0.0 1.3L                   1
 Action:ARG 26-09-15 11:07 OP:OBSP STATUS:               ID:20120814212625     I
 STAT SP IPHASW D HRMM SECON CODA AMPLIT PERI AZIMU VELO AIN AR TRES W  DIS CAZ7
 ORNG     P   0A  2126 28.65                                    0.11            
 ZANG     P   0A  2126 28.57                                   -0.15            
 VRDN     P   0A  2126 28.91                                    0.10            
 NMVR     P   0A  2126 29.16                                    0.11            
 BLVR     P   0A  2126 29.44                                    0.14            
 AZGN     P   0A  2126 29.36                                   -0.08            
 HIGH     P   0A  2126 29.39                                   -0.12            
 HRS      P   0A  2126 29.50                                   -0.43            
 MGSL     P   0A  2126 30.14                                    0.05            
 KRNG     P   0A  2126 30.51                                    0.13            
 SRND     P   0A  2126 30.46                                    0.06            
 KVCH     P   0A  2126 30.76                                    0.09            
 FRMZ     P   0A  2126 31.34                                    0.01            
 GOLJ     P   0A  2126 32.65                                   -0.02            
                                                                                

 2012  814 2130 13.1 L  38.406  46.759 11.7      14 0.0 1.4L                   1
 Action:ARG 26-09-15 11:07 OP:OBSP STATUS:               ID:20120814213013     I
 STAT SP IPHASW D HRMM SECON CODA AMPLIT PERI AZIMU VELO AIN AR TRES W  DIS CAZ7
 ZANG     P   0A  2130 15.71                                   -0.12            
 HIGH     P   0A  2130 16.29                                   -0.11            
 ORNG     P   0A  2130 16.79                                    0.19            
 SRND     P   0A  2130 17.21                                    0.04            
 KVCH     P   0A  2130 17.37                                    0.04            
 BLVR     P   0A  2130 17.57                                    0.19            
 VRDN     P   0A  2130 17.58                                    0.06            
 NMVR     P   0A  2130 17.66                                    0.10            
 AZGN     P   0A  2130 17.75                                   -0.09            
 FRMZ     P   0A  2130 18.03                                    0.07            
 HRS      P   0A  2130 18.29                                   -0.41            
 MGSL     P   0A  2130 18.81                                    0.07            
 GOLJ     P   0A  2130 19.07                                   -0.07            
 KRNG     P   0A  2130 19.28                                    0.04            
                                                                                

 2012  814 2132 40.4 L  38.408  46.762  9.8      14 0.0 1.4L                   1
 Action:ARG 26-09-15 11:07 OP:OBSP STATUS:               ID:20120814213240     I
 STAT SP IPHASW D HRMM SECON CODA AMPLIT PERI AZIMU VELO AIN AR TRES W  DIS CAZ7
 ZANG     P   0A  2132 42.68                                   -0.13            
 HIGH     P   0A  2132 43.41                                   -0.10            
 ORNG     P   0A  2132 43.84                                    0.20            
 SRND     P   0A  2132 44.41                                    0.06            
 KVCH     P   0A  2132 44.58                                    0.06            
 BLVR     P   0A  2132 44.69                                    0.16            
 VRDN     P   0A  2132 44.67                                    0.04            
 NMVR     P   0A  2132 44.79                                    0.09            
 AZGN     P   0A  2132 44.89                                   -0.06            
 FRMZ     P   0A  2132 45.21                                    0.06            
 HRS      P   0A  2132 45.44                                   -0.43            
 MGSL     P   0A  2132 46.03                                    0.10            
 GOLJ     P   0A  2132 46.31                                   -0.08            
 KRNG     P   0A  2132 46.43                                    0.03            
                                                                                

 2012  814 2148 16.5 L  38.428  46.799 12.9      14 0.0 1.5L                   1
 Action:ARG 26-09-15 11:07 OP:OBSP STATUS:               ID:20120814214816     I
 STAT SP IPHASW D HRMM SECON CODA AMPLIT PERI AZIMU VELO AIN AR TRES W  DIS CAZ7
 ZANG     P   0A  2148 19.37                                   -0.16            
 ORNG     P   0A  2148 19.79                                    0.13            
 HIGH     P   0A  2148 20.31                                   -0.11            
 VRDN     P   0A  2148 20.55                                    0.09            
 AZGN     P   0A  2148 20.67                                   -0.02            
 NMVR     P   0A  2148 20.99                                    0.09            
 BLVR     P   0A  2148 21.20                                    0.22            
 SRND     P   0A  2148 21.29                                    0.05            
 KVCH     P   0A  2148 21.45                                    0.05            
 FRMZ     P   0A  2148 21.72                                    0.05            
 HRS      P   0A  2148 21.43                                   -0.40            
 MGSL     P   0A  2148 22.04                                    0.05            
 KRNG     P   0A  2148 22.11                                    0.02            
 GOLJ     P   0A  2148 23.07                                   -0.04            
                                                                                

 2012  814 2156 12.5 L  38.395  46.660  4.6      12 0.0 2.4L                   1
 Action:ARG 26-09-15 11:07 OP:OBSP STATUS:               ID:20120814215612     I
 STAT SP IPHASW D HRMM SECON CODA AMPLIT PERI AZIMU VELO AIN AR TRES W  DIS CAZ7
 HIGH     P   0A  2156 14.33                                   -0.09            
 ZANG     P   0A  2156 14.51                                   -0.10            
 KVCH     P   0A  2156 15.04                                   -0.02            
 FRMZ     P   0A  2156 16.35                                    0.11            
 GOLJ     P   0A  2156 16.94                                   -0.06            
 ORNG     P   0A  2156 16.97                                    0.16            
 BLVR     P   0A  2156 17.55                                    0.28            
 NMVR     P   0A  2156 18.04                                    0.16            
 AZGN     P   0A  2156 18.27                                   -0.07            
 MGSL     P   0A  2156 19.27                                    0.08            
 HRS      P   0A  2156 18.86                                   -0.42            
 KRNG     P   0A  2156 19.97                                   -0.04            
                                                                                

 2012  814 2158 39.9 L  38.394  46.674  3.9      14 0.0 2.2L                   1
 Action:ARG 26-09-15 11:07 OP:OBSP STATUS:               ID:20120814215839     I
 STAT SP IPHASW D HRMM SECON CODA AMPLIT PERI AZIMU VELO AIN AR TRES W  DIS CAZ7
 HIGH     P   0A  2158 41.75                                   -0.04            
 ZANG     P   0A  2158 41.87                                    0.01            
 SRND     P   0A  2158 42.66                                    0.02            
 KVCH     P   0A  2158 42.65                                   -0.01            
 FRMZ     P   0A  2158 43.98                                    0.10            
 ORNG     P   0A  2158 44.31                                    0.15            
 BLVR     P   0A  2158 44.86                                    0.24            
 GOLJ     P   0A  2158 44.61                                   -0.10            
 NMVR     P   0A  2158 45.32                                    0.10            
 VRDN     P   0A  2158 45.48                                   -0.01            
 AZGN     P   0A  2158 45.62                                   -0.09            
 MGSL     P   0A  2158 46.62                                    0.08            
 HRS      P   0A  2158 46.18                                   -0.44            
 KRNG     P   0A  2158 47.32                                   -0.03            
                                                                                

 2012  814 2237 18.9 L  38.411  46.833  9.4      13 0.0 1.5L                   1
 Action:ARG 26-09-15 11:07 OP:OBSP STATUS:               ID:20120814223718     I
 STAT SP IPHASW D HRMM SECON CODA AMPLIT PERI AZIMU VELO AIN AR TRES W  DIS CAZ7
 ORNG     P   0A  2237 21.86                                    0.15            
 ZANG     P   0A  2237 21.65                                   -0.14            
 VRDN     P   0A  2237 22.27                                    0.03            
 AZGN     P   0A  2237 22.72                                   -0.05            
 HIGH     P   0A  2237 22.62                                   -0.13            
 BLVR     P   0A  2237 22.91                                    0.10            
 HRS      P   4A  2237 23.00                                   -0.55            
 MGSL     P   0A  2237 23.66                                   -0.08            
 SRND     P   0A  2237 23.77                                    0.08            
 KRNG     P   0A  2237 23.92                                   -0.05            
 KVCH     P   0A  2237 24.03                                    0.09            
 FRMZ     P   0A  2237 24.52                                    0.02            
 GOLJ     P   0A  2237 25.88                                   -0.03            
                                                                                

 2012  814 2255  5.9 L  38.417  46.788 11.4      12 0.0 1.5L                   1
 Action:ARG 26-09-15 11:07 OP:OBSP STATUS:               ID:20120814225505     I
 STAT SP IPHASW D HRMM SECON CODA AMPLIT PERI AZIMU VELO AIN AR TRES W  DIS CAZ7
 ZANG     P   0A  2255  7.64                                   -0.17            
 ORNG     P   0A  2255  8.38                                    0.18            
 HIGH     P   0A  2255  8.53                                   -0.10            
 VRDN     P   0A  2255  9.15                                    0.11            
 AZGN     P   0A  2255  9.30                                   -0.05            
 BLVR     P   0A  2255  9.50                                    0.21            
 SRND     P   0A  2255  9.52                                    0.06            
 KVCH     P   0A  2255  9.71                                    0.07            
 FRMZ     P   0A  2255 10.13                                    0.03            
 HRS      P   0A  2255  9.95                                   -0.39            
 MGSL     P   0A  2255 10.54                                    0.09            
 GOLJ     P   0A  2255 11.39                                   -0.06            
                                                                                

 2012  814 2255 52.7 L  38.376  46.799  5.6      13 0.0 2.4L                   1
 Action:ARG 26-09-15 11:07 OP:OBSP STATUS:               ID:20120814225552     I
 STAT SP IPHASW D HRMM SECON CODA AMPLIT PERI AZIMU VELO AIN AR TRES W  DIS CAZ7
 ZANG     P   0A  2255 55.04                                   -0.04            
 HIGH     P   0A  2255 55.49                                   -0.13            
 BLVR     P   0A  2255 56.11                                    0.21            
 ORNG     P   0A  2255 56.05                                    0.18            
 VRDN     P   0A  2255 56.55                                    0.10            
 SRND     P   0A  2255 56.64                                    0.02            
 KVCH     P   0A  2255 56.99                                    0.06            
 AZGN     P   0A  2255 57.07                                   -0.11            
 HRS      P   0A  2255 56.96                                   -0.42            
 MGSL     P   0A  2255 57.48                                    0.10            
 FRMZ     P   0A  2255 58.13                                    0.01            
 KRNG     P   0A  2255 58.26                                    0.03            
 GOLJ     P   0A  2255 59.17                                   -0.04            
                                                                                

 2012  814 2311 15.9 L  38.397  46.639  3.6      12 0.0 1.3L                   1
 Action:ARG 26-09-15 11:07 OP:OBSP STATUS:               ID:20120814231115     I
 STAT SP IPHASW D HRMM SECON CODA AMPLIT PERI AZIMU VELO AIN AR TRES W  DIS CAZ7
 HIGH     P   0A  2311 16.92                                   -0.08            
 KVCH     P   0A  2311 17.34                                   -0.06            
 SRND     P   0A  2311 17.60                                    0.05            
 ZANG     P   0A  2311 17.36                                    0.01            
 FRMZ     P   0A  2311 18.84                                    0.15            
 GOLJ     P   0A  2311 19.26                                   -0.07            
 ORNG     P   0A  2311 19.79                                    0.07            
 BLVR     P   0A  2311 20.35                                    0.16            
 VRDN     P   0A  2311 21.03                                   -0.09            
 AZGN     P   0A  2311 21.14                                   -0.12            
 MGSL     P   0A  2311 22.31                                    0.14            
 KRNG     P   0A  2311 22.87                                   -0.12            
                                                                                

 2012  814 2311 52.3 L  38.419  46.751 10.6      13 0.0 1.2L                   1
 Action:ARG 26-09-15 11:07 OP:OBSP STATUS:               ID:20120814231152     I
 STAT SP IPHASW D HRMM SECON CODA AMPLIT PERI AZIMU VELO AIN AR TRES W  DIS CAZ7
 ZANG     P   0A  2311 54.71                                   -0.10            
 HIGH     P   0A  2311 55.47                                   -0.08            
 ORNG     P   0A  2311 55.84                                    0.20            
 SRND     P   0A  2311 56.38                                    0.03            
 KVCH     P   0A  2311 56.50                                    0.03            
 BLVR     P   0A  2311 56.88                                    0.14            
 VRDN     P   0A  2311 56.72                                   -0.01            
 NMVR     P   0A  2311 56.91                                   -0.00            
 AZGN     P   0A  2311 56.84                                   -0.10            
 FRMZ     P   0A  2311 56.98                                    0.08            
 MGSL     P   0A  2311 58.07                                   -0.05            
 GOLJ     P   0A  2311 58.13                                   -0.07            
 KRNG     P   0A  2311 58.42                                   -0.07            
                                                                                

 2012  814 2312  1.6 L  38.398  46.687  3.6      13 0.0 1.6L                   1
 Action:ARG 26-09-15 11:07 OP:OBSP STATUS:               ID:20120814231201     I
 STAT SP IPHASW D HRMM SECON CODA AMPLIT PERI AZIMU VELO AIN AR TRES W  DIS CAZ7
 ZANG     P   0A  2312  3.38                                    0.04            
 HIGH     P   0A  2312  3.49                                   -0.05            
 SRND     P   0A  2312  4.50                                   -0.00            
 KVCH     P   0A  2312  4.55                                    0.00            
 ORNG     P   0A  2312  5.76                                    0.09            
 FRMZ     P   0A  2312  5.78                                    0.11            
 BLVR     P   0A  2312  6.37                                    0.12            
 GOLJ     P   0A  2312  6.54                                   -0.09            
 NMVR     P   0A  2312  6.78                                   -0.01            
 VRDN     P   0A  2312  6.90                                   -0.11            
 AZGN     P   0A  2312  7.08                                   -0.16            
 MGSL     P   0A  2312  8.18                                    0.05            
 KRNG     P   4A  2312  8.73                                   -0.15            
                                                                                

 2012  814 2326 52.1 L  38.412  46.791 11.0      12 0.0 1.2L                   1
 Action:ARG 26-09-15 11:07 OP:OBSP STATUS:               ID:20120814232652     I
 STAT SP IPHASW D HRMM SECON CODA AMPLIT PERI AZIMU VELO AIN AR TRES W  DIS CAZ7
 ZANG     P   0A  2326 54.80                                   -0.08            
 ORNG     P   0A  2326 55.43                                    0.16            
 HIGH     P   0A  2326 55.56                                   -0.11            
 VRDN     P   0A  2326 56.08                                    0.00            
 NMVR     P   0A  2326 56.27                                   -0.02            
 BLVR     P   0A  2326 56.37                                    0.10            
 AZGN     P   0A  2326 56.32                                   -0.11            
 SRND     P   0A  2326 56.56                                    0.04            
 KVCH     P   0A  2326 56.78                                    0.07            
 FRMZ     P   0A  2326 57.29                                    0.04            
 MGSL     P   0A  2326 57.39                                   -0.06            
 GOLJ     P   0A  2326 58.54                                   -0.04            
                                                                                

 2012  814 2333 32.2 L  38.399  46.659  3.8      14 0.0 2.1L                   1
 Action:ARG 26-09-15 11:07 OP:OBSP STATUS:               ID:20120814233332     I
 STAT SP IPHASW D HRMM SECON CODA AMPLIT PERI AZIMU VELO AIN AR TRES W  DIS CAZ7
 HIGH     P   0A  2333 34.16                                   -0.02            
 ZANG     P   0A  2333 34.30                                    0.02            
 KVCH     P   0A  2333 34.84                                   -0.01            
 SRND     P   0A  2333 34.92                                    0.00            
 FRMZ     P   0A  2333 36.10                                    0.12            
 ORNG     P   0A  2333 36.72                                    0.10            
 GOLJ     P   0A  2333 36.71                                   -0.09            
 BLVR     P   0A  2333 37.32                                    0.15            
 NMVR     P   0A  2333 37.76                                   -0.02            
 VRDN     P   0A  2333 37.89                                   -0.11            
 AZGN     P   0A  2333 38.02                                   -0.14            
 MGSL     P   0A  2333 39.10                                    0.00            
 HRS      P   4A  2333 38.63                                   -0.54            
 KRNG     P   4A  2333 39.69                                   -0.19            
                                                                                

 2012  814 2334 16.9 L  38.393  46.784  7.8      13 0.0 1.2L                   1
 Action:ARG 26-09-15 11:07 OP:OBSP STATUS:               ID:20120814233416     I
 STAT SP IPHASW D HRMM SECON CODA AMPLIT PERI AZIMU VELO AIN AR TRES W  DIS CAZ7
 ZANG     P   0A  2334 18.35                                   -0.06            
 HIGH     P   0A  2334 18.97                                   -0.10            
 ORNG     P   0A  2334 19.36                                    0.18            
 BLVR     P   0A  2334 19.85                                    0.12            
 NMVR     P   0A  2334 19.88                                   -0.01            
 SRND     P   0A  2334 19.98                                   -0.02            
 VRDN     P   0A  2334 19.98                                   -0.01            
 KVCH     P   0A  2334 20.32                                    0.07            
 AZGN     P   0A  2334 20.39                                   -0.12            
 FRMZ     P   0A  2334 21.24                                    0.08            
 MGSL     P   0A  2334 21.13                                   -0.02            
 KRNG     P   0A  2334 21.74                                   -0.06            
 GOLJ     P   0A  2334 22.32                                   -0.05            
                                                                                

 2012  814 2340 46.1 L  38.383  46.662  7.3      12 0.0 1.7L                   1
 Action:ARG 26-09-15 11:07 OP:OBSP STATUS:               ID:20120814234046     I
 STAT SP IPHASW D HRMM SECON CODA AMPLIT PERI AZIMU VELO AIN AR TRES W  DIS CAZ7
 HIGH     P   0A  2340 48.24                                   -0.04            
 ZANG     P   0A  2340 48.59                                   -0.05            
 KVCH     P   0A  2340 48.81                                    0.00            
 SRND     P   0A  2340 48.84                                    0.06            
 FRMZ     P   0A  2340 50.25                                    0.10            
 GOLJ     P   0A  2340 50.62                                   -0.11            
 ORNG     P   0A  2340 50.77                                    0.18            
 NMVR     P   0A  2340 51.62                                    0.20            
 VRDN     P   0A  2340 51.78                                   -0.03            
 AZGN     P   0A  2340 51.98                                   -0.10            
 MGSL     P   0A  2340 52.95                                    0.22            
 HRS      P   0A  2340 52.40                                   -0.45            
                                                                                

 2012  814 2342  5.3 L  38.391  46.674  3.8      13 0.0 1.6L                   1
 Action:ARG 26-09-15 11:07 OP:OBSP STATUS:               ID:20120814234205     I
 STAT SP IPHASW D HRMM SECON CODA AMPLIT PERI AZIMU VELO AIN AR TRES W  DIS CAZ7
 HIGH     P   0A  2342  7.04                                   -0.06            
 ZANG     P   0A  2342  7.28                                    0.03            
 SRND     P   0A  2342  7.98                                    0.02            
 KVCH     P   0A  2342  8.01                                    0.02            
 FRMZ     P   0A  2342  9.44                                    0.12            
 ORNG     P   0A  2342  9.66                                    0.09            
 BLVR     P   0A  2342 10.10                                    0.13            
 GOLJ     P   0A  2342 10.02                                   -0.10            
 NMVR     P   0A  2342 10.59                                    0.01            
 VRDN     P   0A  2342 10.78                                   -0.10            
 AZGN     P   0A  2342 10.99                                   -0.14            
 MGSL     P   0A  2342 11.90                                   -0.01            
 HRS      P   4A  2342 11.42                                   -0.57            
                                                                                

 2012  814 2350 17.1 L  38.407  46.702  3.7      15 0.0 2.8L                   1
 Action:ARG 26-09-15 11:07 OP:OBSP STATUS:               ID:20120814235017     I
 STAT SP IPHASW D HRMM SECON CODA AMPLIT PERI AZIMU VELO AIN AR TRES W  DIS CAZ7
 ZANG     P   0A  2350 18.54                                   -0.04            
 HIGH     P   0A  2350 19.25                                    0.01            
 SRND     P   0A  2350 20.31                                    0.03            
 KVCH     P   0A  2350 20.34                                    0.00            
 ORNG     P   0A  2350 21.01                                    0.18            
 FRMZ     P   0A  2350 21.23                                    0.09            
 BLVR     P   0A  2350 21.92                                    0.26            
 NMVR     P   0A  2350 22.22                                    0.11            
 GOLJ     P   0A  2350 22.22                                   -0.07            
 AZGN     P   0A  2350 22.35                                   -0.04            
 HRS      P   0A  2350 22.96                                   -0.50            
 MGSL     P   0A  2350 23.54                                    0.09            
 KRNG     P   0A  2350 24.07                                   -0.01            
 TBZ      P   0A  2350 26.72                                   -0.07            
 BST      P   0A  2350 31.39                                   -0.04            
                                                                                

 2012  814 2356 13.4 L  38.410  46.748 10.6      12 0.0 1.1L                   1
 Action:ARG 26-09-15 11:07 OP:OBSP STATUS:               ID:20120814235613     I
 STAT SP IPHASW D HRMM SECON CODA AMPLIT PERI AZIMU VELO AIN AR TRES W  DIS CAZ7
 ZANG     P   0A  2356 15.45                                   -0.06            
 HIGH     P   0A  2356 16.01                                   -0.11            
 ORNG     P   0A  2356 16.60                                    0.17            
 SRND     P   0A  2356 16.93                                    0.03            
 KVCH     P   0A  2356 17.09                                    0.05            
 BLVR     P   0A  2356 17.42                                    0.11            
 NMVR     P   0A  2356 17.52                                   -0.01            
 VRDN     P   0A  2356 17.48                                    0.01            
 AZGN     P   0A  2356 17.66                                   -0.07            
 MGSL     P   0A  2356 18.68                                   -0.07            
 GOLJ     P   0A  2356 18.82                                   -0.01            
 KRNG     P   0A  2356 19.18                                   -0.05            
                                                                                

 2012  815  030 25.1 L  38.404  46.838  9.3      12 0.0 1.1L                   1
 Action:ARG 26-09-15 11:07 OP:OBSP STATUS:               ID:20120815003025     I
 STAT SP IPHASW D HRMM SECON CODA AMPLIT PERI AZIMU VELO AIN AR TRES W  DIS CAZ7
 ORNG     P   0A   030 28.10                                    0.16            
 ZANG     P   0A   030 27.92                                   -0.11            
 VRDN     P   0A   030 28.37                                    0.00            
 NMVR     P   0A   030 28.60                                   -0.02            
 BLVR     P   0A   030 28.91                                    0.07            
 AZGN     P   0A   030 28.92                                   -0.07            
 HIGH     P   0A   030 28.79                                   -0.12            
 MGSL     P   0A   030 29.70                                   -0.06            
 SRND     P   0A   030 29.93                                    0.07            
 KVCH     P   0A   030 30.24                                    0.12            
 FRMZ     P   0A   030 30.76                                   -0.03            
 GOLJ     P   0A   030 32.14                                   -0.01            
                                                                                

 2012  815  1 4 19.9 L  38.418  46.738 12.1      14 0.0 0.9L                   1
 Action:ARG 26-09-15 11:07 OP:OBSP STATUS:               ID:20120815010419     I
 STAT SP IPHASW D HRMM SECON CODA AMPLIT PERI AZIMU VELO AIN AR TRES W  DIS CAZ7
 ZANG     P   0A   1 4 22.46                                   -0.12            
 HIGH     P   0A   1 4 23.10                                   -0.09            
 ORNG     P   0A   1 4 23.65                                    0.19            
 SRND     P   0A   1 4 23.93                                    0.03            
 KVCH     P   0A   1 4 24.02                                    0.02            
 BLVR     P   0A   1 4 24.68                                    0.22            
 FRMZ     P   0A   1 4 24.48                                    0.08            
 VRDN     P   0A   1 4 24.58                                    0.04            
 NMVR     P   0A   1 4 24.76                                    0.09            
 AZGN     P   0A   1 4 24.65                                   -0.06            
 GOLJ     P   0A   1 4 25.56                                   -0.07            
 HRS      P   0A   1 4 25.44                                   -0.37            
 MGSL     P   0A   1 4 25.91                                    0.05            
 KRNG     P   0A   1 4 26.27                                    0.01            
                                                                                

 2012  815  1 8 50.5 L  38.415  46.761 10.6      13 0.0 1.4L                   1
 Action:ARG 26-09-15 11:07 OP:OBSP STATUS:               ID:20120815010850     I
 STAT SP IPHASW D HRMM SECON CODA AMPLIT PERI AZIMU VELO AIN AR TRES W  DIS CAZ7
 ZANG     P   0A   1 8 52.91                                   -0.07            
 HIGH     P   0A   1 8 53.58                                   -0.14            
 ORNG     P   0A   1 8 53.93                                    0.20            
 SRND     P   0A   1 8 54.54                                    0.00            
 KVCH     P   0A   1 8 54.71                                    0.02            
 BLVR     P   0A   1 8 54.92                                    0.15            
 VRDN     P   0A   1 8 54.71                                   -0.04            
 NMVR     P   0A   1 8 55.00                                    0.09            
 AZGN     P   0A   1 8 54.89                                   -0.12            
 FRMZ     P   0A   1 8 55.30                                    0.12            
 MGSL     P   0A   1 8 56.05                                   -0.06            
 KRNG     P   0A   1 8 56.41                                   -0.10            
 GOLJ     P   0A   1 8 56.43                                   -0.04            
                                                                                

 2012  815  110 32.4 L  38.404  46.735 10.6      14 0.0 1.9L                   1
 Action:ARG 26-09-15 11:07 OP:OBSP STATUS:               ID:20120815011032     I
 STAT SP IPHASW D HRMM SECON CODA AMPLIT PERI AZIMU VELO AIN AR TRES W  DIS CAZ7
 ZANG     P   0A   110 34.84                                   -0.10            
 HIGH     P   0A   110 35.31                                   -0.11            
 ORNG     P   0A   110 36.23                                    0.20            
 SRND     P   0A   110 36.18                                    0.02            
 KVCH     P   0A   110 36.31                                    0.02            
 BLVR     P   0A   110 37.00                                    0.24            
 FRMZ     P   0A   110 37.08                                    0.11            
 NMVR     P   0A   110 37.15                                    0.10            
 VRDN     P   0A   110 37.12                                    0.03            
 AZGN     P   0A   110 37.27                                   -0.09            
 GOLJ     P   0A   110 38.01                                   -0.08            
 HRS      P   0A   110 37.85                                   -0.42            
 MGSL     P   0A   110 38.35                                    0.07            
 KRNG     P   0A   110 38.86                                    0.01            
                                                                                

 2012  815  112 32.7 L  38.394  46.681  4.5      14 0.0 0.0L                   1
 Action:ARG 26-09-15 11:07 OP:OBSP STATUS:               ID:20120815011232     I
 STAT SP IPHASW D HRMM SECON CODA AMPLIT PERI AZIMU VELO AIN AR TRES W  DIS CAZ7
 ZANG     P   0A   112 34.57                                   -0.03            
 HIGH     P   0A   112 34.52                                   -0.10            
 KVCH     P   0A   112 35.50                                   -0.00            
 SRND     P   0A   112 35.46                                    0.00            
 FRMZ     P   0A   112 36.78                                    0.14            
 ORNG     P   0A   112 36.90                                    0.13            
 BLVR     P   0A   112 37.41                                    0.16            
 GOLJ     P   0A   112 37.46                                   -0.07            
 NMVR     P   0A   112 37.89                                    0.06            
 VRDN     P   0A   112 38.01                                   -0.07            
 AZGN     P   0A   112 38.18                                   -0.13            
 MGSL     P   0A   112 39.18                                    0.04            
 HRS      P   4A   112 38.65                                   -0.56            
 KRNG     P   0A   112 39.82                                   -0.12            
                                                                                

 2012  815  113 31.8 L  38.381  46.765 10.8      13 0.0 1.3L                   1
 Action:ARG 26-09-15 11:07 OP:OBSP STATUS:               ID:20120815011331     I
 STAT SP IPHASW D HRMM SECON CODA AMPLIT PERI AZIMU VELO AIN AR TRES W  DIS CAZ7
 ZANG     P   0A   113 34.53                                   -0.05            
 HIGH     P   0A   113 34.76                                   -0.12            
 ORNG     P   0A   113 35.64                                    0.17            
 BLVR     P   0A   113 35.74                                    0.10            
 SRND     P   0A   113 35.64                                   -0.01            
 NMVR     P   0A   113 35.94                                    0.02            
 KVCH     P   0A   113 35.94                                    0.06            
 VRDN     P   0A   113 36.22                                    0.01            
 AZGN     P   0A   113 36.59                                   -0.13            
 FRMZ     P   0A   113 37.05                                    0.11            
 MGSL     P   0A   113 37.12                                   -0.00            
 KRNG     P   0A   113 37.82                                   -0.09            
 GOLJ     P   0A   113 37.87                                   -0.06            
                                                                                

 2012  815  115 32.9 L  38.421  46.725 11.3      13 0.0 1.6L                   1
 Action:ARG 26-09-15 11:07 OP:OBSP STATUS:               ID:20120815011532     I
 STAT SP IPHASW D HRMM SECON CODA AMPLIT PERI AZIMU VELO AIN AR TRES W  DIS CAZ7
 ZANG     P   0A   115 34.54                                   -0.08            
 HIGH     P   0A   115 35.15                                   -0.09            
 ORNG     P   0A   115 35.84                                    0.18            
 SRND     P   0A   115 35.96                                    0.02            
 KVCH     P   0A   115 36.02                                    0.01            
 FRMZ     P   0A   115 36.48                                    0.12            
 BLVR     P   0A   115 36.87                                    0.15            
 VRDN     P   0A   115 36.82                                   -0.01            
 AZGN     P   0A   115 36.85                                   -0.11            
 NMVR     P   0A   115 36.99                                    0.02            
 GOLJ     P   0A   115 37.52                                   -0.08            
 MGSL     P   0A   115 38.15                                   -0.03            
 KRNG     P   0A   115 38.49                                   -0.10            
                                                                                

 2012  815  116 30.6 L  38.407  46.866 10.8      13 0.0 0.8L                   1
 Action:ARG 26-09-15 11:07 OP:OBSP STATUS:               ID:20120815011630     I
 STAT SP IPHASW D HRMM SECON CODA AMPLIT PERI AZIMU VELO AIN AR TRES W  DIS CAZ7
 ORNG     P   0A   116 33.08                                    0.16            
 VRDN     P   0A   116 33.07                                    0.02            
 NMVR     P   0A   116 33.50                                    0.04            
 ZANG     P   0A   116 33.20                                   -0.15            
 AZGN     P   0A   116 33.64                                   -0.08            
 BLVR     P   0A   116 33.91                                    0.06            
 HIGH     P   0A   116 34.10                                   -0.14            
 MGSL     P   0A   116 34.39                                   -0.08            
 KRNG     P   0A   116 34.60                                   -0.00            
 SRND     P   0A   116 35.22                                    0.07            
 KVCH     P   0A   116 35.54                                    0.11            
 FRMZ     P   0A   116 36.03                                    0.01            
 GOLJ     P   0A   116 37.42                                   -0.01            
                                                                                

 2012  815  119  1.3 L  38.407  46.850  8.2      13 0.0 1.3L                   1
 Action:ARG 26-09-15 11:07 OP:OBSP STATUS:               ID:20120815011901     I
 STAT SP IPHASW D HRMM SECON CODA AMPLIT PERI AZIMU VELO AIN AR TRES W  DIS CAZ7
 ORNG     P   0A   119  4.17                                    0.14            
 ZANG     P   0A   119  4.19                                   -0.12            
 VRDN     P   0A   119  4.39                                    0.01            
 NMVR     P   0A   119  4.73                                   -0.03            
 AZGN     P   0A   119  5.00                                   -0.06            
 BLVR     P   0A   119  5.17                                    0.09            
 HIGH     P   0A   119  5.15                                   -0.14            
 MGSL     P   0A   119  5.84                                   -0.06            
 KRNG     P   0A   119  6.12                                   -0.01            
 SRND     P   0A   119  6.33                                    0.07            
 KVCH     P   0A   119  6.67                                    0.13            
 FRMZ     P   0A   119  7.19                                    0.02            
 GOLJ     P   0A   119  8.57                                   -0.05            
                                                                                

 2012  815  122 56.7 L  38.413  46.756 12.0      14 0.0 1.9L                   1
 Action:ARG 26-09-15 11:07 OP:OBSP STATUS:               ID:20120815012256     I
 STAT SP IPHASW D HRMM SECON CODA AMPLIT PERI AZIMU VELO AIN AR TRES W  DIS CAZ7
 ZANG     P   0A   122 59.31                                   -0.14            
 HIGH     P   0A   122 59.99                                   -0.10            
 ORNG     P   0A   123  0.37                                    0.19            
 SRND     P   0A   123  0.88                                    0.04            
 KVCH     P   0A   123  1.01                                    0.03            
 BLVR     P   0A   123  1.36                                    0.24            
 VRDN     P   0A   123  1.22                                    0.06            
 NMVR     P   0A   123  1.37                                    0.09            
 AZGN     P   0A   123  1.34                                   -0.06            
 FRMZ     P   0A   123  1.55                                    0.07            
 HRS      P   0A   123  1.95                                   -0.45            
 MGSL     P   0A   123  2.52                                    0.06            
 GOLJ     P   0A   123  2.65                                   -0.06            
 KRNG     P   0A   123  2.90                                    0.03            
                                                                                

 2012  815  123 40.3 L  38.422  46.672 13.5      15 0.0 3.0L                   1
 Action:ARG 26-09-15 11:07 OP:OBSP STATUS:               ID:20120815012340     I
 STAT SP IPHASW D HRMM SECON CODA AMPLIT PERI AZIMU VELO AIN AR TRES W  DIS CAZ7
 ZANG     P   0A   123 42.89                                   -0.15            
 HIGH     P   0A   123 43.22                                   -0.10            
 KVCH     P   0A   123 43.77                                    0.03            
 SRND     P   0A   123 43.82                                    0.05            
 FRMZ     P   0A   123 44.10                                    0.12            
 ORNG     P   0A   123 44.49                                    0.18            
 GOLJ     P   0A   123 44.92                                   -0.04            
 BLVR     P   0A   123 45.46                                    0.25            
 VRDN     P   0A   123 45.58                                    0.01            
 AZGN     P   0A   123 45.54                                   -0.07            
 NMVR     P   0A   123 45.71                                    0.10            
 HRS      P   0A   123 46.39                                   -0.43            
 MGSL     P   0A   123 46.93                                    0.12            
 KRNG     P   0A   123 47.32                                    0.02            
 TBZ      P   0A   123 49.13                                   -0.07            
                                                                                

 2012  815  132 21.9 L  38.414  46.793  7.9      13 0.0 1.9L                   1
 Action:ARG 26-09-15 11:07 OP:OBSP STATUS:               ID:20120815013221     I
 STAT SP IPHASW D HRMM SECON CODA AMPLIT PERI AZIMU VELO AIN AR TRES W  DIS CAZ7
 ZANG     P   0A   132 24.08                                   -0.10            
 ORNG     P   0A   132 24.83                                    0.18            
 HIGH     P   0A   132 25.08                                   -0.10            
 VRDN     P   0A   132 25.58                                   -0.01            
 NMVR     P   0A   132 25.86                                    0.01            
 BLVR     P   0A   132 25.95                                    0.10            
 AZGN     P   0A   132 25.88                                   -0.08            
 SRND     P   0A   132 26.20                                    0.06            
 KVCH     P   0A   132 26.41                                    0.07            
 FRMZ     P   0A   132 26.94                                    0.06            
 MGSL     P   0A   132 27.05                                   -0.04            
 KRNG     P   0A   132 27.35                                   -0.07            
 GOLJ     P   0A   132 28.24                                   -0.07            
                                                                                

 2012  815  135 40.1 L  38.395  46.655  4.0      14 0.0 2.0L                   1
 Action:ARG 26-09-15 11:07 OP:OBSP STATUS:               ID:20120815013540     I
 STAT SP IPHASW D HRMM SECON CODA AMPLIT PERI AZIMU VELO AIN AR TRES W  DIS CAZ7
 HIGH     P   0A   135 41.99                                   -0.01            
 ZANG     P   0A   135 42.24                                   -0.00            
 KVCH     P   0A   135 42.60                                   -0.02            
 SRND     P   0A   135 42.72                                    0.03            
 FRMZ     P   0A   135 43.95                                    0.10            
 GOLJ     P   0A   135 44.49                                   -0.10            
 ORNG     P   0A   135 44.70                                    0.16            
 BLVR     P   0A   135 45.27                                    0.27            
 NMVR     P   0A   135 45.71                                    0.08            
 VRDN     P   0A   135 45.89                                   -0.01            
 AZGN     P   0A   135 46.00                                   -0.08            
 MGSL     P   0A   135 47.01                                    0.06            
 HRS      P   0A   135 46.58                                   -0.46            
 KRNG     P   0A   135 47.76                                   -0.01            
                                                                                

 2012  815  139 55.7 L  38.425  46.720 11.9      15 0.0 3.1L                   1
 Action:ARG 26-09-15 11:07 OP:OBSP STATUS:               ID:20120815013955     I
 STAT SP IPHASW D HRMM SECON CODA AMPLIT PERI AZIMU VELO AIN AR TRES W  DIS CAZ7
 ZANG     P   0A   139 58.18                                   -0.14            
 HIGH     P   0A   139 58.87                                   -0.07            
 ORNG     P   0A   139 59.53                                    0.19            
 SRND     P   0A   139 59.67                                    0.06            
 KVCH     P   0A   139 59.70                                    0.04            
 FRMZ     P   0A   140  0.00                                    0.08            
 BLVR     P   0A   140  0.64                                    0.18            
 VRDN     P   0A   140  0.56                                    0.02            
 AZGN     P   0A   140  0.57                                   -0.06            
 NMVR     P   0A   140  0.79                                    0.08            
 GOLJ     P   0A   140  1.11                                   -0.06            
 HRS      P   0A   140  1.48                                   -0.39            
 MGSL     P   0A   140  2.02                                    0.10            
 KRNG     P   0A   140  2.30                                    0.01            
 TBZ      P   0A   140  5.43                                   -0.04            
                                                                                

 2012  815  145 31.8 L  38.427  46.735 10.1      13 0.0 1.4L                   1
 Action:ARG 26-09-15 11:07 OP:OBSP STATUS:               ID:20120815014531     I
 STAT SP IPHASW D HRMM SECON CODA AMPLIT PERI AZIMU VELO AIN AR TRES W  DIS CAZ7
 ZANG     P   0A   145 34.13                                   -0.04            
 HIGH     P   0A   145 34.89                                   -0.09            
 SRND     P   0A   145 35.77                                    0.01            
 KVCH     P   0A   145 35.84                                    0.01            
 FRMZ     P   0A   145 36.21                                    0.12            
 BLVR     P   0A   145 36.69                                    0.26            
 VRDN     P   0A   145 36.46                                    0.07            
 AZGN     P   0A   145 36.52                                    0.03            
 NMVR     P   0A   145 36.71                                    0.08            
 GOLJ     P   0A   145 37.35                                   -0.10            
 HRS      P   0A   145 37.37                                   -0.41            
 MGSL     P   0A   145 37.91                                    0.05            
 KRNG     P   0A   145 38.19                                    0.01            
                                                                                

 2012  815  146 48.5 L  38.405  46.674  3.9      13 0.0 1.5L                   1
 Action:ARG 26-09-15 11:07 OP:OBSP STATUS:               ID:20120815014648     I
 STAT SP IPHASW D HRMM SECON CODA AMPLIT PERI AZIMU VELO AIN AR TRES W  DIS CAZ7
 ZANG     P   0A   146 49.87                                    0.04            
 HIGH     P   0A   146 50.03                                   -0.04            
 KVCH     P   0A   146 50.87                                   -0.03            
 SRND     P   0A   146 50.93                                    0.01            
 FRMZ     P   0A   146 51.93                                    0.13            
 ORNG     P   0A   146 52.22                                    0.10            
 GOLJ     P   0A   146 52.70                                   -0.09            
 BLVR     P   0A   146 52.94                                    0.10            
 NMVR     P   0A   146 53.35                                   -0.04            
 VRDN     P   0A   146 53.38                                   -0.15            
 AZGN     P   0A   146 53.51                                   -0.17            
 MGSL     P   0A   146 54.84                                    0.14            
 HRS      P   4A   146 54.10                                   -0.65            
                                                                                

 2012  815  2 4 37.7 L  38.392  46.654  3.2      13 0.0 1.8L                   1
 Action:ARG 26-09-15 11:07 OP:OBSP STATUS:               ID:20120815020437     I
 STAT SP IPHASW D HRMM SECON CODA AMPLIT PERI AZIMU VELO AIN AR TRES W  DIS CAZ7
 HIGH     P   0A   2 4 39.43                                   -0.07            
 ZANG     P   0A   2 4 39.93                                    0.06            
 KVCH     P   0A   2 4 40.14                                   -0.00            
 SRND     P   0A   2 4 40.22                                    0.01            
 FRMZ     P   0A   2 4 41.75                                    0.11            
 GOLJ     P   0A   2 4 42.23                                   -0.08            
 ORNG     P   0A   2 4 42.43                                    0.09            
 BLVR     P   0A   2 4 42.88                                    0.16            
 NMVR     P   0A   2 4 43.34                                   -0.04            
 VRDN     P   0A   2 4 43.61                                   -0.07            
 AZGN     P   0A   2 4 43.74                                   -0.14            
 MGSL     P   0A   2 4 44.79                                    0.09            
 KRNG     P   0A   2 4 45.43                                   -0.12            
                                                                                

 2012  815  222 39.2 L  38.389  46.744 10.2      13 0.0 1.7L                   1
 Action:ARG 26-09-15 11:07 OP:OBSP STATUS:               ID:20120815022239     I
 STAT SP IPHASW D HRMM SECON CODA AMPLIT PERI AZIMU VELO AIN AR TRES W  DIS CAZ7
 ZANG     P   0A   222 41.65                                   -0.07            
 HIGH     P   0A   222 41.91                                   -0.12            
 SRND     P   0A   222 42.82                                    0.03            
 ORNG     P   0A   222 43.01                                    0.18            
 KVCH     P   0A   222 43.03                                    0.05            
 BLVR     P   0A   222 43.37                                    0.17            
 NMVR     P   0A   222 43.61                                    0.07            
 VRDN     P   0A   222 43.78                                    0.03            
 FRMZ     P   0A   222 44.05                                    0.10            
 AZGN     P   0A   222 44.05                                   -0.11            
 HRS      P   0A   222 44.53                                   -0.27            
 MGSL     P   0A   222 44.81                                    0.04            
 GOLJ     P   0A   222 44.88                                   -0.07            
                                                                                

 2012  815  224 22.5 L  38.409  46.801 12.0      13 0.0 1.9L                   1
 Action:ARG 26-09-15 11:07 OP:OBSP STATUS:               ID:20120815022422     I
 STAT SP IPHASW D HRMM SECON CODA AMPLIT PERI AZIMU VELO AIN AR TRES W  DIS CAZ7
 ZANG     P   0A   224 25.30                                   -0.13            
 ORNG     P   0A   224 25.86                                    0.16            
 HIGH     P   0A   224 26.06                                   -0.12            
 VRDN     P   0A   224 26.46                                    0.08            
 NMVR     P   0A   224 26.64                                    0.06            
 BLVR     P   0A   224 26.76                                    0.15            
 AZGN     P   0A   224 26.70                                   -0.08            
 SRND     P   0A   224 27.03                                    0.02            
 KVCH     P   0A   224 27.27                                    0.06            
 HRS      P   0A   224 27.30                                   -0.29            
 FRMZ     P   0A   224 27.80                                    0.02            
 MGSL     P   0A   224 27.73                                    0.03            
 KRNG     P   0A   224 28.06                                    0.03            
                                                                                

 2012  815  227 22.4 L  38.399  46.698  3.3      13 0.0 1.8L                   1
 Action:ARG 26-09-15 11:07 OP:OBSP STATUS:               ID:20120815022722     I
 STAT SP IPHASW D HRMM SECON CODA AMPLIT PERI AZIMU VELO AIN AR TRES W  DIS CAZ7
 ZANG     P   0A   227 23.59                                    0.04            
 HIGH     P   0A   227 23.85                                   -0.10            
 SRND     P   0A   227 25.05                                    0.06            
 KVCH     P   0A   227 25.09                                    0.02            
 ORNG     P   0A   227 26.05                                    0.10            
 FRMZ     P   0A   227 26.27                                    0.09            
 BLVR     P   0A   227 26.70                                    0.13            
 NMVR     P   0A   227 27.05                                   -0.03            
 GOLJ     P   0A   227 27.11                                   -0.10            
 VRDN     P   0A   227 27.23                                   -0.03            
 AZGN     P   0A   227 27.40                                   -0.11            
 MGSL     P   0A   227 28.45                                    0.03            
 KRNG     P   0A   227 29.05                                   -0.10            
                                                                                

 2012  815  239 11.7 L  38.404  46.838  9.2      14 0.0 2.0L                   1
 Action:ARG 26-09-15 11:07 OP:OBSP STATUS:               ID:20120815023911     I
 STAT SP IPHASW D HRMM SECON CODA AMPLIT PERI AZIMU VELO AIN AR TRES W  DIS CAZ7
 ORNG     P   0A   239 14.67                                    0.16            
 ZANG     P   0A   239 14.48                                   -0.12            
 VRDN     P   0A   239 14.95                                    0.02            
 NMVR     P   0A   239 15.18                                   -0.01            
 BLVR     P   0A   239 15.49                                    0.08            
 HIGH     P   0A   239 15.36                                   -0.13            
 AZGN     P   0A   239 15.48                                   -0.08            
 HRS      P   4A   239 15.56                                   -0.60            
 MGSL     P   0A   239 16.28                                   -0.05            
 SRND     P   0A   239 16.49                                    0.05            
 KRNG     P   0A   239 16.64                                   -0.01            
 KVCH     P   0A   239 16.81                                    0.10            
 FRMZ     P   0A   239 17.39                                    0.01            
 GOLJ     P   0A   239 18.74                                   -0.01            
                                                                                

 2012  815  241 53.6 L  38.428  46.718 10.8      13 0.0 1.5L                   1
 Action:ARG 26-09-15 11:07 OP:OBSP STATUS:               ID:20120815024153     I
 STAT SP IPHASW D HRMM SECON CODA AMPLIT PERI AZIMU VELO AIN AR TRES W  DIS CAZ7
 ZANG     P   0A   241 55.99                                   -0.08            
 HIGH     P   0A   241 56.68                                   -0.08            
 ORNG     P   0A   241 57.34                                    0.18            
 SRND     P   0A   241 57.48                                    0.02            
 KVCH     P   0A   241 57.52                                    0.02            
 FRMZ     P   0A   241 57.84                                    0.12            
 BLVR     P   0A   241 58.51                                    0.14            
 VRDN     P   0A   241 58.39                                   -0.03            
 AZGN     P   0A   241 58.38                                   -0.11            
 NMVR     P   0A   241 58.65                                    0.03            
 GOLJ     P   0A   241 58.93                                   -0.09            
 MGSL     P   0A   241 59.83                                   -0.02            
 KRNG     P   0A   242  0.11                                   -0.09            
                                                                                

 2012  815  245 44.2 L  38.423  46.712 10.7      12 0.0 1.3L                   1
 Action:ARG 26-09-15 11:07 OP:OBSP STATUS:               ID:20120815024544     I
 STAT SP IPHASW D HRMM SECON CODA AMPLIT PERI AZIMU VELO AIN AR TRES W  DIS CAZ7
 ZANG     P   0A   245 46.58                                   -0.07            
 HIGH     P   0A   245 47.21                                   -0.05            
 ORNG     P   0A   245 47.98                                    0.15            
 KVCH     P   0A   245 48.04                                    0.06            
 SRND     P   0A   245 47.96                                    0.02            
 FRMZ     P   0A   245 48.38                                    0.09            
 VRDN     P   0A   245 49.11                                    0.02            
 AZGN     P   0A   245 49.03                                   -0.15            
 NMVR     P   0A   245 49.27                                    0.04            
 GOLJ     P   0A   245 49.43                                   -0.09            
 MGSL     P   0A   245 50.47                                    0.01            
 KRNG     P   0A   245 50.83                                   -0.04            
                                                                                

 2012  815  253 43.3 L  38.412  46.765  9.2      12 0.0 1.5L                   1
 Action:ARG 26-09-15 11:07 OP:OBSP STATUS:               ID:20120815025343     I
 STAT SP IPHASW D HRMM SECON CODA AMPLIT PERI AZIMU VELO AIN AR TRES W  DIS CAZ7
 ZANG     P   0A   253 45.57                                   -0.10            
 ORNG     P   0A   253 46.66                                    0.17            
 HIGH     P   0A   253 46.35                                   -0.11            
 SRND     P   0A   253 47.37                                    0.03            
 BLVR     P   0A   253 47.67                                    0.17            
 VRDN     P   0A   253 47.47                                   -0.05            
 KVCH     P   0A   253 47.55                                    0.04            
 NMVR     P   0A   253 47.62                                   -0.03            
 AZGN     P   0A   253 47.72                                   -0.10            
 FRMZ     P   0A   253 48.18                                    0.10            
 MGSL     P   0A   253 48.85                                   -0.05            
 GOLJ     P   0A   253 49.33                                   -0.07            
                                                                                

 2012  815  341 30.7 L  38.410  46.769  9.5      14 0.0 3.6L                   1
 Action:ARG 26-09-15 11:07 OP:OBSP STATUS:               ID:20120815034130     I
 STAT SP IPHASW D HRMM SECON CODA AMPLIT PERI AZIMU VELO AIN AR TRES W  DIS CAZ7
 ZANG     P   0A   341 33.06                                   -0.05            
 HIGH     P   0A   341 33.80                                   -0.08            
 SRND     P   0A   341 34.76                                    0.01            
 BLVR     P   0A   341 35.03                                    0.20            
 VRDN     P   0A   341 34.94                                    0.09            
 KVCH     P   0A   341 34.95                                    0.03            
 NMVR     P   0A   341 35.05                                    0.08            
 AZGN     P   0A   341 35.17                                    0.00            
 FRMZ     P   0A   341 35.62                                    0.10            
 HRS      P   0A   341 35.71                                   -0.41            
 MGSL     P   0A   341 36.27                                    0.08            
 KRNG     P   0A   341 36.67                                    0.04            
 GOLJ     P   0A   341 36.75                                   -0.06            
 TBZ      P   0A   341 40.99                                   -0.04            
                                                                                

 2012  815  344 30.4 L  38.401  46.688 11.7      12 0.0 0.0L                   1
 Action:ARG 26-09-15 11:07 OP:OBSP STATUS:               ID:20120815034430     I
 STAT SP IPHASW D HRMM SECON CODA AMPLIT PERI AZIMU VELO AIN AR TRES W  DIS CAZ7
 HIGH     P   0A   344 33.26                                   -0.10            
 ZANG     P   0A   344 33.25                                    0.02            
 SRND     P   0A   344 33.89                                    0.01            
 KVCH     P   0A   344 33.94                                    0.01            
 FRMZ     P   0A   344 34.80                                    0.15            
 BLVR     P   0A   344 35.32                                    0.14            
 GOLJ     P   0A   344 35.42                                   -0.10            
 NMVR     P   0A   344 35.63                                   -0.00            
 VRDN     P   0A   344 35.78                                    0.00            
 AZGN     P   0A   344 35.91                                   -0.06            
 MGSL     P   0A   344 36.86                                    0.00            
 KRNG     P   0A   344 37.47                                   -0.06            
                                                                                

 2012  815  427 43.4 L  38.391  46.647  5.3      13 0.0 1.8L                   1
 Action:ARG 26-09-15 11:07 OP:OBSP STATUS:               ID:20120815042743     I
 STAT SP IPHASW D HRMM SECON CODA AMPLIT PERI AZIMU VELO AIN AR TRES W  DIS CAZ7
 HIGH     P   0A   427 45.33                                   -0.04            
 KVCH     P   0A   427 45.77                                   -0.04            
 SRND     P   0A   427 45.93                                    0.04            
 ZANG     P   0A   427 45.74                                   -0.01            
 FRMZ     P   0A   427 47.22                                    0.13            
 GOLJ     P   0A   427 47.60                                   -0.10            
 ORNG     P   0A   427 48.04                                    0.13            
 BLVR     P   0A   427 48.47                                    0.22            
 NMVR     P   0A   427 48.85                                   -0.05            
 VRDN     P   0A   427 49.16                                   -0.06            
 AZGN     P   0A   427 49.32                                   -0.09            
 MGSL     P   0A   427 50.24                                    0.02            
 KRNG     P   0A   427 50.94                                   -0.15            
                                                                                

 2012  815  429 39.3 L  38.412  46.800  9.2      14 0.0 2.9L                   1
 Action:ARG 26-09-15 11:07 OP:OBSP STATUS:               ID:20120815042939     I
 STAT SP IPHASW D HRMM SECON CODA AMPLIT PERI AZIMU VELO AIN AR TRES W  DIS CAZ7
 ZANG     P   0A   429 41.65                                   -0.22            
 ORNG     P   0A   429 42.45                                    0.23            
 HIGH     P   0A   429 42.68                                   -0.11            
 VRDN     P   0A   429 43.08                                    0.04            
 NMVR     P   0A   429 43.39                                    0.10            
 BLVR     P   0A   429 43.51                                    0.19            
 AZGN     P   0A   429 43.40                                   -0.04            
 SRND     P   0A   429 43.79                                    0.08            
 KVCH     P   0A   429 44.01                                    0.09            
 HRS      P   0A   429 43.91                                   -0.45            
 FRMZ     P   0A   429 44.52                                    0.03            
 MGSL     P   0A   429 44.56                                    0.07            
 KRNG     P   0A   429 44.87                                    0.04            
 GOLJ     P   0A   429 45.82                                   -0.04            
                                                                                

 2012  815  435 56.9 L  38.384  46.687  3.9      14 0.0 1.7L                   1
 Action:ARG 26-09-15 11:07 OP:OBSP STATUS:               ID:20120815043556     I
 STAT SP IPHASW D HRMM SECON CODA AMPLIT PERI AZIMU VELO AIN AR TRES W  DIS CAZ7
 HIGH     P   0A   435 58.55                                   -0.05            
 ZANG     P   0A   435 58.81                                    0.01            
 SRND     P   0A   435 59.57                                    0.03            
 KVCH     P   0A   435 59.64                                   -0.01            
 ORNG     P   0A   436  1.20                                    0.15            
 FRMZ     P   0A   436  1.15                                    0.06            
 BLVR     P   0A   436  1.56                                    0.27            
 NMVR     P   0A   436  1.97                                    0.06            
 GOLJ     P   0A   436  1.79                                   -0.08            
 VRDN     P   0A   436  2.25                                   -0.03            
 AZGN     P   4A   436  2.26                                   -0.33            
 MGSL     P   0A   436  3.34                                    0.10            
 HRS      P   0A   436  2.86                                   -0.47            
 KRNG     P   0A   436  4.09                                   -0.05            
                                                                                

 2012  815  442 32.8 L  38.426  46.698 13.3      13 0.0 1.8L                   1
 Action:ARG 26-09-15 11:07 OP:OBSP STATUS:               ID:20120815044232     I
 STAT SP IPHASW D HRMM SECON CODA AMPLIT PERI AZIMU VELO AIN AR TRES W  DIS CAZ7
 HIGH     P   0A   442 35.98                                   -0.21            
 KVCH     P   0A   442 36.73                                   -0.02            
 SRND     P   0A   442 36.73                                   -0.01            
 ORNG     P   0A   442 36.98                                    0.15            
 FRMZ     P   0A   442 37.07                                    0.11            
 BLVR     P   0A   442 38.23                                    0.38            
 GOLJ     P   0A   442 38.06                                   -0.04            
 VRDN     P   0A   442 38.02                                   -0.02            
 AZGN     P   0A   442 37.98                                   -0.11            
 NMVR     P   0A   442 38.23                                    0.06            
 HRS      P   0A   442 38.90                                   -0.43            
 MGSL     P   0A   442 39.47                                    0.11            
 KRNG     P   0A   442 39.79                                    0.02            
                                                                                

 2012  815  453 20.2 L  38.383  46.687  4.6      13 0.0 1.9L                   1
 Action:ARG 26-09-15 11:07 OP:OBSP STATUS:               ID:20120815045320     I
 STAT SP IPHASW D HRMM SECON CODA AMPLIT PERI AZIMU VELO AIN AR TRES W  DIS CAZ7
 HIGH     P   0A   453 21.73                                   -0.05            
 ZANG     P   0A   453 21.90                                   -0.10            
 KVCH     P   0A   453 22.79                                    0.04            
 ORNG     P   0A   453 24.27                                    0.15            
 FRMZ     P   0A   453 24.23                                    0.06            
 BLVR     P   4A   453 24.67                                    0.34            
 GOLJ     P   0A   453 24.88                                   -0.05            
 NMVR     P   0A   453 25.15                                    0.19            
 VRDN     P   0A   453 25.35                                    0.02            
 AZGN     P   0A   453 25.60                                   -0.05            
 MGSL     P   0A   453 26.45                                    0.18            
 HRS      P   0A   453 25.98                                   -0.39            
 KRNG     P   0A   453 27.18                                   -0.00            
                                                                                

 2012  815  5 9 26.7 L  38.405  46.752 10.9      13 0.0 1.7L                   1
 Action:ARG 26-09-15 11:07 OP:OBSP STATUS:               ID:20120815050926     I
 STAT SP IPHASW D HRMM SECON CODA AMPLIT PERI AZIMU VELO AIN AR TRES W  DIS CAZ7
 ZANG     P   0A   5 9 29.20                                   -0.10            
 HIGH     P   0A   5 9 29.72                                   -0.13            
 ORNG     P   0A   5 9 30.37                                    0.18            
 SRND     P   0A   5 9 30.64                                    0.01            
 BLVR     P   0A   5 9 31.21                                    0.27            
 NMVR     P   0A   5 9 31.26                                    0.10            
 VRDN     P   0A   5 9 31.20                                    0.04            
 FRMZ     P   0A   5 9 31.56                                    0.11            
 AZGN     P   0A   5 9 31.39                                   -0.07            
 HRS      P   0A   5 9 31.86                                   -0.48            
 MGSL     P   0A   5 9 32.49                                    0.12            
 GOLJ     P   0A   5 9 32.56                                   -0.06            
 KRNG     P   0A   5 9 32.89                                   -0.00            
                                                                                

 2012  815  526 26.9 L  38.405  46.740 11.2      13 0.0 2.7L                   1
 Action:ARG 26-09-15 11:07 OP:OBSP STATUS:               ID:20120815052626     I
 STAT SP IPHASW D HRMM SECON CODA AMPLIT PERI AZIMU VELO AIN AR TRES W  DIS CAZ7
 ZANG     P   0A   526 29.48                                   -0.04            
 HIGH     P   0A   526 29.92                                   -0.09            
 SRND     P   0A   526 30.76                                    0.01            
 KVCH     P   0A   526 30.88                                   -0.00            
 BLVR     P   0A   526 31.49                                    0.23            
 FRMZ     P   0A   526 31.66                                    0.13            
 NMVR     P   0A   526 31.61                                    0.08            
 VRDN     P   0A   526 31.64                                    0.10            
 AZGN     P   0A   526 31.78                                   -0.03            
 GOLJ     P   0A   526 32.57                                   -0.09            
 HRS      P   0A   526 32.32                                   -0.40            
 MGSL     P   0A   526 32.78                                    0.04            
 KRNG     P   0A   526 33.33                                    0.05            
                                                                                

 2012  815  613 54.4 L  38.413  46.779  8.5      13 0.0 1.9L                   1
 Action:ARG 26-09-15 11:07 OP:OBSP STATUS:               ID:20120815061354     I
 STAT SP IPHASW D HRMM SECON CODA AMPLIT PERI AZIMU VELO AIN AR TRES W  DIS CAZ7
 ZANG     P   0A   613 56.60                                   -0.08            
 ORNG     P   0A   613 57.54                                    0.20            
 HIGH     P   0A   613 57.49                                   -0.10            
 VRDN     P   0A   613 58.31                                   -0.02            
 BLVR     P   0A   613 58.58                                    0.13            
 SRND     P   0A   613 58.55                                    0.04            
 NMVR     P   0A   613 58.50                                   -0.02            
 AZGN     P   0A   613 58.56                                   -0.11            
 KVCH     P   0A   613 58.74                                    0.04            
 FRMZ     P   0A   613 59.34                                    0.08            
 MGSL     P   0A   613 59.74                                   -0.03            
 KRNG     P   0A   614  0.11                                   -0.05            
 GOLJ     P   0A   614  0.56                                   -0.07            
                                                                                

 2012  815  625 10.5 L  38.408  46.776 10.0      13 0.0 2.6L                   1
 Action:ARG 26-09-15 11:07 OP:OBSP STATUS:               ID:20120815062510     I
 STAT SP IPHASW D HRMM SECON CODA AMPLIT PERI AZIMU VELO AIN AR TRES W  DIS CAZ7
 ZANG     P   0A   625 12.95                                   -0.06            
 ORNG     P   0A   625 13.85                                    0.17            
 HIGH     P   0A   625 13.63                                   -0.12            
 VRDN     P   0A   625 14.57                                   -0.01            
 BLVR     P   0A   625 14.71                                    0.13            
 SRND     P   0A   625 14.64                                    0.03            
 NMVR     P   0A   625 14.68                                   -0.01            
 KVCH     P   0A   625 14.84                                    0.04            
 AZGN     P   0A   625 14.82                                   -0.12            
 FRMZ     P   0A   625 15.52                                    0.09            
 MGSL     P   0A   625 15.86                                   -0.04            
 KRNG     P   0A   625 16.30                                   -0.04            
 GOLJ     P   0A   625 16.65                                   -0.05            
                                                                                

 2012  815  654 27.3 L  38.409  46.642  3.7      12 0.0 2.8L                   1
 Action:ARG 26-09-15 11:07 OP:OBSP STATUS:               ID:20120815065427     I
 STAT SP IPHASW D HRMM SECON CODA AMPLIT PERI AZIMU VELO AIN AR TRES W  DIS CAZ7
 HIGH     P   0A   654 29.46                                   -0.06            
 ZANG     P   0A   654 29.52                                   -0.02            
 KVCH     P   0A   654 29.91                                   -0.03            
 SRND     P   0A   654 30.13                                    0.01            
 FRMZ     P   0A   654 30.92                                    0.13            
 GOLJ     P   0A   654 31.56                                   -0.08            
 ORNG     P   0A   654 31.98                                    0.11            
 BLVR     P   0A   654 32.80                                    0.21            
 NMVR     P   0A   654 33.24                                    0.05            
 VRDN     P   0A   654 33.21                                   -0.12            
 AZGN     P   0A   654 33.28                                   -0.13            
 KRNG     P   0A   654 35.15                                   -0.06            
                                                                                

 2012  815  712 14.7 L  38.392  46.639  4.4      12 0.0 2.5L                   1
 Action:ARG 26-09-15 11:07 OP:OBSP STATUS:               ID:20120815071214     I
 STAT SP IPHASW D HRMM SECON CODA AMPLIT PERI AZIMU VELO AIN AR TRES W  DIS CAZ7
 KVCH     P   0A   712 16.33                                   -0.05            
 SRND     P   0A   712 16.52                                    0.02            
 ZANG     P   0A   712 16.36                                   -0.09            
 FRMZ     P   0A   712 17.78                                    0.11            
 GOLJ     P   0A   712 18.20                                   -0.05            
 ORNG     P   0A   712 18.79                                    0.12            
 BLVR     P   4A   712 19.30                                    0.26            
 NMVR     P   0A   712 19.81                                    0.10            
 VRDN     P   0A   712 19.97                                   -0.05            
 AZGN     P   0A   712 20.09                                   -0.10            
 MGSL     P   0A   712 21.11                                    0.08            
 KRNG     P   0A   712 21.81                                   -0.08            
                                                                                

 2012  815  9 3 23.6 L  38.395  46.798  9.2      12 0.0 1.6L                   1
 Action:ARG 26-09-15 11:07 OP:OBSP STATUS:               ID:20120815090323     I
 STAT SP IPHASW D HRMM SECON CODA AMPLIT PERI AZIMU VELO AIN AR TRES W  DIS CAZ7
 ORNG     P   0A   9 3 26.84                                    0.13            
 HIGH     P   0A   9 3 26.67                                   -0.20            
 BLVR     P   0A   9 3 27.44                                    0.14            
 NMVR     P   0A   9 3 27.36                                    0.00            
 VRDN     P   0A   9 3 27.38                                   -0.01            
 SRND     P   0A   9 3 27.79                                    0.01            
 KVCH     P   0A   9 3 28.09                                    0.06            
 AZGN     P   0A   9 3 27.83                                   -0.11            
 MGSL     P   0A   9 3 28.54                                   -0.04            
 FRMZ     P   0A   9 3 28.96                                    0.08            
 KRNG     P   0A   9 3 29.12                                   -0.04            
 GOLJ     P   0A   9 3 30.09                                   -0.01            
                                                                                

 2012  815  9 3 48.3 L  38.380  46.669  3.6      13 0.0 2.6L                   1
 Action:ARG 26-09-15 11:07 OP:OBSP STATUS:               ID:20120815090348     I
 STAT SP IPHASW D HRMM SECON CODA AMPLIT PERI AZIMU VELO AIN AR TRES W  DIS CAZ7
 HIGH     P   0A   9 3 49.87                                   -0.02            
 SRND     P   0A   9 3 50.71                                    0.01            
 KVCH     P   0A   9 3 50.77                                    0.01            
 HMLO     P   4A   9 4 42.82                                   -9.29            
 FRMZ     P   0A   9 3 52.60                                    0.13            
 BLVR     P   0A   9 3 53.08                                    0.16            
 ORNG     P   0A   9 3 52.97                                    0.18            
 GOLJ     P   0A   9 3 53.01                                   -0.09            
 NMVR     P   0A   9 3 53.59                                   -0.02            
 VRDN     P   0A   9 3 53.98                                   -0.06            
 AZGN     P   0A   9 3 54.23                                   -0.10            
 MGSL     P   0A   9 3 54.92                                   -0.01            
 KRNG     P   0A   9 3 55.74                                   -0.15            
                                                                                

 2012  815  911 16.4 L  38.402  46.710  8.1      14 0.0 1.7L                   1
 Action:ARG 26-09-15 11:07 OP:OBSP STATUS:               ID:20120815091116     I
 STAT SP IPHASW D HRMM SECON CODA AMPLIT PERI AZIMU VELO AIN AR TRES W  DIS CAZ7
 ZANG     P   0A   911 18.66                                    0.10            
 HIGH     P   0A   911 18.71                                   -0.22            
 SRND     P   0A   911 19.68                                   -0.02            
 KVCH     P   0A   911 19.76                                   -0.03            
 FRMZ     P   0A   911 20.72                                    0.12            
 BLVR     P   0A   911 21.16                                    0.36            
 NMVR     P   0A   911 21.39                                    0.17            
 GOLJ     P   0A   911 21.62                                   -0.04            
 AZGN     P   0A   911 21.52                                   -0.06            
 HRS      P   0A   911 22.07                                   -0.47            
 MGSL     P   0A   911 22.66                                    0.14            
 KRNG     P   0A   911 23.14                                   -0.05            
 TBZ      P   0A   911 26.02                                    0.04            
 BST      P   0A   911 30.29                                   -0.06            
                                                                                

 2012  815  925 49.8 L  38.404  46.797  9.5      15 0.0 2.2L                   1
 Action:ARG 26-09-15 11:07 OP:OBSP STATUS:               ID:20120815092549     I
 STAT SP IPHASW D HRMM SECON CODA AMPLIT PERI AZIMU VELO AIN AR TRES W  DIS CAZ7
 ZANG     P   0A   925 51.66                                    0.01            
 ORNG     P   0A   925 52.21                                    0.12            
 HIGH     P   0A   925 52.25                                   -0.18            
 VRDN     P   0A   925 52.83                                   -0.01            
 BLVR     P   0A   925 53.04                                    0.10            
 NMVR     P   0A   925 52.92                                   -0.04            
 AZGN     P   0A   925 53.20                                   -0.11            
 SRND     P   0A   925 53.35                                    0.01            
 KVCH     P   0A   925 53.60                                    0.04            
 MGSL     P   0A   925 54.16                                    0.00            
 HMLO     P   4A   926 44.90                                   -9.33            
 FRMZ     P   0A   925 54.31                                    0.06            
 KRNG     P   0A   925 54.58                                   -0.01            
 GOLJ     P   4A   926 46.19                                   -9.35            
 TBZ      P   0A   925 59.77                                    0.07            
                                                                                

 2012  815 10 0 34.8 L  38.423  46.797 12.6      17 0.0 2.6L                   1
 Action:ARG 26-09-15 11:07 OP:OBSP STATUS:               ID:20120815100034     I
 STAT SP IPHASW D HRMM SECON CODA AMPLIT PERI AZIMU VELO AIN AR TRES W  DIS CAZ7
 GZCH     P   0A  10 0 37.51                                   -0.08            
 ZANG     P   0A  10 0 37.67                                   -0.14            
 ORNG     P   0A  10 0 38.14                                    0.13            
 HIGH     P   0A  10 0 38.58                                   -0.07            
 VRDN     P   0A  10 0 38.84                                    0.04            
 AZGN     P   0A  10 0 39.00                                   -0.07            
 NMVR     P   0A  10 0 39.18                                    0.02            
 BLVR     P   0A  10 0 39.37                                    0.16            
 SRND     P   0A  10 0 39.54                                    0.07            
 KVCH     P   0A  10 0 39.77                                    0.13            
 FRMZ     P   0A  10 0 40.07                                    0.08            
 HMLO     P   4A  10 1 23.31                                   -16.7            
 MGSL     P   0A  10 0 40.25                                   -0.01            
 KRNG     P   0A  10 0 40.43                                   -0.01            
 GOLJ     P   0A  10 0 41.40                                    0.01            
 TBZ      P   0A  10 0 45.59                                   -0.02            
 BST      P   0A  10 0 48.72                                   -0.18            
                                                                                

 2012  815 1016  0.7 L  38.401  46.724 11.4      18 0.0 2.7L                   1
 Action:ARG 26-09-15 11:07 OP:OBSP STATUS:               ID:20120815101600     I
 STAT SP IPHASW D HRMM SECON CODA AMPLIT PERI AZIMU VELO AIN AR TRES W  DIS CAZ7
 ZANG     P   0A  1016  3.17                                   -0.16            
 GZCH     P   0A  1016  3.60                                   -0.03            
 HIGH     P   0A  1016  3.62                                   -0.05            
 SRND     P   0A  1016  4.41                                    0.07            
 KVCH     P   0A  1016  4.52                                    0.06            
 ORNG     P   0A  1016  4.65                                    0.17            
 HMLO     P   4A  1016 55.78                                   -9.29            
 BLVR     P   0A  1016  5.29                                    0.20            
 FRMZ     P   0A  1016  5.28                                    0.09            
 NMVR     P   0A  1016  5.55                                    0.12            
 VRDN     P   0A  1016  5.55                                    0.03            
 AZGN     P   0A  1016  5.70                                   -0.09            
 GOLJ     P   0A  1016  6.18                                   -0.04            
 HRS      P   0A  1016  6.32                                   -0.34            
 MGSL     P   0A  1016  6.78                                    0.13            
 KRNG     P   0A  1016  7.31                                    0.04            
 TBZ      P   0A  1016 10.39                                    0.01            
 BST      P   0A  1016 14.35                                   -0.16            
                                                                                

 2012  815 1053 24.6 L  38.393  46.642  4.0      15 0.0 2.4L                   1
 Action:ARG 26-09-15 11:07 OP:OBSP STATUS:               ID:20120815105324     I
 STAT SP IPHASW D HRMM SECON CODA AMPLIT PERI AZIMU VELO AIN AR TRES W  DIS CAZ7
 HIGH     P   0A  1053 26.52                                   -0.02            
 KVCH     P   0A  1053 26.98                                    0.01            
 ZANG     P   0A  1053 26.94                                   -0.01            
 SRND     P   0A  1053 27.10                                    0.01            
 HMLO     P   4A  1054 18.67                                   -9.21            
 GZCH     P   0A  1053 27.99                                   -0.06            
 FRMZ     P   0A  1053 28.46                                    0.18            
 GOLJ     P   0A  1053 28.90                                    0.01            
 ORNG     P   0A  1053 29.35                                    0.10            
 BLVR     P   0A  1053 29.82                                    0.17            
 NMVR     P   0A  1053 30.30                                   -0.02            
 VRDN     P   0A  1053 30.52                                   -0.09            
 AZGN     P   0A  1053 30.63                                   -0.15            
 MGSL     P   0A  1053 31.67                                    0.04            
 TBZ      P   0A  1053 33.25                                   -0.13            
                                                                                

 2012  815 1056 56.9 L  38.409  46.711  3.5      17 0.0 2.9L                   1
 Action:ARG 26-09-15 11:07 OP:OBSP STATUS:               ID:20120815105656     I
 STAT SP IPHASW D HRMM SECON CODA AMPLIT PERI AZIMU VELO AIN AR TRES W  DIS CAZ7
 ZANG     P   0A  1056 58.24                                   -0.07            
 HIGH     P   0A  1056 59.12                                   -0.02            
 GZCH     P   0A  1056 59.25                                    0.10            
 SRND     P   0A  1057  0.23                                    0.00            
 KVCH     P   0A  1057  0.31                                   -0.00            
 ORNG     P   0A  1057  0.66                                    0.11            
 HMLO     P   4A  1057 51.60                                   -9.32            
 FRMZ     P   0A  1057  1.18                                    0.11            
 BLVR     P   0A  1057  1.58                                    0.12            
 NMVR     P   0A  1057  1.85                                   -0.01            
 VRDN     P   0A  1057  1.85                                   -0.05            
 AZGN     P   0A  1057  1.99                                   -0.12            
 GOLJ     P   0A  1057  2.24                                   -0.04            
 HRS      P   4A  1057  2.60                                   -0.60            
 MGSL     P   0A  1057  3.17                                   -0.03            
 KRNG     P   0A  1057  3.74                                   -0.06            
 BST      P   4A  1057 10.93                                   -0.36            
                                                                                

 2012  815 1123 43.8 L  38.398  46.674  3.9      13 0.0 1.9L                   1
 Action:ARG 26-09-15 11:07 OP:OBSP STATUS:               ID:20120815112343     I
 STAT SP IPHASW D HRMM SECON CODA AMPLIT PERI AZIMU VELO AIN AR TRES W  DIS CAZ7
 HIGH     P   0A  1123 45.65                                   -0.07            
 ZANG     P   0A  1123 45.69                                    0.03            
 SRND     P   0A  1123 46.58                                   -0.00            
 KVCH     P   0A  1123 46.60                                    0.02            
 GZCH     P   0A  1123 46.75                                    0.04            
 HMLO     P   4A  1124 38.14                                   -9.26            
 FRMZ     P   0A  1123 47.83                                    0.14            
 BLVR     P   0A  1123 48.65                                    0.12            
 GOLJ     P   0A  1123 48.52                                   -0.07            
 NMVR     P   0A  1123 49.13                                    0.02            
 VRDN     P   0A  1123 49.24                                   -0.09            
 AZGN     P   0A  1123 49.41                                   -0.12            
 MGSL     P   0A  1123 50.46                                    0.03            
                                                                                

 2012  815 1127  5.8 L  38.408  46.775 10.0      16 0.0 2.3L                   1
 Action:ARG 26-09-15 11:07 OP:OBSP STATUS:               ID:20120815112705     I
 STAT SP IPHASW D HRMM SECON CODA AMPLIT PERI AZIMU VELO AIN AR TRES W  DIS CAZ7
 GZCH     P   0A  1127  8.23                                   -0.03            
 ZANG     P   0A  1127  8.18                                   -0.14            
 ORNG     P   0A  1127  9.19                                    0.19            
 SRND     P   0A  1127  9.94                                    0.02            
 VRDN     P   0A  1127  9.98                                    0.07            
 BLVR     P   0A  1127 10.06                                    0.16            
 NMVR     P   0A  1127 10.08                                    0.07            
 KVCH     P   0A  1127 10.16                                    0.05            
 AZGN     P   0A  1127 10.21                                   -0.06            
 HMLO     P   4A  1128  1.39                                   -9.30            
 FRMZ     P   0A  1127 10.80                                    0.07            
 HRS      P   0A  1127 10.72                                   -0.43            
 MGSL     P   0A  1127 11.31                                    0.09            
 KRNG     P   0A  1127 11.73                                    0.06            
 GOLJ     P   0A  1127 11.95                                   -0.05            
 TBZ      P   0A  1127 16.19                                   -0.01            
                                                                                

 2012  815 1139 28.9 L  38.387  46.683  3.9      15 0.0 2.0L                   1
 Action:ARG 26-09-15 11:07 OP:OBSP STATUS:               ID:20120815113928     I
 STAT SP IPHASW D HRMM SECON CODA AMPLIT PERI AZIMU VELO AIN AR TRES W  DIS CAZ7
 HIGH     P   0A  1139 30.61                                   -0.08            
 ZANG     P   0A  1139 30.89                                    0.04            
 SRND     P   0A  1139 31.59                                   -0.02            
 KVCH     P   0A  1139 31.71                                    0.02            
 GZCH     P   0A  1139 31.88                                    0.05            
 HMLO     P   4A  1140 23.49                                   -9.29            
 FRMZ     P   0A  1139 33.20                                    0.12            
 BLVR     P   0A  1139 33.59                                    0.17            
 GOLJ     P   0A  1139 33.80                                   -0.08            
 NMVR     P   0A  1139 34.06                                    0.02            
 VRDN     P   0A  1139 34.33                                   -0.05            
 AZGN     P   0A  1139 34.59                                   -0.08            
 MGSL     P   0A  1139 35.34                                   -0.03            
 KRNG     P   0A  1139 36.15                                   -0.09            
 TBZ      P   0A  1139 38.30                                    0.05            
                                                                                

 2012  815 12 3 56.6 L  38.385  46.805  8.3      14 0.0 1.6L                   1
 Action:ARG 26-09-15 11:07 OP:OBSP STATUS:               ID:20120815120356     I
 STAT SP IPHASW D HRMM SECON CODA AMPLIT PERI AZIMU VELO AIN AR TRES W  DIS CAZ7
 GZCH     P   0A  12 3 59.02                                   -0.00            
 ZANG     P   0A  12 3 59.21                                   -0.08            
 ORNG     P   0A  12 3 59.99                                    0.18            
 HIGH     P   0A  12 3 59.81                                   -0.08            
 BLVR     P   0A  12 4  0.20                                    0.07            
 NMVR     P   0A  12 4  0.23                                    0.03            
 VRDN     P   0A  12 4  0.38                                    0.00            
 SRND     P   0A  12 4  0.74                                   -0.07            
 AZGN     P   0A  12 4  0.95                                   -0.09            
 KVCH     P   0A  12 4  1.20                                    0.10            
 MGSL     P   0A  12 4  1.39                                   -0.05            
 HMLO     P   4A  12 4 52.84                                   -9.19            
 KRNG     P   0A  12 4  2.08                                   -0.06            
 GOLJ     P   0A  12 4  3.36                                    0.07            
                                                                                

 2012  815 1319  0.8 L  38.436  46.704  3.6      19 0.0 2.2L                   1
 Action:ARG 26-09-15 11:07 OP:OBSP STATUS:               ID:20120815131900     I
 STAT SP IPHASW D HRMM SECON CODA AMPLIT PERI AZIMU VELO AIN AR TRES W  DIS CAZ7
 ZANG     P   0A  1319  2.02                                   -0.14            
 MHTR     P   0A  1319  2.39                                    0.10            
 GZCH     P   0A  1319  3.08                                    0.06            
 HIGH     P   0A  1319  3.55                                    0.01            
 ORNG     P   0A  1319  4.37                                    0.12            
 HMLO     P   4A  1319 55.16                                   -9.34            
 FRMZ     P   0A  1319  4.60                                    0.06            
 KVCH     P   0A  1319  4.48                                   -0.02            
 SRND     P   0A  1319  4.54                                    0.03            
 AZGN     P   0A  1319  5.70                                   -0.12            
 BLVR     P   0A  1319  5.96                                    0.15            
 VRDN     P   0A  1319  5.82                                   -0.02            
 GOLJ     P   0A  1319  6.02                                   -0.06            
 NMVR     P   0A  1319  6.09                                   -0.03            
 HRS      P   4A  1319  6.75                                   -0.60            
 MGSL     P   0A  1319  7.40                                   -0.03            
 KRNG     P   0A  1319  7.68                                   -0.07            
 TBZ      P   4A  1319 10.70                                   -0.06            
 BST      P   4A  1319 15.40                                   -0.25            
                                                                                

 2012  815 1334 32.9 L  38.408  46.763 11.7      19 0.0 3.0L                   1
 Action:ARG 26-09-15 11:07 OP:OBSP STATUS:               ID:20120815133432     I
 STAT SP IPHASW D HRMM SECON CODA AMPLIT PERI AZIMU VELO AIN AR TRES W  DIS CAZ7
 ZANG     P   0A  1334 35.50                                   -0.16            
 GZCH     P   0A  1334 35.62                                   -0.07            
 MHTR     P   0A  1334 35.92                                   -0.05            
 HIGH     P   0A  1334 36.24                                   -0.04            
 ORNG     P   0A  1334 36.56                                    0.18            
 SRND     P   0A  1334 37.14                                    0.09            
 KVCH     P   0A  1334 37.29                                    0.08            
 VRDN     P   0A  1334 37.36                                    0.07            
 BLVR     P   0A  1334 37.45                                    0.24            
 NMVR     P   0A  1334 37.47                                    0.10            
 AZGN     P   0A  1334 37.53                                   -0.07            
 HMLO     P   4A  1335 28.52                                   -9.23            
 FRMZ     P   0A  1334 37.88                                    0.08            
 HRS      P   0A  1334 38.14                                   -0.35            
 MGSL     P   0A  1334 38.66                                    0.11            
 GOLJ     P   0A  1334 38.99                                   -0.03            
 KRNG     P   0A  1334 39.05                                    0.05            
 TBZ      P   0A  1334 43.21                                    0.01            
 BST      P   0A  1334 46.60                                   -0.22            
                                                                                

 2012  815 1337  5.6 L  38.424  46.704 12.9      16 0.0 2.0L                   1
 Action:ARG 26-09-15 11:07 OP:OBSP STATUS:               ID:20120815133705     I
 STAT SP IPHASW D HRMM SECON CODA AMPLIT PERI AZIMU VELO AIN AR TRES W  DIS CAZ7
 MHTR     P   0A  1337  8.52                                   -0.05            
 GZCH     P   0A  1337  8.79                                   -0.04            
 HIGH     P   0A  1337  8.90                                   -0.05            
 KVCH     P   0A  1337  9.58                                    0.02            
 SRND     P   0A  1337  9.62                                    0.09            
 HMLO     P   4A  1338  0.51                                   -9.24            
 FRMZ     P   0A  1337  9.93                                    0.11            
 GOLJ     P   0A  1337 10.94                                   -0.02            
 VRDN     P   0A  1337 10.81                                    0.04            
 AZGN     P   0A  1337 10.81                                   -0.03            
 NMVR     P   0A  1337 11.06                                    0.17            
 HRS      P   0A  1337 11.73                                   -0.32            
 MGSL     P   0A  1337 12.24                                    0.16            
 KRNG     P   0A  1337 12.56                                    0.07            
 TBZ      P   0A  1337 15.18                                   -0.05            
 BST      P   0A  1337 19.85                                   -0.06            
                                                                                

 2012  815 1338 50.8 L  38.392  46.677  4.1      18 0.0 2.3L                   1
 Action:ARG 26-09-15 11:07 OP:OBSP STATUS:               ID:20120815133850     I
 STAT SP IPHASW D HRMM SECON CODA AMPLIT PERI AZIMU VELO AIN AR TRES W  DIS CAZ7
 HIGH     P   0A  1338 52.59                                   -0.07            
 ZANG     P   0A  1338 52.72                                   -0.04            
 MHTR     P   0A  1338 53.32                                    0.09            
 SRND     P   0A  1338 53.56                                    0.04            
 KVCH     P   0A  1338 53.51                                   -0.06            
 GZCH     P   0A  1338 53.82                                    0.05            
 HMLO     P   4A  1339 45.23                                   -9.28            
 FRMZ     P   0A  1338 54.90                                    0.09            
 BLVR     P   0A  1338 55.69                                    0.28            
 GOLJ     P   0A  1338 55.55                                   -0.09            
 NMVR     P   0A  1338 56.14                                    0.12            
 VRDN     P   0A  1338 56.33                                    0.02            
 AZGN     P   0A  1338 56.49                                   -0.07            
 MGSL     P   0A  1338 57.44                                    0.10            
 HRS      P   0A  1338 56.97                                   -0.45            
 KRNG     P   0A  1338 58.16                                   -0.01            
 TBZ      P   0A  1339  0.13                                    0.08            
 BST      P   0A  1339  4.89                                   -0.04            
                                                                                

 2012  815 14 2 40.9 L  38.383  46.791  9.2      17 0.0 2.0L                   1
 Action:ARG 26-09-15 11:07 OP:OBSP STATUS:               ID:20120815140240     I
 STAT SP IPHASW D HRMM SECON CODA AMPLIT PERI AZIMU VELO AIN AR TRES W  DIS CAZ7
 GZCH     P   0A  14 2 43.45                                   -0.01            
 ZANG     P   0A  14 2 43.43                                   -0.17            
 HIGH     P   0A  14 2 43.97                                   -0.12            
 MHTR     P   0A  14 2 44.08                                   -0.05            
 ORNG     P   0A  14 2 44.49                                    0.21            
 BLVR     P   0A  14 2 44.71                                    0.18            
 NMVR     P   0A  14 2 44.81                                    0.12            
 SRND     P   0A  14 2 45.01                                    0.04            
 VRDN     P   0A  14 2 45.00                                    0.08            
 KVCH     P   0A  14 2 45.30                                    0.06            
 AZGN     P   0A  14 2 45.46                                   -0.06            
 HRS      P   0A  14 2 45.52                                   -0.39            
 MGSL     P   0A  14 2 46.04                                    0.12            
 FRMZ     P   0A  14 2 46.32                                    0.04            
 GOLJ     P   0A  14 2 47.35                                   -0.03            
 TBZ      P   0A  14 2 51.54                                    0.12            
 BST      P   0A  14 2 54.19                                   -0.14            
                                                                                

 2012  815 14 6 47.2 L  38.388  46.919  9.5      16 0.0 1.6L                   1
 Action:ARG 26-09-15 11:07 OP:OBSP STATUS:               ID:20120815140647     I
 STAT SP IPHASW D HRMM SECON CODA AMPLIT PERI AZIMU VELO AIN AR TRES W  DIS CAZ7
 NMVR     P   0A  14 6 50.25                                    0.09            
 GZCH     P   0A  14 6 50.42                                   -0.03            
 ORNG     P   0A  14 6 50.64                                    0.16            
 HRS      P   0A  14 6 50.46                                   -0.25            
 BLVR     P   4A  14 6 50.92                                    0.05            
 AZGN     P   0A  14 6 50.95                                   -0.04            
 MGSL     P   0A  14 6 51.09                                    0.09            
 KRNG     P   0A  14 6 51.30                                    0.08            
 ZANG     P   0A  14 6 51.16                                   -0.08            
 MHTR     P   0A  14 6 51.62                                   -0.10            
 HIGH     P   0A  14 6 52.01                                   -0.03            
 SRND     P   0A  14 6 53.02                                    0.06            
 KVCH     P   0A  14 6 53.39                                    0.09            
 GOLJ     P   0A  14 6 55.46                                    0.01            
 TBZ      P   0A  14 6 59.40                                   -0.05            
 BST      P   4A  14 7  0.18                                   -0.45            
                                                                                

 2012  815 1417 20.7 L  38.409  46.767 10.6      17 0.0 2.0L                   1
 Action:ARG 26-09-15 11:07 OP:OBSP STATUS:               ID:20120815141720     I
 STAT SP IPHASW D HRMM SECON CODA AMPLIT PERI AZIMU VELO AIN AR TRES W  DIS CAZ7
 ZANG     P   0A  1417 23.18                                   -0.12            
 GZCH     P   0A  1417 23.28                                   -0.02            
 MHTR     P   0A  1417 23.64                                   -0.00            
 HIGH     P   0A  1417 23.91                                   -0.08            
 ORNG     P   0A  1417 24.23                                    0.20            
 SRND     P   0A  1417 24.85                                    0.03            
 BLVR     P   0A  1417 25.08                                    0.15            
 KVCH     P   0A  1417 25.04                                    0.05            
 VRDN     P   0A  1417 25.03                                    0.05            
 NMVR     P   0A  1417 25.23                                    0.16            
 AZGN     P   0A  1417 25.22                                   -0.07            
 HMLO     P   4A  1418 16.76                                   -8.78            
 FRMZ     P   0A  1417 25.67                                    0.09            
 HRS      P   0A  1417 25.76                                   -0.45            
 MGSL     P   0A  1417 26.34                                    0.07            
 KRNG     P   0A  1417 26.76                                    0.04            
 GOLJ     P   0A  1417 26.78                                   -0.06            
                                                                                

 2012  815 1420 41.3 L  38.412  46.788  9.8      14 0.0 1.6L                   1
 Action:ARG 26-09-15 11:07 OP:OBSP STATUS:               ID:20120815142041     I
 STAT SP IPHASW D HRMM SECON CODA AMPLIT PERI AZIMU VELO AIN AR TRES W  DIS CAZ7
 GZCH     P   0A  1420 43.59                                   -0.06            
 ZANG     P   0A  1420 43.76                                   -0.07            
 ORNG     P   0A  1420 44.51                                    0.20            
 HIGH     P   0A  1420 44.61                                   -0.06            
 VRDN     P   0A  1420 45.17                                   -0.01            
 BLVR     P   0A  1420 45.32                                   -0.03            
 NMVR     P   0A  1420 45.48                                    0.10            
 AZGN     P   0A  1420 45.49                                   -0.05            
 SRND     P   0A  1420 45.60                                    0.05            
 KVCH     P   0A  1420 45.86                                    0.11            
 HMLO     P   4A  1421 37.65                                   -8.65            
 FRMZ     P   0A  1420 46.27                                   -0.04            
 MGSL     P   0A  1420 46.50                                   -0.08            
 KRNG     P   0A  1420 46.91                                   -0.03            
                                                                                

 2012  815 1456 56.9 L  38.412  46.781  8.6      19 0.0 2.4L                   1
 Action:ARG 26-09-15 11:07 OP:OBSP STATUS:               ID:20120815145656     I
 STAT SP IPHASW D HRMM SECON CODA AMPLIT PERI AZIMU VELO AIN AR TRES W  DIS CAZ7
 GZCH     P   0A  1456 59.07                                    0.01            
 ZANG     P   0A  1456 59.07                                   -0.12            
 MHTR     P   0A  1456 59.57                                   -0.02            
 ORNG     P   0A  1457  0.03                                    0.20            
 HIGH     P   0A  1457  0.03                                   -0.06            
 VRDN     P   0A  1457  0.85                                    0.06            
 BLVR     P   0A  1457  1.09                                    0.18            
 NMVR     P   0A  1457  1.06                                    0.08            
 SRND     P   0A  1457  1.07                                    0.06            
 AZGN     P   0A  1457  1.09                                   -0.05            
 KVCH     P   0A  1457  1.27                                    0.07            
 HMLO     P   4A  1457 52.95                                   -8.81            
 FRMZ     P   0A  1457  1.85                                    0.07            
 HRS      P   0A  1457  1.65                                   -0.47            
 MGSL     P   0A  1457  2.32                                    0.10            
 KRNG     P   0A  1457  2.66                                    0.04            
 GOLJ     P   0A  1457  3.03                                   -0.12            
 TBZ      P   0A  1457  7.42                                    0.02            
 BST      P   4A  1457 10.47                                   -0.33            
                                                                                

 2012  815 1520 26.9 L  38.394  46.755 10.9      16 0.0 1.6L                   1
 Action:ARG 26-09-15 11:07 OP:OBSP STATUS:               ID:20120815152026     I
 STAT SP IPHASW D HRMM SECON CODA AMPLIT PERI AZIMU VELO AIN AR TRES W  DIS CAZ7
 ZANG     P   0A  1520 28.49                                   -0.12            
 GZCH     P   0A  1520 28.72                                    0.00            
 MHTR     P   0A  1520 28.99                                   -0.01            
 HIGH     P   0A  1520 28.97                                   -0.06            
 SRND     P   0A  1520 29.86                                    0.07            
 BLVR     P   0A  1520 30.38                                    0.35            
 VRDN     P   0A  1520 30.50                                    0.08            
 HMLO     P   4A  1521 21.97                                   -8.76            
 FRMZ     P   0A  1520 30.98                                    0.15            
 AZGN     P   0A  1520 30.74                                   -0.07            
 HRS      P   0A  1520 31.14                                   -0.36            
 MGSL     P   0A  1520 31.62                                    0.12            
 GOLJ     P   0A  1520 31.87                                   -0.04            
 KRNG     P   0A  1520 32.28                                    0.14            
 TBZ      P   0A  1520 36.04                                    0.02            
 BST      P   0A  1520 39.38                                   -0.22            
                                                                                

 2012  815 1533 26.1 L  38.389  46.643  6.3      19 0.0 1.9L                   1
 Action:ARG 26-09-15 11:07 OP:OBSP STATUS:               ID:20120815153326     I
 STAT SP IPHASW D HRMM SECON CODA AMPLIT PERI AZIMU VELO AIN AR TRES W  DIS CAZ7
 HIGH     P   0A  1533 28.17                                   -0.02            
 KVCH     P   0A  1533 28.54                                   -0.00            
 SRND     P   0A  1533 28.64                                    0.02            
 ZANG     P   0A  1533 28.51                                   -0.08            
 MHTR     P   0A  1533 28.89                                    0.04            
 HMLO     P   4A  1534 20.65                                   -8.76            
 GZCH     P   0A  1533 29.51                                    0.00            
 FRMZ     P   0A  1533 29.93                                    0.13            
 GOLJ     P   0A  1533 30.27                                   -0.07            
 ORNG     P   0A  1533 30.81                                    0.15            
 BLVR     P   0A  1533 31.25                                    0.29            
 NMVR     P   0A  1533 31.73                                    0.10            
 VRDN     P   0A  1533 31.96                                   -0.00            
 AZGN     P   0A  1533 32.06                                   -0.10            
 MGSL     P   0A  1533 33.03                                    0.09            
 HRS      P   0A  1533 32.62                                   -0.43            
 KRNG     P   0A  1533 33.81                                   -0.02            
 TBZ      P   0A  1533 34.71                                   -0.03            
 BST      P   0A  1533 40.07                                   -0.04            
                                                                                

 2012  815 1543 25.4 L  38.414  46.796  8.5      17 0.0 2.1L                   1
 Action:ARG 26-09-15 11:07 OP:OBSP STATUS:               ID:20120815154325     I
 STAT SP IPHASW D HRMM SECON CODA AMPLIT PERI AZIMU VELO AIN AR TRES W  DIS CAZ7
 GZCH     P   0A  1543 27.46                                   -0.05            
 ZANG     P   0A  1543 27.62                                   -0.16            
 MHTR     P   0A  1543 28.14                                   -0.05            
 ORNG     P   0A  1543 28.41                                    0.23            
 HIGH     P   0A  1543 28.70                                   -0.06            
 NMVR     P   0A  1543 29.49                                    0.14            
 BLVR     P   0A  1543 29.56                                    0.19            
 AZGN     P   0A  1543 29.44                                   -0.02            
 SRND     P   0A  1543 29.76                                    0.06            
 KVCH     P   0A  1543 30.02                                    0.11            
 HMLO     P   4A  1544 21.63                                   -8.82            
 FRMZ     P   0A  1543 30.45                                    0.01            
 HRS      P   0A  1543 30.04                                   -0.40            
 MGSL     P   0A  1543 30.66                                    0.08            
 KRNG     P   0A  1543 30.95                                    0.05            
 TBZ      P   0A  1543 36.16                                    0.04            
 BST      P   0A  1543 39.19                                   -0.13            
                                                                                

 2012  815 16 1 21.2 L  38.403  46.676  5.1      12 0.0 1.6L                   1
 Action:ARG 26-09-15 11:07 OP:OBSP STATUS:               ID:20120815160121     I
 STAT SP IPHASW D HRMM SECON CODA AMPLIT PERI AZIMU VELO AIN AR TRES W  DIS CAZ7
 ZANG     P   0A  16 1 23.07                                   -0.07            
 SRND     P   0A  16 1 24.08                                    0.00            
 KVCH     P   0A  16 1 24.07                                   -0.01            
 HMLO     P   4A  16 2 15.97                                   -8.75            
 FRMZ     P   0A  16 1 25.12                                    0.14            
 ORNG     P   0A  16 1 25.35                                    0.10            
 BLVR     P   0A  16 1 26.02                                    0.12            
 GOLJ     P   0A  16 1 25.85                                   -0.09            
 MGSL     P   0A  16 1 27.75                                    0.01            
 KRNG     P   0A  16 1 28.30                                   -0.16            
 TBZ      P   0A  16 1 30.41                                   -0.00            
 BST      P   4A  16 1 35.31                                   -0.09            
                                                                                

 2012  815 1618 13.8 L  38.410  46.784  4.4      17 0.0 1.9L                   1
 Action:ARG 26-09-15 11:07 OP:OBSP STATUS:               ID:20120815161813     I
 STAT SP IPHASW D HRMM SECON CODA AMPLIT PERI AZIMU VELO AIN AR TRES W  DIS CAZ7
 GZCH     P   0A  1618 15.46                                    0.10            
 ZANG     P   0A  1618 15.47                                   -0.12            
 ORNG     P   4A  1618 16.12                                   -0.38            
 VRDN     P   0A  1618 17.68                                    0.09            
 BLVR     P   0A  1618 17.88                                    0.18            
 NMVR     P   0A  1618 17.86                                    0.09            
 SRND     P   0A  1618 17.90                                    0.03            
 AZGN     P   0A  1618 18.01                                    0.02            
 KVCH     P   0A  1618 18.14                                    0.06            
 HMLO     P   4A  1619  9.92                                   -8.79            
 FRMZ     P   0A  1618 18.79                                    0.06            
 HRS      P   0A  1618 18.50                                   -0.48            
 MGSL     P   0A  1618 19.12                                    0.02            
 KRNG     P   0A  1618 19.59                                    0.08            
 GOLJ     P   0A  1618 20.07                                   -0.06            
 TBZ      P   0A  1618 24.53                                   -0.03            
 BST      P   4A  1618 27.46                                   -0.46            
                                                                                

 2012  815 1628 53.9 L  38.380  46.769 12.5      17 0.0 3.0L                   1
 Action:ARG 26-09-15 11:07 OP:OBSP STATUS:               ID:20120815162853     I
 STAT SP IPHASW D HRMM SECON CODA AMPLIT PERI AZIMU VELO AIN AR TRES W  DIS CAZ7
 ZANG     P   0A  1628 56.78                                   -0.16            
 GZCH     P   0A  1628 56.94                                   -0.02            
 ORNG     P   0A  1628 57.88                                    0.16            
 BLVR     P   0A  1628 58.02                                    0.17            
 SRND     P   0A  1628 57.88                                   -0.04            
 NMVR     P   0A  1628 58.17                                    0.07            
 KVCH     P   0A  1628 58.18                                    0.03            
 VRDN     P   0A  1628 58.47                                    0.09            
 AZGN     P   0A  1628 58.82                                   -0.07            
 HMLO     P   4A  1629 50.33                                   -8.72            
 FRMZ     P   0A  1628 59.29                                    0.12            
 HRS      P   0A  1628 58.91                                   -0.38            
 MGSL     P   0A  1628 59.33                                    0.08            
 KRNG     P   0A  1629  0.06                                    0.04            
 GOLJ     P   0A  1629  0.13                                   -0.01            
 TBZ      P   0A  1629  4.08                                   -0.04            
 BST      P   4A  1629  6.99                                   -0.32            
                                                                                

 2012  815 1637 20.7 L  38.393  46.671  4.4      14 0.0 2.2L                   1
 Action:ARG 26-09-15 11:07 OP:OBSP STATUS:               ID:20120815163720     I
 STAT SP IPHASW D HRMM SECON CODA AMPLIT PERI AZIMU VELO AIN AR TRES W  DIS CAZ7
 ZANG     P   0A  1637 22.65                                   -0.13            
 KVCH     P   0A  1637 23.46                                    0.01            
 SRND     P   0A  1637 23.43                                   -0.00            
 HMLO     P   4A  1638 15.64                                   -8.69            
 FRMZ     P   0A  1637 24.80                                    0.15            
 ORNG     P   0A  1637 25.07                                    0.10            
 GOLJ     P   0A  1637 25.43                                   -0.02            
 BLVR     P   0A  1637 25.52                                    0.11            
 NMVR     P   0A  1637 26.02                                    0.00            
 VRDN     P   0A  1637 26.18                                   -0.11            
 MGSL     P   0A  1637 27.34                                    0.01            
 HRS      P   4A  1637 26.85                                   -0.56            
 TBZ      P   0A  1637 29.80                                   -0.08            
 BST      P   4A  1637 34.66                                   -0.21            
                                                                                

 2012  815 1749  4.8 L  38.385  46.657  8.5      19 0.0 4.7L                   1
 Action:ARG 26-09-15 11:07 OP:OBSP STATUS:               ID:20120815174904     I
 STAT SP IPHASW D HRMM SECON CODA AMPLIT PERI AZIMU VELO AIN AR TRES W  DIS CAZ7
 ZANG     P   0A  1749  7.26                                   -0.15            
 SRND     P   0A  1749  7.45                                   -0.06            
 MHTR     P   0A  1749  7.67                                   -0.02            
 VRZ1     P   0A  1749  8.13                                    0.07            
 GZCH     P   0A  1749  8.14                                   -0.03            
 HMLO     P   4A  1749 10.68                                    2.27            
 FRMZ     P   0A  1749  8.88                                    0.14            
 GOLJ     P   0A  1749  9.24                                   -0.07            
 ORNG     P   0A  1749  9.44                                    0.16            
 BLVR     P   0A  1749  9.77                                    0.27            
 NMVR     P   0A  1749 10.18                                    0.03            
 VRDN     P   0A  1749 10.48                                   -0.03            
 AZGN     P   0A  1749 10.68                                   -0.07            
 MGSL     P   0A  1749 11.49                                    0.04            
 HRS      P   0A  1749 11.38                                   -0.18            
 KRNG     P   0A  1749 12.26                                   -0.08            
 TBZ      P   0A  1749 13.50                                   -0.04            
 GRVN     P   4A  1749 10.68                                   -2.99            
 BST      P   0A  1749 18.58                                    0.01            
                                                                                

 2012  815 19 2 15.3 L  38.388  46.656  6.7      19 0.0 2.1L                   1
 Action:ARG 26-09-15 11:07 OP:OBSP STATUS:               ID:20120815190215     I
 STAT SP IPHASW D HRMM SECON CODA AMPLIT PERI AZIMU VELO AIN AR TRES W  DIS CAZ7
 HIGH     P   0A  19 2 17.38                                   -0.06            
 KVCH     P   0A  19 2 17.93                                   -0.01            
 ZANG     P   0A  19 2 17.71                                   -0.05            
 SRND     P   0A  19 2 17.98                                    0.03            
 MHTR     P   0A  19 2 18.13                                    0.07            
 GZCH     P   0A  19 2 18.65                                    0.03            
 HMLO     P   4A  19 3 10.11                                   -8.72            
 FRMZ     P   0A  19 2 19.31                                    0.13            
 GOLJ     P   0A  19 2 19.69                                   -0.11            
 ORNG     P   0A  19 2 19.96                                    0.19            
 BLVR     P   0A  19 2 20.35                                    0.28            
 NMVR     P   0A  19 2 20.90                                    0.19            
 VRDN     P   0A  19 2 21.02                                   -0.03            
 AZGN     P   0A  19 2 21.17                                   -0.10            
 MGSL     P   0A  19 2 22.10                                    0.08            
 HRS      P   0A  19 2 21.62                                   -0.51            
 KRNG     P   0A  19 2 22.81                                   -0.10            
 TBZ      P   4A  19 2 23.97                                   -0.20            
 BST      P   4A  19 2 29.40                                    0.12            
                                                                                

 2012  815 1923 57.8 L  38.390  46.653  6.7      16 0.0 1.8L                   1
 Action:ARG 26-09-15 11:07 OP:OBSP STATUS:               ID:20120815192357     I
 STAT SP IPHASW D HRMM SECON CODA AMPLIT PERI AZIMU VELO AIN AR TRES W  DIS CAZ7
 HIGH     P   0A  1923 59.92                                   -0.05            
 ZANG     P   0A  1924  0.22                                   -0.06            
 KVCH     P   0A  1924  0.42                                   -0.01            
 SRND     P   0A  1924  0.52                                    0.06            
 MHTR     P   0A  1924  0.62                                    0.06            
 GZCH     P   0A  1924  1.17                                    0.02            
 HMLO     P   4A  1924 52.58                                   -8.71            
 FRMZ     P   0A  1924  1.77                                    0.12            
 GOLJ     P   0A  1924  2.14                                   -0.12            
 ORNG     P   0A  1924  2.44                                    0.14            
 BLVR     P   0A  1924  2.91                                    0.29            
 NMVR     P   0A  1924  3.44                                    0.17            
 VRDN     P   0A  1924  3.53                                   -0.06            
 MGSL     P   0A  1924  4.62                                    0.04            
 HRS      P   0A  1924  4.17                                   -0.51            
 KRNG     P   0A  1924  5.40                                   -0.05            
                                                                                

 2012  815 1936 21.6 L  38.388  46.673  7.4      18 0.0 2.6L                   1
 Action:ARG 26-09-15 11:07 OP:OBSP STATUS:               ID:20120815193621     I
 STAT SP IPHASW D HRMM SECON CODA AMPLIT PERI AZIMU VELO AIN AR TRES W  DIS CAZ7
 HIGH     P   0A  1936 23.11                                   -0.09            
 ZANG     P   0A  1936 23.27                                   -0.11            
 MHTR     P   0A  1936 23.78                                    0.06            
 SRND     P   0A  1936 23.83                                    0.04            
 KVCH     P   0A  1936 23.84                                    0.01            
 GZCH     P   0A  1936 24.12                                   -0.01            
 HMLO     P   4A  1937 16.06                                   -8.67            
 FRMZ     P   0A  1936 25.22                                    0.19            
 ORNG     P   0A  1936 25.42                                    0.15            
 BLVR     P   0A  1936 25.79                                    0.21            
 GOLJ     P   0A  1936 25.71                                   -0.03            
 NMVR     P   0A  1936 26.23                                    0.05            
 VRDN     P   0A  1936 26.45                                   -0.05            
 AZGN     P   0A  1936 26.60                                   -0.16            
 MGSL     P   0A  1936 27.50                                    0.01            
 KRNG     P   0A  1936 28.25                                   -0.11            
 TBZ      P   0A  1936 29.98                                   -0.09            
 BST      P   0A  1936 34.84                                   -0.03            
                                                                                

 2012  815 1937 25.5 L  38.400  46.694  5.0      15 0.0 1.5L                   1
 Action:ARG 26-09-15 11:07 OP:OBSP STATUS:               ID:20120815193725     I
 STAT SP IPHASW D HRMM SECON CODA AMPLIT PERI AZIMU VELO AIN AR TRES W  DIS CAZ7
 ZANG     P   0A  1937 27.20                                   -0.12            
 HIGH     P   0A  1937 27.53                                   -0.10            
 MHTR     P   0A  1937 27.80                                    0.04            
 GZCH     P   0A  1937 28.17                                    0.03            
 SRND     P   0A  1937 28.51                                    0.01            
 KVCH     P   0A  1937 28.56                                   -0.00            
 HMLO     P   4A  1938 20.53                                   -8.76            
 ORNG     P   0A  1937 29.51                                    0.14            
 FRMZ     P   0A  1937 29.64                                    0.12            
 BLVR     P   0A  1937 30.25                                    0.24            
 NMVR     P   0A  1937 30.64                                    0.14            
 GOLJ     P   0A  1937 30.46                                   -0.07            
 HRS      P   0A  1937 31.41                                   -0.44            
 MGSL     P   0A  1937 31.99                                    0.18            
 KRNG     P   0A  1937 32.37                                   -0.16            
                                                                                

 2012  815 1939 16.6 L  38.419  46.741 11.6      19 0.0 2.9L                   1
 Action:ARG 26-09-15 11:07 OP:OBSP STATUS:               ID:20120815193916     I
 STAT SP IPHASW D HRMM SECON CODA AMPLIT PERI AZIMU VELO AIN AR TRES W  DIS CAZ7
 ZANG     P   0A  1939 19.08                                   -0.16            
 MHTR     P   0A  1939 19.40                                   -0.05            
 GZCH     P   0A  1939 19.34                                   -0.06            
 HIGH     P   0A  1939 19.85                                   -0.04            
 ORNG     P   0A  1939 20.30                                    0.19            
 SRND     P   0A  1939 20.71                                    0.08            
 KVCH     P   0A  1939 20.79                                    0.06            
 HMLO     P   4A  1940 12.40                                   -8.69            
 FRMZ     P   0A  1939 21.24                                    0.12            
 VRDN     P   0A  1939 21.25                                    0.04            
 BLVR     P   0A  1939 21.44                                    0.28            
 AZGN     P   0A  1939 21.33                                   -0.05            
 NMVR     P   0A  1939 21.48                                    0.12            
 GOLJ     P   0A  1939 22.33                                   -0.05            
 HRS      P   0A  1939 22.11                                   -0.39            
 MGSL     P   0A  1939 22.67                                    0.11            
 KRNG     P   0A  1939 22.96                                    0.02            
 TBZ      P   0A  1939 26.63                                   -0.01            
 BST      P   0A  1939 30.53                                   -0.19            
                                                                                

 2012  815 1959 43.5 L  38.390  46.651  4.2      14 0.0 1.6L                   1
 Action:ARG 26-09-15 11:07 OP:OBSP STATUS:               ID:20120815195943     I
 STAT SP IPHASW D HRMM SECON CODA AMPLIT PERI AZIMU VELO AIN AR TRES W  DIS CAZ7
 HIGH     P   4A  20 0 36.70                                   -8.63            
 KVCH     P   0A  1959 45.87                                   -0.02            
 ZANG     P   0A  1959 45.73                                   -0.02            
 SRND     P   0A  1959 46.00                                    0.05            
 MHTR     P   0A  1959 46.19                                    0.09            
 GZCH     P   0A  1959 46.78                                   -0.00            
 HMLO     P   4A  20 0 38.16                                   -8.70            
 FRMZ     P   0A  1959 47.37                                    0.12            
 GOLJ     P   0A  1959 47.80                                   -0.08            
 BLVR     P   4A  1959 48.55                                    0.22            
 NMVR     P   0A  1959 49.09                                    0.09            
 AZGN     P   0A  1959 49.41                                   -0.12            
 MGSL     P   0A  1959 50.38                                    0.06            
 KRNG     P   0A  1959 51.11                                   -0.09            
                                                                                

 2012  815 2015 12.1 L  38.389  46.656  6.6      17 0.0 1.9L                   1
 Action:ARG 26-09-15 11:07 OP:OBSP STATUS:               ID:20120815201512     I
 STAT SP IPHASW D HRMM SECON CODA AMPLIT PERI AZIMU VELO AIN AR TRES W  DIS CAZ7
 HIGH     P   0A  2015 14.23                                   -0.02            
 ZANG     P   0A  2015 14.53                                   -0.03            
 KVCH     P   0A  2015 14.69                                   -0.05            
 SRND     P   0A  2015 14.77                                    0.01            
 GZCH     P   0A  2015 15.47                                    0.04            
 HMLO     P   4A  2016  6.89                                   -8.75            
 FRMZ     P   0A  2015 16.08                                    0.09            
 ORNG     P   0A  2015 16.76                                    0.18            
 BLVR     P   0A  2015 17.18                                    0.29            
 NMVR     P   0A  2015 17.71                                    0.18            
 VRDN     P   0A  2015 17.86                                    0.00            
 AZGN     P   0A  2015 17.99                                   -0.09            
 MGSL     P   0A  2015 18.90                                    0.06            
 HRS      P   0A  2015 18.44                                   -0.51            
 KRNG     P   0A  2015 19.64                                   -0.08            
 TBZ      P   0A  2015 20.95                                   -0.03            
 BST      P   0A  2015 26.09                                   -0.02            
                                                                                

 2012  815 2018 59.7 L  38.405  46.733 10.9      19 0.0 2.4L                   1
 Action:ARG 26-09-15 11:07 OP:OBSP STATUS:               ID:20120815201859     I
 STAT SP IPHASW D HRMM SECON CODA AMPLIT PERI AZIMU VELO AIN AR TRES W  DIS CAZ7
 ZANG     P   0A  2019  2.09                                   -0.14            
 GZCH     P   0A  2019  2.47                                   -0.00            
 MHTR     P   0A  2019  2.51                                   -0.01            
 HIGH     P   0A  2019  2.63                                   -0.06            
 ORNG     P   0A  2019  3.49                                    0.18            
 SRND     P   0A  2019  3.47                                    0.06            
 KVCH     P   0A  2019  3.56                                    0.03            
 HMLO     P   4A  2019 55.41                                   -8.68            
 BLVR     P   0A  2019  4.24                                    0.20            
 FRMZ     P   0A  2019  4.33                                    0.14            
 NMVR     P   0A  2019  4.41                                    0.07            
 VRDN     P   0A  2019  4.40                                    0.03            
 AZGN     P   0A  2019  4.56                                   -0.07            
 GOLJ     P   0A  2019  5.25                                   -0.05            
 HRS      P   0A  2019  5.15                                   -0.41            
 MGSL     P   0A  2019  5.66                                    0.10            
 KRNG     P   0A  2019  6.17                                    0.04            
 TBZ      P   0A  2019  9.43                                   -0.07            
 BST      P   4A  2019 13.35                                   -0.20            
                                                                                

 2012  815 2027 44.8 L  38.387  46.665  7.4      19 0.0 1.6L                   1
 Action:ARG 26-09-15 11:07 OP:OBSP STATUS:               ID:20120815202744     I
 STAT SP IPHASW D HRMM SECON CODA AMPLIT PERI AZIMU VELO AIN AR TRES W  DIS CAZ7
 HIGH     P   0A  2027 46.89                                   -0.04            
 ZANG     P   0A  2027 47.11                                   -0.09            
 SRND     P   0A  2027 47.49                                    0.03            
 KVCH     P   0A  2027 47.46                                   -0.03            
 MHTR     P   0A  2027 47.58                                    0.06            
 GZCH     P   0A  2027 47.99                                    0.01            
 HMLO     P   4A  2028 39.70                                   -8.70            
 FRMZ     P   0A  2027 48.84                                    0.12            
 ORNG     P   0A  2027 49.40                                    0.28            
 GOLJ     P   0A  2027 49.28                                   -0.09            
 BLVR     P   0A  2027 49.67                                    0.28            
 NMVR     P   0A  2027 50.18                                    0.16            
 VRDN     P   0A  2027 50.33                                   -0.03            
 AZGN     P   0A  2027 50.50                                   -0.11            
 MGSL     P   0A  2027 51.43                                    0.10            
 HRS      P   0A  2027 50.93                                   -0.50            
 KRNG     P   0A  2027 52.11                                   -0.11            
 TBZ      P   4A  2027 53.62                                   -0.07            
 BST      P   4A  2027 58.51                                   -0.10            
                                                                                

 2012  815 2038 42.8 L  38.410  46.796  9.7      16 0.0 1.8L                   1
 Action:ARG 26-09-15 11:07 OP:OBSP STATUS:               ID:20120815203842     I
 STAT SP IPHASW D HRMM SECON CODA AMPLIT PERI AZIMU VELO AIN AR TRES W  DIS CAZ7
 GZCH     P   0A  2038 45.08                                   -0.04            
 ZANG     P   0A  2038 45.26                                   -0.10            
 MHTR     P   0A  2038 45.76                                    0.01            
 ORNG     P   0A  2038 45.95                                    0.20            
 HIGH     P   0A  2038 46.15                                   -0.05            
 VRDN     P   0A  2038 46.57                                    0.01            
 NMVR     P   0A  2038 46.74                                   -0.02            
 BLVR     P   0A  2038 46.86                                    0.10            
 AZGN     P   0A  2038 46.88                                   -0.09            
 SRND     P   0A  2038 47.13                                    0.03            
 KVCH     P   0A  2038 47.37                                    0.06            
 HMLO     P   4A  2039 39.20                                   -8.70            
 MGSL     P   0A  2038 47.90                                   -0.05            
 FRMZ     P   0A  2038 47.97                                    0.06            
 KRNG     P   0A  2038 48.27                                   -0.04            
 GOLJ     P   0A  2038 49.20                                   -0.04            
                                                                                

 2012  815 2039 41.9 L  38.403  46.731 11.6      19 0.0 2.4L                   1
 Action:ARG 26-09-15 11:07 OP:OBSP STATUS:               ID:20120815203941     I
 STAT SP IPHASW D HRMM SECON CODA AMPLIT PERI AZIMU VELO AIN AR TRES W  DIS CAZ7
 ZANG     P   0A  2039 44.39                                   -0.19            
 GZCH     P   0A  2039 44.77                                   -0.05            
 MHTR     P   0A  2039 44.83                                   -0.03            
 HIGH     P   0A  2039 44.94                                   -0.04            
 ORNG     P   0A  2039 45.81                                    0.17            
 SRND     P   0A  2039 45.77                                    0.11            
 KVCH     P   0A  2039 45.87                                    0.08            
 HMLO     P   4A  2040 37.72                                   -8.65            
 BLVR     P   0A  2039 46.51                                    0.21            
 FRMZ     P   0A  2039 46.61                                    0.13            
 NMVR     P   0A  2039 46.71                                    0.10            
 VRDN     P   0A  2039 46.71                                    0.04            
 AZGN     P   0A  2039 46.86                                   -0.08            
 GOLJ     P   0A  2039 47.56                                    0.01            
 HRS      P   0A  2039 47.49                                   -0.33            
 MGSL     P   0A  2039 47.96                                    0.14            
 KRNG     P   0A  2039 48.46                                    0.06            
 TBZ      P   0A  2039 51.60                                   -0.11            
 BST      P   0A  2039 55.58                                   -0.17            
                                                                                

 2012  815 2041 15.9 L  38.402  46.822  4.1      13 0.0 1.2L                   1
 Action:ARG 26-09-15 11:07 OP:OBSP STATUS:               ID:20120815204115     I
 STAT SP IPHASW D HRMM SECON CODA AMPLIT PERI AZIMU VELO AIN AR TRES W  DIS CAZ7
 GZCH     P   0A  2041 17.55                                   -0.02            
 ZANG     P   0A  2041 18.16                                   -0.07            
 ORNG     P   0A  2041 18.65                                    0.15            
 MHTR     P   0A  2041 18.84                                   -0.06            
 VRDN     P   0A  2041 19.15                                   -0.06            
 HIGH     P   0A  2041 19.23                                   -0.12            
 BLVR     P   0A  2041 19.59                                    0.07            
 AZGN     P   0A  2041 19.79                                   -0.07            
 SRND     P   0A  2041 20.46                                    0.05            
 MGSL     P   0A  2041 20.68                                   -0.01            
 KVCH     P   0A  2041 20.75                                    0.07            
 HMLO     P   4A  2042 12.76                                   -8.68            
 FRMZ     P   0A  2041 21.57                                    0.12            
                                                                                

 2012  815 2052 33.7 L  38.419  46.751 11.8      12 0.0 1.2L                   1
 Action:ARG 26-09-15 11:07 OP:OBSP STATUS:               ID:20120815205233     I
 STAT SP IPHASW D HRMM SECON CODA AMPLIT PERI AZIMU VELO AIN AR TRES W  DIS CAZ7
 GZCH     P   0A  2052 36.46                                   -0.02            
 MHTR     P   0A  2052 36.63                                    0.02            
 HIGH     P   0A  2052 36.97                                   -0.11            
 SRND     P   0A  2052 37.82                                   -0.01            
 KVCH     P   0A  2052 37.92                                   -0.03            
 BLVR     P   0A  2052 38.42                                    0.20            
 VRDN     P   0A  2052 38.26                                    0.06            
 HMLO     P   4A  2053 29.70                                   -8.62            
 FRMZ     P   0A  2052 38.51                                    0.17            
 MGSL     P   0A  2052 39.57                                    0.00            
 GOLJ     P   0A  2052 39.57                                   -0.06            
 KRNG     P   0A  2052 39.76                                   -0.17            
                                                                                

 2012  815 2054  2.9 L  38.423  46.740 10.7      14 0.0 1.3L                   1
 Action:ARG 26-09-15 11:07 OP:OBSP STATUS:               ID:20120815205402     I
 STAT SP IPHASW D HRMM SECON CODA AMPLIT PERI AZIMU VELO AIN AR TRES W  DIS CAZ7
 ZANG     P   0A  2054  5.30                                   -0.04            
 MHTR     P   0A  2054  5.54                                   -0.01            
 GZCH     P   0A  2054  5.49                                   -0.03            
 HIGH     P   0A  2054  6.02                                   -0.07            
 ORNG     P   0A  2054  6.45                                    0.20            
 SRND     P   0A  2054  6.84                                   -0.02            
 KVCH     P   0A  2054  6.93                                   -0.03            
 FRMZ     P   0A  2054  7.36                                    0.07            
 BLVR     P   0A  2054  7.59                                    0.16            
 VRDN     P   0A  2054  7.38                                   -0.04            
 AZGN     P   0A  2054  7.46                                   -0.10            
 NMVR     P   0A  2054  7.68                                    0.05            
 MGSL     P   0A  2054  8.80                                   -0.04            
 KRNG     P   0A  2054  9.08                                   -0.10            
                                                                                

 2012  815 2058 14.1 L  38.402  46.669  6.1      17 0.0 1.5L                   1
 Action:ARG 26-09-15 11:07 OP:OBSP STATUS:               ID:20120815205814     I
 STAT SP IPHASW D HRMM SECON CODA AMPLIT PERI AZIMU VELO AIN AR TRES W  DIS CAZ7
 ZANG     P   0A  2058 16.23                                   -0.03            
 KVCH     P   0A  2058 16.92                                   -0.05            
 SRND     P   0A  2058 17.02                                    0.04            
 GZCH     P   0A  2058 17.16                                    0.04            
 HMLO     P   4A  2059  8.92                                   -8.68            
 FRMZ     P   0A  2058 18.02                                    0.15            
 ORNG     P   0A  2058 18.46                                    0.20            
 GOLJ     P   0A  2058 18.65                                   -0.10            
 BLVR     P   0A  2058 19.15                                    0.29            
 NMVR     P   0A  2058 19.53                                    0.12            
 VRDN     P   0A  2058 19.58                                   -0.02            
 AZGN     P   0A  2058 19.68                                   -0.08            
 MGSL     P   0A  2058 20.80                                    0.07            
 HRS      P   0A  2058 20.30                                   -0.49            
 KRNG     P   0A  2058 21.38                                   -0.09            
 TBZ      P   0A  2058 23.20                                   -0.02            
 BST      P   0A  2058 28.29                                    0.01            
                                                                                

 2012  815 2059 12.2 L  38.390  46.677  4.6      14 0.0 1.2L                   1
 Action:ARG 26-09-15 11:07 OP:OBSP STATUS:               ID:20120815205912     I
 STAT SP IPHASW D HRMM SECON CODA AMPLIT PERI AZIMU VELO AIN AR TRES W  DIS CAZ7
 HIGH     P   0A  2059 14.04                                   -0.07            
 ZANG     P   0A  2059 14.15                                   -0.10            
 MHTR     P   0A  2059 14.76                                    0.06            
 SRND     P   0A  2059 14.92                                    0.01            
 KVCH     P   0A  2059 14.95                                   -0.01            
 GZCH     P   0A  2059 15.19                                    0.02            
 HMLO     P   4A  21 0  7.20                                   -8.71            
 FRMZ     P   0A  2059 16.33                                    0.11            
 ORNG     P   0A  2059 16.56                                    0.14            
 BLVR     P   0A  2059 17.09                                    0.31            
 GOLJ     P   0A  2059 16.96                                   -0.06            
 AZGN     P   0A  2059 17.87                                   -0.08            
 MGSL     P   0A  2059 18.90                                    0.20            
 HRS      P   0A  2059 18.31                                   -0.48            
                                                                                

 2012  815 21 2 49.7 L  38.397  46.667  5.1      15 0.0 2.5L                   1
 Action:ARG 26-09-15 11:07 OP:OBSP STATUS:               ID:20120815210249     I
 STAT SP IPHASW D HRMM SECON CODA AMPLIT PERI AZIMU VELO AIN AR TRES W  DIS CAZ7
 HIGH     P   0A  21 2 51.71                                   -0.04            
 ZANG     P   0A  21 2 51.76                                   -0.05            
 MHTR     P   0A  21 2 52.23                                    0.09            
 KVCH     P   0A  21 2 52.40                                   -0.03            
 SRND     P   0A  21 2 52.45                                    0.01            
 GZCH     P   0A  21 2 52.72                                   -0.03            
 HMLO     P   4A  21 3 44.53                                   -8.66            
 FRMZ     P   0A  21 2 53.64                                    0.14            
 ORNG     P   0A  21 2 54.03                                    0.08            
 GOLJ     P   0A  21 2 54.25                                   -0.08            
 BLVR     P   0A  21 2 54.59                                    0.14            
 NMVR     P   0A  21 2 55.05                                    0.02            
 VRDN     P   0A  21 2 55.14                                   -0.12            
 AZGN     P   0A  21 2 55.29                                   -0.16            
 MGSL     P   0A  21 2 56.40                                    0.06            
                                                                                

 2012  815 2114  4.4 L  38.432  46.733 10.4      16 0.0 1.2L                   1
 Action:ARG 26-09-15 11:07 OP:OBSP STATUS:               ID:20120815211404     I
 STAT SP IPHASW D HRMM SECON CODA AMPLIT PERI AZIMU VELO AIN AR TRES W  DIS CAZ7
 ZANG     P   0A  2114  6.77                                   -0.10            
 MHTR     P   0A  2114  7.03                                    0.04            
 GZCH     P   0A  2114  7.06                                   -0.03            
 HIGH     P   0A  2114  7.64                                   -0.07            
 ORNG     P   0A  2114  8.01                                    0.20            
 SRND     P   0A  2114  8.47                                   -0.00            
 KVCH     P   0A  2114  8.53                                   -0.00            
 HMLO     P   4A  2115  0.03                                   -8.65            
 FRMZ     P   0A  2114  8.82                                    0.14            
 VRDN     P   0A  2114  9.02                                   -0.06            
 AZGN     P   0A  2114  9.03                                   -0.11            
 BLVR     P   0A  2114  9.33                                    0.14            
 NMVR     P   0A  2114  9.48                                    0.11            
 GOLJ     P   0A  2114 10.02                                   -0.07            
 MGSL     P   0A  2114 10.54                                   -0.05            
 KRNG     P   0A  2114 10.76                                   -0.10            
                                                                                

