sta,dis,azm,pha,wet,ptt,res,eid,ort,lat,lon,dep,mag,nst,dmn,gap,rms,erh,erz
ZANG,7.000,55.000,P,0,3.141,-0.061,1,,,,,,,,,,,
HIGH,13.000,117.000,P,0,3.631,-0.056,1,,,,,,,,,,,
BLVR,16.000,200.000,P,0,4.081,0.081,1,,,,,,,,,,,
NMVR,16.000,231.000,P,0,4.001,-0.058,1,,,,,,,,,,,
VRDN,17.000,289.000,P,0,4.171,0.058,1,,,,,,,,,,,
SRND,19.000,119.000,P,0,4.571,0.136,1,,,,,,,,,,,
AZGN,20.000,319.000,P,0,4.621,0.013,1,,,,,,,,,,,
MGSL,24.000,235.000,P,0,5.071,-0.059,1,,,,,,,,,,,
FRMZ,26.000,57.000,P,0,5.491,0.037,1,,,,,,,,,,,
KRNG,28.000,281.000,P,0,5.701,0.027,1,,,,,,,,,,,
GOLJ,33.000,87.000,P,0,6.501,-0.084,1,,,,,,,,,,,
GRVN,37.000,246.000,P,4,58.621,-8.486,1,,,,,,,,,,,
,,,,,,,1,2012-08-14 12:10:18.509,38.392,46.798,13.790,2.300,12.000,7.000,94.000,0.080,0.141,0.000
ZANG,4.000,63.000,P,0,2.580,-0.010,2,,,,,,,,,,,
HIGH,12.000,133.000,P,0,3.230,-0.102,2,,,,,,,,,,,
SRND,18.000,129.000,P,0,4.160,0.014,2,,,,,,,,,,,
BLVR,19.000,205.000,P,0,4.360,0.138,2,,,,,,,,,,,
VRDN,19.000,279.000,P,0,4.200,0.048,2,,,,,,,,,,,
NMVR,20.000,230.000,P,0,4.340,0.015,2,,,,,,,,,,,
AZGN,20.000,309.000,P,0,4.390,-0.044,2,,,,,,,,,,,
FRMZ,23.000,59.000,P,0,4.930,0.120,2,,,,,,,,,,,
MGSL,27.000,234.000,P,0,5.460,-0.047,2,,,,,,,,,,,
KRNG,30.000,276.000,P,0,5.850,-0.030,2,,,,,,,,,,,
GOLJ,31.000,91.000,P,0,6.040,-0.068,2,,,,,,,,,,,
GRVN,40.000,245.000,P,4,59.020,-8.520,2,,,,,,,,,,,
,,,,,,,2,2012-08-14 12:22:56.250,38.414,46.770,11.074,2.400,12.000,4.000,108.000,0.080,0.141,0.000
ZANG,1.000,44.000,P,0,2.367,-0.118,3,,,,,,,,,,,
HIGH,11.000,147.000,P,0,3.167,-0.038,3,,,,,,,,,,,
SRND,17.000,138.000,P,0,4.047,0.093,3,,,,,,,,,,,
FRMZ,20.000,57.000,P,0,4.457,0.088,3,,,,,,,,,,,
VRDN,21.000,275.000,P,0,4.617,0.068,3,,,,,,,,,,,
BLVR,21.000,210.000,P,0,4.757,0.206,3,,,,,,,,,,,
AZGN,22.000,303.000,P,0,4.667,-0.019,3,,,,,,,,,,,
NMVR,22.000,232.000,P,0,4.907,0.157,3,,,,,,,,,,,
GOLJ,28.000,93.000,P,0,5.617,-0.056,3,,,,,,,,,,,
HRS ,29.000,246.000,P,0,5.497,-0.392,3,,,,,,,,,,,
MGSL,30.000,235.000,P,0,6.107,0.150,3,,,,,,,,,,,
KRNG,33.000,273.000,P,0,6.377,0.070,3,,,,,,,,,,,
GRVN,43.000,245.000,P,4,59.697,-8.314,3,,,,,,,,,,,
TBZ ,56.000,112.000,P,0,9.977,0.001,3,,,,,,,,,,,
BST ,81.000,189.000,P,0,13.957,-0.177,3,,,,,,,,,,,
,,,,,,,3,2012-08-14 12:33:17.923,38.423,46.738,11.060,3.100,15.000,1.000,100.000,0.160,0.200,0.000
HIGH,7.000,183.000,P,0,1.808,-0.045,4,,,,,,,,,,,
ZANG,7.000,302.000,P,0,1.888,0.029,4,,,,,,,,,,,
SRND,11.000,154.000,P,0,2.678,0.009,4,,,,,,,,,,,
FRMZ,17.000,37.000,P,0,3.948,0.149,4,,,,,,,,,,,
GOLJ,22.000,87.000,P,0,4.548,-0.117,4,,,,,,,,,,,
BLVR,23.000,228.000,P,0,4.978,0.142,4,,,,,,,,,,,
NMVR,26.000,245.000,P,0,5.488,0.059,4,,,,,,,,,,,
VRDN,28.000,279.000,P,0,5.628,-0.020,4,,,,,,,,,,,
AZGN,29.000,300.000,P,0,5.738,-0.085,4,,,,,,,,,,,
MGSL,34.000,245.000,P,0,6.748,-0.004,4,,,,,,,,,,,
KRNG,39.000,277.000,P,0,7.438,-0.083,4,,,,,,,,,,,
GRVN,48.000,251.000,P,4,0.408,-8.622,4,,,,,,,,,,,
,,,,,,,4,2012-08-14 12:34:10.392,38.399,46.666,3.502,2.700,12.000,7.000,95.000,0.090,0.224,-0.100
HIGH,6.000,176.000,P,0,1.751,-0.072,5,,,,,,,,,,,
ZANG,6.000,308.000,P,0,1.901,0.061,5,,,,,,,,,,,
SRND,11.000,149.000,P,0,2.691,0.003,5,,,,,,,,,,,
KVCH,11.000,131.000,P,0,2.701,0.001,5,,,,,,,,,,,
FRMZ,18.000,38.000,P,0,4.031,0.132,5,,,,,,,,,,,
BLVR,22.000,227.000,P,0,4.801,0.143,5,,,,,,,,,,,
GOLJ,22.000,86.000,P,0,4.671,-0.089,5,,,,,,,,,,,
NMVR,26.000,245.000,P,0,5.271,0.023,5,,,,,,,,,,,
AZGN,28.000,302.000,P,0,5.591,-0.126,5,,,,,,,,,,,
MGSL,33.000,245.000,P,0,6.631,0.057,5,,,,,,,,,,,
KRNG,38.000,277.000,P,0,7.271,-0.099,5,,,,,,,,,,,
GRVN,47.000,251.000,P,4,0.281,-8.573,5,,,,,,,,,,,
,,,,,,,5,2012-08-14 13:58:41.259,38.395,46.675,3.805,2.000,12.000,6.000,89.000,0.100,0.224,-0.100
ZANG,4.000,111.000,P,0,3.015,-0.245,6,,,,,,,,,,,
ORNG,9.000,305.000,P,0,3.545,0.074,6,,,,,,,,,,,
VRZ1,12.000,55.000,P,0,3.905,0.163,6,,,,,,,,,,,
HIGH,15.000,141.000,P,0,3.995,-0.117,6,,,,,,,,,,,
AZGN,18.000,302.000,P,0,4.425,-0.018,6,,,,,,,,,,,
SRND,21.000,136.000,P,0,4.915,0.082,6,,,,,,,,,,,
KVCH,21.000,126.000,P,0,4.965,0.032,6,,,,,,,,,,,
NMVR,21.000,222.000,P,0,5.045,0.135,6,,,,,,,,,,,
BLVR,22.000,200.000,P,0,5.155,0.217,6,,,,,,,,,,,
HRS ,27.000,239.000,P,0,5.485,-0.330,6,,,,,,,,,,,
MGSL,29.000,228.000,P,0,6.105,0.132,6,,,,,,,,,,,
KRNG,29.000,269.000,P,0,6.005,0.029,6,,,,,,,,,,,
GOLJ,31.000,97.000,P,0,6.365,-0.033,6,,,,,,,,,,,
GRVN,41.000,240.000,P,4,59.645,-8.189,6,,,,,,,,,,,
TABZ,58.000,137.000,P,4,11.265,0.820,6,,,,,,,,,,,
TBZ ,60.000,113.000,P,0,10.635,-0.027,6,,,,,,,,,,,
BST ,83.000,187.000,P,0,14.395,-0.063,6,,,,,,,,,,,
,,,,,,,6,2012-08-14 14:02:25.935,38.444,46.776,15.409,4.900,17.000,4.000,109.000,0.160,0.200,0.000
HIGH,6.000,199.000,P,0,1.661,-0.062,7,,,,,,,,,,,
KVCH,9.000,137.000,P,0,2.291,0.012,7,,,,,,,,,,,
ZANG,8.000,303.000,P,0,2.191,-0.029,7,,,,,,,,,,,
SRND,9.000,158.000,P,0,2.411,0.064,7,,,,,,,,,,,
VRZ1,13.000,353.000,P,0,3.071,0.007,7,,,,,,,,,,,
FRMZ,17.000,31.000,P,0,3.891,0.079,7,,,,,,,,,,,
GOLJ,20.000,83.000,P,0,4.321,-0.082,7,,,,,,,,,,,
ORNG,22.000,302.000,P,0,4.721,0.143,7,,,,,,,,,,,
BLVR,23.000,232.000,P,0,5.181,0.310,7,,,,,,,,,,,
NMVR,27.000,249.000,P,0,5.641,0.082,7,,,,,,,,,,,
VRDN,29.000,281.000,P,0,5.921,0.017,7,,,,,,,,,,,
AZGN,31.000,301.000,P,0,6.041,-0.077,7,,,,,,,,,,,
MGSL,35.000,248.000,P,0,6.941,0.069,7,,,,,,,,,,,
HRS ,35.000,257.000,P,0,6.551,-0.434,7,,,,,,,,,,,
TABZ,46.000,142.000,P,4,9.621,0.898,7,,,,,,,,,,,
TBZ ,47.000,111.000,P,0,8.821,-0.012,7,,,,,,,,,,,
BST ,79.000,195.000,P,0,14.061,-0.092,7,,,,,,,,,,,
,,,,,,,7,2012-08-14 15:48:20.059,38.388,46.649,3.701,3.700,17.000,6.000,53.000,0.160,0.200,-0.100
ZANG,7.000,298.000,P,0,2.025,0.011,8,,,,,,,,,,,
KVCH,10.000,139.000,P,0,2.465,-0.032,8,,,,,,,,,,,
SRND,11.000,158.000,P,0,2.595,0.013,8,,,,,,,,,,,
FRMZ,16.000,34.000,P,0,3.815,0.110,8,,,,,,,,,,,
GOLJ,21.000,86.000,P,0,4.415,-0.077,8,,,,,,,,,,,
ORNG,21.000,300.000,P,0,4.485,0.072,8,,,,,,,,,,,
BLVR,24.000,229.000,P,0,5.055,0.106,8,,,,,,,,,,,
NMVR,27.000,246.000,P,0,5.515,-0.057,8,,,,,,,,,,,
VRDN,29.000,279.000,P,0,5.675,-0.127,8,,,,,,,,,,,
AZGN,30.000,300.000,P,4,41.695,-24.267,8,,,,,,,,,,,
MGSL,35.000,246.000,P,0,6.965,0.077,8,,,,,,,,,,,
KRNG,40.000,277.000,P,4,7.505,-0.171,8,,,,,,,,,,,
,,,,,,,8,2012-08-14 17:05:17.855,38.399,46.655,3.546,1.900,12.000,7.000,94.000,0.100,0.200,-0.100
ZANG,3.000,56.000,P,0,2.437,-0.176,9,,,,,,,,,,,
ORNG,12.000,313.000,P,0,3.517,0.179,9,,,,,,,,,,,
SRND,17.000,132.000,P,0,4.087,0.015,9,,,,,,,,,,,
KVCH,18.000,121.000,P,0,4.207,-0.006,9,,,,,,,,,,,
VRDN,20.000,278.000,P,0,4.377,0.049,9,,,,,,,,,,,
BLVR,19.000,207.000,P,0,4.547,0.219,9,,,,,,,,,,,
NMVR,20.000,231.000,P,0,4.577,0.099,9,,,,,,,,,,,
FRMZ,22.000,57.000,P,0,4.717,0.025,9,,,,,,,,,,,
HRS ,27.000,247.000,P,0,5.137,-0.456,9,,,,,,,,,,,
MGSL,28.000,235.000,P,0,5.707,0.046,9,,,,,,,,,,,
GOLJ,30.000,91.000,P,0,5.937,-0.022,9,,,,,,,,,,,
KRNG,31.000,275.000,P,0,6.077,0.026,9,,,,,,,,,,,
,,,,,,,9,2012-08-14 17:19:59.153,38.415,46.758,11.527,2.000,12.000,3.000,102.000,0.170,0.200,0.000
ZANG,1.000,46.000,P,0,2.298,-0.165,10,,,,,,,,,,,
ORNG,13.000,305.000,P,0,3.588,0.210,10,,,,,,,,,,,
SRND,17.000,138.000,P,0,3.968,0.017,10,,,,,,,,,,,
KVCH,17.000,127.000,P,0,4.048,0.007,10,,,,,,,,,,,
FRMZ,20.000,57.000,P,0,4.448,0.086,10,,,,,,,,,,,
BLVR,21.000,210.000,P,0,4.718,0.171,10,,,,,,,,,,,
VRDN,21.000,275.000,P,0,4.578,0.038,10,,,,,,,,,,,
AZGN,22.000,303.000,P,0,4.618,-0.057,10,,,,,,,,,,,
NMVR,22.000,232.000,P,0,4.848,0.103,10,,,,,,,,,,,
GOLJ,28.000,93.000,P,0,5.588,-0.085,10,,,,,,,,,,,
HRS ,29.000,246.000,P,0,5.468,-0.417,10,,,,,,,,,,,
MGSL,30.000,235.000,P,0,6.058,0.104,10,,,,,,,,,,,
KRNG,33.000,273.000,P,0,6.288,-0.014,10,,,,,,,,,,,
,,,,,,,10,2012-08-14 18:03:34.872,38.424,46.738,10.919,1.900,13.000,1.000,100.000,0.160,0.200,0.000
ZANG,7.000,72.000,P,0,2.814,-0.182,11,,,,,,,,,,,
ORNG,10.000,330.000,P,0,3.364,0.143,11,,,,,,,,,,,
HIGH,14.000,124.000,P,4,58.254,-5.483,11,,,,,,,,,,,
VRDN,16.000,282.000,P,0,3.984,0.099,11,,,,,,,,,,,
NMVR,17.000,224.000,P,0,4.194,0.088,11,,,,,,,,,,,
BLVR,18.000,197.000,P,0,4.314,0.169,11,,,,,,,,,,,
AZGN,18.000,316.000,P,0,4.204,-0.060,11,,,,,,,,,,,
SRND,20.000,124.000,P,0,4.554,0.003,11,,,,,,,,,,,
KVCH,21.000,115.000,P,0,4.784,0.031,11,,,,,,,,,,,
HRS ,23.000,244.000,P,0,4.664,-0.424,11,,,,,,,,,,,
MGSL,25.000,231.000,P,0,5.264,0.063,11,,,,,,,,,,,
FRMZ,25.000,61.000,P,0,5.324,0.042,11,,,,,,,,,,,
KRNG,27.000,277.000,P,0,5.574,0.070,11,,,,,,,,,,,
GOLJ,33.000,90.000,P,0,6.574,-0.022,11,,,,,,,,,,,
,,,,,,,11,2012-08-14 18:27:32.136,38.411,46.803,12.638,1.900,14.000,7.000,90.000,0.160,0.200,0.000
ORNG,10.000,3.000,P,0,2.767,0.137,12,,,,,,,,,,,
VRDN,11.000,291.000,P,0,2.797,0.007,12,,,,,,,,,,,
ZANG,12.000,76.000,P,0,2.927,-0.146,12,,,,,,,,,,,
NMVR,13.000,210.000,P,0,3.217,0.022,12,,,,,,,,,,,
AZGN,16.000,332.000,P,0,3.497,-0.076,12,,,,,,,,,,,
BLVR,16.000,178.000,P,0,3.677,0.060,12,,,,,,,,,,,
HIGH,18.000,113.000,P,4,34.437,-29.610,12,,,,,,,,,,,
MGSL,20.000,222.000,P,0,4.247,-0.063,12,,,,,,,,,,,
KRNG,22.000,280.000,P,0,4.517,-0.001,12,,,,,,,,,,,
SRND,25.000,115.000,P,0,5.057,0.028,12,,,,,,,,,,,
KVCH,26.000,108.000,P,0,5.437,0.117,12,,,,,,,,,,,
FRMZ,30.000,65.000,P,0,6.017,0.035,12,,,,,,,,,,,
GOLJ,39.000,89.000,P,0,7.437,-0.004,12,,,,,,,,,,,
,,,,,,,12,2012-08-14 18:42:57.733,38.404,46.865,7.786,1.900,13.000,10.000,63.000,0.090,0.200,0.000
ZANG,9.000,55.000,P,0,2.532,-0.037,13,,,,,,,,,,,
HIGH,14.000,110.000,P,0,3.092,-0.127,13,,,,,,,,,,,
BLVR,14.000,196.000,P,0,3.472,0.200,13,,,,,,,,,,,
VRDN,16.000,294.000,P,0,3.642,0.138,13,,,,,,,,,,,
SRND,20.000,114.000,P,0,4.202,0.010,13,,,,,,,,,,,
AZGN,20.000,324.000,P,0,4.242,-0.007,13,,,,,,,,,,,
KVCH,21.000,106.000,P,0,4.552,0.053,13,,,,,,,,,,,
HRS ,21.000,250.000,P,0,4.092,-0.415,13,,,,,,,,,,,
MGSL,22.000,235.000,P,0,4.662,0.106,13,,,,,,,,,,,
KRNG,27.000,284.000,P,0,5.342,0.060,13,,,,,,,,,,,
FRMZ,28.000,57.000,P,0,5.612,0.074,13,,,,,,,,,,,
GOLJ,35.000,85.000,P,0,6.682,-0.052,13,,,,,,,,,,,
,,,,,,,13,2012-08-14 19:40:50.278,38.382,46.815,6.905,1.600,12.000,9.000,89.000,0.160,0.200,0.000
ZANG,1.000,22.000,P,0,2.289,-0.127,14,,,,,,,,,,,
HIGH,10.000,146.000,P,0,3.019,-0.067,14,,,,,,,,,,,
ORNG,13.000,306.000,P,0,3.609,0.192,14,,,,,,,,,,,
SRND,16.000,137.000,P,0,3.889,0.045,14,,,,,,,,,,,
KVCH,17.000,126.000,P,0,3.979,0.036,14,,,,,,,,,,,
FRMZ,20.000,55.000,P,0,4.449,0.083,14,,,,,,,,,,,
BLVR,21.000,212.000,P,0,4.659,0.188,14,,,,,,,,,,,
VRDN,21.000,276.000,P,0,4.619,0.053,14,,,,,,,,,,,
AZGN,22.000,304.000,P,0,4.669,-0.069,14,,,,,,,,,,,
NMVR,22.000,234.000,P,0,4.759,0.057,14,,,,,,,,,,,
GOLJ,28.000,92.000,P,0,5.529,-0.098,14,,,,,,,,,,,
HRS ,29.000,247.000,P,0,5.469,-0.402,14,,,,,,,,,,,
MGSL,30.000,236.000,P,0,6.029,0.106,14,,,,,,,,,,,
KRNG,33.000,274.000,P,0,6.339,0.003,14,,,,,,,,,,,
,,,,,,,14,2012-08-14 19:58:53.571,38.418,46.736,10.572,2.800,14.000,1.000,74.000,0.150,0.200,0.000
ZANG,7.000,35.000,P,0,2.676,-0.155,15,,,,,,,,,,,
HIGH,10.000,114.000,P,0,3.026,-0.089,15,,,,,,,,,,,
ORNG,15.000,330.000,P,0,3.716,0.107,15,,,,,,,,,,,
SRND,16.000,117.000,P,0,3.966,0.079,15,,,,,,,,,,,
NMVR,17.000,239.000,P,0,4.106,0.196,15,,,,,,,,,,,
KVCH,18.000,107.000,P,0,4.246,0.100,15,,,,,,,,,,,
VRDN,19.000,292.000,P,0,4.326,0.087,15,,,,,,,,,,,
AZGN,23.000,318.000,P,0,4.686,-0.127,15,,,,,,,,,,,
FRMZ,25.000,51.000,P,0,5.276,0.028,15,,,,,,,,,,,
HRS ,24.000,254.000,P,0,4.796,-0.331,15,,,,,,,,,,,
MGSL,24.000,241.000,P,0,5.286,0.196,15,,,,,,,,,,,
KRNG,30.000,284.000,P,0,5.956,0.051,15,,,,,,,,,,,
TBZ ,57.000,106.000,P,0,10.226,0.014,15,,,,,,,,,,,
BST ,76.000,187.000,P,0,13.086,-0.158,15,,,,,,,,,,,
,,,,,,,15,2012-08-14 20:10:56.664,38.377,46.777,11.110,3.300,14.000,7.000,72.000,0.150,0.200,0.000
HIGH,5.000,199.000,P,0,1.663,-0.012,16,,,,,,,,,,,
KVCH,9.000,134.000,P,0,2.253,-0.003,16,,,,,,,,,,,
SRND,9.000,156.000,P,0,2.373,0.081,16,,,,,,,,,,,
ZANG,9.000,307.000,P,0,2.203,-0.070,16,,,,,,,,,,,
FRMZ,18.000,30.000,P,0,3.913,0.038,16,,,,,,,,,,,
GOLJ,20.000,82.000,P,4,1.213,-3.201,16,,,,,,,,,,,
ORNG,22.000,303.000,P,0,4.723,0.147,16,,,,,,,,,,,
NMVR,27.000,250.000,P,0,5.653,0.176,16,,,,,,,,,,,
VRDN,29.000,282.000,P,0,5.903,0.035,16,,,,,,,,,,,
AZGN,31.000,302.000,P,0,6.043,-0.068,16,,,,,,,,,,,
MGSL,35.000,249.000,P,0,6.963,0.175,16,,,,,,,,,,,
HRS ,35.000,258.000,P,0,6.533,-0.380,16,,,,,,,,,,,
KRNG,41.000,279.000,P,0,7.733,0.006,16,,,,,,,,,,,
TBZ ,47.000,111.000,P,0,8.743,-0.055,16,,,,,,,,,,,
BST ,79.000,195.000,P,0,13.983,-0.056,16,,,,,,,,,,,
,,,,,,,16,2012-08-14 20:20:32.987,38.383,46.651,3.922,2.900,15.000,5.000,83.000,0.140,0.200,-0.100
HIGH,5.000,174.000,P,0,1.690,-0.108,17,,,,,,,,,,,
ZANG,7.000,314.000,P,0,1.880,-0.094,17,,,,,,,,,,,
KVCH,11.000,128.000,P,0,2.670,0.014,17,,,,,,,,,,,
FRMZ,18.000,37.000,P,0,4.060,0.109,17,,,,,,,,,,,
ORNG,20.000,305.000,P,0,4.290,0.133,17,,,,,,,,,,,
BLVR,22.000,228.000,P,0,4.740,0.237,17,,,,,,,,,,,
GOLJ,23.000,84.000,P,0,4.680,-0.055,17,,,,,,,,,,,
NMVR,25.000,247.000,P,0,5.240,0.117,17,,,,,,,,,,,
VRDN,27.000,282.000,P,0,5.420,-0.017,17,,,,,,,,,,,
AZGN,29.000,303.000,P,0,5.590,-0.106,17,,,,,,,,,,,
MGSL,33.000,246.000,P,0,6.550,0.110,17,,,,,,,,,,,
HRS ,33.000,256.000,P,0,6.060,-0.470,17,,,,,,,,,,,
KRNG,38.000,278.000,P,0,7.430,0.131,17,,,,,,,,,,,
,,,,,,,17,2012-08-14 21:02:33.500,38.389,46.676,4.406,1.700,13.000,5.000,83.000,0.180,0.200,-0.000
ZANG,4.000,55.000,P,0,2.413,-0.080,18,,,,,,,,,,,
HIGH,11.000,132.000,P,0,3.073,-0.122,18,,,,,,,,,,,
ORNG,12.000,318.000,P,0,3.383,0.166,18,,,,,,,,,,,
SRND,18.000,128.000,P,0,4.043,0.016,18,,,,,,,,,,,
BLVR,18.000,206.000,P,0,4.263,0.147,18,,,,,,,,,,,
KVCH,19.000,118.000,P,0,4.243,0.043,18,,,,,,,,,,,
VRDN,19.000,281.000,P,0,4.153,-0.006,18,,,,,,,,,,,
NMVR,19.000,231.000,P,0,4.303,0.047,18,,,,,,,,,,,
AZGN,21.000,310.000,P,0,4.383,-0.099,18,,,,,,,,,,,
FRMZ,23.000,57.000,P,0,4.903,0.099,18,,,,,,,,,,,
MGSL,27.000,235.000,P,0,5.373,-0.088,18,,,,,,,,,,,
KRNG,30.000,277.000,P,0,5.843,-0.064,18,,,,,,,,,,,
GOLJ,30.000,90.000,P,0,6.003,-0.059,18,,,,,,,,,,,
,,,,,,,18,2012-08-14 21:11:55.097,38.409,46.768,10.370,1.200,13.000,4.000,95.000,0.100,0.200,0.000
ORNG,9.000,6.000,P,0,2.995,0.067,19,,,,,,,,,,,
VRDN,10.000,289.000,P,0,3.155,0.113,19,,,,,,,,,,,
ZANG,12.000,80.000,P,0,3.275,-0.150,19,,,,,,,,,,,
NMVR,14.000,206.000,P,0,3.605,0.079,19,,,,,,,,,,,
AZGN,15.000,332.000,P,0,3.685,0.010,19,,,,,,,,,,,
BLVR,17.000,177.000,P,0,4.015,0.073,19,,,,,,,,,,,
HRS ,18.000,235.000,P,0,3.845,-0.412,19,,,,,,,,,,,
HIGH,19.000,114.000,P,0,4.195,-0.141,19,,,,,,,,,,,
MGSL,20.000,220.000,P,0,4.695,0.197,19,,,,,,,,,,,
SRND,25.000,116.000,P,0,5.305,0.062,19,,,,,,,,,,,
KVCH,27.000,109.000,P,0,5.615,0.105,19,,,,,,,,,,,
FRMZ,31.000,67.000,P,0,6.055,0.009,19,,,,,,,,,,,
GOLJ,39.000,90.000,P,0,7.475,-0.013,19,,,,,,,,,,,
,,,,,,,19,2012-08-14 21:17:20.615,38.411,46.870,11.284,1.200,13.000,9.000,60.000,0.160,0.200,0.000
ZANG,2.000,50.000,P,0,2.583,-0.136,20,,,,,,,,,,,
HIGH,11.000,140.000,P,0,3.253,-0.099,20,,,,,,,,,,,
ORNG,13.000,311.000,P,0,3.663,0.193,20,,,,,,,,,,,
SRND,17.000,134.000,P,0,4.123,0.041,20,,,,,,,,,,,
KVCH,18.000,123.000,P,0,4.233,0.027,20,,,,,,,,,,,
BLVR,20.000,209.000,P,0,4.673,0.223,20,,,,,,,,,,,
VRDN,20.000,277.000,P,0,4.543,0.069,20,,,,,,,,,,,
NMVR,21.000,232.000,P,0,4.693,0.071,20,,,,,,,,,,,
FRMZ,21.000,57.000,P,0,4.713,0.070,20,,,,,,,,,,,
AZGN,21.000,306.000,P,0,4.613,-0.071,20,,,,,,,,,,,
HRS ,28.000,247.000,P,0,5.303,-0.429,20,,,,,,,,,,,
MGSL,29.000,235.000,P,0,5.883,0.090,20,,,,,,,,,,,
GOLJ,29.000,91.000,P,0,5.823,-0.062,20,,,,,,,,,,,
KRNG,32.000,275.000,P,0,6.193,0.013,20,,,,,,,,,,,
,,,,,,,20,2012-08-14 21:20:09.087,38.416,46.751,12.359,1.200,14.000,2.000,99.000,0.160,0.200,0.000
ORNG,10.000,354.000,P,0,3.154,0.110,21,,,,,,,,,,,
ZANG,11.000,73.000,P,0,3.074,-0.151,21,,,,,,,,,,,
VRDN,12.000,290.000,P,0,3.414,0.100,21,,,,,,,,,,,
NMVR,14.000,216.000,P,0,3.664,0.109,21,,,,,,,,,,,
BLVR,16.000,184.000,P,0,3.944,0.135,21,,,,,,,,,,,
AZGN,17.000,328.000,P,0,3.864,-0.076,21,,,,,,,,,,,
HIGH,17.000,114.000,P,0,3.894,-0.125,21,,,,,,,,,,,
HRS ,20.000,241.000,P,0,4.004,-0.428,21,,,,,,,,,,,
MGSL,21.000,226.000,P,0,4.644,0.048,21,,,,,,,,,,,
KRNG,23.000,280.000,P,0,5.014,0.133,21,,,,,,,,,,,
SRND,23.000,116.000,P,0,4.964,0.060,21,,,,,,,,,,,
KVCH,25.000,109.000,P,0,5.264,0.093,21,,,,,,,,,,,
FRMZ,29.000,63.000,P,0,5.844,0.013,21,,,,,,,,,,,
GOLJ,37.000,89.000,P,0,7.154,-0.022,21,,,,,,,,,,,
,,,,,,,21,2012-08-14 21:26:25.496,38.402,46.848,11.344,1.300,14.000,10.000,69.000,0.160,0.200,0.000
ZANG,4.000,43.000,P,0,2.540,-0.122,22,,,,,,,,,,,
HIGH,11.000,133.000,P,0,3.120,-0.113,22,,,,,,,,,,,
ORNG,13.000,317.000,P,0,3.620,0.186,22,,,,,,,,,,,
SRND,17.000,129.000,P,0,4.040,0.045,22,,,,,,,,,,,
KVCH,18.000,118.000,P,0,4.200,0.043,22,,,,,,,,,,,
BLVR,18.000,209.000,P,0,4.400,0.193,22,,,,,,,,,,,
VRDN,20.000,281.000,P,0,4.410,0.056,22,,,,,,,,,,,
NMVR,20.000,233.000,P,0,4.490,0.098,22,,,,,,,,,,,
AZGN,22.000,310.000,P,0,4.580,-0.085,22,,,,,,,,,,,
FRMZ,22.000,55.000,P,0,4.860,0.074,22,,,,,,,,,,,
HRS ,27.000,248.000,P,0,5.120,-0.414,22,,,,,,,,,,,
MGSL,27.000,237.000,P,0,5.640,0.066,22,,,,,,,,,,,
GOLJ,30.000,89.000,P,0,5.900,-0.069,22,,,,,,,,,,,
KRNG,31.000,277.000,P,0,6.110,0.044,22,,,,,,,,,,,
,,,,,,,22,2012-08-14 21:30:13.170,38.406,46.759,11.652,1.400,14.000,4.000,86.000,0.150,0.200,0.000
ZANG,4.000,49.000,P,0,2.262,-0.133,23,,,,,,,,,,,
HIGH,11.000,133.000,P,0,2.992,-0.097,23,,,,,,,,,,,
ORNG,12.000,317.000,P,0,3.422,0.197,23,,,,,,,,,,,
SRND,17.000,129.000,P,0,3.992,0.061,23,,,,,,,,,,,
KVCH,18.000,118.000,P,0,4.162,0.061,23,,,,,,,,,,,
BLVR,19.000,208.000,P,0,4.272,0.161,23,,,,,,,,,,,
VRDN,19.000,281.000,P,0,4.252,0.039,23,,,,,,,,,,,
NMVR,20.000,232.000,P,0,4.372,0.089,23,,,,,,,,,,,
AZGN,21.000,310.000,P,0,4.472,-0.060,23,,,,,,,,,,,
FRMZ,22.000,56.000,P,0,4.792,0.060,23,,,,,,,,,,,
HRS ,27.000,248.000,P,0,5.022,-0.430,23,,,,,,,,,,,
MGSL,27.000,236.000,P,0,5.612,0.105,23,,,,,,,,,,,
GOLJ,30.000,90.000,P,0,5.892,-0.084,23,,,,,,,,,,,
KRNG,31.000,277.000,P,0,6.012,0.031,23,,,,,,,,,,,
,,,,,,,23,2012-08-14 21:32:40.418,38.408,46.762,9.842,1.400,14.000,4.000,91.000,0.160,0.200,0.000
ZANG,6.000,88.000,P,0,2.820,-0.161,24,,,,,,,,,,,
ORNG,9.000,322.000,P,0,3.240,0.129,24,,,,,,,,,,,
HIGH,15.000,131.000,P,0,3.760,-0.114,24,,,,,,,,,,,
VRDN,16.000,275.000,P,0,4.000,0.086,24,,,,,,,,,,,
AZGN,17.000,311.000,P,0,4.120,-0.016,24,,,,,,,,,,,
NMVR,19.000,221.000,P,0,4.440,0.088,24,,,,,,,,,,,
BLVR,19.000,196.000,P,0,4.650,0.217,24,,,,,,,,,,,
SRND,21.000,128.000,P,0,4.740,0.050,24,,,,,,,,,,,
KVCH,22.000,120.000,P,0,4.900,0.048,24,,,,,,,,,,,
FRMZ,24.000,65.000,P,0,5.170,0.050,24,,,,,,,,,,,
HRS ,25.000,240.000,P,0,4.880,-0.400,24,,,,,,,,,,,
MGSL,26.000,228.000,P,0,5.490,0.049,24,,,,,,,,,,,
KRNG,27.000,273.000,P,0,5.560,0.017,24,,,,,,,,,,,
GOLJ,33.000,94.000,P,0,6.520,-0.042,24,,,,,,,,,,,
,,,,,,,24,2012-08-14 21:48:16.550,38.428,46.799,12.876,1.500,14.000,6.000,101.000,0.150,0.200,0.000
HIGH,6.000,188.000,P,0,1.820,-0.092,25,,,,,,,,,,,
ZANG,7.000,303.000,P,0,2.000,-0.100,25,,,,,,,,,,,
KVCH,10.000,136.000,P,0,2.530,-0.022,25,,,,,,,,,,,
FRMZ,17.000,35.000,P,0,3.840,0.114,25,,,,,,,,,,,
GOLJ,21.000,85.000,P,0,4.430,-0.057,25,,,,,,,,,,,
ORNG,20.000,301.000,P,0,4.460,0.159,25,,,,,,,,,,,
BLVR,23.000,229.000,P,0,5.040,0.285,25,,,,,,,,,,,
NMVR,27.000,247.000,P,0,5.530,0.163,25,,,,,,,,,,,
AZGN,29.000,301.000,P,0,5.760,-0.067,25,,,,,,,,,,,
MGSL,34.000,246.000,P,0,6.760,0.078,25,,,,,,,,,,,
HRS ,35.000,256.000,P,0,6.350,-0.418,25,,,,,,,,,,,
KRNG,40.000,277.000,P,0,7.460,-0.043,25,,,,,,,,,,,
,,,,,,,25,2012-08-14 21:56:12.510,38.395,46.660,4.612,2.400,12.000,6.000,91.000,0.180,0.200,-0.000
HIGH,6.000,177.000,P,0,1.771,-0.040,26,,,,,,,,,,,
ZANG,6.000,309.000,P,0,1.891,0.010,26,,,,,,,,,,,
SRND,11.000,149.000,P,0,2.681,0.021,26,,,,,,,,,,,
KVCH,11.000,131.000,P,0,2.671,-0.005,26,,,,,,,,,,,
FRMZ,18.000,38.000,P,0,4.001,0.102,26,,,,,,,,,,,
ORNG,19.000,303.000,P,0,4.331,0.153,26,,,,,,,,,,,
BLVR,22.000,228.000,P,0,4.881,0.244,26,,,,,,,,,,,
GOLJ,22.000,85.000,P,0,4.631,-0.103,26,,,,,,,,,,,
NMVR,26.000,246.000,P,0,5.341,0.104,26,,,,,,,,,,,
VRDN,27.000,281.000,P,0,5.501,-0.005,26,,,,,,,,,,,
AZGN,28.000,302.000,P,0,5.641,-0.088,26,,,,,,,,,,,
MGSL,33.000,246.000,P,0,6.641,0.080,26,,,,,,,,,,,
HRS ,33.000,255.000,P,0,6.201,-0.438,26,,,,,,,,,,,
KRNG,38.000,278.000,P,0,7.341,-0.033,26,,,,,,,,,,,
,,,,,,,26,2012-08-14 21:58:39.979,38.394,46.674,3.913,2.200,14.000,6.000,87.000,0.160,0.200,-0.100
ORNG,9.000,345.000,P,0,2.901,0.155,27,,,,,,,,,,,
ZANG,9.000,77.000,P,0,2.691,-0.144,27,,,,,,,,,,,
VRDN,13.000,284.000,P,0,3.311,0.031,27,,,,,,,,,,,
AZGN,17.000,322.000,P,0,3.761,-0.053,27,,,,,,,,,,,
HIGH,16.000,119.000,P,0,3.661,-0.126,27,,,,,,,,,,,
BLVR,17.000,188.000,P,0,3.951,0.102,27,,,,,,,,,,,
HRS ,21.000,241.000,P,4,4.041,-0.553,27,,,,,,,,,,,
MGSL,23.000,226.000,P,0,4.701,-0.077,27,,,,,,,,,,,
SRND,22.000,120.000,P,0,4.811,0.078,27,,,,,,,,,,,
KRNG,24.000,278.000,P,0,4.961,-0.049,27,,,,,,,,,,,
KVCH,24.000,112.000,P,0,5.071,0.091,27,,,,,,,,,,,
FRMZ,28.000,64.000,P,0,5.561,0.018,27,,,,,,,,,,,
GOLJ,36.000,90.000,P,0,6.921,-0.027,27,,,,,,,,,,,
,,,,,,,27,2012-08-14 22:37:18.959,38.411,46.833,9.376,1.500,13.000,9.000,78.000,0.100,0.200,-0.100
ZANG,5.000,74.000,P,0,2.548,-0.172,28,,,,,,,,,,,
ORNG,10.000,322.000,P,0,3.288,0.184,28,,,,,,,,,,,
HIGH,13.000,130.000,P,0,3.438,-0.095,28,,,,,,,,,,,
VRDN,17.000,279.000,P,0,4.058,0.108,28,,,,,,,,,,,
AZGN,19.000,312.000,P,0,4.208,-0.046,28,,,,,,,,,,,
BLVR,18.000,200.000,P,0,4.408,0.211,28,,,,,,,,,,,
SRND,20.000,127.000,P,0,4.428,0.060,28,,,,,,,,,,,
KVCH,21.000,118.000,P,0,4.618,0.072,28,,,,,,,,,,,
FRMZ,24.000,61.000,P,0,5.038,0.034,28,,,,,,,,,,,
HRS ,25.000,244.000,P,0,4.858,-0.386,28,,,,,,,,,,,
MGSL,26.000,231.000,P,0,5.448,0.090,28,,,,,,,,,,,
GOLJ,32.000,91.000,P,0,6.298,-0.058,28,,,,,,,,,,,
,,,,,,,28,2012-08-14 22:55:05.092,38.417,46.788,11.412,1.500,12.000,5.000,98.000,0.170,0.200,0.000
ZANG,9.000,45.000,P,0,2.337,-0.043,29,,,,,,,,,,,
HIGH,12.000,109.000,P,0,2.787,-0.129,29,,,,,,,,,,,
BLVR,14.000,202.000,P,0,3.407,0.209,29,,,,,,,,,,,
ORNG,14.000,337.000,P,0,3.347,0.180,29,,,,,,,,,,,
VRDN,17.000,294.000,P,0,3.847,0.105,29,,,,,,,,,,,
SRND,18.000,114.000,P,0,3.937,0.022,29,,,,,,,,,,,
KVCH,20.000,105.000,P,0,4.287,0.057,29,,,,,,,,,,,
AZGN,22.000,322.000,P,0,4.367,-0.107,29,,,,,,,,,,,
HRS ,22.000,253.000,P,0,4.257,-0.418,29,,,,,,,,,,,
MGSL,23.000,239.000,P,0,4.777,0.105,29,,,,,,,,,,,
FRMZ,27.000,54.000,P,0,5.427,0.015,29,,,,,,,,,,,
KRNG,28.000,285.000,P,0,5.557,0.026,29,,,,,,,,,,,
GOLJ,33.000,83.000,P,0,6.467,-0.044,29,,,,,,,,,,,
,,,,,,,29,2012-08-14 22:55:52.703,38.376,46.799,5.605,2.400,13.000,9.000,90.000,0.160,0.200,-0.000
HIGH,7.000,203.000,P,0,1.830,-0.081,30,,,,,,,,,,,
KVCH,9.000,145.000,P,0,2.250,-0.060,30,,,,,,,,,,,
SRND,10.000,165.000,P,0,2.510,0.046,30,,,,,,,,,,,
ZANG,9.000,295.000,P,0,2.270,0.007,30,,,,,,,,,,,
FRMZ,16.000,30.000,P,0,3.750,0.151,30,,,,,,,,,,,
GOLJ,19.000,86.000,P,0,4.170,-0.075,30,,,,,,,,,,,
ORNG,22.000,298.000,P,0,4.700,0.066,30,,,,,,,,,,,
BLVR,25.000,232.000,P,0,5.260,0.156,30,,,,,,,,,,,
VRDN,30.000,279.000,P,0,5.940,-0.088,30,,,,,,,,,,,
AZGN,31.000,299.000,P,0,6.050,-0.123,30,,,,,,,,,,,
MGSL,36.000,247.000,P,0,7.220,0.142,30,,,,,,,,,,,
KRNG,41.000,277.000,P,0,7.780,-0.122,30,,,,,,,,,,,
,,,,,,,30,2012-08-14 23:11:15.090,38.397,46.639,3.616,1.300,12.000,7.000,90.000,0.110,0.200,-0.100
ZANG,2.000,55.000,P,0,2.345,-0.099,31,,,,,,,,,,,
HIGH,11.000,141.000,P,0,3.105,-0.082,31,,,,,,,,,,,
ORNG,12.000,310.000,P,0,3.475,0.195,31,,,,,,,,,,,
SRND,17.000,134.000,P,0,4.015,0.034,31,,,,,,,,,,,
KVCH,18.000,123.000,P,0,4.135,0.030,31,,,,,,,,,,,
BLVR,20.000,208.000,P,0,4.515,0.140,31,,,,,,,,,,,
VRDN,20.000,277.000,P,0,4.355,-0.013,31,,,,,,,,,,,
NMVR,21.000,232.000,P,0,4.545,-0.000,31,,,,,,,,,,,
AZGN,21.000,305.000,P,0,4.475,-0.095,31,,,,,,,,,,,
FRMZ,21.000,57.000,P,0,4.615,0.083,31,,,,,,,,,,,
MGSL,29.000,235.000,P,0,5.705,-0.049,31,,,,,,,,,,,
GOLJ,29.000,92.000,P,0,5.765,-0.069,31,,,,,,,,,,,
KRNG,31.000,274.000,P,0,6.055,-0.073,31,,,,,,,,,,,
,,,,,,,31,2012-08-14 23:11:52.365,38.419,46.751,10.613,1.200,13.000,2.000,105.000,0.090,0.200,0.000
ZANG,5.000,313.000,P,0,1.710,0.042,32,,,,,,,,,,,
HIGH,7.000,167.000,P,0,1.820,-0.051,32,,,,,,,,,,,
SRND,12.000,146.000,P,0,2.830,-0.001,32,,,,,,,,,,,
KVCH,12.000,129.000,P,0,2.880,0.002,32,,,,,,,,,,,
ORNG,18.000,304.000,P,0,4.090,0.085,32,,,,,,,,,,,
FRMZ,18.000,41.000,P,0,4.110,0.114,32,,,,,,,,,,,
BLVR,22.000,225.000,P,0,4.700,0.120,32,,,,,,,,,,,
GOLJ,23.000,87.000,P,0,4.870,-0.085,32,,,,,,,,,,,
NMVR,25.000,244.000,P,0,5.110,-0.014,32,,,,,,,,,,,
VRDN,26.000,280.000,P,0,5.230,-0.108,32,,,,,,,,,,,
AZGN,27.000,302.000,P,0,5.410,-0.156,32,,,,,,,,,,,
MGSL,32.000,244.000,P,0,6.510,0.053,32,,,,,,,,,,,
KRNG,37.000,277.000,P,4,7.060,-0.153,32,,,,,,,,,,,
,,,,,,,32,2012-08-14 23:12:01.670,38.398,46.687,3.644,1.600,13.000,5.000,87.000,0.090,0.200,-0.100
ZANG,6.000,70.000,P,0,2.613,-0.076,33,,,,,,,,,,,
ORNG,11.000,325.000,P,0,3.243,0.161,33,,,,,,,,,,,
HIGH,13.000,127.000,P,0,3.373,-0.110,33,,,,,,,,,,,
VRDN,17.000,281.000,P,0,3.893,0.004,33,,,,,,,,,,,
NMVR,18.000,226.000,P,0,4.083,-0.016,33,,,,,,,,,,,
BLVR,18.000,200.000,P,0,4.183,0.097,33,,,,,,,,,,,
AZGN,19.000,313.000,P,0,4.133,-0.112,33,,,,,,,,,,,
SRND,19.000,126.000,P,0,4.373,0.039,33,,,,,,,,,,,
KVCH,21.000,116.000,P,0,4.593,0.065,33,,,,,,,,,,,
FRMZ,24.000,60.000,P,0,5.103,0.040,33,,,,,,,,,,,
MGSL,25.000,232.000,P,0,5.203,-0.055,33,,,,,,,,,,,
GOLJ,32.000,90.000,P,0,6.353,-0.039,33,,,,,,,,,,,
,,,,,,,33,2012-08-14 23:26:52.187,38.412,46.791,10.969,1.200,12.000,6.000,94.000,0.080,0.200,0.000
HIGH,7.000,189.000,P,0,1.876,-0.024,34,,,,,,,,,,,
ZANG,7.000,299.000,P,0,2.016,0.020,34,,,,,,,,,,,
KVCH,10.000,138.000,P,0,2.556,-0.009,34,,,,,,,,,,,
SRND,11.000,157.000,P,0,2.636,0.001,34,,,,,,,,,,,
FRMZ,16.000,35.000,P,0,3.816,0.118,34,,,,,,,,,,,
ORNG,20.000,300.000,P,0,4.436,0.103,34,,,,,,,,,,,
GOLJ,21.000,87.000,P,0,4.426,-0.087,34,,,,,,,,,,,
BLVR,23.000,229.000,P,0,5.036,0.153,34,,,,,,,,,,,
NMVR,27.000,246.000,P,0,5.476,-0.020,34,,,,,,,,,,,
VRDN,28.000,279.000,P,0,5.606,-0.112,34,,,,,,,,,,,
AZGN,29.000,300.000,P,0,5.736,-0.145,34,,,,,,,,,,,
MGSL,35.000,246.000,P,0,6.816,0.004,34,,,,,,,,,,,
HRS ,35.000,255.000,P,4,6.346,-0.540,34,,,,,,,,,,,
KRNG,40.000,277.000,P,4,7.406,-0.186,34,,,,,,,,,,,
,,,,,,,34,2012-08-14 23:33:32.284,38.399,46.659,3.813,2.100,14.000,7.000,95.000,0.100,0.200,-0.100
ZANG,6.000,49.000,P,0,2.258,-0.056,35,,,,,,,,,,,
HIGH,12.000,120.000,P,0,2.878,-0.096,35,,,,,,,,,,,
ORNG,13.000,328.000,P,0,3.268,0.176,35,,,,,,,,,,,
BLVR,16.000,204.000,P,0,3.758,0.115,35,,,,,,,,,,,
NMVR,17.000,233.000,P,0,3.788,-0.005,35,,,,,,,,,,,
SRND,18.000,121.000,P,0,3.888,-0.024,35,,,,,,,,,,,
VRDN,18.000,287.000,P,0,3.888,-0.007,35,,,,,,,,,,,
KVCH,19.000,111.000,P,0,4.228,0.070,35,,,,,,,,,,,
AZGN,21.000,316.000,P,0,4.298,-0.122,35,,,,,,,,,,,
FRMZ,25.000,55.000,P,0,5.148,0.077,35,,,,,,,,,,,
MGSL,25.000,237.000,P,0,5.038,-0.024,35,,,,,,,,,,,
KRNG,29.000,280.000,P,0,5.648,-0.058,35,,,,,,,,,,,
GOLJ,32.000,87.000,P,0,6.228,-0.047,35,,,,,,,,,,,
,,,,,,,35,2012-08-14 23:34:16.092,38.393,46.784,7.841,1.200,13.000,6.000,84.000,0.090,0.200,0.000
HIGH,5.000,188.000,P,0,2.046,-0.036,36,,,,,,,,,,,
ZANG,8.000,312.000,P,0,2.396,-0.050,36,,,,,,,,,,,
KVCH,9.000,129.000,P,0,2.616,0.002,36,,,,,,,,,,,
SRND,9.000,150.000,P,0,2.646,0.061,36,,,,,,,,,,,
FRMZ,18.000,33.000,P,0,4.056,0.099,36,,,,,,,,,,,
GOLJ,21.000,82.000,P,0,4.426,-0.112,36,,,,,,,,,,,
ORNG,21.000,305.000,P,0,4.576,0.182,36,,,,,,,,,,,
NMVR,26.000,249.000,P,0,5.426,0.201,36,,,,,,,,,,,
VRDN,28.000,283.000,P,0,5.586,-0.028,36,,,,,,,,,,,
AZGN,30.000,303.000,P,0,5.786,-0.096,36,,,,,,,,,,,
MGSL,34.000,248.000,P,0,6.756,0.223,36,,,,,,,,,,,
HRS ,34.000,258.000,P,0,6.206,-0.445,36,,,,,,,,,,,
,,,,,,,36,2012-08-14 23:40:46.194,38.383,46.662,7.335,1.700,12.000,5.000,80.000,0.180,0.200,0.000
HIGH,6.000,176.000,P,0,1.681,-0.064,37,,,,,,,,,,,
ZANG,7.000,312.000,P,0,1.921,0.030,37,,,,,,,,,,,
SRND,11.000,148.000,P,0,2.621,0.017,37,,,,,,,,,,,
KVCH,11.000,129.000,P,0,2.651,0.016,37,,,,,,,,,,,
FRMZ,18.000,37.000,P,0,4.081,0.118,37,,,,,,,,,,,
ORNG,20.000,304.000,P,0,4.301,0.086,37,,,,,,,,,,,
BLVR,22.000,228.000,P,0,4.741,0.134,37,,,,,,,,,,,
GOLJ,22.000,85.000,P,0,4.661,-0.102,37,,,,,,,,,,,
NMVR,25.000,246.000,P,0,5.231,0.010,37,,,,,,,,,,,
VRDN,27.000,281.000,P,0,5.421,-0.102,37,,,,,,,,,,,
AZGN,29.000,303.000,P,0,5.631,-0.135,37,,,,,,,,,,,
MGSL,33.000,246.000,P,0,6.541,-0.006,37,,,,,,,,,,,
HRS ,33.000,256.000,P,4,6.061,-0.571,37,,,,,,,,,,,
,,,,,,,37,2012-08-14 23:42:05.359,38.391,46.674,3.789,1.600,13.000,6.000,85.000,0.090,0.200,-0.100
ZANG,4.000,316.000,P,0,1.418,-0.044,38,,,,,,,,,,,
HIGH,8.000,160.000,P,0,2.128,0.009,38,,,,,,,,,,,
SRND,13.000,143.000,P,0,3.188,0.031,38,,,,,,,,,,,
KVCH,14.000,129.000,P,0,3.218,0.000,38,,,,,,,,,,,
ORNG,17.000,304.000,P,0,3.888,0.184,38,,,,,,,,,,,
FRMZ,18.000,47.000,P,0,4.108,0.091,38,,,,,,,,,,,
BLVR,21.000,220.000,P,0,4.798,0.255,38,,,,,,,,,,,
NMVR,24.000,240.000,P,0,5.098,0.106,38,,,,,,,,,,,
GOLJ,25.000,89.000,P,0,5.098,-0.069,38,,,,,,,,,,,
AZGN,26.000,302.000,P,0,5.228,-0.039,38,,,,,,,,,,,
HRS ,31.000,252.000,P,0,5.838,-0.500,38,,,,,,,,,,,
MGSL,32.000,241.000,P,0,6.418,0.092,38,,,,,,,,,,,
KRNG,36.000,276.000,P,0,6.948,-0.013,38,,,,,,,,,,,
TBZ ,52.000,112.000,P,0,9.598,-0.069,38,,,,,,,,,,,
BST ,80.000,192.000,P,0,14.268,-0.035,38,,,,,,,,,,,
,,,,,,,38,2012-08-14 23:50:17.122,38.407,46.702,3.746,2.800,15.000,4.000,90.000,0.170,0.200,-0.100
ZANG,3.000,35.000,P,0,2.409,-0.055,39,,,,,,,,,,,
HIGH,10.000,139.000,P,0,2.969,-0.107,39,,,,,,,,,,,
ORNG,13.000,312.000,P,0,3.559,0.165,39,,,,,,,,,,,
SRND,16.000,133.000,P,0,3.889,0.034,39,,,,,,,,,,,
KVCH,17.000,121.000,P,0,4.049,0.054,39,,,,,,,,,,,
BLVR,19.000,211.000,P,0,4.379,0.111,39,,,,,,,,,,,
NMVR,21.000,234.000,P,0,4.479,-0.011,39,,,,,,,,,,,
VRDN,21.000,279.000,P,0,4.439,0.008,39,,,,,,,,,,,
AZGN,22.000,307.000,P,0,4.619,-0.075,39,,,,,,,,,,,
MGSL,28.000,237.000,P,0,5.639,-0.066,39,,,,,,,,,,,
GOLJ,29.000,90.000,P,0,5.779,-0.009,39,,,,,,,,,,,
KRNG,32.000,276.000,P,0,6.139,-0.048,39,,,,,,,,,,,
,,,,,,,39,2012-08-14 23:56:13.041,38.410,46.748,10.622,1.100,12.000,3.000,81.000,0.080,0.200,0.000
ORNG,10.000,348.000,P,0,2.978,0.158,40,,,,,,,,,,,
ZANG,10.000,73.000,P,0,2.798,-0.107,40,,,,,,,,,,,
VRDN,13.000,288.000,P,0,3.248,0.004,40,,,,,,,,,,,
NMVR,15.000,218.000,P,0,3.478,-0.018,40,,,,,,,,,,,
BLVR,16.000,187.000,P,0,3.788,0.071,40,,,,,,,,,,,
AZGN,17.000,325.000,P,0,3.798,-0.067,40,,,,,,,,,,,
HIGH,16.000,116.000,P,0,3.668,-0.120,40,,,,,,,,,,,
MGSL,22.000,227.000,P,0,4.578,-0.059,40,,,,,,,,,,,
SRND,22.000,118.000,P,0,4.808,0.075,40,,,,,,,,,,,
KVCH,24.000,110.000,P,0,5.118,0.118,40,,,,,,,,,,,
FRMZ,28.000,63.000,P,0,5.638,-0.029,40,,,,,,,,,,,
GOLJ,37.000,89.000,P,0,7.018,-0.007,40,,,,,,,,,,,
,,,,,,,40,2012-08-15 00:30:25.122,38.404,46.838,9.304,1.100,12.000,10.000,73.000,0.090,0.200,-0.100
ZANG,2.000,28.000,P,0,2.537,-0.124,41,,,,,,,,,,,
HIGH,11.000,145.000,P,0,3.177,-0.089,41,,,,,,,,,,,
ORNG,13.000,307.000,P,0,3.727,0.187,41,,,,,,,,,,,
SRND,16.000,137.000,P,0,4.007,0.034,41,,,,,,,,,,,
KVCH,17.000,125.000,P,0,4.097,0.024,41,,,,,,,,,,,
BLVR,21.000,211.000,P,0,4.757,0.220,41,,,,,,,,,,,
FRMZ,20.000,55.000,P,0,4.557,0.076,41,,,,,,,,,,,
VRDN,21.000,277.000,P,0,4.657,0.040,41,,,,,,,,,,,
NMVR,22.000,233.000,P,0,4.837,0.085,41,,,,,,,,,,,
AZGN,22.000,304.000,P,0,4.727,-0.063,41,,,,,,,,,,,
GOLJ,28.000,92.000,P,0,5.637,-0.069,41,,,,,,,,,,,
HRS ,29.000,247.000,P,0,5.517,-0.372,41,,,,,,,,,,,
MGSL,30.000,236.000,P,0,5.987,0.047,41,,,,,,,,,,,
KRNG,33.000,274.000,P,0,6.347,0.005,41,,,,,,,,,,,
,,,,,,,41,2012-08-15 01:04:19.923,38.418,46.738,12.126,0.900,14.000,2.000,80.000,0.140,0.200,0.000
ZANG,3.000,58.000,P,0,2.402,-0.073,42,,,,,,,,,,,
HIGH,11.000,136.000,P,0,3.072,-0.144,42,,,,,,,,,,,
ORNG,12.000,314.000,P,0,3.422,0.195,42,,,,,,,,,,,
SRND,18.000,131.000,P,0,4.032,0.001,42,,,,,,,,,,,
KVCH,18.000,121.000,P,0,4.202,0.023,42,,,,,,,,,,,
BLVR,19.000,207.000,P,0,4.412,0.154,42,,,,,,,,,,,
VRDN,19.000,278.000,P,0,4.202,-0.042,42,,,,,,,,,,,
NMVR,20.000,231.000,P,0,4.492,0.090,42,,,,,,,,,,,
AZGN,21.000,308.000,P,0,4.382,-0.117,42,,,,,,,,,,,
FRMZ,22.000,58.000,P,0,4.792,0.118,42,,,,,,,,,,,
MGSL,28.000,235.000,P,0,5.542,-0.063,42,,,,,,,,,,,
KRNG,31.000,275.000,P,0,5.902,-0.095,42,,,,,,,,,,,
GOLJ,30.000,91.000,P,0,5.922,-0.045,42,,,,,,,,,,,
,,,,,,,42,2012-08-15 01:08:50.508,38.415,46.761,10.568,1.400,13.000,3.000,103.000,0.110,0.200,0.000
ZANG,3.000,9.000,P,0,2.364,-0.103,43,,,,,,,,,,,
HIGH,9.000,141.000,P,0,2.834,-0.108,43,,,,,,,,,,,
ORNG,14.000,311.000,P,0,3.754,0.196,43,,,,,,,,,,,
SRND,15.000,134.000,P,0,3.704,0.023,43,,,,,,,,,,,
KVCH,16.000,121.000,P,0,3.834,0.021,43,,,,,,,,,,,
BLVR,19.000,214.000,P,0,4.524,0.242,43,,,,,,,,,,,
FRMZ,21.000,52.000,P,0,4.604,0.106,43,,,,,,,,,,,
NMVR,21.000,237.000,P,0,4.674,0.097,43,,,,,,,,,,,
VRDN,22.000,280.000,P,0,4.644,0.032,43,,,,,,,,,,,
AZGN,23.000,307.000,P,0,4.794,-0.090,43,,,,,,,,,,,
GOLJ,28.000,89.000,P,0,5.534,-0.081,43,,,,,,,,,,,
HRS ,29.000,250.000,P,0,5.374,-0.420,43,,,,,,,,,,,
MGSL,29.000,239.000,P,0,5.874,0.071,43,,,,,,,,,,,
KRNG,33.000,277.000,P,0,6.384,0.014,43,,,,,,,,,,,
,,,,,,,43,2012-08-15 01:10:32.476,38.404,46.735,10.603,1.900,14.000,3.000,74.000,0.160,0.200,0.000
ZANG,6.000,313.000,P,0,1.842,-0.031,44,,,,,,,,,,,
HIGH,6.000,171.000,P,0,1.792,-0.104,44,,,,,,,,,,,
KVCH,11.000,129.000,P,0,2.772,-0.004,44,,,,,,,,,,,
SRND,11.000,147.000,P,0,2.732,0.000,44,,,,,,,,,,,
FRMZ,18.000,39.000,P,0,4.052,0.136,44,,,,,,,,,,,
ORNG,19.000,304.000,P,0,4.172,0.131,44,,,,,,,,,,,
BLVR,22.000,226.000,P,0,4.682,0.162,44,,,,,,,,,,,
GOLJ,23.000,86.000,P,0,4.732,-0.065,44,,,,,,,,,,,
NMVR,25.000,245.000,P,0,5.162,0.063,44,,,,,,,,,,,
VRDN,27.000,281.000,P,0,5.282,-0.067,44,,,,,,,,,,,
AZGN,28.000,303.000,P,0,5.452,-0.131,44,,,,,,,,,,,
MGSL,33.000,245.000,P,0,6.452,0.036,44,,,,,,,,,,,
HRS ,33.000,255.000,P,4,5.922,-0.564,44,,,,,,,,,,,
KRNG,38.000,278.000,P,0,7.092,-0.124,44,,,,,,,,,,,
,,,,,,,44,2012-08-15 01:12:32.728,38.394,46.681,4.458,0.000,14.000,6.000,86.000,0.100,0.200,-0.000
ZANG,6.000,30.000,P,0,2.658,-0.052,45,,,,,,,,,,,
HIGH,9.000,119.000,P,0,2.888,-0.119,45,,,,,,,,,,,
ORNG,15.000,326.000,P,0,3.768,0.168,45,,,,,,,,,,,
BLVR,16.000,212.000,P,0,3.868,0.098,45,,,,,,,,,,,
SRND,16.000,120.000,P,0,3.768,-0.008,45,,,,,,,,,,,
NMVR,18.000,240.000,P,0,4.068,0.017,45,,,,,,,,,,,
KVCH,17.000,109.000,P,0,4.068,0.055,45,,,,,,,,,,,
VRDN,20.000,289.000,P,0,4.348,0.012,45,,,,,,,,,,,
AZGN,23.000,316.000,P,0,4.718,-0.131,45,,,,,,,,,,,
FRMZ,24.000,51.000,P,0,5.178,0.109,45,,,,,,,,,,,
MGSL,25.000,241.000,P,0,5.248,-0.004,45,,,,,,,,,,,
KRNG,31.000,282.000,P,0,5.948,-0.085,45,,,,,,,,,,,
GOLJ,30.000,84.000,P,0,5.998,-0.060,45,,,,,,,,,,,
,,,,,,,45,2012-08-15 01:13:31.872,38.381,46.765,10.818,1.300,13.000,6.000,92.000,0.090,0.200,0.000
ZANG,1.000,338.000,P,0,2.446,-0.084,46,,,,,,,,,,,
HIGH,10.000,152.000,P,0,3.056,-0.088,46,,,,,,,,,,,
ORNG,14.000,303.000,P,0,3.746,0.184,46,,,,,,,,,,,
SRND,16.000,141.000,P,0,3.866,0.022,46,,,,,,,,,,,
KVCH,16.000,128.000,P,0,3.926,0.010,46,,,,,,,,,,,
FRMZ,19.000,54.000,P,0,4.386,0.115,46,,,,,,,,,,,
BLVR,21.000,213.000,P,0,4.776,0.154,46,,,,,,,,,,,
VRDN,22.000,275.000,P,0,4.726,-0.011,46,,,,,,,,,,,
AZGN,23.000,302.000,P,0,4.756,-0.110,46,,,,,,,,,,,
NMVR,23.000,234.000,P,0,4.896,0.019,46,,,,,,,,,,,
GOLJ,27.000,93.000,P,0,5.426,-0.080,46,,,,,,,,,,,
MGSL,31.000,237.000,P,0,6.056,-0.033,46,,,,,,,,,,,
KRNG,34.000,274.000,P,0,6.396,-0.097,46,,,,,,,,,,,
,,,,,,,46,2012-08-15 01:15:32.094,38.421,46.725,11.338,1.600,13.000,1.000,76.000,0.100,0.200,0.000
ORNG,9.000,3.000,P,0,3.074,0.160,47,,,,,,,,,,,
VRDN,11.000,290.000,P,0,3.064,0.016,47,,,,,,,,,,,
NMVR,14.000,208.000,P,0,3.494,0.035,47,,,,,,,,,,,
ZANG,12.000,78.000,P,0,3.194,-0.150,47,,,,,,,,,,,
AZGN,15.000,332.000,P,0,3.634,-0.080,47,,,,,,,,,,,
BLVR,16.000,178.000,P,0,3.904,0.056,47,,,,,,,,,,,
HIGH,19.000,113.000,P,0,4.094,-0.140,47,,,,,,,,,,,
MGSL,20.000,221.000,P,0,4.384,-0.078,47,,,,,,,,,,,
KRNG,22.000,280.000,P,0,4.594,-0.004,47,,,,,,,,,,,
SRND,25.000,116.000,P,0,5.214,0.067,47,,,,,,,,,,,
KVCH,26.000,109.000,P,0,5.534,0.114,47,,,,,,,,,,,
FRMZ,30.000,66.000,P,0,6.024,0.015,47,,,,,,,,,,,
GOLJ,39.000,90.000,P,0,7.414,-0.010,47,,,,,,,,,,,
,,,,,,,47,2012-08-15 01:16:30.006,38.407,46.866,10.808,0.800,13.000,9.000,63.000,0.090,0.200,0.000
ORNG,9.000,355.000,P,0,2.778,0.136,48,,,,,,,,,,,
ZANG,11.000,76.000,P,0,2.798,-0.122,48,,,,,,,,,,,
VRDN,12.000,288.000,P,0,2.998,0.007,48,,,,,,,,,,,
NMVR,14.000,214.000,P,0,3.338,-0.027,48,,,,,,,,,,,
AZGN,16.000,327.000,P,0,3.608,-0.056,48,,,,,,,,,,,
BLVR,16.000,183.000,P,0,3.778,0.092,48,,,,,,,,,,,
HIGH,17.000,115.000,P,0,3.758,-0.137,48,,,,,,,,,,,
MGSL,21.000,224.000,P,0,4.448,-0.056,48,,,,,,,,,,,
KRNG,23.000,279.000,P,0,4.728,-0.007,48,,,,,,,,,,,
SRND,24.000,117.000,P,0,4.938,0.068,48,,,,,,,,,,,
KVCH,25.000,110.000,P,0,5.278,0.134,48,,,,,,,,,,,
FRMZ,29.000,64.000,P,0,5.798,0.020,48,,,,,,,,,,,
GOLJ,38.000,89.000,P,0,7.178,-0.053,48,,,,,,,,,,,
,,,,,,,48,2012-08-15 01:19:01.392,38.407,46.850,8.223,1.300,13.000,9.000,69.000,0.090,0.200,0.000
ZANG,3.000,51.000,P,0,2.541,-0.142,49,,,,,,,,,,,
HIGH,11.000,137.000,P,0,3.221,-0.099,49,,,,,,,,,,,
ORNG,12.000,313.000,P,0,3.601,0.186,49,,,,,,,,,,,
SRND,17.000,132.000,P,0,4.111,0.039,49,,,,,,,,,,,
KVCH,18.000,121.000,P,0,4.241,0.029,49,,,,,,,,,,,
BLVR,19.000,208.000,P,0,4.591,0.240,49,,,,,,,,,,,
VRDN,20.000,279.000,P,0,4.451,0.064,49,,,,,,,,,,,
NMVR,20.000,232.000,P,0,4.601,0.087,49,,,,,,,,,,,
AZGN,21.000,307.000,P,0,4.571,-0.063,49,,,,,,,,,,,
FRMZ,22.000,57.000,P,0,4.781,0.074,49,,,,,,,,,,,
HRS ,27.000,247.000,P,0,5.181,-0.448,49,,,,,,,,,,,
MGSL,28.000,235.000,P,0,5.751,0.063,49,,,,,,,,,,,
GOLJ,29.000,91.000,P,0,5.881,-0.064,49,,,,,,,,,,,
KRNG,31.000,275.000,P,0,6.131,0.034,49,,,,,,,,,,,
,,,,,,,49,2012-08-15 01:22:56.769,38.413,46.756,12.001,1.900,14.000,3.000,97.000,0.170,0.200,0.000
ZANG,5.000,280.000,P,0,2.857,-0.154,50,,,,,,,,,,,
HIGH,9.000,179.000,P,0,3.187,-0.103,50,,,,,,,,,,,
KVCH,13.000,142.000,P,0,3.737,0.033,50,,,,,,,,,,,
SRND,14.000,156.000,P,0,3.787,0.050,50,,,,,,,,,,,
FRMZ,15.000,44.000,P,0,4.067,0.115,50,,,,,,,,,,,
ORNG,18.000,295.000,P,0,4.457,0.178,50,,,,,,,,,,,
GOLJ,22.000,93.000,P,0,4.887,-0.043,50,,,,,,,,,,,
BLVR,24.000,222.000,P,0,5.427,0.250,50,,,,,,,,,,,
VRDN,27.000,274.000,P,0,5.547,0.011,50,,,,,,,,,,,
AZGN,27.000,296.000,P,0,5.507,-0.066,50,,,,,,,,,,,
NMVR,27.000,240.000,P,0,5.677,0.099,50,,,,,,,,,,,
HRS ,34.000,250.000,P,0,6.357,-0.433,50,,,,,,,,,,,
MGSL,35.000,241.000,P,0,6.897,0.115,50,,,,,,,,,,,
KRNG,38.000,273.000,P,0,7.287,0.016,50,,,,,,,,,,,
TBZ ,50.000,114.000,P,0,9.097,-0.068,50,,,,,,,,,,,
,,,,,,,50,2012-08-15 01:23:40.033,38.422,46.672,13.476,3.000,15.000,5.000,107.000,0.160,0.141,0.000
ZANG,6.000,72.000,P,0,2.175,-0.097,51,,,,,,,,,,,
ORNG,10.000,325.000,P,0,2.925,0.184,51,,,,,,,,,,,
HIGH,14.000,127.000,P,0,3.175,-0.102,51,,,,,,,,,,,
VRDN,17.000,280.000,P,0,3.675,-0.007,51,,,,,,,,,,,
NMVR,18.000,225.000,P,0,3.955,0.009,51,,,,,,,,,,,
BLVR,18.000,199.000,P,0,4.045,0.095,51,,,,,,,,,,,
AZGN,19.000,313.000,P,0,3.975,-0.081,51,,,,,,,,,,,
SRND,20.000,126.000,P,0,4.295,0.060,51,,,,,,,,,,,
KVCH,21.000,117.000,P,0,4.505,0.067,51,,,,,,,,,,,
FRMZ,24.000,61.000,P,0,5.035,0.055,51,,,,,,,,,,,
MGSL,26.000,231.000,P,0,5.145,-0.041,51,,,,,,,,,,,
KRNG,28.000,276.000,P,0,5.445,-0.073,51,,,,,,,,,,,
GOLJ,33.000,91.000,P,0,6.335,-0.067,51,,,,,,,,,,,
,,,,,,,51,2012-08-15 01:32:21.905,38.414,46.793,7.892,1.900,13.000,6.000,95.000,0.090,0.200,0.000
HIGH,6.000,192.000,P,0,1.847,-0.015,52,,,,,,,,,,,
ZANG,8.000,301.000,P,0,2.097,-0.003,52,,,,,,,,,,,
KVCH,10.000,138.000,P,0,2.457,-0.024,52,,,,,,,,,,,
SRND,10.000,157.000,P,0,2.577,0.027,52,,,,,,,,,,,
FRMZ,17.000,34.000,P,0,3.807,0.099,52,,,,,,,,,,,
GOLJ,21.000,85.000,P,0,4.347,-0.097,52,,,,,,,,,,,
ORNG,21.000,300.000,P,0,4.557,0.162,52,,,,,,,,,,,
BLVR,23.000,230.000,P,0,5.127,0.274,52,,,,,,,,,,,
NMVR,27.000,247.000,P,0,5.567,0.076,52,,,,,,,,,,,
VRDN,29.000,280.000,P,0,5.747,-0.010,52,,,,,,,,,,,
AZGN,30.000,300.000,P,0,5.857,-0.081,52,,,,,,,,,,,
MGSL,35.000,246.000,P,0,6.867,0.061,52,,,,,,,,,,,
HRS ,35.000,256.000,P,0,6.437,-0.457,52,,,,,,,,,,,
KRNG,40.000,277.000,P,0,7.617,-0.011,52,,,,,,,,,,,
,,,,,,,52,2012-08-15 01:35:40.143,38.395,46.655,3.992,2.000,14.000,6.000,92.000,0.160,0.200,-0.100
ZANG,1.000,300.000,P,0,2.468,-0.144,53,,,,,,,,,,,
HIGH,10.000,155.000,P,0,3.158,-0.069,53,,,,,,,,,,,
ORNG,14.000,300.000,P,0,3.818,0.191,53,,,,,,,,,,,
SRND,16.000,143.000,P,0,3.958,0.061,53,,,,,,,,,,,
KVCH,16.000,131.000,P,0,3.988,0.039,53,,,,,,,,,,,
FRMZ,18.000,55.000,P,0,4.288,0.079,53,,,,,,,,,,,
BLVR,22.000,214.000,P,0,4.928,0.180,53,,,,,,,,,,,
VRDN,23.000,274.000,P,0,4.848,0.021,53,,,,,,,,,,,
AZGN,23.000,300.000,P,0,4.858,-0.056,53,,,,,,,,,,,
NMVR,24.000,234.000,P,0,5.078,0.076,53,,,,,,,,,,,
GOLJ,26.000,94.000,P,0,5.398,-0.060,53,,,,,,,,,,,
HRS ,31.000,247.000,P,0,5.768,-0.388,53,,,,,,,,,,,
MGSL,31.000,237.000,P,0,6.308,0.101,53,,,,,,,,,,,
KRNG,34.000,273.000,P,0,6.588,0.013,53,,,,,,,,,,,
TBZ ,54.000,113.000,P,0,9.718,-0.044,53,,,,,,,,,,,
,,,,,,,53,2012-08-15 01:39:55.712,38.425,46.720,11.863,3.100,15.000,1.000,113.000,0.140,0.141,0.000
ZANG,1.000,53.000,P,0,2.286,-0.038,54,,,,,,,,,,,
HIGH,11.000,150.000,P,0,3.046,-0.087,54,,,,,,,,,,,
SRND,17.000,140.000,P,0,3.926,0.014,54,,,,,,,,,,,
KVCH,17.000,128.000,P,0,3.996,0.007,54,,,,,,,,,,,
FRMZ,19.000,57.000,P,0,4.366,0.116,54,,,,,,,,,,,
BLVR,22.000,211.000,P,0,4.846,0.260,54,,,,,,,,,,,
VRDN,21.000,274.000,P,0,4.616,0.070,54,,,,,,,,,,,
AZGN,22.000,301.000,P,0,4.676,0.026,54,,,,,,,,,,,
NMVR,23.000,232.000,P,0,4.866,0.079,54,,,,,,,,,,,
GOLJ,28.000,94.000,P,0,5.506,-0.105,54,,,,,,,,,,,
HRS ,30.000,246.000,P,0,5.526,-0.409,54,,,,,,,,,,,
MGSL,30.000,235.000,P,0,6.066,0.054,54,,,,,,,,,,,
KRNG,33.000,273.000,P,0,6.346,0.013,54,,,,,,,,,,,
,,,,,,,54,2012-08-15 01:45:31.844,38.427,46.735,10.080,1.400,13.000,1.000,111.000,0.150,0.200,0.000
ZANG,6.000,300.000,P,0,1.812,0.041,55,,,,,,,,,,,
HIGH,7.000,177.000,P,0,1.972,-0.036,55,,,,,,,,,,,
KVCH,12.000,135.000,P,0,2.812,-0.026,55,,,,,,,,,,,
SRND,12.000,152.000,P,0,2.872,0.005,55,,,,,,,,,,,
FRMZ,17.000,40.000,P,0,3.872,0.133,55,,,,,,,,,,,
ORNG,19.000,300.000,P,0,4.162,0.095,55,,,,,,,,,,,
GOLJ,22.000,89.000,P,0,4.642,-0.086,55,,,,,,,,,,,
BLVR,23.000,225.000,P,0,4.882,0.101,55,,,,,,,,,,,
NMVR,26.000,243.000,P,0,5.292,-0.035,55,,,,,,,,,,,
VRDN,27.000,278.000,P,0,5.322,-0.150,55,,,,,,,,,,,
AZGN,28.000,300.000,P,0,5.452,-0.173,55,,,,,,,,,,,
MGSL,34.000,244.000,P,0,6.782,0.135,55,,,,,,,,,,,
HRS ,34.000,253.000,P,4,6.042,-0.651,55,,,,,,,,,,,
,,,,,,,55,2012-08-15 01:46:48.058,38.405,46.674,3.899,1.500,13.000,6.000,99.000,0.110,0.200,-0.100
HIGH,6.000,194.000,P,0,1.632,-0.075,56,,,,,,,,,,,
ZANG,8.000,303.000,P,0,2.132,0.058,56,,,,,,,,,,,
KVCH,9.000,137.000,P,0,2.342,-0.000,56,,,,,,,,,,,
SRND,10.000,157.000,P,0,2.422,0.014,56,,,,,,,,,,,
FRMZ,17.000,32.000,P,0,3.952,0.113,56,,,,,,,,,,,
GOLJ,21.000,84.000,P,0,4.432,-0.082,56,,,,,,,,,,,
ORNG,21.000,301.000,P,0,4.632,0.093,56,,,,,,,,,,,
BLVR,23.000,231.000,P,0,5.082,0.164,56,,,,,,,,,,,
NMVR,27.000,248.000,P,0,5.542,-0.037,56,,,,,,,,,,,
VRDN,29.000,281.000,P,0,5.812,-0.075,56,,,,,,,,,,,
AZGN,30.000,301.000,P,0,5.942,-0.145,56,,,,,,,,,,,
MGSL,35.000,247.000,P,0,6.992,0.094,56,,,,,,,,,,,
KRNG,40.000,278.000,P,0,7.632,-0.123,56,,,,,,,,,,,
,,,,,,,56,2012-08-15 02:04:37.798,38.392,46.654,3.241,1.800,13.000,6.000,89.000,0.100,0.200,-0.100
ZANG,5.000,15.000,P,0,2.436,-0.072,57,,,,,,,,,,,
HIGH,8.000,130.000,P,0,2.696,-0.125,57,,,,,,,,,,,
SRND,15.000,127.000,P,0,3.606,0.025,57,,,,,,,,,,,
ORNG,15.000,318.000,P,0,3.796,0.177,57,,,,,,,,,,,
KVCH,16.000,115.000,P,0,3.816,0.046,57,,,,,,,,,,,
BLVR,18.000,215.000,P,0,4.156,0.170,57,,,,,,,,,,,
NMVR,20.000,240.000,P,0,4.396,0.071,57,,,,,,,,,,,
VRDN,21.000,285.000,P,0,4.566,0.026,57,,,,,,,,,,,
FRMZ,22.000,49.000,P,0,4.836,0.097,57,,,,,,,,,,,
AZGN,24.000,311.000,P,0,4.836,-0.108,57,,,,,,,,,,,
HRS ,27.000,253.000,P,0,5.316,-0.271,57,,,,,,,,,,,
MGSL,28.000,241.000,P,0,5.596,0.039,57,,,,,,,,,,,
GOLJ,28.000,85.000,P,0,5.666,-0.075,57,,,,,,,,,,,
,,,,,,,57,2012-08-15 02:22:39.214,38.389,46.744,10.202,1.700,13.000,5.000,86.000,0.130,0.200,0.000
ZANG,7.000,70.000,P,0,2.767,-0.130,58,,,,,,,,,,,
ORNG,10.000,330.000,P,0,3.327,0.160,58,,,,,,,,,,,
HIGH,14.000,124.000,P,0,3.527,-0.115,58,,,,,,,,,,,
VRDN,16.000,282.000,P,0,3.927,0.076,58,,,,,,,,,,,
NMVR,17.000,225.000,P,0,4.107,0.060,58,,,,,,,,,,,
BLVR,17.000,197.000,P,0,4.227,0.154,58,,,,,,,,,,,
AZGN,19.000,316.000,P,0,4.167,-0.081,58,,,,,,,,,,,
SRND,20.000,123.000,P,0,4.497,0.024,58,,,,,,,,,,,
KVCH,21.000,114.000,P,0,4.737,0.058,58,,,,,,,,,,,
HRS ,24.000,244.000,P,0,4.767,-0.289,58,,,,,,,,,,,
FRMZ,25.000,61.000,P,0,5.267,0.024,58,,,,,,,,,,,
MGSL,25.000,231.000,P,0,5.197,0.032,58,,,,,,,,,,,
KRNG,27.000,277.000,P,0,5.527,0.027,58,,,,,,,,,,,
,,,,,,,58,2012-08-15 02:24:22.533,38.409,46.801,11.958,1.900,13.000,7.000,89.000,0.120,0.200,0.000
ZANG,4.000,320.000,P,0,1.541,0.035,59,,,,,,,,,,,
HIGH,7.000,160.000,P,0,1.801,-0.099,59,,,,,,,,,,,
SRND,13.000,142.000,P,0,3.001,0.057,59,,,,,,,,,,,
KVCH,13.000,127.000,P,0,3.041,0.017,59,,,,,,,,,,,
ORNG,17.000,305.000,P,0,4.001,0.104,59,,,,,,,,,,,
FRMZ,19.000,44.000,P,0,4.221,0.088,59,,,,,,,,,,,
BLVR,21.000,223.000,P,0,4.651,0.128,59,,,,,,,,,,,
NMVR,24.000,243.000,P,0,5.001,-0.027,59,,,,,,,,,,,
GOLJ,24.000,87.000,P,0,5.061,-0.100,59,,,,,,,,,,,
VRDN,25.000,280.000,P,0,5.181,-0.031,59,,,,,,,,,,,
AZGN,26.000,303.000,P,0,5.351,-0.107,59,,,,,,,,,,,
MGSL,32.000,243.000,P,0,6.401,0.032,59,,,,,,,,,,,
KRNG,36.000,277.000,P,0,7.001,-0.096,59,,,,,,,,,,,
,,,,,,,59,2012-08-15 02:27:22.049,38.399,46.698,3.297,1.800,13.000,4.000,82.000,0.080,0.200,-0.100
ORNG,10.000,349.000,P,0,2.962,0.159,60,,,,,,,,,,,
ZANG,10.000,73.000,P,0,2.772,-0.121,60,,,,,,,,,,,
VRDN,13.000,288.000,P,0,3.242,0.016,60,,,,,,,,,,,
NMVR,15.000,218.000,P,0,3.472,-0.008,60,,,,,,,,,,,
BLVR,16.000,187.000,P,0,3.782,0.077,60,,,,,,,,,,,
HIGH,16.000,116.000,P,0,3.652,-0.130,60,,,,,,,,,,,
AZGN,17.000,325.000,P,0,3.772,-0.081,60,,,,,,,,,,,
HRS ,20.000,242.000,P,4,3.852,-0.603,60,,,,,,,,,,,
MGSL,22.000,227.000,P,0,4.572,-0.053,60,,,,,,,,,,,
SRND,22.000,118.000,P,0,4.782,0.052,60,,,,,,,,,,,
KRNG,24.000,280.000,P,0,4.932,-0.013,60,,,,,,,,,,,
KVCH,24.000,110.000,P,0,5.102,0.104,60,,,,,,,,,,,
FRMZ,28.000,63.000,P,0,5.682,0.006,60,,,,,,,,,,,
GOLJ,37.000,89.000,P,0,7.032,-0.005,60,,,,,,,,,,,
,,,,,,,60,2012-08-15 02:39:11.708,38.404,46.838,9.155,2.000,14.000,10.000,73.000,0.090,0.200,-0.100
ZANG,1.000,283.000,P,0,2.367,-0.081,61,,,,,,,,,,,
HIGH,11.000,157.000,P,0,3.057,-0.079,61,,,,,,,,,,,
ORNG,14.000,299.000,P,0,3.717,0.181,61,,,,,,,,,,,
SRND,16.000,144.000,P,0,3.857,0.019,61,,,,,,,,,,,
KVCH,16.000,132.000,P,0,3.897,0.016,61,,,,,,,,,,,
FRMZ,18.000,55.000,P,0,4.217,0.118,61,,,,,,,,,,,
BLVR,22.000,214.000,P,0,4.887,0.140,61,,,,,,,,,,,
VRDN,23.000,273.000,P,0,4.767,-0.033,61,,,,,,,,,,,
AZGN,23.000,299.000,P,0,4.757,-0.108,61,,,,,,,,,,,
NMVR,24.000,234.000,P,0,5.027,0.025,61,,,,,,,,,,,
GOLJ,26.000,94.000,P,0,5.307,-0.092,61,,,,,,,,,,,
MGSL,32.000,236.000,P,0,6.207,-0.018,61,,,,,,,,,,,
KRNG,34.000,272.000,P,0,6.487,-0.088,61,,,,,,,,,,,
,,,,,,,61,2012-08-15 02:41:53.623,38.428,46.718,10.826,1.500,13.000,1.000,115.000,0.100,0.200,0.000
ZANG,2.000,296.000,P,0,2.369,-0.072,62,,,,,,,,,,,
HIGH,10.000,158.000,P,0,2.999,-0.047,62,,,,,,,,,,,
ORNG,15.000,300.000,P,0,3.769,0.149,62,,,,,,,,,,,
KVCH,16.000,132.000,P,0,3.829,0.057,62,,,,,,,,,,,
SRND,15.000,145.000,P,0,3.749,0.018,62,,,,,,,,,,,
FRMZ,18.000,53.000,P,0,4.169,0.093,62,,,,,,,,,,,
VRDN,23.000,275.000,P,0,4.899,0.022,62,,,,,,,,,,,
AZGN,24.000,300.000,P,0,4.819,-0.147,62,,,,,,,,,,,
NMVR,24.000,235.000,P,0,5.059,0.043,62,,,,,,,,,,,
GOLJ,26.000,93.000,P,0,5.219,-0.094,62,,,,,,,,,,,
MGSL,32.000,238.000,P,0,6.259,0.014,62,,,,,,,,,,,
KRNG,35.000,273.000,P,0,6.619,-0.036,62,,,,,,,,,,,
,,,,,,,62,2012-08-15 02:45:44.211,38.423,46.712,10.694,1.300,12.000,2.000,112.000,0.080,0.200,0.000
ZANG,4.000,56.000,P,0,2.193,-0.098,63,,,,,,,,,,,
ORNG,12.000,316.000,P,0,3.283,0.173,63,,,,,,,,,,,
HIGH,11.000,134.000,P,0,2.973,-0.113,63,,,,,,,,,,,
SRND,18.000,130.000,P,0,3.993,0.031,63,,,,,,,,,,,
BLVR,19.000,206.000,P,0,4.293,0.165,63,,,,,,,,,,,
VRDN,19.000,279.000,P,0,4.093,-0.052,63,,,,,,,,,,,
KVCH,19.000,119.000,P,0,4.173,0.045,63,,,,,,,,,,,
NMVR,20.000,231.000,P,0,4.243,-0.032,63,,,,,,,,,,,
AZGN,21.000,309.000,P,0,4.343,-0.102,63,,,,,,,,,,,
FRMZ,22.000,57.000,P,0,4.803,0.099,63,,,,,,,,,,,
MGSL,27.000,235.000,P,0,5.473,-0.051,63,,,,,,,,,,,
GOLJ,30.000,90.000,P,0,5.953,-0.065,63,,,,,,,,,,,
,,,,,,,63,2012-08-15 02:53:43.377,38.412,46.765,9.186,1.500,12.000,4.000,99.000,0.100,0.200,-0.100
ZANG,4.000,57.000,P,0,2.320,-0.047,64,,,,,,,,,,,
HIGH,12.000,132.000,P,0,3.060,-0.079,64,,,,,,,,,,,
SRND,18.000,129.000,P,0,4.020,0.011,64,,,,,,,,,,,
BLVR,18.000,206.000,P,0,4.290,0.195,64,,,,,,,,,,,
VRDN,19.000,280.000,P,0,4.200,0.093,64,,,,,,,,,,,
KVCH,19.000,118.000,P,0,4.210,0.026,64,,,,,,,,,,,
NMVR,19.000,231.000,P,0,4.310,0.082,64,,,,,,,,,,,
AZGN,21.000,310.000,P,0,4.430,0.001,64,,,,,,,,,,,
FRMZ,23.000,57.000,P,0,4.880,0.101,64,,,,,,,,,,,
HRS ,26.000,247.000,P,0,4.970,-0.412,64,,,,,,,,,,,
MGSL,27.000,235.000,P,0,5.530,0.076,64,,,,,,,,,,,
KRNG,30.000,276.000,P,0,5.930,0.045,64,,,,,,,,,,,
GOLJ,31.000,90.000,P,0,6.010,-0.056,64,,,,,,,,,,,
TBZ ,58.000,110.000,P,0,10.250,-0.035,64,,,,,,,,,,,
,,,,,,,64,2012-08-15 03:41:30.740,38.410,46.769,9.524,3.600,14.000,4.000,106.000,0.140,0.141,0.000
HIGH,7.000,167.000,P,0,2.769,-0.102,65,,,,,,,,,,,
ZANG,5.000,312.000,P,0,2.759,0.016,65,,,,,,,,,,,
SRND,12.000,146.000,P,0,3.399,0.007,65,,,,,,,,,,,
KVCH,12.000,130.000,P,0,3.449,0.011,65,,,,,,,,,,,
FRMZ,18.000,42.000,P,0,4.309,0.146,65,,,,,,,,,,,
BLVR,22.000,224.000,P,0,4.829,0.145,65,,,,,,,,,,,
GOLJ,23.000,87.000,P,0,4.929,-0.100,65,,,,,,,,,,,
NMVR,25.000,243.000,P,0,5.139,-0.001,65,,,,,,,,,,,
VRDN,26.000,280.000,P,0,5.289,0.001,65,,,,,,,,,,,
AZGN,27.000,302.000,P,0,5.419,-0.064,65,,,,,,,,,,,
MGSL,32.000,243.000,P,0,6.369,0.004,65,,,,,,,,,,,
KRNG,37.000,277.000,P,0,6.979,-0.061,65,,,,,,,,,,,
,,,,,,,65,2012-08-15 03:44:30.491,38.401,46.688,11.746,0.000,12.000,5.000,90.000,0.080,0.200,0.000
HIGH,6.000,200.000,P,0,1.919,-0.045,66,,,,,,,,,,,
KVCH,9.000,139.000,P,0,2.359,-0.044,66,,,,,,,,,,,
SRND,10.000,160.000,P,0,2.519,0.042,66,,,,,,,,,,,
ZANG,8.000,301.000,P,0,2.329,-0.009,66,,,,,,,,,,,
FRMZ,17.000,31.000,P,0,3.809,0.130,66,,,,,,,,,,,
GOLJ,20.000,84.000,P,0,4.189,-0.098,66,,,,,,,,,,,
ORNG,22.000,300.000,P,0,4.629,0.134,66,,,,,,,,,,,
BLVR,24.000,232.000,P,0,5.059,0.217,66,,,,,,,,,,,
NMVR,28.000,248.000,P,0,5.439,-0.054,66,,,,,,,,,,,
VRDN,30.000,281.000,P,0,5.749,-0.059,66,,,,,,,,,,,
AZGN,31.000,300.000,P,0,5.909,-0.089,66,,,,,,,,,,,
MGSL,35.000,248.000,P,0,6.829,0.022,66,,,,,,,,,,,
KRNG,41.000,278.000,P,0,7.529,-0.147,66,,,,,,,,,,,
,,,,,,,66,2012-08-15 04:27:43.411,38.391,46.647,5.263,1.800,13.000,6.000,89.000,0.110,0.200,-0.000
ZANG,6.000,72.000,P,0,2.287,-0.224,67,,,,,,,,,,,
ORNG,10.000,329.000,P,0,3.087,0.232,67,,,,,,,,,,,
HIGH,14.000,125.000,P,0,3.317,-0.107,67,,,,,,,,,,,
VRDN,16.000,281.000,P,0,3.717,0.040,67,,,,,,,,,,,
NMVR,17.000,225.000,P,0,4.027,0.104,67,,,,,,,,,,,
BLVR,18.000,197.000,P,0,4.147,0.193,67,,,,,,,,,,,
AZGN,19.000,315.000,P,0,4.037,-0.045,67,,,,,,,,,,,
SRND,20.000,124.000,P,0,4.427,0.078,67,,,,,,,,,,,
KVCH,21.000,115.000,P,0,4.647,0.086,67,,,,,,,,,,,
HRS ,24.000,244.000,P,0,4.547,-0.453,67,,,,,,,,,,,
FRMZ,25.000,61.000,P,0,5.157,0.031,67,,,,,,,,,,,
MGSL,25.000,231.000,P,0,5.197,0.067,67,,,,,,,,,,,
KRNG,27.000,277.000,P,0,5.507,0.043,67,,,,,,,,,,,
GOLJ,33.000,90.000,P,0,6.457,-0.045,67,,,,,,,,,,,
,,,,,,,67,2012-08-15 04:29:39.363,38.412,46.800,9.206,2.900,14.000,6.000,92.000,0.170,0.200,-0.100
HIGH,5.000,163.000,P,0,1.629,-0.048,68,,,,,,,,,,,
ZANG,6.000,323.000,P,0,1.889,0.015,68,,,,,,,,,,,
SRND,11.000,141.000,P,0,2.649,0.033,68,,,,,,,,,,,
KVCH,11.000,123.000,P,0,2.719,-0.008,68,,,,,,,,,,,
ORNG,19.000,308.000,P,0,4.279,0.152,68,,,,,,,,,,,
FRMZ,19.000,38.000,P,0,4.229,0.059,68,,,,,,,,,,,
BLVR,20.000,228.000,P,0,4.639,0.270,68,,,,,,,,,,,
NMVR,24.000,247.000,P,0,5.049,0.064,68,,,,,,,,,,,
GOLJ,24.000,83.000,P,0,4.869,-0.084,68,,,,,,,,,,,
VRDN,26.000,284.000,P,0,5.329,-0.031,68,,,,,,,,,,,
AZGN,28.000,305.000,P,4,5.339,-0.333,68,,,,,,,,,,,
MGSL,32.000,246.000,P,0,6.419,0.100,68,,,,,,,,,,,
HRS ,32.000,257.000,P,0,5.939,-0.475,68,,,,,,,,,,,
KRNG,38.000,279.000,P,0,7.169,-0.046,68,,,,,,,,,,,
,,,,,,,68,2012-08-15 04:35:56.921,38.384,46.687,3.887,1.700,14.000,5.000,74.000,0.180,0.200,-0.100
HIGH,10.000,166.000,P,0,3.132,-0.207,69,,,,,,,,,,,
KVCH,15.000,136.000,P,0,3.882,-0.020,69,,,,,,,,,,,
SRND,15.000,149.000,P,0,3.882,-0.010,69,,,,,,,,,,,
ORNG,16.000,297.000,P,0,4.132,0.154,69,,,,,,,,,,,
FRMZ,17.000,51.000,P,0,4.222,0.106,69,,,,,,,,,,,
BLVR,23.000,218.000,P,0,5.382,0.378,69,,,,,,,,,,,
GOLJ,24.000,94.000,P,0,5.212,-0.035,69,,,,,,,,,,,
VRDN,25.000,274.000,P,0,5.172,-0.021,69,,,,,,,,,,,
AZGN,25.000,298.000,P,0,5.132,-0.110,69,,,,,,,,,,,
NMVR,25.000,237.000,P,0,5.382,0.063,69,,,,,,,,,,,
HRS ,33.000,248.000,P,0,6.052,-0.434,69,,,,,,,,,,,
MGSL,33.000,239.000,P,0,6.622,0.110,69,,,,,,,,,,,
KRNG,36.000,273.000,P,0,6.942,0.024,69,,,,,,,,,,,
,,,,,,,69,2012-08-15 04:42:32.848,38.426,46.698,13.332,1.800,13.000,10.000,112.000,0.190,0.200,0.000
HIGH,5.000,163.000,P,0,1.704,-0.048,70,,,,,,,,,,,
ZANG,6.000,324.000,P,0,1.874,-0.098,70,,,,,,,,,,,
KVCH,11.000,122.000,P,0,2.764,0.041,70,,,,,,,,,,,
ORNG,19.000,308.000,P,0,4.244,0.147,70,,,,,,,,,,,
FRMZ,19.000,38.000,P,0,4.204,0.064,70,,,,,,,,,,,
BLVR,20.000,228.000,P,4,4.644,0.335,70,,,,,,,,,,,
GOLJ,24.000,83.000,P,0,4.854,-0.053,70,,,,,,,,,,,
NMVR,24.000,247.000,P,0,5.124,0.192,70,,,,,,,,,,,
VRDN,26.000,284.000,P,0,5.324,0.020,70,,,,,,,,,,,
AZGN,28.000,305.000,P,0,5.574,-0.048,70,,,,,,,,,,,
MGSL,32.000,247.000,P,0,6.424,0.177,70,,,,,,,,,,,
HRS ,32.000,257.000,P,0,5.954,-0.393,70,,,,,,,,,,,
KRNG,38.000,280.000,P,0,7.154,-0.003,70,,,,,,,,,,,
,,,,,,,70,2012-08-15 04:53:20.026,38.383,46.687,4.582,1.900,13.000,5.000,74.000,0.160,0.200,-0.000
ZANG,3.000,35.000,P,0,2.445,-0.099,71,,,,,,,,,,,
HIGH,10.000,135.000,P,0,2.965,-0.133,71,,,,,,,,,,,
ORNG,13.000,315.000,P,0,3.615,0.183,71,,,,,,,,,,,
SRND,16.000,130.000,P,0,3.885,0.015,71,,,,,,,,,,,
BLVR,19.000,210.000,P,0,4.455,0.270,71,,,,,,,,,,,
NMVR,20.000,235.000,P,0,4.505,0.098,71,,,,,,,,,,,
VRDN,20.000,281.000,P,0,4.445,0.045,71,,,,,,,,,,,
FRMZ,22.000,54.000,P,0,4.805,0.111,71,,,,,,,,,,,
AZGN,22.000,309.000,P,0,4.635,-0.074,71,,,,,,,,,,,
HRS ,27.000,249.000,P,0,5.105,-0.478,71,,,,,,,,,,,
MGSL,28.000,237.000,P,0,5.735,0.122,71,,,,,,,,,,,
GOLJ,29.000,89.000,P,0,5.805,-0.056,71,,,,,,,,,,,
KRNG,31.000,277.000,P,0,6.135,-0.003,71,,,,,,,,,,,
,,,,,,,71,2012-08-15 05:09:26.755,38.405,46.752,10.947,1.700,13.000,3.000,79.000,0.180,0.200,0.000
ZANG,3.000,18.000,P,0,2.514,-0.039,72,,,,,,,,,,,
HIGH,9.000,140.000,P,0,2.954,-0.093,72,,,,,,,,,,,
SRND,16.000,133.000,P,0,3.794,0.015,72,,,,,,,,,,,
KVCH,16.000,121.000,P,0,3.914,-0.000,72,,,,,,,,,,,
BLVR,19.000,213.000,P,0,4.524,0.230,72,,,,,,,,,,,
FRMZ,21.000,53.000,P,0,4.694,0.129,72,,,,,,,,,,,
NMVR,21.000,236.000,P,0,4.644,0.083,72,,,,,,,,,,,
VRDN,21.000,280.000,P,0,4.674,0.102,72,,,,,,,,,,,
AZGN,23.000,307.000,P,0,4.814,-0.030,72,,,,,,,,,,,
GOLJ,28.000,89.000,P,0,5.604,-0.092,72,,,,,,,,,,,
HRS ,28.000,250.000,P,0,5.354,-0.400,72,,,,,,,,,,,
MGSL,29.000,238.000,P,0,5.814,0.043,72,,,,,,,,,,,
KRNG,33.000,277.000,P,0,6.364,0.051,72,,,,,,,,,,,
,,,,,,,72,2012-08-15 05:26:26.966,38.405,46.740,11.172,2.700,13.000,3.000,75.000,0.150,0.200,0.000
ZANG,5.000,66.000,P,0,2.178,-0.084,73,,,,,,,,,,,
ORNG,11.000,320.000,P,0,3.118,0.197,73,,,,,,,,,,,
HIGH,12.000,130.000,P,0,3.068,-0.098,73,,,,,,,,,,,
VRDN,18.000,280.000,P,0,3.888,-0.024,73,,,,,,,,,,,
BLVR,18.000,203.000,P,0,4.158,0.132,73,,,,,,,,,,,
SRND,19.000,128.000,P,0,4.128,0.040,73,,,,,,,,,,,
NMVR,19.000,228.000,P,0,4.078,-0.023,73,,,,,,,,,,,
AZGN,20.000,311.000,P,0,4.138,-0.111,73,,,,,,,,,,,
KVCH,20.000,118.000,P,0,4.318,0.044,73,,,,,,,,,,,
FRMZ,23.000,59.000,P,0,4.918,0.079,73,,,,,,,,,,,
MGSL,26.000,233.000,P,0,5.318,-0.030,73,,,,,,,,,,,
KRNG,29.000,276.000,P,0,5.688,-0.051,73,,,,,,,,,,,
GOLJ,31.000,91.000,P,0,6.138,-0.073,73,,,,,,,,,,,
,,,,,,,73,2012-08-15 06:13:54.422,38.413,46.779,8.511,1.900,13.000,5.000,98.000,0.090,0.200,0.000
ZANG,5.000,58.000,P,0,2.409,-0.064,74,,,,,,,,,,,
ORNG,12.000,321.000,P,0,3.309,0.174,74,,,,,,,,,,,
HIGH,12.000,129.000,P,0,3.089,-0.123,74,,,,,,,,,,,
VRDN,18.000,281.000,P,0,4.029,-0.014,74,,,,,,,,,,,
BLVR,18.000,204.000,P,0,4.169,0.134,74,,,,,,,,,,,
SRND,18.000,127.000,P,0,4.099,0.026,74,,,,,,,,,,,
NMVR,19.000,230.000,P,0,4.139,-0.007,74,,,,,,,,,,,
KVCH,19.000,117.000,P,0,4.299,0.037,74,,,,,,,,,,,
AZGN,20.000,312.000,P,0,4.279,-0.122,74,,,,,,,,,,,
FRMZ,23.000,58.000,P,0,4.979,0.089,74,,,,,,,,,,,
MGSL,26.000,234.000,P,0,5.319,-0.036,74,,,,,,,,,,,
KRNG,29.000,277.000,P,0,5.759,-0.040,74,,,,,,,,,,,
GOLJ,31.000,90.000,P,0,6.109,-0.054,74,,,,,,,,,,,
,,,,,,,74,2012-08-15 06:25:10.541,38.408,46.776,9.958,2.600,13.000,5.000,95.000,0.090,0.200,0.000
HIGH,8.000,198.000,P,0,2.075,-0.058,75,,,,,,,,,,,
ZANG,8.000,287.000,P,0,2.135,-0.019,75,,,,,,,,,,,
KVCH,10.000,148.000,P,0,2.525,-0.029,75,,,,,,,,,,,
SRND,11.000,166.000,P,0,2.745,0.009,75,,,,,,,,,,,
FRMZ,15.000,33.000,P,0,3.535,0.131,75,,,,,,,,,,,
GOLJ,19.000,90.000,P,0,4.175,-0.082,75,,,,,,,,,,,
ORNG,21.000,295.000,P,0,4.595,0.113,75,,,,,,,,,,,
BLVR,25.000,229.000,P,0,5.415,0.206,75,,,,,,,,,,,
NMVR,29.000,245.000,P,0,5.855,0.051,75,,,,,,,,,,,
VRDN,30.000,277.000,P,0,5.825,-0.121,75,,,,,,,,,,,
AZGN,30.000,297.000,P,0,5.895,-0.127,75,,,,,,,,,,,
KRNG,41.000,275.000,P,0,7.765,-0.063,75,,,,,,,,,,,
,,,,,,,75,2012-08-15 06:54:27.385,38.409,46.642,3.746,2.800,12.000,8.000,95.000,0.110,0.200,-0.100
KVCH,9.000,143.000,P,0,2.256,-0.052,76,,,,,,,,,,,
SRND,9.000,164.000,P,0,2.446,0.018,76,,,,,,,,,,,
ZANG,9.000,298.000,P,0,2.286,-0.086,76,,,,,,,,,,,
FRMZ,16.000,29.000,P,0,3.706,0.108,76,,,,,,,,,,,
GOLJ,19.000,84.000,P,0,4.126,-0.050,76,,,,,,,,,,,
ORNG,22.000,299.000,P,0,4.716,0.121,76,,,,,,,,,,,
BLVR,24.000,233.000,P,4,5.226,0.256,76,,,,,,,,,,,
NMVR,28.000,249.000,P,0,5.736,0.097,76,,,,,,,,,,,
VRDN,30.000,280.000,P,0,5.896,-0.052,76,,,,,,,,,,,
AZGN,31.000,299.000,P,0,6.016,-0.105,76,,,,,,,,,,,
MGSL,36.000,248.000,P,0,7.036,0.084,76,,,,,,,,,,,
KRNG,41.000,277.000,P,0,7.736,-0.082,76,,,,,,,,,,,
,,,,,,,76,2012-08-15 07:12:14.074,38.392,46.639,4.417,2.500,12.000,9.000,88.000,0.090,0.200,-0.000
ORNG,12.000,333.000,P,0,3.223,0.130,77,,,,,,,,,,,
HIGH,13.000,118.000,P,0,3.053,-0.203,77,,,,,,,,,,,
BLVR,16.000,200.000,P,0,3.823,0.143,77,,,,,,,,,,,
NMVR,16.000,230.000,P,0,3.743,0.003,77,,,,,,,,,,,
VRDN,17.000,288.000,P,0,3.763,-0.012,77,,,,,,,,,,,
SRND,19.000,120.000,P,0,4.173,0.009,77,,,,,,,,,,,
KVCH,20.000,111.000,P,0,4.473,0.057,77,,,,,,,,,,,
AZGN,20.000,319.000,P,0,4.213,-0.109,77,,,,,,,,,,,
MGSL,24.000,235.000,P,0,4.923,-0.038,77,,,,,,,,,,,
FRMZ,26.000,57.000,P,0,5.343,0.079,77,,,,,,,,,,,
KRNG,28.000,280.000,P,0,5.503,-0.035,77,,,,,,,,,,,
GOLJ,33.000,87.000,P,0,6.473,-0.011,77,,,,,,,,,,,
,,,,,,,77,2012-08-15 09:03:23.617,38.395,46.798,9.199,1.600,12.000,12.000,84.000,0.100,0.200,-0.100
HIGH,4.000,181.000,P,0,1.509,-0.022,78,,,,,,,,,,,
SRND,9.000,146.000,P,0,2.349,0.008,78,,,,,,,,,,,
KVCH,10.000,126.000,P,0,2.409,0.006,78,,,,,,,,,,,
HMLO,16.000,48.000,P,4,54.459,-9.290,78,,,,,,,,,,,
FRMZ,19.000,34.000,P,0,4.239,0.126,78,,,,,,,,,,,
BLVR,21.000,231.000,P,0,4.719,0.157,78,,,,,,,,,,,
ORNG,21.000,306.000,P,0,4.609,0.179,78,,,,,,,,,,,
GOLJ,22.000,81.000,P,0,4.649,-0.085,78,,,,,,,,,,,
NMVR,25.000,249.000,P,0,5.229,-0.016,78,,,,,,,,,,,
VRDN,28.000,284.000,P,0,5.619,-0.055,78,,,,,,,,,,,
AZGN,30.000,304.000,P,0,5.869,-0.102,78,,,,,,,,,,,
MGSL,33.000,248.000,P,0,6.559,-0.012,78,,,,,,,,,,,
KRNG,39.000,280.000,P,0,7.379,-0.147,78,,,,,,,,,,,
,,,,,,,78,2012-08-15 09:03:48.361,38.380,46.669,3.560,2.600,13.000,4.000,86.000,0.110,0.200,-0.100
ZANG,4.000,331.000,P,0,2.213,0.096,79,,,,,,,,,,,
HIGH,8.000,153.000,P,0,2.263,-0.224,79,,,,,,,,,,,
SRND,13.000,139.000,P,0,3.233,-0.017,79,,,,,,,,,,,
KVCH,14.000,125.000,P,0,3.313,-0.032,79,,,,,,,,,,,
FRMZ,19.000,47.000,P,0,4.273,0.119,79,,,,,,,,,,,
BLVR,21.000,220.000,P,0,4.713,0.364,79,,,,,,,,,,,
NMVR,23.000,241.000,P,0,4.943,0.173,79,,,,,,,,,,,
GOLJ,25.000,88.000,P,0,5.173,-0.037,79,,,,,,,,,,,
AZGN,25.000,304.000,P,0,5.073,-0.057,79,,,,,,,,,,,
HRS ,31.000,252.000,P,0,5.623,-0.466,79,,,,,,,,,,,
MGSL,31.000,242.000,P,0,6.213,0.145,79,,,,,,,,,,,
KRNG,35.000,277.000,P,0,6.693,-0.048,79,,,,,,,,,,,
TBZ ,52.000,111.000,P,0,9.573,0.039,79,,,,,,,,,,,
BST ,79.000,191.000,P,0,13.843,-0.055,79,,,,,,,,,,,
,,,,,,,79,2012-08-15 09:11:16.447,38.402,46.710,8.087,1.700,14.000,4.000,75.000,0.190,0.200,-0.100
ZANG,7.000,64.000,P,0,2.578,0.013,80,,,,,,,,,,,
ORNG,11.000,330.000,P,0,3.128,0.125,80,,,,,,,,,,,
HIGH,13.000,123.000,P,0,3.168,-0.182,80,,,,,,,,,,,
VRDN,16.000,284.000,P,0,3.748,-0.014,80,,,,,,,,,,,
BLVR,17.000,199.000,P,0,3.958,0.104,80,,,,,,,,,,,
NMVR,17.000,227.000,P,0,3.838,-0.035,80,,,,,,,,,,,
AZGN,19.000,316.000,P,0,4.118,-0.106,80,,,,,,,,,,,
SRND,19.000,123.000,P,0,4.268,0.013,80,,,,,,,,,,,
KVCH,21.000,113.000,P,0,4.518,0.037,80,,,,,,,,,,,
MGSL,25.000,233.000,P,0,5.078,0.003,80,,,,,,,,,,,
HMLO,25.000,70.000,P,4,55.818,-9.327,80,,,,,,,,,,,
FRMZ,25.000,59.000,P,0,5.228,0.060,80,,,,,,,,,,,
KRNG,28.000,278.000,P,0,5.498,-0.015,80,,,,,,,,,,,
GOLJ,33.000,89.000,P,4,57.108,-9.348,80,,,,,,,,,,,
TBZ ,60.000,108.000,P,0,10.688,0.071,80,,,,,,,,,,,
,,,,,,,80,2012-08-15 09:25:49.082,38.404,46.797,9.522,2.200,15.000,7.000,88.000,0.090,0.200,0.000
GZCH,2.000,351.000,P,0,2.638,-0.078,81,,,,,,,,,,,
ZANG,6.000,82.000,P,0,2.798,-0.139,81,,,,,,,,,,,
ORNG,9.000,323.000,P,0,3.268,0.126,81,,,,,,,,,,,
HIGH,14.000,130.000,P,0,3.708,-0.070,81,,,,,,,,,,,
VRDN,16.000,277.000,P,0,3.968,0.039,81,,,,,,,,,,,
AZGN,18.000,312.000,P,0,4.128,-0.068,81,,,,,,,,,,,
NMVR,19.000,223.000,P,0,4.308,0.022,81,,,,,,,,,,,
BLVR,19.000,197.000,P,0,4.498,0.161,81,,,,,,,,,,,
SRND,21.000,127.000,P,0,4.668,0.074,81,,,,,,,,,,,
KVCH,22.000,118.000,P,0,4.898,0.133,81,,,,,,,,,,,
FRMZ,24.000,63.000,P,0,5.198,0.077,81,,,,,,,,,,,
HMLO,24.000,75.000,P,4,48.438,-16.719,81,,,,,,,,,,,
MGSL,26.000,229.000,P,0,5.378,-0.009,81,,,,,,,,,,,
KRNG,27.000,274.000,P,0,5.558,-0.011,81,,,,,,,,,,,
GOLJ,33.000,92.000,P,0,6.528,0.012,81,,,,,,,,,,,
TBZ ,60.000,110.000,P,0,10.718,-0.024,81,,,,,,,,,,,
BST ,81.000,186.000,P,0,13.848,-0.179,81,,,,,,,,,,,
,,,,,,,81,2012-08-15 10:00:34.872,38.423,46.797,12.636,2.600,17.000,2.000,71.000,0.100,0.200,0.000
ZANG,3.000,351.000,P,0,2.444,-0.158,82,,,,,,,,,,,
GZCH,8.000,303.000,P,0,2.874,-0.025,82,,,,,,,,,,,
HIGH,8.000,145.000,P,0,2.894,-0.054,82,,,,,,,,,,,
SRND,14.000,135.000,P,0,3.684,0.066,82,,,,,,,,,,,
KVCH,15.000,122.000,P,0,3.794,0.058,82,,,,,,,,,,,
ORNG,15.000,310.000,P,0,3.924,0.173,82,,,,,,,,,,,
HMLO,19.000,63.000,P,4,55.054,-9.286,82,,,,,,,,,,,
BLVR,20.000,217.000,P,0,4.564,0.199,82,,,,,,,,,,,
FRMZ,20.000,49.000,P,0,4.554,0.090,82,,,,,,,,,,,
NMVR,22.000,239.000,P,0,4.824,0.116,82,,,,,,,,,,,
VRDN,23.000,281.000,P,0,4.824,0.025,82,,,,,,,,,,,
AZGN,24.000,306.000,P,0,4.974,-0.090,82,,,,,,,,,,,
GOLJ,27.000,88.000,P,0,5.454,-0.039,82,,,,,,,,,,,
HRS ,29.000,252.000,P,0,5.594,-0.343,82,,,,,,,,,,,
MGSL,30.000,241.000,P,0,6.054,0.130,82,,,,,,,,,,,
KRNG,34.000,277.000,P,0,6.584,0.044,82,,,,,,,,,,,
TBZ ,54.000,110.000,P,0,9.664,0.005,82,,,,,,,,,,,
BST ,79.000,191.000,P,0,13.624,-0.161,82,,,,,,,,,,,
,,,,,,,82,2012-08-15 10:16:00.726,38.401,46.724,11.391,2.700,18.000,3.000,57.000,0.140,0.200,0.000
HIGH,6.000,203.000,P,0,1.867,-0.022,83,,,,,,,,,,,
KVCH,9.000,143.000,P,0,2.327,0.014,83,,,,,,,,,,,
ZANG,9.000,298.000,P,0,2.287,-0.013,83,,,,,,,,,,,
SRND,10.000,163.000,P,0,2.447,0.008,83,,,,,,,,,,,
HMLO,14.000,45.000,P,4,54.017,-9.208,83,,,,,,,,,,,
GZCH,15.000,290.000,P,0,3.337,-0.057,83,,,,,,,,,,,
FRMZ,16.000,30.000,P,0,3.807,0.177,83,,,,,,,,,,,
GOLJ,19.000,85.000,P,0,4.247,0.005,83,,,,,,,,,,,
ORNG,22.000,299.000,P,0,4.697,0.104,83,,,,,,,,,,,
BLVR,24.000,232.000,P,0,5.167,0.173,83,,,,,,,,,,,
NMVR,28.000,248.000,P,0,5.647,-0.016,83,,,,,,,,,,,
VRDN,30.000,280.000,P,0,5.867,-0.093,83,,,,,,,,,,,
AZGN,31.000,299.000,P,0,5.977,-0.152,83,,,,,,,,,,,
MGSL,36.000,248.000,P,0,7.017,0.040,83,,,,,,,,,,,
TBZ ,47.000,112.000,P,0,8.597,-0.133,83,,,,,,,,,,,
,,,,,,,83,2012-08-15 10:53:24.653,38.393,46.642,3.988,2.400,15.000,6.000,89.000,0.100,0.224,-0.100
ZANG,3.000,325.000,P,0,1.288,-0.065,84,,,,,,,,,,,
HIGH,8.000,155.000,P,0,2.168,-0.019,84,,,,,,,,,,,
GZCH,9.000,294.000,P,0,2.298,0.105,84,,,,,,,,,,,
SRND,14.000,141.000,P,0,3.278,0.002,84,,,,,,,,,,,
KVCH,14.000,127.000,P,0,3.358,-0.001,84,,,,,,,,,,,
ORNG,16.000,305.000,P,0,3.708,0.114,84,,,,,,,,,,,
HMLO,18.000,63.000,P,4,54.648,-9.320,84,,,,,,,,,,,
FRMZ,19.000,49.000,P,0,4.228,0.106,84,,,,,,,,,,,
BLVR,21.000,218.000,P,0,4.628,0.123,84,,,,,,,,,,,
NMVR,23.000,239.000,P,0,4.898,-0.015,84,,,,,,,,,,,
VRDN,24.000,278.000,P,0,4.898,-0.053,84,,,,,,,,,,,
AZGN,25.000,303.000,P,0,5.038,-0.118,84,,,,,,,,,,,
GOLJ,25.000,90.000,P,0,5.288,-0.043,84,,,,,,,,,,,
HRS ,31.000,251.000,P,4,5.648,-0.600,84,,,,,,,,,,,
MGSL,31.000,240.000,P,0,6.218,-0.033,84,,,,,,,,,,,
KRNG,35.000,276.000,P,0,6.788,-0.063,84,,,,,,,,,,,
BST ,80.000,191.000,P,4,13.978,-0.358,84,,,,,,,,,,,
,,,,,,,84,2012-08-15 10:56:56.952,38.409,46.711,3.540,2.900,17.000,3.000,83.000,0.090,0.200,-0.100
HIGH,6.000,177.000,P,0,1.808,-0.073,85,,,,,,,,,,,
ZANG,6.000,306.000,P,0,1.848,0.026,85,,,,,,,,,,,
SRND,11.000,150.000,P,0,2.738,-0.003,85,,,,,,,,,,,
KVCH,11.000,133.000,P,0,2.758,0.017,85,,,,,,,,,,,
GZCH,12.000,293.000,P,0,2.908,0.036,85,,,,,,,,,,,
HMLO,16.000,54.000,P,4,54.298,-9.260,85,,,,,,,,,,,
FRMZ,17.000,39.000,P,0,3.988,0.142,85,,,,,,,,,,,
BLVR,22.000,227.000,P,0,4.808,0.118,85,,,,,,,,,,,
GOLJ,22.000,87.000,P,0,4.678,-0.066,85,,,,,,,,,,,
NMVR,26.000,245.000,P,0,5.288,0.021,85,,,,,,,,,,,
VRDN,27.000,280.000,P,0,5.398,-0.091,85,,,,,,,,,,,
AZGN,28.000,301.000,P,0,5.568,-0.118,85,,,,,,,,,,,
MGSL,33.000,245.000,P,0,6.618,0.027,85,,,,,,,,,,,
,,,,,,,85,2012-08-15 11:23:43.842,38.398,46.674,3.868,1.900,13.000,6.000,92.000,0.080,0.224,-0.100
GZCH,4.000,328.000,P,0,2.374,-0.033,86,,,,,,,,,,,
ZANG,5.000,58.000,P,0,2.324,-0.145,86,,,,,,,,,,,
ORNG,12.000,321.000,P,0,3.334,0.192,86,,,,,,,,,,,
SRND,18.000,127.000,P,0,4.084,0.019,86,,,,,,,,,,,
VRDN,18.000,281.000,P,0,4.124,0.068,86,,,,,,,,,,,
BLVR,18.000,204.000,P,0,4.204,0.159,86,,,,,,,,,,,
NMVR,19.000,230.000,P,0,4.224,0.065,86,,,,,,,,,,,
KVCH,19.000,117.000,P,0,4.304,0.052,86,,,,,,,,,,,
AZGN,20.000,312.000,P,0,4.354,-0.055,86,,,,,,,,,,,
HMLO,23.000,69.000,P,4,55.534,-9.305,86,,,,,,,,,,,
FRMZ,23.000,58.000,P,0,4.944,0.068,86,,,,,,,,,,,
HRS ,26.000,247.000,P,0,4.864,-0.433,86,,,,,,,,,,,
MGSL,26.000,235.000,P,0,5.454,0.085,86,,,,,,,,,,,
KRNG,30.000,277.000,P,0,5.874,0.062,86,,,,,,,,,,,
GOLJ,31.000,90.000,P,0,6.094,-0.054,86,,,,,,,,,,,
TBZ ,58.000,109.000,P,0,10.334,-0.013,86,,,,,,,,,,,
,,,,,,,86,2012-08-15 11:27:05.856,38.408,46.775,9.976,2.300,16.000,4.000,88.000,0.150,0.141,0.000
HIGH,5.000,167.000,P,0,1.627,-0.081,87,,,,,,,,,,,
ZANG,6.000,320.000,P,0,1.907,0.039,87,,,,,,,,,,,
SRND,11.000,143.000,P,0,2.607,-0.019,87,,,,,,,,,,,
KVCH,11.000,125.000,P,0,2.727,0.016,87,,,,,,,,,,,
GZCH,12.000,300.000,P,0,2.897,0.053,87,,,,,,,,,,,
HMLO,17.000,52.000,P,4,54.507,-9.288,87,,,,,,,,,,,
FRMZ,19.000,38.000,P,0,4.217,0.119,87,,,,,,,,,,,
BLVR,21.000,228.000,P,0,4.607,0.165,87,,,,,,,,,,,
GOLJ,23.000,84.000,P,0,4.817,-0.079,87,,,,,,,,,,,
NMVR,24.000,247.000,P,0,5.077,0.024,87,,,,,,,,,,,
VRDN,27.000,283.000,P,0,5.347,-0.052,87,,,,,,,,,,,
AZGN,28.000,304.000,P,0,5.607,-0.079,87,,,,,,,,,,,
MGSL,32.000,246.000,P,0,6.357,-0.028,87,,,,,,,,,,,
KRNG,38.000,279.000,P,0,7.167,-0.091,87,,,,,,,,,,,
TBZ ,50.000,110.000,P,0,9.317,0.049,87,,,,,,,,,,,
,,,,,,,87,2012-08-15 11:39:28.983,38.387,46.683,3.886,2.000,15.000,5.000,78.000,0.080,0.224,-0.100
GZCH,6.000,4.000,P,0,2.332,-0.003,88,,,,,,,,,,,
ZANG,8.000,53.000,P,0,2.522,-0.077,88,,,,,,,,,,,
ORNG,13.000,338.000,P,0,3.302,0.182,88,,,,,,,,,,,
HIGH,13.000,113.000,P,0,3.122,-0.076,88,,,,,,,,,,,
BLVR,15.000,199.000,P,0,3.512,0.072,88,,,,,,,,,,,
NMVR,15.000,231.000,P,0,3.542,0.033,88,,,,,,,,,,,
VRDN,16.000,292.000,P,0,3.692,0.002,88,,,,,,,,,,,
SRND,19.000,116.000,P,0,4.052,-0.075,88,,,,,,,,,,,
AZGN,20.000,322.000,P,0,4.262,-0.088,88,,,,,,,,,,,
KVCH,21.000,107.000,P,0,4.512,0.099,88,,,,,,,,,,,
MGSL,23.000,236.000,P,0,4.702,-0.047,88,,,,,,,,,,,
HMLO,26.000,66.000,P,4,56.152,-9.189,88,,,,,,,,,,,
KRNG,27.000,283.000,P,0,5.392,-0.058,88,,,,,,,,,,,
GOLJ,34.000,85.000,P,0,6.672,0.074,88,,,,,,,,,,,
,,,,,,,88,2012-08-15 12:03:56.688,38.385,46.805,8.350,1.600,14.000,6.000,84.000,0.090,0.200,0.000
ZANG,2.000,253.000,P,0,1.181,-0.145,89,,,,,,,,,,,
MHTR,4.000,352.000,P,0,1.551,0.098,89,,,,,,,,,,,
GZCH,8.000,273.000,P,0,2.241,0.059,89,,,,,,,,,,,
HIGH,11.000,164.000,P,0,2.711,0.015,89,,,,,,,,,,,
ORNG,15.000,294.000,P,0,3.531,0.115,89,,,,,,,,,,,
HMLO,16.000,72.000,P,4,54.321,-9.338,89,,,,,,,,,,,
FRMZ,16.000,55.000,P,0,3.761,0.057,89,,,,,,,,,,,
KVCH,16.000,137.000,P,0,3.641,-0.017,89,,,,,,,,,,,
SRND,16.000,150.000,P,0,3.701,0.028,89,,,,,,,,,,,
AZGN,24.000,296.000,P,0,4.861,-0.116,89,,,,,,,,,,,
BLVR,24.000,215.000,P,0,5.121,0.146,89,,,,,,,,,,,
VRDN,24.000,271.000,P,0,4.981,-0.019,89,,,,,,,,,,,
GOLJ,25.000,97.000,P,0,5.181,-0.061,89,,,,,,,,,,,
NMVR,26.000,234.000,P,0,5.251,-0.026,89,,,,,,,,,,,
HRS ,32.000,246.000,P,4,5.911,-0.602,89,,,,,,,,,,,
MGSL,33.000,236.000,P,0,6.561,-0.026,89,,,,,,,,,,,
KRNG,35.000,271.000,P,0,6.841,-0.069,89,,,,,,,,,,,
TBZ ,53.000,115.000,P,4,9.861,-0.060,89,,,,,,,,,,,
BST ,83.000,191.000,P,4,14.561,-0.248,89,,,,,,,,,,,
,,,,,,,89,2012-08-15 13:19:00.839,38.436,46.704,3.650,2.200,19.000,2.000,62.000,0.090,0.200,-0.100
ZANG,4.000,50.000,P,0,2.508,-0.164,90,,,,,,,,,,,
GZCH,5.000,317.000,P,0,2.628,-0.066,90,,,,,,,,,,,
MHTR,8.000,34.000,P,0,2.928,-0.050,90,,,,,,,,,,,
HIGH,11.000,133.000,P,0,3.248,-0.038,90,,,,,,,,,,,
ORNG,12.000,317.000,P,0,3.568,0.183,90,,,,,,,,,,,
SRND,17.000,129.000,P,0,4.148,0.090,90,,,,,,,,,,,
KVCH,18.000,119.000,P,0,4.298,0.078,90,,,,,,,,,,,
VRDN,19.000,281.000,P,0,4.368,0.068,90,,,,,,,,,,,
BLVR,19.000,207.000,P,0,4.458,0.239,90,,,,,,,,,,,
NMVR,20.000,232.000,P,0,4.478,0.101,90,,,,,,,,,,,
AZGN,21.000,310.000,P,0,4.538,-0.065,90,,,,,,,,,,,
HMLO,22.000,69.000,P,4,55.528,-9.235,90,,,,,,,,,,,
FRMZ,22.000,56.000,P,0,4.888,0.079,90,,,,,,,,,,,
HRS ,27.000,248.000,P,0,5.148,-0.353,90,,,,,,,,,,,
MGSL,27.000,236.000,P,0,5.668,0.114,90,,,,,,,,,,,
GOLJ,30.000,90.000,P,0,5.998,-0.025,90,,,,,,,,,,,
KRNG,31.000,277.000,P,0,6.058,0.050,90,,,,,,,,,,,
TBZ ,57.000,110.000,P,0,10.218,0.011,90,,,,,,,,,,,
BST ,79.000,188.000,P,0,13.608,-0.217,90,,,,,,,,,,,
,,,,,,,90,2012-08-15 13:34:32.992,38.408,46.763,11.695,3.000,19.000,4.000,76.000,0.150,0.200,0.000
MHTR,5.000,354.000,P,0,2.854,-0.054,91,,,,,,,,,,,
GZCH,9.000,282.000,P,0,3.124,-0.042,91,,,,,,,,,,,
HIGH,10.000,162.000,P,0,3.234,-0.052,91,,,,,,,,,,,
KVCH,15.000,134.000,P,0,3.914,0.022,91,,,,,,,,,,,
SRND,15.000,147.000,P,0,3.954,0.086,91,,,,,,,,,,,
HMLO,16.000,68.000,P,4,54.844,-9.240,91,,,,,,,,,,,
FRMZ,17.000,51.000,P,0,4.264,0.112,91,,,,,,,,,,,
GOLJ,25.000,94.000,P,0,5.274,-0.023,91,,,,,,,,,,,
VRDN,24.000,274.000,P,0,5.144,0.045,91,,,,,,,,,,,
AZGN,25.000,299.000,P,0,5.144,-0.026,91,,,,,,,,,,,
NMVR,25.000,236.000,P,0,5.394,0.174,91,,,,,,,,,,,
HRS ,32.000,248.000,P,0,6.064,-0.324,91,,,,,,,,,,,
MGSL,33.000,238.000,P,0,6.574,0.159,91,,,,,,,,,,,
KRNG,36.000,273.000,P,0,6.894,0.065,91,,,,,,,,,,,
TBZ ,53.000,113.000,P,0,9.514,-0.048,91,,,,,,,,,,,
BST ,82.000,191.000,P,0,14.184,-0.058,91,,,,,,,,,,,
,,,,,,,91,2012-08-15 13:37:05.666,38.424,46.704,12.948,2.000,16.000,5.000,57.000,0.120,0.200,0.000
HIGH,6.000,174.000,P,0,1.726,-0.070,92,,,,,,,,,,,
ZANG,6.000,313.000,P,0,1.856,-0.039,92,,,,,,,,,,,
MHTR,9.000,342.000,P,0,2.456,0.085,92,,,,,,,,,,,
SRND,11.000,147.000,P,0,2.696,0.036,92,,,,,,,,,,,
KVCH,11.000,129.000,P,0,2.646,-0.055,92,,,,,,,,,,,
GZCH,12.000,297.000,P,0,2.956,0.053,92,,,,,,,,,,,
HMLO,16.000,53.000,P,4,54.366,-9.279,92,,,,,,,,,,,
FRMZ,18.000,38.000,P,0,4.036,0.087,92,,,,,,,,,,,
BLVR,22.000,228.000,P,0,4.826,0.278,92,,,,,,,,,,,
GOLJ,23.000,85.000,P,0,4.686,-0.085,92,,,,,,,,,,,
NMVR,25.000,246.000,P,0,5.276,0.124,92,,,,,,,,,,,
VRDN,27.000,281.000,P,0,5.466,0.020,92,,,,,,,,,,,
AZGN,28.000,303.000,P,0,5.626,-0.065,92,,,,,,,,,,,
MGSL,33.000,246.000,P,0,6.576,0.099,92,,,,,,,,,,,
HRS ,33.000,256.000,P,0,6.106,-0.453,92,,,,,,,,,,,
KRNG,38.000,278.000,P,0,7.296,-0.015,92,,,,,,,,,,,
TBZ ,49.000,111.000,P,0,9.266,0.079,92,,,,,,,,,,,
BST ,79.000,194.000,P,0,14.026,-0.040,92,,,,,,,,,,,
,,,,,,,92,2012-08-15 13:38:50.864,38.392,46.677,4.073,2.300,18.000,6.000,55.000,0.150,0.200,-0.100
GZCH,6.000,353.000,P,0,2.464,-0.009,93,,,,,,,,,,,
ZANG,7.000,46.000,P,0,2.444,-0.168,93,,,,,,,,,,,
HIGH,12.000,114.000,P,0,2.984,-0.118,93,,,,,,,,,,,
MHTR,12.000,36.000,P,0,3.094,-0.051,93,,,,,,,,,,,
ORNG,13.000,333.000,P,0,3.504,0.213,93,,,,,,,,,,,
BLVR,15.000,204.000,P,0,3.724,0.182,93,,,,,,,,,,,
NMVR,16.000,235.000,P,0,3.824,0.124,93,,,,,,,,,,,
SRND,18.000,117.000,P,0,4.024,0.038,93,,,,,,,,,,,
VRDN,18.000,291.000,P,0,4.014,0.083,93,,,,,,,,,,,
KVCH,19.000,108.000,P,0,4.314,0.056,93,,,,,,,,,,,
AZGN,21.000,319.000,P,0,4.474,-0.064,93,,,,,,,,,,,
HRS ,23.000,252.000,P,0,4.534,-0.390,93,,,,,,,,,,,
MGSL,24.000,238.000,P,0,5.054,0.120,93,,,,,,,,,,,
FRMZ,26.000,54.000,P,0,5.334,0.039,93,,,,,,,,,,,
GOLJ,33.000,85.000,P,0,6.364,-0.034,93,,,,,,,,,,,
TBZ ,58.000,106.000,P,0,10.554,0.119,93,,,,,,,,,,,
BST ,76.000,187.000,P,0,13.204,-0.138,93,,,,,,,,,,,
,,,,,,,93,2012-08-15 14:02:40.986,38.383,46.791,9.204,2.000,17.000,6.000,70.000,0.150,0.200,-0.100
NMVR,10.000,190.000,P,0,2.968,0.093,94,,,,,,,,,,,
GZCH,12.000,61.000,P,0,3.138,-0.033,94,,,,,,,,,,,
ORNG,12.000,25.000,P,0,3.358,0.157,94,,,,,,,,,,,
HRS ,13.000,234.000,P,0,3.178,-0.249,94,,,,,,,,,,,
BLVR,15.000,160.000,P,4,3.638,0.050,94,,,,,,,,,,,
AZGN,16.000,350.000,P,0,3.668,-0.044,94,,,,,,,,,,,
MGSL,16.000,214.000,P,0,3.808,0.093,94,,,,,,,,,,,
KRNG,18.000,289.000,P,0,4.018,0.082,94,,,,,,,,,,,
ZANG,17.000,74.000,P,0,3.878,-0.082,94,,,,,,,,,,,
MHTR,20.000,64.000,P,0,4.338,-0.101,94,,,,,,,,,,,
HIGH,22.000,104.000,P,0,4.728,-0.030,94,,,,,,,,,,,
SRND,28.000,108.000,P,0,5.738,0.059,94,,,,,,,,,,,
KVCH,30.000,102.000,P,0,6.108,0.092,94,,,,,,,,,,,
GOLJ,44.000,87.000,P,0,8.178,0.015,94,,,,,,,,,,,
TBZ ,69.000,104.000,P,0,12.118,-0.051,94,,,,,,,,,,,
BST ,76.000,178.000,P,4,12.898,-0.445,94,,,,,,,,,,,
,,,,,,,94,2012-08-15 14:06:47.282,38.388,46.919,9.547,1.600,16.000,10.000,61.000,0.110,0.200,0.000
ZANG,4.000,54.000,P,0,2.389,-0.124,95,,,,,,,,,,,
GZCH,5.000,320.000,P,0,2.489,-0.022,95,,,,,,,,,,,
MHTR,8.000,36.000,P,0,2.849,-0.002,95,,,,,,,,,,,
HIGH,11.000,132.000,P,0,3.119,-0.083,95,,,,,,,,,,,
ORNG,12.000,318.000,P,0,3.439,0.198,95,,,,,,,,,,,
SRND,18.000,129.000,P,0,4.059,0.034,95,,,,,,,,,,,
BLVR,18.000,206.000,P,0,4.289,0.153,95,,,,,,,,,,,
KVCH,19.000,118.000,P,0,4.249,0.054,95,,,,,,,,,,,
VRDN,19.000,280.000,P,0,4.239,0.054,95,,,,,,,,,,,
NMVR,19.000,231.000,P,0,4.439,0.159,95,,,,,,,,,,,
AZGN,21.000,310.000,P,0,4.429,-0.072,95,,,,,,,,,,,
HMLO,22.000,69.000,P,4,55.969,-8.782,95,,,,,,,,,,,
FRMZ,23.000,57.000,P,0,4.879,0.086,95,,,,,,,,,,,
HRS ,26.000,247.000,P,0,4.969,-0.450,95,,,,,,,,,,,
MGSL,27.000,235.000,P,0,5.549,0.067,95,,,,,,,,,,,
KRNG,30.000,277.000,P,0,5.969,0.040,95,,,,,,,,,,,
GOLJ,30.000,90.000,P,0,5.989,-0.057,95,,,,,,,,,,,
,,,,,,,95,2012-08-15 14:17:20.791,38.409,46.767,10.550,2.000,17.000,4.000,76.000,0.160,0.200,0.000
GZCH,3.000,341.000,P,0,2.275,-0.060,96,,,,,,,,,,,
ZANG,5.000,68.000,P,0,2.445,-0.065,96,,,,,,,,,,,
ORNG,11.000,324.000,P,0,3.195,0.202,96,,,,,,,,,,,
HIGH,13.000,128.000,P,0,3.295,-0.056,96,,,,,,,,,,,
VRDN,17.000,281.000,P,0,3.855,-0.013,96,,,,,,,,,,,
BLVR,18.000,201.000,P,0,4.005,-0.031,96,,,,,,,,,,,
NMVR,18.000,227.000,P,0,4.165,0.097,96,,,,,,,,,,,
AZGN,19.000,313.000,P,0,4.175,-0.053,96,,,,,,,,,,,
SRND,19.000,126.000,P,0,4.285,0.047,96,,,,,,,,,,,
KVCH,20.000,117.000,P,0,4.545,0.112,96,,,,,,,,,,,
HMLO,24.000,71.000,P,4,56.335,-8.646,96,,,,,,,,,,,
FRMZ,24.000,60.000,P,0,4.955,-0.035,96,,,,,,,,,,,
MGSL,26.000,232.000,P,0,5.185,-0.080,96,,,,,,,,,,,
KRNG,28.000,276.000,P,0,5.595,-0.030,96,,,,,,,,,,,
,,,,,,,96,2012-08-15 14:20:41.315,38.412,46.788,9.832,1.600,14.000,3.000,78.000,0.090,0.200,0.000
GZCH,4.000,332.000,P,0,2.166,0.007,97,,,,,,,,,,,
ZANG,5.000,66.000,P,0,2.166,-0.124,97,,,,,,,,,,,
MHTR,9.000,44.000,P,0,2.666,-0.022,97,,,,,,,,,,,
ORNG,11.000,321.000,P,0,3.126,0.205,97,,,,,,,,,,,
HIGH,13.000,130.000,P,0,3.126,-0.060,97,,,,,,,,,,,
VRDN,18.000,280.000,P,0,3.946,0.055,97,,,,,,,,,,,
BLVR,18.000,202.000,P,0,4.186,0.176,97,,,,,,,,,,,
NMVR,19.000,228.000,P,0,4.156,0.078,97,,,,,,,,,,,
SRND,19.000,127.000,P,0,4.166,0.059,97,,,,,,,,,,,
AZGN,20.000,312.000,P,0,4.186,-0.054,97,,,,,,,,,,,
KVCH,20.000,117.000,P,0,4.366,0.068,97,,,,,,,,,,,
HMLO,23.000,71.000,P,4,56.046,-8.807,97,,,,,,,,,,,
FRMZ,23.000,59.000,P,0,4.946,0.075,97,,,,,,,,,,,
HRS ,25.000,245.000,P,0,4.746,-0.473,97,,,,,,,,,,,
MGSL,26.000,233.000,P,0,5.416,0.095,97,,,,,,,,,,,
KRNG,29.000,276.000,P,0,5.756,0.042,97,,,,,,,,,,,
GOLJ,32.000,90.000,P,0,6.126,-0.115,97,,,,,,,,,,,
TBZ ,59.000,110.000,P,0,10.516,0.023,97,,,,,,,,,,,
BST ,80.000,187.000,P,4,13.566,-0.327,97,,,,,,,,,,,
,,,,,,,97,2012-08-15 14:56:56.904,38.412,46.781,8.603,2.400,19.000,4.000,71.000,0.160,0.200,-0.100
ZANG,5.000,28.000,P,0,2.481,-0.122,98,,,,,,,,,,,
GZCH,6.000,322.000,P,0,2.711,0.000,98,,,,,,,,,,,
MHTR,9.000,25.000,P,0,2.981,-0.010,98,,,,,,,,,,,
HIGH,10.000,129.000,P,0,2.961,-0.062,98,,,,,,,,,,,
SRND,16.000,126.000,P,0,3.851,0.065,98,,,,,,,,,,,
BLVR,18.000,212.000,P,0,4.371,0.349,98,,,,,,,,,,,
VRDN,20.000,285.000,P,0,4.491,0.079,98,,,,,,,,,,,
HMLO,22.000,64.000,P,4,55.961,-8.759,98,,,,,,,,,,,
FRMZ,23.000,52.000,P,0,4.971,0.147,98,,,,,,,,,,,
AZGN,23.000,311.000,P,0,4.731,-0.073,98,,,,,,,,,,,
HRS ,27.000,251.000,P,0,5.131,-0.362,98,,,,,,,,,,,
MGSL,27.000,239.000,P,0,5.611,0.120,98,,,,,,,,,,,
GOLJ,29.000,87.000,P,0,5.861,-0.036,98,,,,,,,,,,,
KRNG,31.000,279.000,P,0,6.271,0.136,98,,,,,,,,,,,
TBZ ,56.000,108.000,P,0,10.031,0.021,98,,,,,,,,,,,
BST ,78.000,189.000,P,0,13.371,-0.218,98,,,,,,,,,,,
,,,,,,,98,2012-08-15 15:20:26.009,38.394,46.755,10.940,1.600,16.000,5.000,61.000,0.170,0.200,0.000
HIGH,6.000,203.000,P,0,2.055,-0.021,99,,,,,,,,,,,
KVCH,9.000,140.000,P,0,2.425,-0.004,99,,,,,,,,,,,
SRND,9.000,162.000,P,0,2.525,0.024,99,,,,,,,,,,,
ZANG,9.000,301.000,P,0,2.395,-0.080,99,,,,,,,,,,,
MHTR,11.000,327.000,P,0,2.775,0.042,99,,,,,,,,,,,
HMLO,14.000,45.000,P,4,54.535,-8.760,99,,,,,,,,,,,
GZCH,15.000,292.000,P,0,3.395,0.004,99,,,,,,,,,,,
FRMZ,17.000,29.000,P,0,3.815,0.133,99,,,,,,,,,,,
GOLJ,20.000,83.000,P,0,4.155,-0.072,99,,,,,,,,,,,
ORNG,22.000,300.000,P,0,4.695,0.153,99,,,,,,,,,,,
BLVR,24.000,233.000,P,0,5.135,0.286,99,,,,,,,,,,,
NMVR,28.000,249.000,P,0,5.615,0.100,99,,,,,,,,,,,
VRDN,30.000,281.000,P,0,5.845,-0.004,99,,,,,,,,,,,
AZGN,31.000,300.000,P,0,5.945,-0.099,99,,,,,,,,,,,
MGSL,36.000,248.000,P,0,6.915,0.088,99,,,,,,,,,,,
HRS ,36.000,257.000,P,0,6.505,-0.435,99,,,,,,,,,,,
KRNG,41.000,278.000,P,0,7.695,-0.020,99,,,,,,,,,,,
TBZ ,46.000,112.000,P,0,8.595,-0.025,99,,,,,,,,,,,
BST ,79.000,196.000,P,0,13.955,-0.036,99,,,,,,,,,,,
,,,,,,,99,2012-08-15 15:33:26.115,38.389,46.643,6.336,1.900,19.000,6.000,62.000,0.150,0.200,-0.100
GZCH,3.000,353.000,P,0,2.052,-0.048,100,,,,,,,,,,,
ZANG,6.000,73.000,P,0,2.212,-0.163,100,,,,,,,,,,,
MHTR,10.000,51.000,P,0,2.732,-0.046,100,,,,,,,,,,,
ORNG,10.000,326.000,P,0,3.002,0.228,100,,,,,,,,,,,
HIGH,14.000,127.000,P,0,3.292,-0.059,100,,,,,,,,,,,
NMVR,18.000,225.000,P,0,4.082,0.139,100,,,,,,,,,,,
BLVR,18.000,198.000,P,0,4.152,0.187,100,,,,,,,,,,,
AZGN,19.000,314.000,P,0,4.032,-0.018,100,,,,,,,,,,,
SRND,20.000,125.000,P,0,4.352,0.056,100,,,,,,,,,,,
KVCH,21.000,116.000,P,0,4.612,0.112,100,,,,,,,,,,,
HMLO,24.000,73.000,P,4,56.222,-8.821,100,,,,,,,,,,,
FRMZ,25.000,61.000,P,0,5.042,0.006,100,,,,,,,,,,,
HRS ,24.000,244.000,P,0,4.632,-0.402,100,,,,,,,,,,,
MGSL,25.000,231.000,P,0,5.252,0.083,100,,,,,,,,,,,
KRNG,28.000,276.000,P,0,5.542,0.054,100,,,,,,,,,,,
TBZ ,60.000,109.000,P,0,10.752,0.039,100,,,,,,,,,,,
BST ,80.000,186.000,P,0,13.782,-0.132,100,,,,,,,,,,,
,,,,,,,100,2012-08-15 15:43:25.408,38.414,46.796,8.466,2.100,17.000,3.000,60.000,0.160,0.200,-0.100
ZANG,6.000,303.000,P,0,1.838,-0.074,101,,,,,,,,,,,
SRND,12.000,151.000,P,0,2.848,0.003,101,,,,,,,,,,,
KVCH,12.000,134.000,P,0,2.838,-0.005,101,,,,,,,,,,,
HMLO,15.000,56.000,P,4,54.738,-8.752,101,,,,,,,,,,,
FRMZ,17.000,40.000,P,0,3.888,0.135,101,,,,,,,,,,,
ORNG,19.000,301.000,P,0,4.118,0.098,101,,,,,,,,,,,
BLVR,23.000,225.000,P,0,4.788,0.122,101,,,,,,,,,,,
GOLJ,22.000,88.000,P,0,4.618,-0.087,101,,,,,,,,,,,
MGSL,34.000,244.000,P,0,6.518,0.008,101,,,,,,,,,,,
KRNG,38.000,276.000,P,0,7.068,-0.163,101,,,,,,,,,,,
TBZ ,50.000,112.000,P,0,9.178,-0.001,101,,,,,,,,,,,
BST ,80.000,193.000,P,4,14.078,-0.093,101,,,,,,,,,,,
,,,,,,,101,2012-08-15 16:01:21.232,38.403,46.676,5.143,1.600,12.000,6.000,97.000,0.100,0.200,-0.100
GZCH,4.000,337.000,P,0,1.641,0.099,102,,,,,,,,,,,
ZANG,5.000,65.000,P,0,1.651,-0.123,102,,,,,,,,,,,
ORNG,11.000,323.000,P,4,2.301,-0.376,102,,,,,,,,,,,
VRDN,17.000,281.000,P,0,3.861,0.094,102,,,,,,,,,,,
BLVR,18.000,202.000,P,0,4.061,0.178,102,,,,,,,,,,,
NMVR,18.000,228.000,P,0,4.041,0.093,102,,,,,,,,,,,
SRND,19.000,126.000,P,0,4.081,0.028,102,,,,,,,,,,,
AZGN,20.000,312.000,P,0,4.191,0.021,102,,,,,,,,,,,
KVCH,20.000,117.000,P,0,4.321,0.056,102,,,,,,,,,,,
HMLO,24.000,71.000,P,4,56.101,-8.789,102,,,,,,,,,,,
FRMZ,24.000,59.000,P,0,4.971,0.056,102,,,,,,,,,,,
HRS ,25.000,246.000,P,0,4.681,-0.482,102,,,,,,,,,,,
MGSL,26.000,233.000,P,0,5.301,0.023,102,,,,,,,,,,,
KRNG,29.000,277.000,P,0,5.771,0.078,102,,,,,,,,,,,
GOLJ,32.000,90.000,P,0,6.251,-0.059,102,,,,,,,,,,,
TBZ ,59.000,109.000,P,0,10.711,-0.025,102,,,,,,,,,,,
BST ,79.000,187.000,P,4,13.641,-0.455,102,,,,,,,,,,,
,,,,,,,102,2012-08-15 16:18:13.819,38.410,46.784,4.372,1.900,17.000,4.000,82.000,0.170,0.200,-0.100
ZANG,7.000,31.000,P,0,2.798,-0.161,103,,,,,,,,,,,
GZCH,7.000,338.000,P,0,2.958,-0.023,103,,,,,,,,,,,
ORNG,15.000,327.000,P,0,3.898,0.162,103,,,,,,,,,,,
BLVR,16.000,211.000,P,0,4.038,0.174,103,,,,,,,,,,,
SRND,16.000,119.000,P,0,3.898,-0.036,103,,,,,,,,,,,
NMVR,17.000,239.000,P,0,4.188,0.067,103,,,,,,,,,,,
KVCH,17.000,109.000,P,0,4.198,0.032,103,,,,,,,,,,,
VRDN,20.000,290.000,P,0,4.488,0.087,103,,,,,,,,,,,
AZGN,23.000,316.000,P,0,4.838,-0.075,103,,,,,,,,,,,
HMLO,24.000,62.000,P,4,56.348,-8.722,103,,,,,,,,,,,
FRMZ,25.000,51.000,P,0,5.308,0.117,103,,,,,,,,,,,
HRS ,25.000,254.000,P,0,4.928,-0.379,103,,,,,,,,,,,
MGSL,25.000,241.000,P,0,5.348,0.078,103,,,,,,,,,,,
KRNG,31.000,283.000,P,0,6.078,0.038,103,,,,,,,,,,,
GOLJ,31.000,84.000,P,0,6.148,-0.008,103,,,,,,,,,,,
TBZ ,57.000,107.000,P,0,10.098,-0.037,103,,,,,,,,,,,
BST ,76.000,188.000,P,4,13.008,-0.316,103,,,,,,,,,,,
,,,,,,,103,2012-08-15 16:28:53.982,38.380,46.769,12.473,3.000,17.000,7.000,69.000,0.150,0.200,0.000
ZANG,7.000,309.000,P,0,1.851,-0.127,104,,,,,,,,,,,
KVCH,11.000,131.000,P,0,2.661,0.014,104,,,,,,,,,,,
SRND,11.000,150.000,P,0,2.631,-0.000,104,,,,,,,,,,,
HMLO,16.000,52.000,P,4,54.841,-8.692,104,,,,,,,,,,,
FRMZ,18.000,37.000,P,0,4.001,0.152,104,,,,,,,,,,,
ORNG,20.000,303.000,P,0,4.271,0.095,104,,,,,,,,,,,
GOLJ,22.000,85.000,P,0,4.631,-0.024,104,,,,,,,,,,,
BLVR,22.000,228.000,P,0,4.721,0.114,104,,,,,,,,,,,
NMVR,26.000,246.000,P,0,5.221,0.003,104,,,,,,,,,,,
VRDN,27.000,281.000,P,0,5.381,-0.112,104,,,,,,,,,,,
MGSL,33.000,246.000,P,0,6.541,0.007,104,,,,,,,,,,,
HRS ,34.000,256.000,P,4,6.051,-0.565,104,,,,,,,,,,,
TBZ ,49.000,111.000,P,0,9.001,-0.084,104,,,,,,,,,,,
BST ,79.000,194.000,P,4,13.861,-0.212,104,,,,,,,,,,,
,,,,,,,104,2012-08-15 16:37:20.799,38.393,46.671,4.391,2.200,14.000,7.000,87.000,0.100,0.200,-0.100
ZANG,8.000,308.000,P,0,2.450,-0.147,105,,,,,,,,,,,
SRND,9.000,154.000,P,0,2.640,-0.060,105,,,,,,,,,,,
MHTR,11.000,334.000,P,0,2.860,-0.019,105,,,,,,,,,,,
VRZ1,13.000,356.000,P,0,3.320,0.071,105,,,,,,,,,,,
GZCH,14.000,296.000,P,0,3.330,-0.031,105,,,,,,,,,,,
HMLO,15.000,46.000,P,4,5.870,2.272,105,,,,,,,,,,,
FRMZ,18.000,32.000,P,0,4.070,0.135,105,,,,,,,,,,,
GOLJ,21.000,82.000,P,0,4.430,-0.070,105,,,,,,,,,,,
ORNG,21.000,303.000,P,0,4.630,0.160,105,,,,,,,,,,,
BLVR,23.000,232.000,P,0,4.960,0.269,105,,,,,,,,,,,
NMVR,26.000,249.000,P,0,5.370,0.034,105,,,,,,,,,,,
VRDN,29.000,282.000,P,0,5.670,-0.031,105,,,,,,,,,,,
AZGN,30.000,302.000,P,0,5.870,-0.074,105,,,,,,,,,,,
MGSL,34.000,248.000,P,0,6.680,0.045,105,,,,,,,,,,,
HRS ,35.000,257.000,P,0,6.570,-0.181,105,,,,,,,,,,,
KRNG,40.000,279.000,P,0,7.450,-0.076,105,,,,,,,,,,,
TBZ ,47.000,111.000,P,0,8.690,-0.036,105,,,,,,,,,,,
GRVN,48.000,253.000,P,4,5.870,-2.988,105,,,,,,,,,,,
BST ,79.000,195.000,P,0,13.770,0.014,105,,,,,,,,,,,
,,,,,,,105,2012-08-15 17:49:04.810,38.385,46.657,8.474,4.700,19.000,8.000,43.000,0.120,0.200,-0.100
HIGH,5.000,193.000,P,0,2.004,-0.063,106,,,,,,,,,,,
KVCH,9.000,134.000,P,0,2.554,-0.006,106,,,,,,,,,,,
ZANG,8.000,306.000,P,0,2.334,-0.051,106,,,,,,,,,,,
SRND,10.000,155.000,P,0,2.604,0.030,106,,,,,,,,,,,
MHTR,10.000,333.000,P,0,2.754,0.067,106,,,,,,,,,,,
GZCH,14.000,295.000,P,0,3.274,0.032,106,,,,,,,,,,,
HMLO,15.000,47.000,P,4,54.734,-8.723,106,,,,,,,,,,,
FRMZ,17.000,32.000,P,0,3.934,0.127,106,,,,,,,,,,,
GOLJ,21.000,83.000,P,0,4.314,-0.111,106,,,,,,,,,,,
ORNG,21.000,302.000,P,0,4.584,0.188,106,,,,,,,,,,,
BLVR,23.000,231.000,P,0,4.974,0.284,106,,,,,,,,,,,
NMVR,27.000,248.000,P,0,5.524,0.191,106,,,,,,,,,,,
VRDN,29.000,281.000,P,0,5.644,-0.026,106,,,,,,,,,,,
AZGN,30.000,302.000,P,0,5.794,-0.100,106,,,,,,,,,,,
MGSL,34.000,248.000,P,0,6.724,0.079,106,,,,,,,,,,,
HRS ,35.000,257.000,P,0,6.244,-0.508,106,,,,,,,,,,,
KRNG,40.000,278.000,P,0,7.434,-0.098,106,,,,,,,,,,,
TBZ ,48.000,111.000,P,4,8.594,-0.199,106,,,,,,,,,,,
BST ,79.000,195.000,P,4,14.024,0.120,106,,,,,,,,,,,
,,,,,,,106,2012-08-15 19:02:15.376,38.388,46.656,6.706,2.100,19.000,5.000,59.000,0.190,0.200,-0.100
HIGH,6.000,195.000,P,0,2.037,-0.052,107,,,,,,,,,,,
ZANG,8.000,304.000,P,0,2.337,-0.061,107,,,,,,,,,,,
KVCH,9.000,136.000,P,0,2.537,-0.012,107,,,,,,,,,,,
SRND,10.000,157.000,P,0,2.637,0.057,107,,,,,,,,,,,
MHTR,10.000,331.000,P,0,2.737,0.056,107,,,,,,,,,,,
GZCH,14.000,294.000,P,0,3.287,0.020,107,,,,,,,,,,,
HMLO,15.000,47.000,P,4,54.697,-8.712,107,,,,,,,,,,,
FRMZ,17.000,32.000,P,0,3.887,0.125,107,,,,,,,,,,,
GOLJ,21.000,84.000,P,0,4.257,-0.123,107,,,,,,,,,,,
ORNG,21.000,302.000,P,0,4.557,0.140,107,,,,,,,,,,,
BLVR,23.000,231.000,P,0,5.027,0.288,107,,,,,,,,,,,
NMVR,27.000,248.000,P,0,5.557,0.175,107,,,,,,,,,,,
VRDN,29.000,281.000,P,0,5.647,-0.058,107,,,,,,,,,,,
MGSL,35.000,247.000,P,0,6.737,0.043,107,,,,,,,,,,,
HRS ,35.000,257.000,P,0,6.287,-0.512,107,,,,,,,,,,,
KRNG,40.000,278.000,P,0,7.517,-0.052,107,,,,,,,,,,,
,,,,,,,107,2012-08-15 19:23:57.883,38.390,46.653,6.687,1.800,16.000,6.000,60.000,0.180,0.200,0.000
HIGH,5.000,177.000,P,0,2.048,-0.091,108,,,,,,,,,,,
ZANG,7.000,313.000,P,0,2.208,-0.109,108,,,,,,,,,,,
MHTR,10.000,340.000,P,0,2.718,0.059,108,,,,,,,,,,,
SRND,10.000,147.000,P,0,2.768,0.039,108,,,,,,,,,,,
KVCH,10.000,128.000,P,0,2.778,0.005,108,,,,,,,,,,,
GZCH,13.000,297.000,P,0,3.058,-0.015,108,,,,,,,,,,,
HMLO,16.000,51.000,P,4,54.998,-8.668,108,,,,,,,,,,,
FRMZ,18.000,36.000,P,0,4.158,0.191,108,,,,,,,,,,,
ORNG,20.000,305.000,P,0,4.358,0.146,108,,,,,,,,,,,
BLVR,22.000,229.000,P,0,4.728,0.214,108,,,,,,,,,,,
GOLJ,22.000,84.000,P,0,4.648,-0.034,108,,,,,,,,,,,
NMVR,25.000,247.000,P,0,5.168,0.052,108,,,,,,,,,,,
VRDN,27.000,282.000,P,0,5.388,-0.052,108,,,,,,,,,,,
AZGN,29.000,303.000,P,0,5.538,-0.159,108,,,,,,,,,,,
MGSL,33.000,247.000,P,0,6.438,0.013,108,,,,,,,,,,,
KRNG,39.000,279.000,P,0,7.188,-0.107,108,,,,,,,,,,,
TBZ ,49.000,110.000,P,0,8.918,-0.089,108,,,,,,,,,,,
BST ,79.000,194.000,P,0,13.778,-0.030,108,,,,,,,,,,,
,,,,,,,108,2012-08-15 19:36:21.062,38.388,46.673,7.375,2.600,18.000,5.000,55.000,0.110,0.200,-0.100
ZANG,5.000,317.000,P,0,1.650,-0.117,109,,,,,,,,,,,
HIGH,7.000,162.000,P,0,1.980,-0.096,109,,,,,,,,,,,
MHTR,8.000,350.000,P,0,2.250,0.044,109,,,,,,,,,,,
GZCH,10.000,296.000,P,0,2.620,0.029,109,,,,,,,,,,,
SRND,12.000,144.000,P,0,2.960,0.014,109,,,,,,,,,,,
KVCH,13.000,128.000,P,0,3.010,-0.001,109,,,,,,,,,,,
HMLO,17.000,58.000,P,4,54.980,-8.763,109,,,,,,,,,,,
ORNG,18.000,305.000,P,0,3.960,0.144,109,,,,,,,,,,,
FRMZ,18.000,43.000,P,0,4.090,0.120,109,,,,,,,,,,,
BLVR,21.000,223.000,P,0,4.700,0.244,109,,,,,,,,,,,
NMVR,24.000,243.000,P,0,5.090,0.144,109,,,,,,,,,,,
GOLJ,24.000,87.000,P,0,4.910,-0.066,109,,,,,,,,,,,
HRS ,32.000,253.000,P,0,5.860,-0.442,109,,,,,,,,,,,
MGSL,32.000,243.000,P,0,6.440,0.178,109,,,,,,,,,,,
KRNG,37.000,277.000,P,0,6.820,-0.164,109,,,,,,,,,,,
,,,,,,,109,2012-08-15 19:37:25.550,38.400,46.694,4.997,1.500,15.000,5.000,62.000,0.180,0.200,-0.000
ZANG,2.000,38.000,P,0,2.424,-0.157,110,,,,,,,,,,,
MHTR,6.000,26.000,P,0,2.744,-0.048,110,,,,,,,,,,,
GZCH,6.000,294.000,P,0,2.684,-0.057,110,,,,,,,,,,,
HIGH,11.000,145.000,P,0,3.194,-0.042,110,,,,,,,,,,,
ORNG,13.000,307.000,P,0,3.644,0.189,110,,,,,,,,,,,
SRND,17.000,137.000,P,0,4.054,0.084,110,,,,,,,,,,,
KVCH,17.000,125.000,P,0,4.134,0.061,110,,,,,,,,,,,
HMLO,20.000,70.000,P,4,55.744,-8.686,110,,,,,,,,,,,
FRMZ,20.000,56.000,P,0,4.584,0.117,110,,,,,,,,,,,
VRDN,21.000,276.000,P,0,4.594,0.045,110,,,,,,,,,,,
BLVR,21.000,211.000,P,0,4.784,0.280,110,,,,,,,,,,,
AZGN,22.000,304.000,P,0,4.674,-0.046,110,,,,,,,,,,,
NMVR,22.000,233.000,P,0,4.824,0.118,110,,,,,,,,,,,
GOLJ,28.000,92.000,P,0,5.674,-0.051,110,,,,,,,,,,,
HRS ,29.000,247.000,P,0,5.454,-0.389,110,,,,,,,,,,,
MGSL,30.000,236.000,P,0,6.014,0.112,110,,,,,,,,,,,
KRNG,32.000,274.000,P,0,6.304,0.017,110,,,,,,,,,,,
TBZ ,56.000,112.000,P,0,9.974,-0.014,110,,,,,,,,,,,
BST ,81.000,189.000,P,0,13.874,-0.186,110,,,,,,,,,,,
,,,,,,,110,2012-08-15 19:39:16.656,38.419,46.741,11.611,2.900,19.000,2.000,77.000,0.160,0.200,0.000
HIGH,6.000,197.000,P,4,53.186,-8.630,111,,,,,,,,,,,
KVCH,9.000,137.000,P,0,2.356,-0.017,111,,,,,,,,,,,
ZANG,8.000,303.000,P,0,2.216,-0.017,111,,,,,,,,,,,
SRND,10.000,158.000,P,0,2.486,0.048,111,,,,,,,,,,,
MHTR,10.000,330.000,P,0,2.676,0.087,111,,,,,,,,,,,
GZCH,14.000,293.000,P,0,3.266,-0.000,111,,,,,,,,,,,
HMLO,15.000,47.000,P,4,54.646,-8.702,111,,,,,,,,,,,
FRMZ,17.000,31.000,P,0,3.856,0.121,111,,,,,,,,,,,
GOLJ,20.000,84.000,P,0,4.286,-0.078,111,,,,,,,,,,,
BLVR,23.000,232.000,P,4,5.036,0.216,111,,,,,,,,,,,
NMVR,27.000,248.000,P,0,5.576,0.086,111,,,,,,,,,,,
AZGN,30.000,301.000,P,0,5.896,-0.124,111,,,,,,,,,,,
MGSL,35.000,248.000,P,0,6.866,0.062,111,,,,,,,,,,,
KRNG,41.000,278.000,P,0,7.596,-0.085,111,,,,,,,,,,,
,,,,,,,111,2012-08-15 19:59:43.514,38.390,46.651,4.182,1.600,14.000,6.000,61.000,0.090,0.200,-0.100
HIGH,6.000,193.000,P,0,2.039,-0.016,112,,,,,,,,,,,
ZANG,8.000,305.000,P,0,2.339,-0.030,112,,,,,,,,,,,
KVCH,9.000,134.000,P,0,2.499,-0.052,112,,,,,,,,,,,
SRND,10.000,155.000,P,0,2.579,0.010,112,,,,,,,,,,,
GZCH,14.000,294.000,P,0,3.279,0.044,112,,,,,,,,,,,
HMLO,15.000,47.000,P,4,54.699,-8.746,112,,,,,,,,,,,
FRMZ,17.000,32.000,P,0,3.889,0.094,112,,,,,,,,,,,
ORNG,21.000,302.000,P,0,4.569,0.178,112,,,,,,,,,,,
BLVR,23.000,231.000,P,0,4.989,0.295,112,,,,,,,,,,,
NMVR,27.000,248.000,P,0,5.519,0.183,112,,,,,,,,,,,
VRDN,29.000,281.000,P,0,5.669,0.000,112,,,,,,,,,,,
AZGN,30.000,301.000,P,0,5.799,-0.091,112,,,,,,,,,,,
MGSL,34.000,248.000,P,0,6.709,0.060,112,,,,,,,,,,,
HRS ,35.000,257.000,P,0,6.249,-0.506,112,,,,,,,,,,,
KRNG,40.000,278.000,P,0,7.449,-0.082,112,,,,,,,,,,,
TBZ ,48.000,111.000,P,0,8.759,-0.033,112,,,,,,,,,,,
BST ,79.000,195.000,P,0,13.899,-0.020,112,,,,,,,,,,,
,,,,,,,112,2012-08-15 20:15:12.191,38.389,46.656,6.565,1.900,17.000,6.000,86.000,0.180,0.200,-0.100
ZANG,3.000,5.000,P,0,2.375,-0.135,113,,,,,,,,,,,
GZCH,7.000,303.000,P,0,2.755,-0.004,113,,,,,,,,,,,
MHTR,7.000,15.000,P,0,2.795,-0.008,113,,,,,,,,,,,
HIGH,9.000,143.000,P,0,2.915,-0.056,113,,,,,,,,,,,
ORNG,15.000,310.000,P,0,3.775,0.176,113,,,,,,,,,,,
SRND,15.000,135.000,P,0,3.755,0.064,113,,,,,,,,,,,
KVCH,16.000,122.000,P,0,3.845,0.030,113,,,,,,,,,,,
HMLO,20.000,65.000,P,4,55.695,-8.682,113,,,,,,,,,,,
BLVR,20.000,215.000,P,0,4.525,0.195,113,,,,,,,,,,,
FRMZ,20.000,51.000,P,0,4.615,0.138,113,,,,,,,,,,,
NMVR,22.000,237.000,P,0,4.695,0.066,113,,,,,,,,,,,
VRDN,22.000,280.000,P,0,4.685,0.027,113,,,,,,,,,,,
AZGN,24.000,306.000,P,0,4.845,-0.071,113,,,,,,,,,,,
GOLJ,27.000,89.000,P,0,5.535,-0.052,113,,,,,,,,,,,
HRS ,29.000,250.000,P,0,5.435,-0.406,113,,,,,,,,,,,
MGSL,29.000,239.000,P,0,5.945,0.096,113,,,,,,,,,,,
KRNG,33.000,277.000,P,0,6.455,0.045,113,,,,,,,,,,,
TBZ ,54.000,110.000,P,0,9.715,-0.071,113,,,,,,,,,,,
BST ,79.000,190.000,P,4,13.635,-0.198,113,,,,,,,,,,,
,,,,,,,113,2012-08-15 20:18:59.715,38.405,46.733,10.918,2.400,19.000,3.000,53.000,0.150,0.200,0.000
HIGH,5.000,185.000,P,0,2.088,-0.042,114,,,,,,,,,,,
ZANG,7.000,310.000,P,0,2.308,-0.087,114,,,,,,,,,,,
SRND,10.000,151.000,P,0,2.688,0.026,114,,,,,,,,,,,
KVCH,10.000,130.000,P,0,2.658,-0.027,114,,,,,,,,,,,
MHTR,10.000,337.000,P,0,2.778,0.061,114,,,,,,,,,,,
GZCH,13.000,297.000,P,0,3.188,0.006,114,,,,,,,,,,,
HMLO,16.000,49.000,P,4,54.898,-8.698,114,,,,,,,,,,,
FRMZ,18.000,34.000,P,0,4.038,0.117,114,,,,,,,,,,,
ORNG,21.000,304.000,P,0,4.598,0.276,114,,,,,,,,,,,
GOLJ,22.000,83.000,P,0,4.478,-0.092,114,,,,,,,,,,,
BLVR,22.000,230.000,P,0,4.868,0.279,114,,,,,,,,,,,
NMVR,26.000,248.000,P,0,5.378,0.162,114,,,,,,,,,,,
VRDN,28.000,282.000,P,0,5.528,-0.032,114,,,,,,,,,,,
AZGN,30.000,303.000,P,0,5.698,-0.111,114,,,,,,,,,,,
MGSL,34.000,247.000,P,0,6.628,0.104,114,,,,,,,,,,,
HRS ,34.000,257.000,P,0,6.128,-0.501,114,,,,,,,,,,,
KRNG,39.000,279.000,P,0,7.308,-0.107,114,,,,,,,,,,,
TBZ ,48.000,111.000,P,4,8.818,-0.075,114,,,,,,,,,,,
BST ,79.000,194.000,P,4,13.708,-0.104,114,,,,,,,,,,,
,,,,,,,114,2012-08-15 20:27:44.802,38.387,46.665,7.406,1.600,19.000,5.000,57.000,0.200,0.200,-0.100
GZCH,3.000,354.000,P,0,2.280,-0.040,115,,,,,,,,,,,
ZANG,6.000,69.000,P,0,2.460,-0.097,115,,,,,,,,,,,
MHTR,10.000,48.000,P,0,2.960,0.012,115,,,,,,,,,,,
ORNG,11.000,328.000,P,0,3.150,0.196,115,,,,,,,,,,,
HIGH,13.000,125.000,P,0,3.350,-0.053,115,,,,,,,,,,,
VRDN,16.000,282.000,P,0,3.770,0.009,115,,,,,,,,,,,
NMVR,18.000,226.000,P,0,3.940,-0.016,115,,,,,,,,,,,
BLVR,18.000,199.000,P,0,4.060,0.103,115,,,,,,,,,,,
AZGN,19.000,315.000,P,0,4.080,-0.088,115,,,,,,,,,,,
SRND,20.000,124.000,P,0,4.330,0.026,115,,,,,,,,,,,
KVCH,21.000,115.000,P,0,4.570,0.055,115,,,,,,,,,,,
HMLO,25.000,71.000,P,4,56.400,-8.700,115,,,,,,,,,,,
MGSL,25.000,232.000,P,0,5.100,-0.049,115,,,,,,,,,,,
FRMZ,25.000,60.000,P,0,5.170,0.063,115,,,,,,,,,,,
KRNG,28.000,277.000,P,0,5.470,-0.044,115,,,,,,,,,,,
GOLJ,33.000,90.000,P,0,6.400,-0.042,115,,,,,,,,,,,
,,,,,,,115,2012-08-15 20:38:42.800,38.410,46.796,9.701,1.800,16.000,3.000,74.000,0.080,0.200,0.000
ZANG,3.000,2.000,P,0,2.434,-0.187,116,,,,,,,,,,,
GZCH,7.000,304.000,P,0,2.814,-0.054,116,,,,,,,,,,,
MHTR,8.000,14.000,P,0,2.874,-0.034,116,,,,,,,,,,,
HIGH,9.000,143.000,P,0,2.984,-0.035,116,,,,,,,,,,,
ORNG,15.000,311.000,P,0,3.854,0.165,116,,,,,,,,,,,
SRND,15.000,134.000,P,0,3.814,0.108,116,,,,,,,,,,,
KVCH,15.000,121.000,P,0,3.914,0.082,116,,,,,,,,,,,
HMLO,20.000,64.000,P,4,55.764,-8.651,116,,,,,,,,,,,
BLVR,19.000,215.000,P,0,4.554,0.208,116,,,,,,,,,,,
FRMZ,20.000,51.000,P,0,4.654,0.131,116,,,,,,,,,,,
NMVR,22.000,238.000,P,0,4.754,0.098,116,,,,,,,,,,,
VRDN,22.000,281.000,P,0,4.754,0.039,116,,,,,,,,,,,
AZGN,24.000,306.000,P,0,4.904,-0.080,116,,,,,,,,,,,
GOLJ,27.000,88.000,P,0,5.604,0.015,116,,,,,,,,,,,
HRS ,29.000,251.000,P,0,5.534,-0.331,116,,,,,,,,,,,
MGSL,29.000,240.000,P,0,6.004,0.140,116,,,,,,,,,,,
KRNG,33.000,277.000,P,0,6.504,0.055,116,,,,,,,,,,,
TBZ ,54.000,110.000,P,0,9.644,-0.113,116,,,,,,,,,,,
BST ,79.000,190.000,P,0,13.624,-0.174,116,,,,,,,,,,,
,,,,,,,116,2012-08-15 20:39:41.956,38.403,46.731,11.572,2.400,19.000,3.000,50.000,0.150,0.200,0.000
GZCH,5.000,24.000,P,0,1.609,-0.021,117,,,,,,,,,,,
ZANG,9.000,69.000,P,0,2.219,-0.069,117,,,,,,,,,,,
ORNG,10.000,341.000,P,0,2.709,0.154,117,,,,,,,,,,,
MHTR,12.000,52.000,P,0,2.899,-0.056,117,,,,,,,,,,,
VRDN,14.000,287.000,P,0,3.209,-0.061,117,,,,,,,,,,,
HIGH,15.000,117.000,P,0,3.289,-0.124,117,,,,,,,,,,,
BLVR,16.000,192.000,P,0,3.649,0.065,117,,,,,,,,,,,
AZGN,18.000,322.000,P,0,3.849,-0.067,117,,,,,,,,,,,
SRND,21.000,119.000,P,0,4.519,0.050,117,,,,,,,,,,,
MGSL,23.000,230.000,P,0,4.739,-0.014,117,,,,,,,,,,,
KVCH,23.000,111.000,P,0,4.809,0.066,117,,,,,,,,,,,
HMLO,27.000,71.000,P,4,56.819,-8.680,117,,,,,,,,,,,
FRMZ,27.000,61.000,P,0,5.629,0.125,117,,,,,,,,,,,
,,,,,,,117,2012-08-15 20:41:15.941,38.402,46.822,4.126,1.200,13.000,5.000,75.000,0.090,0.141,-0.100
GZCH,5.000,298.000,P,0,2.695,-0.022,118,,,,,,,,,,,
MHTR,7.000,32.000,P,0,2.865,0.017,118,,,,,,,,,,,
HIGH,11.000,141.000,P,0,3.205,-0.112,118,,,,,,,,,,,
SRND,17.000,135.000,P,0,4.055,-0.014,118,,,,,,,,,,,
KVCH,18.000,124.000,P,0,4.155,-0.031,118,,,,,,,,,,,
BLVR,20.000,208.000,P,0,4.655,0.197,118,,,,,,,,,,,
VRDN,20.000,276.000,P,0,4.495,0.057,118,,,,,,,,,,,
HMLO,20.000,71.000,P,4,55.935,-8.620,118,,,,,,,,,,,
FRMZ,21.000,57.000,P,0,4.745,0.166,118,,,,,,,,,,,
MGSL,29.000,235.000,P,0,5.805,0.000,118,,,,,,,,,,,
GOLJ,29.000,92.000,P,0,5.805,-0.056,118,,,,,,,,,,,
KRNG,32.000,274.000,P,0,5.995,-0.168,118,,,,,,,,,,,
,,,,,,,118,2012-08-15 20:52:33.765,38.419,46.751,11.802,1.200,12.000,5.000,94.000,0.110,0.200,0.000
ZANG,1.000,51.000,P,0,2.387,-0.044,119,,,,,,,,,,,
MHTR,6.000,27.000,P,0,2.627,-0.005,119,,,,,,,,,,,
GZCH,6.000,290.000,P,0,2.577,-0.027,119,,,,,,,,,,,
HIGH,11.000,146.000,P,0,3.107,-0.075,119,,,,,,,,,,,
ORNG,13.000,305.000,P,0,3.537,0.196,119,,,,,,,,,,,
SRND,17.000,138.000,P,0,3.927,-0.023,119,,,,,,,,,,,
KVCH,17.000,126.000,P,0,4.017,-0.028,119,,,,,,,,,,,
FRMZ,20.000,57.000,P,0,4.447,0.074,119,,,,,,,,,,,
BLVR,21.000,210.000,P,0,4.677,0.156,119,,,,,,,,,,,
VRDN,21.000,275.000,P,0,4.467,-0.037,119,,,,,,,,,,,
AZGN,22.000,303.000,P,0,4.547,-0.098,119,,,,,,,,,,,
NMVR,22.000,232.000,P,0,4.767,0.054,119,,,,,,,,,,,
MGSL,30.000,235.000,P,0,5.887,-0.039,119,,,,,,,,,,,
KRNG,32.000,273.000,P,0,6.167,-0.104,119,,,,,,,,,,,
,,,,,,,119,2012-08-15 20:54:02.913,38.423,46.740,10.697,1.300,14.000,1.000,81.000,0.090,0.200,0.000
ZANG,6.000,301.000,P,0,2.066,-0.030,120,,,,,,,,,,,
KVCH,11.000,135.000,P,0,2.756,-0.048,120,,,,,,,,,,,
SRND,11.000,153.000,P,0,2.856,0.036,120,,,,,,,,,,,
GZCH,12.000,290.000,P,0,2.996,0.041,120,,,,,,,,,,,
HMLO,15.000,54.000,P,4,54.756,-8.677,120,,,,,,,,,,,
FRMZ,17.000,38.000,P,0,3.856,0.150,120,,,,,,,,,,,
ORNG,19.000,301.000,P,0,4.296,0.200,120,,,,,,,,,,,
GOLJ,22.000,88.000,P,0,4.486,-0.102,120,,,,,,,,,,,
BLVR,23.000,227.000,P,0,4.986,0.287,120,,,,,,,,,,,
NMVR,26.000,245.000,P,0,5.366,0.117,120,,,,,,,,,,,
VRDN,27.000,279.000,P,0,5.416,-0.016,120,,,,,,,,,,,
AZGN,28.000,300.000,P,0,5.516,-0.082,120,,,,,,,,,,,
MGSL,34.000,245.000,P,0,6.636,0.071,120,,,,,,,,,,,
HRS ,34.000,254.000,P,0,6.136,-0.488,120,,,,,,,,,,,
KRNG,39.000,276.000,P,0,7.216,-0.090,120,,,,,,,,,,,
TBZ ,49.000,112.000,P,0,9.036,-0.024,120,,,,,,,,,,,
BST ,80.000,194.000,P,0,14.126,0.012,120,,,,,,,,,,,
,,,,,,,120,2012-08-15 20:58:14.164,38.402,46.669,6.143,1.500,17.000,6.000,97.000,0.180,0.200,-0.100
HIGH,6.000,174.000,P,0,1.763,-0.068,121,,,,,,,,,,,
ZANG,6.000,314.000,P,0,1.873,-0.099,121,,,,,,,,,,,
MHTR,9.000,342.000,P,0,2.483,0.058,121,,,,,,,,,,,
SRND,11.000,147.000,P,0,2.643,0.013,121,,,,,,,,,,,
KVCH,11.000,128.000,P,0,2.673,-0.006,121,,,,,,,,,,,
GZCH,12.000,297.000,P,0,2.913,0.016,121,,,,,,,,,,,
HMLO,16.000,52.000,P,4,54.923,-8.713,121,,,,,,,,,,,
FRMZ,18.000,38.000,P,0,4.053,0.107,121,,,,,,,,,,,
ORNG,19.000,305.000,P,0,4.283,0.145,121,,,,,,,,,,,
BLVR,22.000,228.000,P,0,4.813,0.306,121,,,,,,,,,,,
GOLJ,23.000,84.000,P,0,4.683,-0.063,121,,,,,,,,,,,
AZGN,28.000,303.000,P,0,5.593,-0.076,121,,,,,,,,,,,
MGSL,33.000,246.000,P,0,6.623,0.195,121,,,,,,,,,,,
HRS ,33.000,256.000,P,0,6.033,-0.481,121,,,,,,,,,,,
,,,,,,,121,2012-08-15 20:59:12.277,38.390,46.677,4.590,1.200,14.000,6.000,55.000,0.190,0.200,-0.000
HIGH,6.000,183.000,P,0,1.956,-0.041,122,,,,,,,,,,,
ZANG,7.000,303.000,P,0,2.006,-0.047,122,,,,,,,,,,,
MHTR,9.000,335.000,P,0,2.476,0.093,122,,,,,,,,,,,
KVCH,11.000,135.000,P,0,2.646,-0.027,122,,,,,,,,,,,
SRND,11.000,153.000,P,0,2.696,0.007,122,,,,,,,,,,,
GZCH,13.000,292.000,P,0,2.966,-0.025,122,,,,,,,,,,,
HMLO,15.000,52.000,P,4,54.776,-8.661,122,,,,,,,,,,,
FRMZ,17.000,37.000,P,0,3.886,0.138,122,,,,,,,,,,,
ORNG,20.000,301.000,P,0,4.276,0.082,122,,,,,,,,,,,
GOLJ,22.000,86.000,P,0,4.496,-0.078,122,,,,,,,,,,,
BLVR,23.000,228.000,P,0,4.836,0.140,122,,,,,,,,,,,
NMVR,26.000,246.000,P,0,5.296,0.021,122,,,,,,,,,,,
VRDN,28.000,280.000,P,0,5.386,-0.122,122,,,,,,,,,,,
AZGN,29.000,301.000,P,0,5.536,-0.161,122,,,,,,,,,,,
MGSL,34.000,245.000,P,0,6.646,0.055,122,,,,,,,,,,,
,,,,,,,122,2012-08-15 21:02:49.754,38.397,46.667,5.146,2.500,15.000,6.000,61.000,0.100,0.224,-0.000
ZANG,0.000,140.000,P,0,2.276,-0.096,123,,,,,,,,,,,
MHTR,5.000,25.000,P,0,2.536,0.035,123,,,,,,,,,,,
GZCH,6.000,278.000,P,0,2.566,-0.029,123,,,,,,,,,,,
HIGH,12.000,152.000,P,0,3.146,-0.069,123,,,,,,,,,,,
ORNG,13.000,300.000,P,0,3.516,0.197,123,,,,,,,,,,,
SRND,17.000,142.000,P,0,3.976,-0.002,123,,,,,,,,,,,
KVCH,18.000,130.000,P,0,4.036,-0.002,123,,,,,,,,,,,
HMLO,18.000,73.000,P,4,55.536,-8.652,123,,,,,,,,,,,
FRMZ,19.000,59.000,P,0,4.326,0.135,123,,,,,,,,,,,
VRDN,22.000,272.000,P,0,4.526,-0.060,123,,,,,,,,,,,
AZGN,22.000,300.000,P,0,4.536,-0.106,123,,,,,,,,,,,
BLVR,22.000,210.000,P,0,4.836,0.143,123,,,,,,,,,,,
NMVR,23.000,231.000,P,0,4.986,0.106,123,,,,,,,,,,,
GOLJ,27.000,95.000,P,0,5.526,-0.065,123,,,,,,,,,,,
MGSL,31.000,234.000,P,0,6.046,-0.052,123,,,,,,,,,,,
KRNG,33.000,271.000,P,0,6.266,-0.101,123,,,,,,,,,,,
,,,,,,,123,2012-08-15 21:14:04.494,38.432,46.733,10.389,1.200,16.000,0.000,85.000,0.100,0.200,0.000
