1 E V E N T   N R .        1                            0                    0
0 DATE  ORIGIN   TIME   LAT      LON     DEPTH  MAG  NO  DM GAP  RMS   ALE D-SPR
 120814 12:10:18.509 38.3920N 46.7981E  13.790  2.3  12   7  94 0.08  1.84  0.00
0  ERX  ERY  ERZ Q SQD  ADJ  IN NR  AVR   AAR  NM AVXM  SDXM IT
   0.1  0.1  0.0 A A/A  0.00  0 12 -0.00  0.06  0  0.0  0.0  13
0 F-E NR: 344 N.W. IRAN-USSR BORDER REGION    
0 STN  DIST AZM AIN PRMK HRMN  P-SEC  TPOBS  TPCAL  -TSCOR  P-RES   P-WT IMP STURES
        AMX PRX     SRMK XMAG  S-SEC  TSOBS  TSCAL  -TSCOR  S-RES   S-WT IMP STURES
  ZANG    7  55 151  P 0 1210 21.650  3.141  3.202  0.000  -0.061   1.09 0.3736 -0.077    
  HIGH   13 117 135  P 0 1210 22.140  3.631  3.687  0.000  -0.056   1.09 0.2421 -0.064    
  BLVR   16 200 128  P 0 1210 22.590  4.081  4.000  0.000   0.081   1.09 0.2892  0.096    
  NMVR   16 231 127  P 0 1210 22.510  4.001  4.059  0.000  -0.058   1.09 0.2305 -0.066    
  VRDN   17 289 125  P 0 1210 22.680  4.171  4.113  0.000   0.058   1.09 0.2398  0.066    
  SRND   19 119 122  P 0 1210 23.080  4.571  4.435  0.000   0.136   1.09 0.2580  0.158    
  AZGN   20 319 119  P 0 1210 23.130  4.621  4.608  0.000   0.013   1.09 0.3510  0.016    
  MGSL   24 235 114  P 0 1210 23.580  5.071  5.130  0.000  -0.059   1.09 0.2828 -0.070    
  FRMZ   26  57 112  P 0 1210 24.000  5.491  5.454  0.000   0.037   1.09 0.3454  0.045    
  KRNG   28 281 109  P 0 1210 24.210  5.701  5.674  0.000   0.027   1.09 0.2966  0.032    
  GOLJ   33  87 106  P 0 1210 25.010  6.501  6.585  0.000  -0.084   1.09 0.3722 -0.106    
  GRVN   37 246 104  P 4 1210 77.130 58.621  7.106  0.000  -8.486   0.00 0.0000 -8.486    
  $$$   VELEST-Version ETH-11FEB92 located at: 0915-2026 110747.9  
 
 
1 E V E N T   N R .        2                            0                    0
0 DATE  ORIGIN   TIME   LAT      LON     DEPTH  MAG  NO  DM GAP  RMS   ALE D-SPR
 120814 12:22:56.250 38.4140N 46.7704E  11.074  2.4  12   4 108 0.08  1.76  0.00
0  ERX  ERY  ERZ Q SQD  ADJ  IN NR  AVR   AAR  NM AVXM  SDXM IT
   0.1  0.1  0.0 A A/A  0.00  0 12  0.00  0.06  0  0.0  0.0   9
0 F-E NR: 344 N.W. IRAN-USSR BORDER REGION    
0 STN  DIST AZM AIN PRMK HRMN  P-SEC  TPOBS  TPCAL  -TSCOR  P-RES   P-WT IMP STURES
        AMX PRX     SRMK XMAG  S-SEC  TSOBS  TSCAL  -TSCOR  S-RES   S-WT IMP STURES
  ZANG    4  63 160  P 0 1222 58.830  2.580  2.589  0.000  -0.010   1.09 0.4968 -0.013    
  HIGH   12 133 128  P 0 1222 59.480  3.230  3.332  0.000  -0.102   1.09 0.2616 -0.118    
  SRND   18 129 113  P 0 1222 60.410  4.160  4.146  0.000   0.014   1.09 0.2669  0.016    
  BLVR   19 205 112  P 0 1222 60.610  4.360  4.222  0.000   0.138   1.09 0.2728  0.162    
  VRDN   19 279 112  P 0 1222 60.450  4.200  4.152  0.000   0.048   1.09 0.2321  0.054    
  NMVR   20 230 111  P 0 1222 60.590  4.340  4.325  0.000   0.015   1.09 0.2201  0.017    
  AZGN   20 309 109  P 0 1222 60.640  4.390  4.434  0.000  -0.044   1.09 0.3600 -0.055    
  FRMZ   23  59 106  P 0 1222 61.180  4.930  4.810  0.000   0.120   1.09 0.3980  0.154    
  MGSL   27 234 101  P 0 1222 61.710  5.460  5.507  0.000  -0.047   1.09 0.2508 -0.054    
  KRNG   30 276  99  P 0 1222 62.100  5.850  5.880  0.000  -0.030   1.09 0.2680 -0.035    
  GOLJ   31  91  99  P 0 1222 62.290  6.040  6.108  0.000  -0.068   1.09 0.3898 -0.087    
  GRVN   40 245  95  P 4 1222115.270 59.020  7.540  0.000  -8.520   0.00 0.0000 -8.520    
  $$$   VELEST-Version ETH-11FEB92 located at: 0915-2026 110747.9  
 
 
1 E V E N T   N R .        3                            0                    0
0 DATE  ORIGIN   TIME   LAT      LON     DEPTH  MAG  NO  DM GAP  RMS   ALE D-SPR
 120814 12:33:17.923 38.4233N 46.7382E  11.060  3.1  15   1 100 0.16  1.74  0.00
0  ERX  ERY  ERZ Q SQD  ADJ  IN NR  AVR   AAR  NM AVXM  SDXM IT
   0.0  0.2  0.0 A A/A  0.00  0 15 -0.00  0.12  0  0.0  0.0   6
0 F-E NR: 344 N.W. IRAN-USSR BORDER REGION    
0 STN  DIST AZM AIN PRMK HRMN  P-SEC  TPOBS  TPCAL  -TSCOR  P-RES   P-WT IMP STURES
        AMX PRX     SRMK XMAG  S-SEC  TSOBS  TSCAL  -TSCOR  S-RES   S-WT IMP STURES
  ZANG    1  44 175  P 0 1233 20.290  2.367  2.485  0.000  -0.118   1.07 0.4730 -0.163    
  HIGH   11 147 131  P 0 1233 21.090  3.167  3.205  0.000  -0.038   1.07 0.2557 -0.044    
  SRND   17 138 116  P 0 1233 21.970  4.047  3.955  0.000   0.093   1.07 0.2035  0.104    
  FRMZ   20  57 111  P 0 1233 22.380  4.457  4.369  0.000   0.088   1.07 0.3740  0.111    
  VRDN   21 275 108  P 0 1233 22.540  4.617  4.550  0.000   0.068   1.07 0.1927  0.075    
  BLVR   21 210 108  P 0 1233 22.680  4.757  4.551  0.000   0.206   1.07 0.1790  0.228    
  AZGN   22 303 107  P 0 1233 22.590  4.667  4.686  0.000  -0.019   1.07 0.3201 -0.023    
  NMVR   22 232 106  P 0 1233 22.830  4.907  4.750  0.000   0.157   1.07 0.1489  0.170    
  GOLJ   28  93 101  P 0 1233 23.540  5.617  5.674  0.000  -0.056   1.07 0.2863 -0.067    
  HRS    29 246 100  P 0 1233 23.420  5.497  5.889  0.000  -0.392   1.07 0.1543 -0.426    
  MGSL   30 235  99  P 0 1233 24.030  6.107  5.957  0.000   0.150   1.07 0.1591  0.163    
  KRNG   33 273  97  P 0 1233 24.300  6.377  6.307  0.000   0.070   1.07 0.2186  0.079    
  GRVN   43 245  94  P 4 1233 77.620 59.697  8.011  0.000  -8.314   0.00 0.0000 -8.314    
  TBZ    56 112  93  P 0 1233 27.900  9.977  9.976  0.000   0.001   1.07 0.3096  0.002    
  BST    81 189  92  P 0 1233 31.880 13.957 14.134  0.000  -0.177   1.07 0.2682 -0.207    
  $$$   VELEST-Version ETH-11FEB92 located at: 0915-2026 110747.9  
 
 
1 E V E N T   N R .        4                            0                    0
0 DATE  ORIGIN   TIME   LAT      LON     DEPTH  MAG  NO  DM GAP  RMS   ALE D-SPR
 120814 12:34:10.392 38.3992N 46.6664E   3.502  2.7  12   7  95 0.09  1.45  0.00
0  ERX  ERY  ERZ Q SQD  ADJ  IN NR  AVR   AAR  NM AVXM  SDXM IT
   0.2  0.1 -0.1 A A/A  0.00  0 12  0.00  0.07  0  0.0  0.0   5
0 F-E NR: 344 N.W. IRAN-USSR BORDER REGION    
0 STN  DIST AZM AIN PRMK HRMN  P-SEC  TPOBS  TPCAL  -TSCOR  P-RES   P-WT IMP STURES
        AMX PRX     SRMK XMAG  S-SEC  TSOBS  TSCAL  -TSCOR  S-RES   S-WT IMP STURES
  HIGH    7 183 126  P 0 1234 12.200  1.808  1.853  0.000  -0.045   1.09 0.3472 -0.056    
  ZANG    7 302 127  P 0 1234 12.280  1.888  1.859  0.000   0.029   1.09 0.7071  0.053    
  SRND   11 154 110  P 0 1234 13.070  2.678  2.669  0.000   0.009   1.09 0.3104  0.011    
  FRMZ   17  37  56  P 0 1234 14.340  3.948  3.799  0.000   0.149   1.09 0.4437  0.199    
  GOLJ   22  87  56  P 0 1234 14.940  4.548  4.665  0.000  -0.117   1.09 0.3995 -0.151    
  BLVR   23 228  56  P 0 1234 15.370  4.978  4.836  0.000   0.142   1.09 0.2288  0.162    
  NMVR   26 245  56  P 0 1234 15.880  5.488  5.429  0.000   0.059   1.09 0.1888  0.065    
  VRDN   28 279  53  P 0 1234 16.020  5.628  5.647  0.000  -0.020   1.09 0.1770 -0.021    
  AZGN   29 300  53  P 0 1234 16.130  5.738  5.823  0.000  -0.085   1.09 0.2167 -0.096    
  MGSL   34 245  53  P 0 1234 17.140  6.748  6.752  0.000  -0.004   1.09 0.1922 -0.004    
  KRNG   39 277  53  P 0 1234 17.830  7.438  7.521  0.000  -0.083   1.09 0.1745 -0.091    
  GRVN   48 251  53  P 4 1234 10.800  0.408  9.030  0.000  -8.622   0.00 0.0000 -8.622    
  $$$   VELEST-Version ETH-11FEB92 located at: 0915-2026 110747.9  
 
 
1 E V E N T   N R .        5                            0                    0
0 DATE  ORIGIN   TIME   LAT      LON     DEPTH  MAG  NO  DM GAP  RMS   ALE D-SPR
 120814 13:58:41.259 38.3954N 46.6747E   3.805  2.0  12   6  89 0.10  1.41  0.00
0  ERX  ERY  ERZ Q SQD  ADJ  IN NR  AVR   AAR  NM AVXM  SDXM IT
   0.2  0.1 -0.1 A A/A  0.00  0 12 -0.00  0.08  0  0.0  0.0   5
0 F-E NR: 344 N.W. IRAN-USSR BORDER REGION    
0 STN  DIST AZM AIN PRMK HRMN  P-SEC  TPOBS  TPCAL  -TSCOR  P-RES   P-WT IMP STURES
        AMX PRX     SRMK XMAG  S-SEC  TSOBS  TSCAL  -TSCOR  S-RES   S-WT IMP STURES
  HIGH    6 176 130  P 0 1358 43.010  1.751  1.823  0.000  -0.072   1.09 0.2999 -0.086    
  ZANG    6 308 130  P 0 1358 43.160  1.901  1.840  0.000   0.061   1.09 0.7201  0.115    
  SRND   11 149 112  P 0 1358 43.950  2.691  2.688  0.000   0.003   1.09 0.2418  0.004    
  KVCH   11 131 113  P 0 1358 43.960  2.701  2.701  0.000   0.001   1.09 0.2459  0.001    
  FRMZ   18  38  56  P 0 1358 45.290  4.031  3.899  0.000   0.132   1.09 0.4424  0.177    
  BLVR   22 227  56  P 0 1358 46.060  4.801  4.658  0.000   0.143   1.09 0.2469  0.165    
  GOLJ   22  86  56  P 0 1358 45.930  4.671  4.760  0.000  -0.089   1.09 0.3788 -0.113    
  NMVR   26 245  56  P 0 1358 46.530  5.271  5.248  0.000   0.023   1.09 0.2142  0.025    
  AZGN   28 302  53  P 0 1358 46.850  5.591  5.717  0.000  -0.126   1.09 0.2518 -0.146    
  MGSL   33 245  53  P 0 1358 47.890  6.631  6.574  0.000   0.057   1.09 0.2163  0.065    
  KRNG   38 277  53  P 0 1358 48.530  7.271  7.371  0.000  -0.099   1.09 0.2070 -0.112    
  GRVN   47 251  53  P 4 1358 41.540  0.281  8.854  0.000  -8.573   0.00 0.0000 -8.573    
  $$$   VELEST-Version ETH-11FEB92 located at: 0915-2026 110747.9  
 
 
1 E V E N T   N R .        6                            0                    0
 DELETED: TBZ  unknown phase is: A
0 DATE  ORIGIN   TIME   LAT      LON     DEPTH  MAG  NO  DM GAP  RMS   ALE D-SPR
 120814 14: 2:25.935 38.4437N 46.7759E  15.409  4.9  17   4 109 0.16  2.59  0.00
0  ERX  ERY  ERZ Q SQD  ADJ  IN NR  AVR   AAR  NM AVXM  SDXM IT
   0.0  0.2  0.0 A A/A  0.01  0 17 -0.00  0.12  0  0.0  0.0   8
0 F-E NR: 344 N.W. IRAN-USSR BORDER REGION    
0 STN  DIST AZM AIN PRMK HRMN  P-SEC  TPOBS  TPCAL  -TSCOR  P-RES   P-WT IMP STURES
        AMX PRX     SRMK XMAG  S-SEC  TSOBS  TSCAL  -TSCOR  S-RES   S-WT IMP STURES
  ZANG    4 111 164  P 0 14 2 28.950  3.015  3.260  0.000  -0.245   1.13 0.2570 -0.284    
  ORNG    9 305 149  P 0 14 2 29.480  3.545  3.471  0.000   0.074   1.13 0.2498  0.085    
  VRZ1   12  55 141  P 0 14 2 29.840  3.905  3.742  0.000   0.163   1.13 0.2771  0.192    
  HIGH   15 141 134  P 0 14 2 29.930  3.995  4.112  0.000  -0.117   1.13 0.1798 -0.129    
  AZGN   18 302 127  P 0 14 2 30.360  4.425  4.443  0.000  -0.018   1.13 0.3223 -0.022    
  SRND   21 136 123  P 0 14 2 30.850  4.915  4.834  0.000   0.082   1.13 0.1571  0.089    
  KVCH   21 126 122  P 0 14 2 30.900  4.965  4.933  0.000   0.032   1.13 0.1553  0.035    
  NMVR   21 222 121  P 0 14 2 30.980  5.045  4.910  0.000   0.135   1.13 0.1643  0.148    
  BLVR   22 200 121  P 0 14 2 31.090  5.155  4.939  0.000   0.217   1.13 0.1824  0.240    
  HRS    27 239 115  P 0 14 2 31.420  5.485  5.815  0.000  -0.330   1.13 0.1740 -0.363    
  MGSL   29 228 113  P 0 14 2 32.040  6.105  5.974  0.000   0.132   1.13 0.1762  0.145    
  KRNG   29 269 112  P 0 14 2 31.940  6.005  5.976  0.000   0.029   1.13 0.2735  0.034    
  GOLJ   31  97 111  P 0 14 2 32.300  6.365  6.398  0.000  -0.033   1.13 0.2791 -0.039    
  GRVN   41 240 105  P 4 14 2 85.580 59.645  7.834  0.000  -8.189   0.00 0.0000 -8.189    
  TABZ   58 137  99  P 4 14 2 37.200 11.265 10.446  0.000   0.820   0.00 0.0000  0.820    
  TBZ    60 113  99  P 0 14 2 36.570 10.635 10.662  0.000  -0.027   1.13 0.3421 -0.033    
  BST    83 187  96  P 0 14 2 40.330 14.395 14.459  0.000  -0.063   1.13 0.2887 -0.075    
  $$$   VELEST-Version ETH-11FEB92 located at: 0915-2026 110747.9  
 
 
1 E V E N T   N R .        7                            0                    0
0 DATE  ORIGIN   TIME   LAT      LON     DEPTH  MAG  NO  DM GAP  RMS   ALE D-SPR
 120814 15:48:20.059 38.3879N 46.6493E   3.701  3.7  17   6  53 0.16  1.42  0.00
0  ERX  ERY  ERZ Q SQD  ADJ  IN NR  AVR   AAR  NM AVXM  SDXM IT
   0.0  0.2 -0.1 A A/A  0.00  0 17 -0.00  0.10  0  0.0  0.0   4
0 F-E NR: 344 N.W. IRAN-USSR BORDER REGION    
0 STN  DIST AZM AIN PRMK HRMN  P-SEC  TPOBS  TPCAL  -TSCOR  P-RES   P-WT IMP STURES
        AMX PRX     SRMK XMAG  S-SEC  TSOBS  TSCAL  -TSCOR  S-RES   S-WT IMP STURES
  HIGH    6 199 132  P 0 1548 21.720  1.661  1.722  0.000  -0.062   1.06 0.3369 -0.076    
  KVCH    9 137 118  P 0 1548 22.350  2.291  2.279  0.000   0.012   1.06 0.3004  0.014    
  ZANG    8 303 120  P 0 1548 22.250  2.191  2.220  0.000  -0.029   1.06 0.3594 -0.037    
  SRND    9 158 116  P 0 1548 22.470  2.411  2.347  0.000   0.064   1.06 0.2878  0.076    
  VRZ1   13 353 107  P 0 1548 23.130  3.071  3.064  0.000   0.007   1.06 0.3939  0.009    
  FRMZ   17  31  56  P 0 1548 23.950  3.891  3.812  0.000   0.079   1.06 0.3204  0.096    
  GOLJ   20  83  56  P 0 1548 24.380  4.321  4.403  0.000  -0.082   1.06 0.3227 -0.099    
  ORNG   22 302  56  P 0 1548 24.780  4.721  4.578  0.000   0.143   1.06 0.1549  0.155    
  BLVR   23 232  56  P 0 1548 25.240  5.181  4.871  0.000   0.310   1.06 0.1649  0.339    
  NMVR   27 249  53  P 0 1548 25.700  5.641  5.558  0.000   0.082   1.06 0.1474  0.089    
  VRDN   29 281  53  P 0 1548 25.980  5.921  5.904  0.000   0.017   1.06 0.1378  0.018    
  AZGN   31 301  53  P 0 1548 26.100  6.041  6.118  0.000  -0.077   1.06 0.1521 -0.084    
  MGSL   35 248  53  P 0 1548 27.000  6.941  6.871  0.000   0.069   1.06 0.1482  0.075    
  HRS    35 257  53  P 0 1548 26.610  6.551  6.985  0.000  -0.434   1.06 0.1417 -0.468    
  TABZ   46 142  53  P 4 1548 29.680  9.621  8.723  0.000   0.898   0.00 0.0000  0.898    
  TBZ    47 111  53  P 0 1548 28.880  8.821  8.833  0.000  -0.012   1.06 0.2934 -0.014    
  BST    79 195  49  P 0 1548 34.120 14.061 14.153  0.000  -0.092   1.06 0.2055 -0.103    
  $$$   VELEST-Version ETH-11FEB92 located at: 0915-2026 110747.9  
 
 
1 E V E N T   N R .        8                            0                    0
0 DATE  ORIGIN   TIME   LAT      LON     DEPTH  MAG  NO  DM GAP  RMS   ALE D-SPR
 120814 17: 5:17.855 38.3986N 46.6553E   3.546  1.9  12   7  94 0.10  1.44  0.00
0  ERX  ERY  ERZ Q SQD  ADJ  IN NR  AVR   AAR  NM AVXM  SDXM IT
   0.2 -0.0 -0.1 A A/A  0.00  0 12 -0.00  0.08  0  0.0  0.0   5
0 F-E NR: 344 N.W. IRAN-USSR BORDER REGION    
0 STN  DIST AZM AIN PRMK HRMN  P-SEC  TPOBS  TPCAL  -TSCOR  P-RES   P-WT IMP STURES
        AMX PRX     SRMK XMAG  S-SEC  TSOBS  TSCAL  -TSCOR  S-RES   S-WT IMP STURES
  ZANG    7 298 123  P 0 17 5 19.880  2.025  2.014  0.000   0.011   1.20 0.6697  0.019    
  KVCH   10 139 114  P 0 17 5 20.320  2.465  2.497  0.000  -0.032   1.20 0.4035 -0.041    
  SRND   11 158 111  P 0 17 5 20.450  2.595  2.583  0.000   0.013   1.20 0.4014  0.016    
  FRMZ   16  34  56  P 0 17 5 21.670  3.815  3.705  0.000   0.110   1.20 0.4703  0.152    
  GOLJ   21  86  56  P 0 17 5 22.270  4.415  4.492  0.000  -0.077   1.20 0.3518 -0.096    
  ORNG   21 300  56  P 0 17 5 22.340  4.485  4.413  0.000   0.072   1.20 0.2245  0.082    
  BLVR   24 229  56  P 0 17 5 22.910  5.055  4.949  0.000   0.106   1.20 0.1812  0.117    
  NMVR   27 246  56  P 0 17 5 23.370  5.515  5.573  0.000  -0.057   1.20 0.1550 -0.062    
  VRDN   29 279  53  P 0 17 5 23.530  5.675  5.803  0.000  -0.127   1.20 0.1642 -0.139    
  AZGN   30 300  53  P 4 17 5 59.550 41.695  5.963  0.000 -24.267   0.00 0.0000-24.267    
  MGSL   35 246  53  P 0 17 5 24.820  6.965  6.888  0.000   0.077   1.20 0.1545  0.084    
  KRNG   40 277  53  P 4 17 5 25.360  7.505  7.677  0.000  -0.171   0.00 0.0000 -0.171    
  $$$   VELEST-Version ETH-11FEB92 located at: 0915-2026 110747.9  
 
 
1 E V E N T   N R .        9                            0                    0
0 DATE  ORIGIN   TIME   LAT      LON     DEPTH  MAG  NO  DM GAP  RMS   ALE D-SPR
 120814 17:19:59.153 38.4149N 46.7585E  11.527  2.0  12   3 102 0.17  1.78  0.00
0  ERX  ERY  ERZ Q SQD  ADJ  IN NR  AVR   AAR  NM AVXM  SDXM IT
   0.2 -0.0  0.0 A A/A  0.01  0 12 -0.00  0.11  0  0.0  0.0   6
0 F-E NR: 344 N.W. IRAN-USSR BORDER REGION    
0 STN  DIST AZM AIN PRMK HRMN  P-SEC  TPOBS  TPCAL  -TSCOR  P-RES   P-WT IMP STURES
        AMX PRX     SRMK XMAG  S-SEC  TSOBS  TSCAL  -TSCOR  S-RES   S-WT IMP STURES
  ZANG    3  56 165  P 0 1719 61.590  2.437  2.613  0.000  -0.176   1.00 0.2154 -0.199    
  ORNG   12 313 129  P 0 1719 62.670  3.517  3.338  0.000   0.179   1.00 0.2764  0.211    
  SRND   17 132 117  P 0 1719 63.240  4.087  4.072  0.000   0.015   1.00 0.2223  0.017    
  KVCH   18 121 115  P 0 1719 63.360  4.207  4.213  0.000  -0.006   1.00 0.2033 -0.007    
  VRDN   20 278 112  P 0 1719 63.530  4.377  4.328  0.000   0.049   1.00 0.1706  0.054    
  BLVR   19 207 113  P 0 1719 63.700  4.547  4.328  0.000   0.219   1.00 0.2299  0.250    
  NMVR   20 231 111  P 0 1719 63.730  4.577  4.478  0.000   0.099   1.00 0.1646  0.108    
  FRMZ   22  57 110  P 0 1719 63.870  4.717  4.692  0.000   0.025   1.00 0.3196  0.031    
  HRS    27 247 103  P 0 1719 64.290  5.137  5.593  0.000  -0.456   1.00 0.1273 -0.488    
  MGSL   28 235 102  P 0 1719 64.860  5.707  5.661  0.000   0.046   1.00 0.1426  0.050    
  GOLJ   30  91 101  P 0 1719 65.090  5.937  5.959  0.000  -0.022   1.00 0.2108 -0.024    
  KRNG   31 275 100  P 0 1719 65.230  6.077  6.052  0.000   0.026   1.00 0.1634  0.028    
  $$$   VELEST-Version ETH-11FEB92 located at: 0915-2026 110747.9  
 
 
1 E V E N T   N R .       10                            0                    0
0 DATE  ORIGIN   TIME   LAT      LON     DEPTH  MAG  NO  DM GAP  RMS   ALE D-SPR
 120814 18: 3:34.872 38.4236N 46.7384E  10.919  1.9  13   1 100 0.16  1.76  0.00
0  ERX  ERY  ERZ Q SQD  ADJ  IN NR  AVR   AAR  NM AVXM  SDXM IT
   0.2 -0.0  0.0 A A/A  0.02  0 13 -0.00  0.11  0  0.0  0.0   6
0 F-E NR: 344 N.W. IRAN-USSR BORDER REGION    
0 STN  DIST AZM AIN PRMK HRMN  P-SEC  TPOBS  TPCAL  -TSCOR  P-RES   P-WT IMP STURES
        AMX PRX     SRMK XMAG  S-SEC  TSOBS  TSCAL  -TSCOR  S-RES   S-WT IMP STURES
  ZANG    1  46 175  P 0 18 3 37.170  2.298  2.463  0.000  -0.165   1.00 0.2371 -0.189    
  ORNG   13 305 124  P 0 18 3 38.460  3.588  3.377  0.000   0.210   1.00 0.2138  0.237    
  SRND   17 138 115  P 0 18 3 38.840  3.968  3.950  0.000   0.017   1.00 0.2306  0.020    
  KVCH   17 127 115  P 0 18 3 38.920  4.048  4.040  0.000   0.007   1.00 0.2150  0.008    
  FRMZ   20  57 110  P 0 18 3 39.320  4.448  4.361  0.000   0.086   1.00 0.3220  0.105    
  BLVR   21 210 108  P 0 18 3 39.590  4.718  4.546  0.000   0.171   1.00 0.2092  0.193    
  VRDN   21 275 107  P 0 18 3 39.450  4.578  4.540  0.000   0.038   1.00 0.1394  0.041    
  AZGN   22 303 106  P 0 18 3 39.490  4.618  4.675  0.000  -0.057   1.00 0.2360 -0.065    
  NMVR   22 232 106  P 0 18 3 39.720  4.848  4.744  0.000   0.103   1.00 0.1542  0.112    
  GOLJ   28  93 100  P 0 18 3 40.460  5.588  5.673  0.000  -0.085   1.00 0.2212 -0.097    
  HRS    29 246  99  P 0 18 3 40.340  5.468  5.884  0.000  -0.417   1.00 0.1238 -0.445    
  MGSL   30 235  98  P 0 18 3 40.930  6.058  5.954  0.000   0.104   1.00 0.1389  0.112    
  KRNG   33 273  97  P 0 18 3 41.160  6.288  6.301  0.000  -0.014   1.00 0.1410 -0.015    
  $$$   VELEST-Version ETH-11FEB92 located at: 0915-2026 110747.9  
 
 
1 E V E N T   N R .       11                            0                    0
0 DATE  ORIGIN   TIME   LAT      LON     DEPTH  MAG  NO  DM GAP  RMS   ALE D-SPR
 120814 18:27:32.136 38.4111N 46.8029E  12.638  1.9  14   7  90 0.16  2.25  0.00
0  ERX  ERY  ERZ Q SQD  ADJ  IN NR  AVR   AAR  NM AVXM  SDXM IT
  -0.2  0.0  0.0 A A/A  0.00  0 14 -0.00  0.11  0  0.0  0.0   8
0 F-E NR: 344 N.W. IRAN-USSR BORDER REGION    
0 STN  DIST AZM AIN PRMK HRMN  P-SEC  TPOBS  TPCAL  -TSCOR  P-RES   P-WT IMP STURES
        AMX PRX     SRMK XMAG  S-SEC  TSOBS  TSCAL  -TSCOR  S-RES   S-WT IMP STURES
  ZANG    7  72 151  P 0 1827 34.950  2.814  2.997  0.000  -0.182   1.08 0.2182 -0.206    
  ORNG   10 330 139  P 0 1827 35.500  3.364  3.221  0.000   0.143   1.08 0.2242  0.163    
  HIGH   14 124 128  P 4 1827 90.390 58.254  3.737  0.000  -5.483   0.00 0.0000 -5.483    
  VRDN   16 282 123  P 0 1827 36.120  3.984  3.885  0.000   0.099   1.08 0.1723  0.109    
  NMVR   17 224 121  P 0 1827 36.330  4.194  4.106  0.000   0.088   1.08 0.1897  0.098    
  BLVR   18 197 120  P 0 1827 36.450  4.314  4.145  0.000   0.169   1.08 0.2488  0.195    
  AZGN   18 316 118  P 0 1827 36.340  4.204  4.264  0.000  -0.060   1.08 0.2885 -0.071    
  SRND   20 124 116  P 0 1827 36.690  4.554  4.551  0.000   0.003   1.08 0.2209  0.004    
  KVCH   21 115 114  P 0 1827 36.920  4.784  4.753  0.000   0.031   1.08 0.2060  0.035    
  HRS    23 244 112  P 0 1827 36.800  4.664  5.088  0.000  -0.424   1.08 0.1599 -0.462    
  MGSL   25 231 110  P 0 1827 37.400  5.264  5.201  0.000   0.063   1.08 0.1751  0.069    
  FRMZ   25  61 109  P 0 1827 37.460  5.324  5.282  0.000   0.042   1.08 0.2597  0.049    
  KRNG   27 277 107  P 0 1827 37.710  5.574  5.505  0.000   0.070   1.08 0.2116  0.078    
  GOLJ   33  90 102  P 0 1827 38.710  6.574  6.596  0.000  -0.022   1.08 0.2003 -0.025    
  $$$   VELEST-Version ETH-11FEB92 located at: 0915-2026 110747.9  
 
 
1 E V E N T   N R .       12                            0                    0
0 DATE  ORIGIN   TIME   LAT      LON     DEPTH  MAG  NO  DM GAP  RMS   ALE D-SPR
 120814 18:42:57.733 38.4044N 46.8649E   7.786  1.9  13  10  63 0.09  1.76  0.00
0  ERX  ERY  ERZ Q SQD  ADJ  IN NR  AVR   AAR  NM AVXM  SDXM IT
  -0.2 -0.0  0.0 A A/A  0.00  0 13 -0.00  0.07  0  0.0  0.0  11
0 F-E NR: 344 N.W. IRAN-USSR BORDER REGION    
0 STN  DIST AZM AIN PRMK HRMN  P-SEC  TPOBS  TPCAL  -TSCOR  P-RES   P-WT IMP STURES
        AMX PRX     SRMK XMAG  S-SEC  TSOBS  TSCAL  -TSCOR  S-RES   S-WT IMP STURES
  ORNG   10   3 125  P 0 1842 60.500  2.767  2.631  0.000   0.137   1.08 0.2512  0.158    
  VRDN   11 291 120  P 0 1842 60.530  2.797  2.790  0.000   0.007   1.08 0.2366  0.008    
  ZANG   12  76 117  P 0 1842 60.660  2.927  3.074  0.000  -0.146   1.08 0.1852 -0.162    
  NMVR   13 210 113  P 0 1842 60.950  3.217  3.196  0.000   0.022   1.08 0.2761  0.026    
  AZGN   16 332 108  P 0 1842 61.230  3.497  3.573  0.000  -0.076   1.08 0.3115 -0.091    
  BLVR   16 178 108  P 0 1842 61.410  3.677  3.617  0.000   0.060   1.08 0.2783  0.071    
  HIGH   18 113 105  P 4 1842 92.170 34.437  4.048  0.000 -29.610   0.00 0.0000-29.610    
  MGSL   20 222 102  P 0 1842 61.980  4.247  4.310  0.000  -0.063   1.08 0.2361 -0.072    
  KRNG   22 280 101  P 0 1842 62.250  4.517  4.518  0.000  -0.001   1.08 0.2648 -0.001    
  SRND   25 115  99  P 0 1842 62.790  5.057  5.029  0.000   0.028   1.08 0.1632  0.031    
  KVCH   26 108  98  P 0 1842 63.170  5.437  5.320  0.000   0.117   1.08 0.1539  0.128    
  FRMZ   30  65  96  P 0 1842 63.750  6.017  5.983  0.000   0.035   1.08 0.1847  0.038    
  GOLJ   39  89  95  P 0 1842 65.170  7.437  7.441  0.000  -0.004   1.08 0.1484 -0.005    
  $$$   VELEST-Version ETH-11FEB92 located at: 0915-2026 110747.9  
 
 
1 E V E N T   N R .       13                            0                    0
0 DATE  ORIGIN   TIME   LAT      LON     DEPTH  MAG  NO  DM GAP  RMS   ALE D-SPR
 120814 19:40:50.278 38.3824N 46.8154E   6.905  1.6  12   9  89 0.16  1.80  0.00
0  ERX  ERY  ERZ Q SQD  ADJ  IN NR  AVR   AAR  NM AVXM  SDXM IT
  -0.2 -0.0  0.0 A A/A  0.02  0 12 -0.00  0.11  0  0.0  0.0  10
0 F-E NR: 344 N.W. IRAN-USSR BORDER REGION    
0 STN  DIST AZM AIN PRMK HRMN  P-SEC  TPOBS  TPCAL  -TSCOR  P-RES   P-WT IMP STURES
        AMX PRX     SRMK XMAG  S-SEC  TSOBS  TSCAL  -TSCOR  S-RES   S-WT IMP STURES
  ZANG    9  55 122  P 0 1940 52.810  2.532  2.570  0.000  -0.037   1.00 0.2101 -0.042    
  HIGH   14 110 108  P 0 1940 53.370  3.092  3.219  0.000  -0.127   1.00 0.1662 -0.139    
  BLVR   14 196 106  P 0 1940 53.750  3.472  3.272  0.000   0.200   1.00 0.3338  0.245    
  VRDN   16 294 103  P 0 1940 53.920  3.642  3.504  0.000   0.138   1.00 0.2374  0.158    
  SRND   20 114  98  P 0 1940 54.480  4.202  4.192  0.000   0.010   1.00 0.1420  0.011    
  AZGN   20 324  98  P 0 1940 54.520  4.242  4.250  0.000  -0.007   1.00 0.3305 -0.009    
  KVCH   21 106  97  P 0 1940 54.830  4.552  4.500  0.000   0.053   1.00 0.1242  0.056    
  HRS    21 250  98  P 0 1940 54.370  4.092  4.507  0.000  -0.415   1.00 0.2024 -0.464    
  MGSL   22 235  97  P 0 1940 54.940  4.662  4.557  0.000   0.106   1.00 0.2228  0.120    
  KRNG   27 284  95  P 0 1940 55.620  5.342  5.283  0.000   0.060   1.00 0.2237  0.068    
  FRMZ   28  57  95  P 0 1940 55.890  5.612  5.539  0.000   0.074   1.00 0.1969  0.082    
  GOLJ   35  85  93  P 0 1940 56.960  6.682  6.735  0.000  -0.052   1.00 0.1207 -0.056    
  $$$   VELEST-Version ETH-11FEB92 located at: 0915-2026 110747.9  
 
 
1 E V E N T   N R .       14                            0                    0
0 DATE  ORIGIN   TIME   LAT      LON     DEPTH  MAG  NO  DM GAP  RMS   ALE D-SPR
 120814 19:58:53.571 38.4182N 46.7360E  10.572  2.8  14   1  74 0.15  1.75  0.00
0  ERX  ERY  ERZ Q SQD  ADJ  IN NR  AVR   AAR  NM AVXM  SDXM IT
   0.2 -0.0  0.0 A A/A  0.01  0 14 -0.00  0.11  0  0.0  0.0   3
0 F-E NR: 344 N.W. IRAN-USSR BORDER REGION    
0 STN  DIST AZM AIN PRMK HRMN  P-SEC  TPOBS  TPCAL  -TSCOR  P-RES   P-WT IMP STURES
        AMX PRX     SRMK XMAG  S-SEC  TSOBS  TSCAL  -TSCOR  S-RES   S-WT IMP STURES
  ZANG    1  22 172  P 0 1958 55.860  2.289  2.415  0.000  -0.127   1.00 0.2408 -0.145    
  HIGH   10 146 131  P 0 1958 56.590  3.019  3.086  0.000  -0.067   1.00 0.2320 -0.077    
  ORNG   13 306 121  P 0 1958 57.180  3.609  3.416  0.000   0.192   1.00 0.2181  0.217    
  SRND   16 137 115  P 0 1958 57.460  3.889  3.843  0.000   0.045   1.00 0.2005  0.051    
  KVCH   17 126 114  P 0 1958 57.550  3.979  3.942  0.000   0.036   1.00 0.1896  0.040    
  FRMZ   20  55 108  P 0 1958 58.020  4.449  4.366  0.000   0.083   1.00 0.3199  0.100    
  BLVR   21 212 106  P 0 1958 58.230  4.659  4.470  0.000   0.188   1.00 0.1864  0.209    
  VRDN   21 276 105  P 0 1958 58.190  4.619  4.566  0.000   0.053   1.00 0.1564  0.057    
  AZGN   22 304 104  P 0 1958 58.240  4.669  4.737  0.000  -0.069   1.00 0.2511 -0.080    
  NMVR   22 234 104  P 0 1958 58.330  4.759  4.702  0.000   0.057   1.00 0.1486  0.061    
  GOLJ   28  92  99  P 0 1958 59.100  5.529  5.626  0.000  -0.098   1.00 0.2130 -0.110    
  HRS    29 247  98  P 0 1958 59.040  5.469  5.871  0.000  -0.402   1.00 0.1368 -0.433    
  MGSL   30 236  97  P 0 1958 59.600  6.029  5.923  0.000   0.106   1.00 0.1446  0.114    
  KRNG   33 274  95  P 0 1958 59.910  6.339  6.335  0.000   0.003   1.00 0.1687  0.003    
  $$$   VELEST-Version ETH-11FEB92 located at: 0915-2026 110747.9  
 
 
1 E V E N T   N R .       15                            0                    0
0 DATE  ORIGIN   TIME   LAT      LON     DEPTH  MAG  NO  DM GAP  RMS   ALE D-SPR
 120814 20:10:56.664 38.3766N 46.7766E  11.110  3.3  14   7  72 0.15  1.74  0.00
0  ERX  ERY  ERZ Q SQD  ADJ  IN NR  AVR   AAR  NM AVXM  SDXM IT
   0.0  0.2  0.0 A A/A  0.00  0 14  0.00  0.12  0  0.0  0.0   4
0 F-E NR: 344 N.W. IRAN-USSR BORDER REGION    
0 STN  DIST AZM AIN PRMK HRMN  P-SEC  TPOBS  TPCAL  -TSCOR  P-RES   P-WT IMP STURES
        AMX PRX     SRMK XMAG  S-SEC  TSOBS  TSCAL  -TSCOR  S-RES   S-WT IMP STURES
  ZANG    7  35 146  P 0 2010 59.340  2.676  2.831  0.000  -0.155   1.00 0.2063 -0.174    
  HIGH   10 114 134  P 0 2010 59.690  3.026  3.114  0.000  -0.089   1.00 0.2303 -0.101    
  ORNG   15 330 121  P 0 2010 60.380  3.716  3.609  0.000   0.107   1.00 0.2127  0.121    
  SRND   16 117 117  P 0 2010 60.630  3.966  3.886  0.000   0.079   1.00 0.1957  0.088    
  NMVR   17 239 116  P 0 2010 60.770  4.106  3.910  0.000   0.196   1.00 0.1970  0.219    
  KVCH   18 107 114  P 0 2010 60.910  4.246  4.146  0.000   0.100   1.00 0.1786  0.111    
  VRDN   19 292 111  P 0 2010 60.990  4.326  4.239  0.000   0.087   1.00 0.1666  0.095    
  AZGN   23 318 106  P 0 2010 61.350  4.686  4.813  0.000  -0.127   1.00 0.2427 -0.146    
  FRMZ   25  51 103  P 0 2010 61.940  5.276  5.248  0.000   0.028   1.00 0.2634  0.033    
  HRS    24 254 105  P 0 2010 61.460  4.796  5.127  0.000  -0.331   1.00 0.1614 -0.362    
  MGSL   24 241 104  P 0 2010 61.950  5.286  5.090  0.000   0.196   1.00 0.1784  0.216    
  KRNG   30 284  99  P 0 2010 62.620  5.956  5.904  0.000   0.051   1.00 0.1805  0.057    
  TBZ    57 106  93  P 0 2010 66.890 10.226 10.212  0.000   0.014   1.00 0.1667  0.016    
  BST    76 187  92  P 0 2010 69.750 13.086 13.244  0.000  -0.158   1.00 0.2288 -0.180    
  $$$   VELEST-Version ETH-11FEB92 located at: 0915-2026 110747.9  
 
 
1 E V E N T   N R .       16                            0                    0
0 DATE  ORIGIN   TIME   LAT      LON     DEPTH  MAG  NO  DM GAP  RMS   ALE D-SPR
 120814 20:20:32.987 38.3834N 46.6511E   3.922  2.9  15   5  83 0.14  1.44  0.00
0  ERX  ERY  ERZ Q SQD  ADJ  IN NR  AVR   AAR  NM AVXM  SDXM IT
   0.0  0.2 -0.1 A A/A  0.00  0 15 -0.00  0.09  0  0.0  0.0   5
0 F-E NR: 344 N.W. IRAN-USSR BORDER REGION    
0 STN  DIST AZM AIN PRMK HRMN  P-SEC  TPOBS  TPCAL  -TSCOR  P-RES   P-WT IMP STURES
        AMX PRX     SRMK XMAG  S-SEC  TSOBS  TSCAL  -TSCOR  S-RES   S-WT IMP STURES
  HIGH    5 199 136  P 0 2020 34.650  1.663  1.676  0.000  -0.012   1.07 0.3574 -0.015    
  KVCH    9 134 120  P 0 2020 35.240  2.253  2.257  0.000  -0.003   1.07 0.3008 -0.004    
  SRND    9 156 119  P 0 2020 35.360  2.373  2.293  0.000   0.081   1.07 0.2794  0.095    
  ZANG    9 307 121  P 0 2020 35.190  2.203  2.273  0.000  -0.070   1.07 0.4524 -0.094    
  FRMZ   18  30  56  P 0 2020 36.900  3.913  3.875  0.000   0.038   1.07 0.4546  0.052    
  GOLJ   20  82  56  P 4 2020 34.200  1.213  4.415  0.000  -3.201   0.00 0.0000 -3.202    
  ORNG   22 303  56  P 0 2020 37.710  4.723  4.576  0.000   0.147   1.07 0.1672  0.161    
  NMVR   27 250  53  P 0 2020 38.640  5.653  5.477  0.000   0.176   1.07 0.1459  0.191    
  VRDN   29 282  53  P 0 2020 38.890  5.903  5.868  0.000   0.035   1.07 0.1304  0.038    
  AZGN   31 302  53  P 0 2020 39.030  6.043  6.112  0.000  -0.068   1.07 0.1598 -0.075    
  MGSL   35 249  53  P 0 2020 39.950  6.963  6.789  0.000   0.175   1.07 0.1475  0.189    
  HRS    35 258  53  P 0 2020 39.520  6.533  6.914  0.000  -0.380   1.07 0.1364 -0.409    
  KRNG   41 279  53  P 0 2020 40.720  7.733  7.728  0.000   0.006   1.07 0.1286  0.006    
  TBZ    47 111  53  P 0 2020 41.730  8.743  8.799  0.000  -0.055   1.07 0.2870 -0.065    
  BST    79 195  49  P 0 2020 46.970 13.983 14.039  0.000  -0.056   1.07 0.2117 -0.063    
  $$$   VELEST-Version ETH-11FEB92 located at: 0915-2026 110747.9  
 
 
1 E V E N T   N R .       17                            0                    0
0 DATE  ORIGIN   TIME   LAT      LON     DEPTH  MAG  NO  DM GAP  RMS   ALE D-SPR
 120814 21: 2:33.500 38.3891N 46.6761E   4.406  1.7  13   5  83 0.18  1.65  0.00
0  ERX  ERY  ERZ Q SQD  ADJ  IN NR  AVR   AAR  NM AVXM  SDXM IT
   0.2 -0.0 -0.0 A A/A  0.01  0 13 -0.00  0.13  0  0.0  0.0   4
0 F-E NR: 344 N.W. IRAN-USSR BORDER REGION    
0 STN  DIST AZM AIN PRMK HRMN  P-SEC  TPOBS  TPCAL  -TSCOR  P-RES   P-WT IMP STURES
        AMX PRX     SRMK XMAG  S-SEC  TSOBS  TSCAL  -TSCOR  S-RES   S-WT IMP STURES
  HIGH    5 174 125  P 0 21 2 35.190  1.690  1.798  0.000  -0.108   1.00 0.4595 -0.147    
  ZANG    7 314 117  P 0 21 2 35.380  1.880  1.974  0.000  -0.094   1.00 0.2580 -0.109    
  KVCH   11 128  93  P 0 21 2 36.170  2.670  2.656  0.000   0.014   1.00 0.2408  0.016    
  FRMZ   18  37  91  P 0 21 2 37.560  4.060  3.952  0.000   0.109   1.00 0.3290  0.133    
  ORNG   20 305  91  P 0 21 2 37.790  4.290  4.157  0.000   0.133   1.00 0.1809  0.147    
  BLVR   22 228  90  P 0 21 2 38.240  4.740  4.504  0.000   0.237   1.00 0.1753  0.261    
  GOLJ   23  84  90  P 0 21 2 38.180  4.680  4.735  0.000  -0.055   1.00 0.2487 -0.063    
  NMVR   25 247  90  P 0 21 2 38.740  5.240  5.123  0.000   0.117   1.00 0.1425  0.126    
  VRDN   27 282  74  P 0 21 2 38.920  5.420  5.438  0.000  -0.017   1.00 0.1391 -0.019    
  AZGN   29 303  74  P 0 21 2 39.090  5.590  5.696  0.000  -0.106   1.00 0.1906 -0.118    
  MGSL   33 246  74  P 0 21 2 40.050  6.550  6.440  0.000   0.110   1.00 0.1179  0.117    
  HRS    33 256  74  P 0 21 2 39.560  6.060  6.530  0.000  -0.470   1.00 0.1154 -0.500    
  KRNG   38 278  74  P 0 21 2 40.930  7.430  7.300  0.000   0.131   1.00 0.1331  0.140    
  $$$   VELEST-Version ETH-11FEB92 located at: 0915-2026 110747.9  
 
 
1 E V E N T   N R .       18                            0                    0
0 DATE  ORIGIN   TIME   LAT      LON     DEPTH  MAG  NO  DM GAP  RMS   ALE D-SPR
 120814 21:11:55.097 38.4087N 46.7681E  10.370  1.2  13   4  95 0.10  1.74  0.00
0  ERX  ERY  ERZ Q SQD  ADJ  IN NR  AVR   AAR  NM AVXM  SDXM IT
  -0.2 -0.0  0.0 A A/A  0.01  0 13  0.00  0.08  0  0.0  0.0   6
0 F-E NR: 344 N.W. IRAN-USSR BORDER REGION    
0 STN  DIST AZM AIN PRMK HRMN  P-SEC  TPOBS  TPCAL  -TSCOR  P-RES   P-WT IMP STURES
        AMX PRX     SRMK XMAG  S-SEC  TSOBS  TSCAL  -TSCOR  S-RES   S-WT IMP STURES
  ZANG    4  55 158  P 0 2111 57.510  2.413  2.493  0.000  -0.080   1.00 0.2153 -0.090    
  HIGH   11 132 127  P 0 2111 58.170  3.073  3.195  0.000  -0.122   1.00 0.2241 -0.138    
  ORNG   12 318 125  P 0 2111 58.480  3.383  3.217  0.000   0.166   1.00 0.2283  0.189    
  SRND   18 128 111  P 0 2111 59.140  4.043  4.026  0.000   0.016   1.00 0.1857  0.018    
  BLVR   18 206 109  P 0 2111 59.360  4.263  4.116  0.000   0.147   1.00 0.2154  0.166    
  KVCH   19 118 109  P 0 2111 59.340  4.243  4.200  0.000   0.043   1.00 0.1698  0.047    
  VRDN   19 281 108  P 0 2111 59.250  4.153  4.159  0.000  -0.006   1.00 0.1785 -0.006    
  NMVR   19 231 108  P 0 2111 59.400  4.303  4.256  0.000   0.047   1.00 0.1743  0.052    
  AZGN   21 310 105  P 0 2111 59.480  4.383  4.482  0.000  -0.099   1.00 0.2689 -0.116    
  FRMZ   23  57 102  P 0 2111 60.000  4.903  4.804  0.000   0.099   1.00 0.2503  0.114    
  MGSL   27 235  98  P 0 2111 60.470  5.373  5.460  0.000  -0.088   1.00 0.1605 -0.096    
  KRNG   30 277  96  P 0 2111 60.940  5.843  5.907  0.000  -0.064   1.00 0.1908 -0.072    
  GOLJ   30  90  96  P 0 2111 61.100  6.003  6.061  0.000  -0.059   1.00 0.1642 -0.064    
  $$$   VELEST-Version ETH-11FEB92 located at: 0915-2026 110747.9  
 
 
1 E V E N T   N R .       19                            0                    0
0 DATE  ORIGIN   TIME   LAT      LON     DEPTH  MAG  NO  DM GAP  RMS   ALE D-SPR
 120814 21:17:20.615 38.4110N 46.8705E  11.284  1.2  13   9  60 0.16  1.78  0.00
0  ERX  ERY  ERZ Q SQD  ADJ  IN NR  AVR   AAR  NM AVXM  SDXM IT
  -0.2  0.0  0.0 A A/A  0.02  0 13 -0.00  0.11  0  0.0  0.0   7
0 F-E NR: 344 N.W. IRAN-USSR BORDER REGION    
0 STN  DIST AZM AIN PRMK HRMN  P-SEC  TPOBS  TPCAL  -TSCOR  P-RES   P-WT IMP STURES
        AMX PRX     SRMK XMAG  S-SEC  TSOBS  TSCAL  -TSCOR  S-RES   S-WT IMP STURES
  ORNG    9   6 139  P 0 2117 23.610  2.995  2.928  0.000   0.067   1.00 0.2397  0.077    
  VRDN   10 289 134  P 0 2117 23.770  3.155  3.042  0.000   0.113   1.00 0.2387  0.130    
  ZANG   12  80 128  P 0 2117 23.890  3.275  3.426  0.000  -0.150   1.00 0.1583 -0.164    
  NMVR   14 206 124  P 0 2117 24.220  3.605  3.527  0.000   0.079   1.00 0.2046  0.088    
  AZGN   15 332 121  P 0 2117 24.300  3.685  3.676  0.000   0.010   1.00 0.3759  0.012    
  BLVR   17 177 117  P 0 2117 24.630  4.015  3.942  0.000   0.073   1.00 0.2242  0.083    
  HRS    18 235 114  P 0 2117 24.460  3.845  4.257  0.000  -0.412   1.00 0.1890 -0.457    
  HIGH   19 114 112  P 0 2117 24.810  4.195  4.336  0.000  -0.141   1.00 0.1646 -0.154    
  MGSL   20 220 110  P 0 2117 25.310  4.695  4.499  0.000   0.197   1.00 0.1839  0.218    
  SRND   25 116 104  P 0 2117 25.920  5.305  5.243  0.000   0.062   1.00 0.1509  0.068    
  KVCH   27 109 102  P 0 2117 26.230  5.615  5.510  0.000   0.105   1.00 0.1409  0.114    
  FRMZ   31  67 100  P 0 2117 26.670  6.055  6.046  0.000   0.009   1.00 0.1813  0.010    
  GOLJ   39  90  96  P 0 2117 28.090  7.475  7.488  0.000  -0.013   1.00 0.1334 -0.014    
  $$$   VELEST-Version ETH-11FEB92 located at: 0915-2026 110747.9  
 
 
1 E V E N T   N R .       20                            0                    0
0 DATE  ORIGIN   TIME   LAT      LON     DEPTH  MAG  NO  DM GAP  RMS   ALE D-SPR
 120814 21:20: 9.087 38.4165N 46.7508E  12.359  1.2  14   2  99 0.16  1.92  0.00
0  ERX  ERY  ERZ Q SQD  ADJ  IN NR  AVR   AAR  NM AVXM  SDXM IT
   0.2 -0.0  0.0 A A/A  0.02  0 14 -0.00  0.11  0  0.0  0.0   5
0 F-E NR: 344 N.W. IRAN-USSR BORDER REGION    
0 STN  DIST AZM AIN PRMK HRMN  P-SEC  TPOBS  TPCAL  -TSCOR  P-RES   P-WT IMP STURES
        AMX PRX     SRMK XMAG  S-SEC  TSOBS  TSCAL  -TSCOR  S-RES   S-WT IMP STURES
  ZANG    2  50 169  P 0 2120 11.670  2.583  2.719  0.000  -0.136   1.00 0.1795 -0.150    
  HIGH   11 140 136  P 0 2120 12.340  3.253  3.352  0.000  -0.099   1.00 0.2114 -0.111    
  ORNG   13 311 131  P 0 2120 12.750  3.663  3.470  0.000   0.193   1.00 0.2072  0.217    
  SRND   17 134 120  P 0 2120 13.210  4.123  4.082  0.000   0.041   1.00 0.1966  0.045    
  KVCH   18 123 119  P 0 2120 13.320  4.233  4.206  0.000   0.027   1.00 0.1855  0.030    
  BLVR   20 209 115  P 0 2120 13.760  4.673  4.450  0.000   0.223   1.00 0.1878  0.247    
  VRDN   20 277 114  P 0 2120 13.630  4.543  4.474  0.000   0.069   1.00 0.1582  0.075    
  NMVR   21 232 113  P 0 2120 13.780  4.693  4.622  0.000   0.071   1.00 0.1471  0.077    
  FRMZ   21  57 114  P 0 2120 13.800  4.713  4.643  0.000   0.070   1.00 0.2912  0.083    
  AZGN   21 306 113  P 0 2120 13.700  4.613  4.684  0.000  -0.071   1.00 0.2589 -0.082    
  HRS    28 247 106  P 0 2120 14.390  5.303  5.732  0.000  -0.429   1.00 0.1317 -0.461    
  MGSL   29 235 105  P 0 2120 14.970  5.883  5.793  0.000   0.090   1.00 0.1381  0.097    
  GOLJ   29  91 105  P 0 2120 14.910  5.823  5.885  0.000  -0.062   1.00 0.2043 -0.070    
  KRNG   32 275 102  P 0 2120 15.280  6.193  6.180  0.000   0.013   1.00 0.1746  0.015    
  $$$   VELEST-Version ETH-11FEB92 located at: 0915-2026 110747.9  
 
 
1 E V E N T   N R .       21                            0                    0
0 DATE  ORIGIN   TIME   LAT      LON     DEPTH  MAG  NO  DM GAP  RMS   ALE D-SPR
 120814 21:26:25.496 38.4020N 46.8476E  11.344  1.3  14  10  69 0.16  1.79  0.00
0  ERX  ERY  ERZ Q SQD  ADJ  IN NR  AVR   AAR  NM AVXM  SDXM IT
  -0.2 -0.0  0.0 A A/A  0.01  0 14 -0.00  0.11  0  0.0  0.0   3
0 F-E NR: 344 N.W. IRAN-USSR BORDER REGION    
0 STN  DIST AZM AIN PRMK HRMN  P-SEC  TPOBS  TPCAL  -TSCOR  P-RES   P-WT IMP STURES
        AMX PRX     SRMK XMAG  S-SEC  TSOBS  TSCAL  -TSCOR  S-RES   S-WT IMP STURES
  ORNG   10 354 136  P 0 2126 28.650  3.154  3.044  0.000   0.110   1.00 0.2172  0.125    
  ZANG   11  73 133  P 0 2126 28.570  3.074  3.225  0.000  -0.151   1.00 0.1664 -0.165    
  VRDN   12 290 128  P 0 2126 28.910  3.414  3.314  0.000   0.100   1.00 0.1878  0.110    
  NMVR   14 216 124  P 0 2126 29.160  3.664  3.555  0.000   0.109   1.00 0.2033  0.123    
  BLVR   16 184 119  P 0 2126 29.440  3.944  3.809  0.000   0.135   1.00 0.2359  0.155    
  AZGN   17 328 117  P 0 2126 29.360  3.864  3.939  0.000  -0.076   1.00 0.2917 -0.090    
  HIGH   17 114 117  P 0 2126 29.390  3.894  4.019  0.000  -0.125   1.00 0.1739 -0.137    
  HRS    20 241 113  P 0 2126 29.500  4.004  4.432  0.000  -0.428   1.00 0.1636 -0.468    
  MGSL   21 226 110  P 0 2126 30.140  4.644  4.596  0.000   0.048   1.00 0.1718  0.053    
  KRNG   23 280 106  P 0 2126 30.510  5.014  4.881  0.000   0.133   1.00 0.2204  0.150    
  SRND   23 116 107  P 0 2126 30.460  4.964  4.904  0.000   0.060   1.00 0.1607  0.066    
  KVCH   25 109 105  P 0 2126 30.760  5.264  5.171  0.000   0.093   1.00 0.1521  0.101    
  FRMZ   29  63 101  P 0 2126 31.340  5.844  5.831  0.000   0.013   1.00 0.2089  0.014    
  GOLJ   37  89  97  P 0 2126 32.650  7.154  7.176  0.000  -0.022   1.00 0.1577 -0.024    
  $$$   VELEST-Version ETH-11FEB92 located at: 0915-2026 110747.9  
 
 
1 E V E N T   N R .       22                            0                    0
0 DATE  ORIGIN   TIME   LAT      LON     DEPTH  MAG  NO  DM GAP  RMS   ALE D-SPR
 120814 21:30:13.170 38.4060N 46.7590E  11.652  1.4  14   4  86 0.15  1.78  0.00
0  ERX  ERY  ERZ Q SQD  ADJ  IN NR  AVR   AAR  NM AVXM  SDXM IT
   0.2 -0.0  0.0 A A/A  0.01  0 14 -0.00  0.11  0  0.0  0.0   6
0 F-E NR: 344 N.W. IRAN-USSR BORDER REGION    
0 STN  DIST AZM AIN PRMK HRMN  P-SEC  TPOBS  TPCAL  -TSCOR  P-RES   P-WT IMP STURES
        AMX PRX     SRMK XMAG  S-SEC  TSOBS  TSCAL  -TSCOR  S-RES   S-WT IMP STURES
  ZANG    4  43 162  P 0 2130 15.710  2.540  2.662  0.000  -0.122   1.00 0.1869 -0.136    
  HIGH   11 133 134  P 0 2130 16.290  3.120  3.232  0.000  -0.113   1.00 0.2177 -0.128    
  ORNG   13 317 127  P 0 2130 16.790  3.620  3.434  0.000   0.186   1.00 0.2114  0.209    
  SRND   17 129 118  P 0 2130 17.210  4.040  3.995  0.000   0.045   1.00 0.1969  0.050    
  KVCH   18 118 117  P 0 2130 17.370  4.200  4.157  0.000   0.043   1.00 0.1837  0.047    
  BLVR   18 209 115  P 0 2130 17.570  4.400  4.207  0.000   0.193   1.00 0.2009  0.216    
  VRDN   20 281 113  P 0 2130 17.580  4.410  4.354  0.000   0.056   1.00 0.1609  0.061    
  NMVR   20 233 113  P 0 2130 17.660  4.490  4.392  0.000   0.098   1.00 0.1549  0.106    
  AZGN   22 310 110  P 0 2130 17.750  4.580  4.665  0.000  -0.085   1.00 0.2558 -0.099    
  FRMZ   22  55 109  P 0 2130 18.030  4.860  4.786  0.000   0.074   1.00 0.2778  0.087    
  HRS    27 248 104  P 0 2130 18.290  5.120  5.534  0.000  -0.414   1.00 0.1353 -0.445    
  MGSL   27 237 103  P 0 2130 18.810  5.640  5.574  0.000   0.066   1.00 0.1427  0.071    
  GOLJ   30  89 102  P 0 2130 19.070  5.900  5.969  0.000  -0.069   1.00 0.1975 -0.077    
  KRNG   31 277 100  P 0 2130 19.280  6.110  6.065  0.000   0.044   1.00 0.1741  0.049    
  $$$   VELEST-Version ETH-11FEB92 located at: 0915-2026 110747.9  
 
 
1 E V E N T   N R .       23                            0                    0
0 DATE  ORIGIN   TIME   LAT      LON     DEPTH  MAG  NO  DM GAP  RMS   ALE D-SPR
 120814 21:32:40.418 38.4078N 46.7624E   9.842  1.4  14   4  91 0.16  1.72  0.00
0  ERX  ERY  ERZ Q SQD  ADJ  IN NR  AVR   AAR  NM AVXM  SDXM IT
   0.2 -0.0  0.0 A A/A  0.02  0 14 -0.00  0.11  0  0.0  0.0   3
0 F-E NR: 344 N.W. IRAN-USSR BORDER REGION    
0 STN  DIST AZM AIN PRMK HRMN  P-SEC  TPOBS  TPCAL  -TSCOR  P-RES   P-WT IMP STURES
        AMX PRX     SRMK XMAG  S-SEC  TSOBS  TSCAL  -TSCOR  S-RES   S-WT IMP STURES
  ZANG    4  49 159  P 0 2132 42.680  2.262  2.395  0.000  -0.133   1.00 0.2357 -0.152    
  HIGH   11 133 126  P 0 2132 43.410  2.992  3.089  0.000  -0.097   1.00 0.2342 -0.111    
  ORNG   12 317 121  P 0 2132 43.840  3.422  3.226  0.000   0.197   1.00 0.2249  0.223    
  SRND   17 129 109  P 0 2132 44.410  3.992  3.931  0.000   0.061   1.00 0.1899  0.068    
  KVCH   18 118 107  P 0 2132 44.580  4.162  4.101  0.000   0.061   1.00 0.1770  0.068    
  BLVR   19 208 106  P 0 2132 44.690  4.272  4.112  0.000   0.161   1.00 0.2016  0.180    
  VRDN   19 281 104  P 0 2132 44.670  4.252  4.213  0.000   0.039   1.00 0.1633  0.043    
  NMVR   20 232 103  P 0 2132 44.790  4.372  4.284  0.000   0.089   1.00 0.1573  0.097    
  AZGN   21 310 100  P 0 2132 44.890  4.472  4.532  0.000  -0.060   1.00 0.2584 -0.069    
  FRMZ   22  56  99  P 0 2132 45.210  4.792  4.732  0.000   0.060   1.00 0.2852  0.072    
  HRS    27 248  95  P 0 2132 45.440  5.022  5.453  0.000  -0.430   1.00 0.1337 -0.462    
  MGSL   27 236  94  P 0 2132 46.030  5.612  5.508  0.000   0.105   1.00 0.1391  0.113    
  GOLJ   30  90  93  P 0 2132 46.310  5.892  5.976  0.000  -0.084   1.00 0.1946 -0.094    
  KRNG   31 277  93  P 0 2132 46.430  6.012  5.981  0.000   0.031   1.00 0.1689  0.034    
  $$$   VELEST-Version ETH-11FEB92 located at: 0915-2026 110747.9  
 
 
1 E V E N T   N R .       24                            0                    0
0 DATE  ORIGIN   TIME   LAT      LON     DEPTH  MAG  NO  DM GAP  RMS   ALE D-SPR
 120814 21:48:16.550 38.4284N 46.7990E  12.876  1.5  14   6 101 0.15  2.17  0.00
0  ERX  ERY  ERZ Q SQD  ADJ  IN NR  AVR   AAR  NM AVXM  SDXM IT
  -0.2  0.0  0.0 A A/A  0.01  0 14 -0.00  0.10  0  0.0  0.0   4
0 F-E NR: 344 N.W. IRAN-USSR BORDER REGION    
0 STN  DIST AZM AIN PRMK HRMN  P-SEC  TPOBS  TPCAL  -TSCOR  P-RES   P-WT IMP STURES
        AMX PRX     SRMK XMAG  S-SEC  TSOBS  TSCAL  -TSCOR  S-RES   S-WT IMP STURES
  ZANG    6  88 154  P 0 2148 19.370  2.820  2.981  0.000  -0.161   1.00 0.1719 -0.177    
  ORNG    9 322 144  P 0 2148 19.790  3.240  3.111  0.000   0.129   1.00 0.2119  0.145    
  HIGH   15 131 127  P 0 2148 20.310  3.760  3.874  0.000  -0.114   1.00 0.1862 -0.126    
  VRDN   16 275 124  P 0 2148 20.550  4.000  3.914  0.000   0.086   1.00 0.1673  0.094    
  AZGN   17 311 121  P 0 2148 20.670  4.120  4.136  0.000  -0.016   1.00 0.2907 -0.019    
  NMVR   19 221 119  P 0 2148 20.990  4.440  4.352  0.000   0.088   1.00 0.1630  0.096    
  BLVR   19 196 118  P 0 2148 21.200  4.650  4.433  0.000   0.217   1.00 0.1991  0.242    
  SRND   21 128 115  P 0 2148 21.290  4.740  4.690  0.000   0.050   1.00 0.1738  0.055    
  KVCH   22 120 114  P 0 2148 21.450  4.900  4.852  0.000   0.048   1.00 0.1652  0.053    
  FRMZ   24  65 111  P 0 2148 21.720  5.170  5.120  0.000   0.050   1.00 0.2612  0.058    
  HRS    25 240 111  P 0 2148 21.430  4.880  5.280  0.000  -0.400   1.00 0.1419 -0.432    
  MGSL   26 228 109  P 0 2148 22.040  5.490  5.441  0.000   0.049   1.00 0.1489  0.053    
  KRNG   27 273 107  P 0 2148 22.110  5.560  5.543  0.000   0.017   1.00 0.1979  0.019    
  GOLJ   33  94 103  P 0 2148 23.070  6.520  6.561  0.000  -0.042   1.00 0.1834 -0.046    
  $$$   VELEST-Version ETH-11FEB92 located at: 0915-2026 110747.9  
 
 
1 E V E N T   N R .       25                            0                    0
0 DATE  ORIGIN   TIME   LAT      LON     DEPTH  MAG  NO  DM GAP  RMS   ALE D-SPR
 120814 21:56:12.510 38.3946N 46.6603E   4.612  2.4  12   6  91 0.18  1.64  0.00
0  ERX  ERY  ERZ Q SQD  ADJ  IN NR  AVR   AAR  NM AVXM  SDXM IT
   0.2 -0.0 -0.0 A A/A  0.01  0 12  0.00  0.13  0  0.0  0.0   4
0 F-E NR: 344 N.W. IRAN-USSR BORDER REGION    
0 STN  DIST AZM AIN PRMK HRMN  P-SEC  TPOBS  TPCAL  -TSCOR  P-RES   P-WT IMP STURES
        AMX PRX     SRMK XMAG  S-SEC  TSOBS  TSCAL  -TSCOR  S-RES   S-WT IMP STURES
  HIGH    6 188 122  P 0 2156 14.330  1.820  1.911  0.000  -0.092   1.00 0.3937 -0.118    
  ZANG    7 303 115  P 0 2156 14.510  2.000  2.100  0.000  -0.100   1.00 0.2245 -0.113    
  KVCH   10 136  99  P 0 2156 15.040  2.530  2.552  0.000  -0.022   1.00 0.2515 -0.026    
  FRMZ   17  35  92  P 0 2156 16.350  3.840  3.725  0.000   0.114   1.00 0.3418  0.141    
  GOLJ   21  85  91  P 0 2156 16.940  4.430  4.487  0.000  -0.057   1.00 0.2398 -0.066    
  ORNG   20 301  91  P 0 2156 16.970  4.460  4.300  0.000   0.159   1.00 0.1830  0.176    
  BLVR   23 229  91  P 0 2156 17.550  5.040  4.755  0.000   0.285   1.00 0.1632  0.312    
  NMVR   27 247  74  P 0 2156 18.040  5.530  5.367  0.000   0.163   1.00 0.1134  0.173    
  AZGN   29 301  74  P 0 2156 18.270  5.760  5.827  0.000  -0.067   1.00 0.2055 -0.075    
  MGSL   34 246  74  P 0 2156 19.270  6.760  6.682  0.000   0.078   1.00 0.1135  0.083    
  HRS    35 256  74  P 0 2156 18.860  6.350  6.768  0.000  -0.418   1.00 0.1136 -0.444    
  KRNG   40 277  74  P 0 2156 19.970  7.460  7.503  0.000  -0.043   1.00 0.1391 -0.047    
  $$$   VELEST-Version ETH-11FEB92 located at: 0915-2026 110747.9  
 
 
1 E V E N T   N R .       26                            0                    0
0 DATE  ORIGIN   TIME   LAT      LON     DEPTH  MAG  NO  DM GAP  RMS   ALE D-SPR
 120814 21:58:39.979 38.3940N 46.6737E   3.913  2.2  14   6  87 0.16  1.44  0.00
0  ERX  ERY  ERZ Q SQD  ADJ  IN NR  AVR   AAR  NM AVXM  SDXM IT
   0.2 -0.0 -0.1 A A/A  0.00  0 14 -0.00  0.10  0  0.0  0.0   4
0 F-E NR: 344 N.W. IRAN-USSR BORDER REGION    
0 STN  DIST AZM AIN PRMK HRMN  P-SEC  TPOBS  TPCAL  -TSCOR  P-RES   P-WT IMP STURES
        AMX PRX     SRMK XMAG  S-SEC  TSOBS  TSCAL  -TSCOR  S-RES   S-WT IMP STURES
  HIGH    6 177 131  P 0 2158 41.750  1.771  1.811  0.000  -0.040   1.00 0.3366 -0.049    
  ZANG    6 309 130  P 0 2158 41.870  1.891  1.882  0.000   0.010   1.00 0.5220  0.014    
  SRND   11 149 113  P 0 2158 42.660  2.681  2.661  0.000   0.021   1.00 0.2585  0.024    
  KVCH   11 131 114  P 0 2158 42.650  2.671  2.677  0.000  -0.005   1.00 0.2670 -0.006    
  FRMZ   18  38  56  P 0 2158 43.980  4.001  3.899  0.000   0.102   1.00 0.3807  0.130    
  ORNG   19 303  56  P 0 2158 44.310  4.331  4.179  0.000   0.153   1.00 0.1735  0.168    
  BLVR   22 228  56  P 0 2158 44.860  4.881  4.637  0.000   0.244   1.00 0.1429  0.264    
  GOLJ   22  85  56  P 0 2158 44.610  4.631  4.735  0.000  -0.103   1.00 0.3032 -0.124    
  NMVR   26 246  56  P 0 2158 45.320  5.341  5.238  0.000   0.104   1.00 0.1254  0.111    
  VRDN   27 281  53  P 0 2158 45.480  5.501  5.507  0.000  -0.005   1.00 0.1270 -0.006    
  AZGN   28 302  53  P 0 2158 45.620  5.641  5.730  0.000  -0.088   1.00 0.1646 -0.097    
  MGSL   33 246  53  P 0 2158 46.620  6.641  6.562  0.000   0.080   1.00 0.1226  0.085    
  HRS    33 255  53  P 0 2158 46.180  6.201  6.639  0.000  -0.438   1.00 0.1175 -0.466    
  KRNG   38 278  53  P 0 2158 47.320  7.341  7.374  0.000  -0.033   1.00 0.1237 -0.035    
  $$$   VELEST-Version ETH-11FEB92 located at: 0915-2026 110747.9  
 
 
1 E V E N T   N R .       27                            0                    0
0 DATE  ORIGIN   TIME   LAT      LON     DEPTH  MAG  NO  DM GAP  RMS   ALE D-SPR
 120814 22:37:18.959 38.4109N 46.8325E   9.376  1.5  13   9  78 0.10  1.61  0.00
0  ERX  ERY  ERZ Q SQD  ADJ  IN NR  AVR   AAR  NM AVXM  SDXM IT
  -0.2  0.0 -0.1 A A/A  0.11  0 13 -0.00  0.08  0  0.0  0.0  99
0 F-E NR: 344 N.W. IRAN-USSR BORDER REGION    
0 STN  DIST AZM AIN PRMK HRMN  P-SEC  TPOBS  TPCAL  -TSCOR  P-RES   P-WT IMP STURES
        AMX PRX     SRMK XMAG  S-SEC  TSOBS  TSCAL  -TSCOR  S-RES   S-WT IMP STURES
  ORNG    9 345 134  P 0 2237 21.860  2.901  2.746  0.000   0.155   1.08 0.2617  0.181    
  ZANG    9  77 134  P 0 2237 21.650  2.691  2.835  0.000  -0.144   1.08 0.2051 -0.161    
  VRDN   13 284 121  P 0 2237 22.270  3.311  3.280  0.000   0.031   1.08 0.2238  0.035    
  AZGN   17 322 114  P 0 2237 22.720  3.761  3.814  0.000  -0.053   1.08 0.2638 -0.061    
  HIGH   16 119 115  P 0 2237 22.620  3.661  3.787  0.000  -0.126   1.08 0.1824 -0.139    
  BLVR   17 188 113  P 0 2237 22.910  3.951  3.849  0.000   0.102   1.08 0.2891  0.121    
  HRS    21 241 108  P 4 2237 23.000  4.041  4.594  0.000  -0.553   0.00 0.0000 -0.553    
  MGSL   23 226 106  P 0 2237 23.660  4.701  4.779  0.000  -0.077   1.08 0.2533 -0.090    
  SRND   22 120 106  P 0 2237 23.770  4.811  4.733  0.000   0.078   1.08 0.1687  0.086    
  KRNG   24 278  72  P 0 2237 23.920  4.961  5.010  0.000  -0.049   1.08 0.2186 -0.055    
  KVCH   24 112 105  P 0 2237 24.030  5.071  4.981  0.000   0.091   1.08 0.1612  0.099    
  FRMZ   28  64  72  P 0 2237 24.520  5.561  5.544  0.000   0.018   1.08 0.2876  0.021    
  GOLJ   36  90  72  P 0 2237 25.880  6.921  6.948  0.000  -0.027   1.08 0.2016 -0.030    
  $$$   VELEST-Version ETH-11FEB92 located at: 0915-2026 110747.9  
 
 
1 E V E N T   N R .       28                            0                    0
0 DATE  ORIGIN   TIME   LAT      LON     DEPTH  MAG  NO  DM GAP  RMS   ALE D-SPR
 120814 22:55: 5.092 38.4166N 46.7878E  11.412  1.5  12   5  98 0.17  1.78  0.00
0  ERX  ERY  ERZ Q SQD  ADJ  IN NR  AVR   AAR  NM AVXM  SDXM IT
  -0.2  0.0  0.0 A A/A  0.01  0 12 -0.00  0.13  0  0.0  0.0   6
0 F-E NR: 344 N.W. IRAN-USSR BORDER REGION    
0 STN  DIST AZM AIN PRMK HRMN  P-SEC  TPOBS  TPCAL  -TSCOR  P-RES   P-WT IMP STURES
        AMX PRX     SRMK XMAG  S-SEC  TSOBS  TSCAL  -TSCOR  S-RES   S-WT IMP STURES
  ZANG    5  74 155  P 0 2255  7.640  2.548  2.720  0.000  -0.172   1.00 0.1834 -0.190    
  ORNG   10 322 134  P 0 2255  8.380  3.288  3.104  0.000   0.184   1.00 0.2306  0.210    
  HIGH   13 130 126  P 0 2255  8.530  3.438  3.533  0.000  -0.095   1.00 0.1797 -0.105    
  VRDN   17 279 117  P 0 2255  9.150  4.058  3.950  0.000   0.108   1.00 0.1841  0.119    
  AZGN   19 312 113  P 0 2255  9.300  4.208  4.254  0.000  -0.046   1.00 0.2572 -0.054    
  BLVR   18 200 114  P 0 2255  9.500  4.408  4.197  0.000   0.211   1.00 0.2279  0.240    
  SRND   20 127 112  P 0 2255  9.520  4.428  4.368  0.000   0.060   1.00 0.1602  0.065    
  KVCH   21 118 111  P 0 2255  9.710  4.618  4.546  0.000   0.072   1.00 0.1474  0.078    
  FRMZ   24  61 106  P 0 2255 10.130  5.038  5.004  0.000   0.034   1.00 0.2205  0.038    
  HRS    25 244 105  P 0 2255  9.950  4.858  5.244  0.000  -0.386   1.00 0.1691 -0.424    
  MGSL   26 231 104  P 0 2255 10.540  5.448  5.358  0.000   0.090   1.00 0.1790  0.099    
  GOLJ   32  91  99  P 0 2255 11.390  6.298  6.356  0.000  -0.058   1.00 0.1505 -0.063    
  $$$   VELEST-Version ETH-11FEB92 located at: 0915-2026 110747.9  
 
 
1 E V E N T   N R .       29                            0                    0
0 DATE  ORIGIN   TIME   LAT      LON     DEPTH  MAG  NO  DM GAP  RMS   ALE D-SPR
 120814 22:55:52.703 38.3756N 46.7994E   5.605  2.4  13   9  90 0.16  1.64  0.00
0  ERX  ERY  ERZ Q SQD  ADJ  IN NR  AVR   AAR  NM AVXM  SDXM IT
  -0.2 -0.0 -0.0 A A/A  0.22  0 13 -0.00  0.11  0  0.0  0.0  99
0 F-E NR: 344 N.W. IRAN-USSR BORDER REGION    
0 STN  DIST AZM AIN PRMK HRMN  P-SEC  TPOBS  TPCAL  -TSCOR  P-RES   P-WT IMP STURES
        AMX PRX     SRMK XMAG  S-SEC  TSOBS  TSCAL  -TSCOR  S-RES   S-WT IMP STURES
  ZANG    9  45 118  P 0 2255 55.040  2.337  2.380  0.000  -0.043   1.00 0.3637 -0.054    
  HIGH   12 109 106  P 0 2255 55.490  2.787  2.916  0.000  -0.129   1.00 0.3193 -0.157    
  BLVR   14 202  74  P 0 2255 56.110  3.407  3.198  0.000   0.209   1.00 0.2314  0.239    
  ORNG   14 337  74  P 0 2255 56.050  3.347  3.167  0.000   0.180   1.00 0.2347  0.206    
  VRDN   17 294  74  P 0 2255 56.550  3.847  3.743  0.000   0.105   1.00 0.1632  0.114    
  SRND   18 114  74  P 0 2255 56.640  3.937  3.915  0.000   0.022   1.00 0.1488  0.024    
  KVCH   20 105  74  P 0 2255 56.990  4.287  4.230  0.000   0.057   1.00 0.1475  0.062    
  AZGN   22 322  74  P 0 2255 57.070  4.367  4.474  0.000  -0.107   1.00 0.2071 -0.120    
  HRS    22 253  74  P 0 2255 56.960  4.257  4.675  0.000  -0.418   1.00 0.1696 -0.459    
  MGSL   23 239  74  P 0 2255 57.480  4.777  4.672  0.000   0.105   1.00 0.1891  0.117    
  FRMZ   27  54  74  P 0 2255 58.130  5.427  5.412  0.000   0.015   1.00 0.2173  0.017    
  KRNG   28 285  74  P 0 2255 58.260  5.557  5.531  0.000   0.026   1.00 0.1561  0.028    
  GOLJ   33  83  74  P 0 2255 59.170  6.467  6.511  0.000  -0.044   1.00 0.1637 -0.048    
  $$$   VELEST-Version ETH-11FEB92 located at: 0915-2026 110747.9  
 
 
1 E V E N T   N R .       30                            0                    0
0 DATE  ORIGIN   TIME   LAT      LON     DEPTH  MAG  NO  DM GAP  RMS   ALE D-SPR
 120814 23:11:15.090 38.3968N 46.6393E   3.616  1.3  12   7  90 0.11  1.43  0.00
0  ERX  ERY  ERZ Q SQD  ADJ  IN NR  AVR   AAR  NM AVXM  SDXM IT
   0.2 -0.0 -0.1 A A/A  0.22  0 12  0.00  0.09  0  0.0  0.0  99
0 F-E NR: 344 N.W. IRAN-USSR BORDER REGION    
0 STN  DIST AZM AIN PRMK HRMN  P-SEC  TPOBS  TPCAL  -TSCOR  P-RES   P-WT IMP STURES
        AMX PRX     SRMK XMAG  S-SEC  TSOBS  TSCAL  -TSCOR  S-RES   S-WT IMP STURES
  HIGH    7 203 125  P 0 2311 16.920  1.830  1.912  0.000  -0.081   1.00 0.3181 -0.099    
  KVCH    9 145 117  P 0 2311 17.340  2.250  2.310  0.000  -0.060   1.00 0.2827 -0.070    
  SRND   10 165 113  P 0 2311 17.600  2.510  2.464  0.000   0.046   1.00 0.2647  0.054    
  ZANG    9 295 118  P 0 2311 17.360  2.270  2.263  0.000   0.007   1.00 0.4542  0.010    
  FRMZ   16  30  56  P 0 2311 18.840  3.750  3.600  0.000   0.151   1.00 0.3287  0.184    
  GOLJ   19  86  56  P 0 2311 19.260  4.170  4.246  0.000  -0.075   1.00 0.2547 -0.087    
  ORNG   22 298  56  P 0 2311 19.790  4.700  4.634  0.000   0.066   1.00 0.1581  0.072    
  BLVR   25 232  56  P 0 2311 20.350  5.260  5.104  0.000   0.156   1.00 0.1554  0.170    
  VRDN   30 279  53  P 0 2311 21.030  5.940  6.028  0.000  -0.088   1.00 0.1292 -0.094    
  AZGN   31 299  53  P 0 2311 21.140  6.050  6.173  0.000  -0.123   1.00 0.1535 -0.134    
  MGSL   36 247  53  P 0 2311 22.310  7.220  7.078  0.000   0.142   1.00 0.1365  0.153    
  KRNG   41 277  53  P 0 2311 22.870  7.780  7.902  0.000  -0.122   1.00 0.1277 -0.130    
  $$$   VELEST-Version ETH-11FEB92 located at: 0915-2026 110747.9  
 
 
1 E V E N T   N R .       31                            0                    0
0 DATE  ORIGIN   TIME   LAT      LON     DEPTH  MAG  NO  DM GAP  RMS   ALE D-SPR
 120814 23:11:52.365 38.4185N 46.7510E  10.613  1.2  13   2 105 0.09  1.74  0.00
0  ERX  ERY  ERZ Q SQD  ADJ  IN NR  AVR   AAR  NM AVXM  SDXM IT
   0.2 -0.0  0.0 A A/A  0.01  0 13 -0.00  0.07  0  0.0  0.0   6
0 F-E NR: 344 N.W. IRAN-USSR BORDER REGION    
0 STN  DIST AZM AIN PRMK HRMN  P-SEC  TPOBS  TPCAL  -TSCOR  P-RES   P-WT IMP STURES
        AMX PRX     SRMK XMAG  S-SEC  TSOBS  TSCAL  -TSCOR  S-RES   S-WT IMP STURES
  ZANG    2  55 168  P 0 2311 54.710  2.345  2.444  0.000  -0.099   1.00 0.2085 -0.111    
  HIGH   11 141 129  P 0 2311 55.470  3.105  3.187  0.000  -0.082   1.00 0.1967 -0.092    
  ORNG   12 310 125  P 0 2311 55.840  3.475  3.280  0.000   0.195   1.00 0.2081  0.219    
  SRND   17 134 113  P 0 2311 56.380  4.015  3.981  0.000   0.034   1.00 0.1738  0.037    
  KVCH   18 123 112  P 0 2311 56.500  4.135  4.105  0.000   0.030   1.00 0.1671  0.033    
  BLVR   20 208 108  P 0 2311 56.880  4.515  4.375  0.000   0.140   1.00 0.1975  0.156    
  VRDN   20 277 107  P 0 2311 56.720  4.355  4.368  0.000  -0.013   1.00 0.1516 -0.014    
  NMVR   21 232 106  P 0 2311 56.910  4.545  4.546  0.000  -0.000   1.00 0.1655 -0.001    
  AZGN   21 305 106  P 0 2311 56.840  4.475  4.570  0.000  -0.095   1.00 0.2202 -0.108    
  FRMZ   21  57 107  P 0 2311 56.980  4.615  4.532  0.000   0.083   1.00 0.2992  0.099    
  MGSL   29 235  98  P 0 2311 58.070  5.705  5.754  0.000  -0.049   1.00 0.1503 -0.054    
  GOLJ   29  92  98  P 0 2311 58.130  5.765  5.834  0.000  -0.069   1.00 0.2060 -0.077    
  KRNG   31 274  96  P 0 2311 58.420  6.055  6.128  0.000  -0.073   1.00 0.1488 -0.079    
  $$$   VELEST-Version ETH-11FEB92 located at: 0915-2026 110747.9  
 
 
1 E V E N T   N R .       32                            0                    0
0 DATE  ORIGIN   TIME   LAT      LON     DEPTH  MAG  NO  DM GAP  RMS   ALE D-SPR
 120814 23:12: 1.670 38.3979N 46.6866E   3.644  1.6  13   5  87 0.09  1.41  0.00
0  ERX  ERY  ERZ Q SQD  ADJ  IN NR  AVR   AAR  NM AVXM  SDXM IT
   0.2 -0.0 -0.1 A A/A  0.00  0 13 -0.00  0.07  0  0.0  0.0   5
0 F-E NR: 344 N.W. IRAN-USSR BORDER REGION    
0 STN  DIST AZM AIN PRMK HRMN  P-SEC  TPOBS  TPCAL  -TSCOR  P-RES   P-WT IMP STURES
        AMX PRX     SRMK XMAG  S-SEC  TSOBS  TSCAL  -TSCOR  S-RES   S-WT IMP STURES
  ZANG    5 313 135  P 0 2312  3.380  1.710  1.668  0.000   0.042   1.08 0.5747  0.065    
  HIGH    7 167 127  P 0 2312  3.490  1.820  1.872  0.000  -0.051   1.08 0.3342 -0.063    
  SRND   12 146 109  P 0 2312  4.500  2.830  2.831  0.000  -0.001   1.08 0.2538 -0.001    
  KVCH   12 129 109  P 0 2312  4.550  2.880  2.878  0.000   0.002   1.08 0.2590  0.002    
  ORNG   18 304  56  P 0 2312  5.760  4.090  4.006  0.000   0.085   1.08 0.1909  0.094    
  FRMZ   18  41  56  P 0 2312  5.780  4.110  3.996  0.000   0.114   1.08 0.3936  0.147    
  BLVR   22 225  56  P 0 2312  6.370  4.700  4.580  0.000   0.120   1.08 0.1696  0.132    
  GOLJ   23  87  56  P 0 2312  6.540  4.870  4.955  0.000  -0.085   1.08 0.3100 -0.102    
  NMVR   25 244  56  P 0 2312  6.780  5.110  5.125  0.000  -0.014   1.08 0.1514 -0.016    
  VRDN   26 280  56  P 0 2312  6.900  5.230  5.338  0.000  -0.108   1.08 0.1500 -0.117    
  AZGN   27 302  53  P 0 2312  7.080  5.410  5.567  0.000  -0.156   1.08 0.1817 -0.173    
  MGSL   32 244  53  P 0 2312  8.180  6.510  6.458  0.000   0.053   1.08 0.1475  0.057    
  KRNG   37 277  53  P 4 2312  8.730  7.060  7.214  0.000  -0.153   0.00 0.0000 -0.153    
  $$$   VELEST-Version ETH-11FEB92 located at: 0915-2026 110747.9  
 
 
1 E V E N T   N R .       33                            0                    0
0 DATE  ORIGIN   TIME   LAT      LON     DEPTH  MAG  NO  DM GAP  RMS   ALE D-SPR
 120814 23:26:52.187 38.4121N 46.7913E  10.969  1.2  12   6  94 0.08  1.77  0.00
0  ERX  ERY  ERZ Q SQD  ADJ  IN NR  AVR   AAR  NM AVXM  SDXM IT
  -0.2  0.0  0.0 A A/A  0.01  0 12 -0.00  0.07  0  0.0  0.0   5
0 F-E NR: 344 N.W. IRAN-USSR BORDER REGION    
0 STN  DIST AZM AIN PRMK HRMN  P-SEC  TPOBS  TPCAL  -TSCOR  P-RES   P-WT IMP STURES
        AMX PRX     SRMK XMAG  S-SEC  TSOBS  TSCAL  -TSCOR  S-RES   S-WT IMP STURES
  ZANG    6  70 152  P 0 2326 54.800  2.613  2.689  0.000  -0.076   1.00 0.1890 -0.084    
  ORNG   11 325 132  P 0 2326 55.430  3.243  3.082  0.000   0.161   1.00 0.2391  0.185    
  HIGH   13 127 124  P 0 2326 55.560  3.373  3.483  0.000  -0.110   1.00 0.1774 -0.121    
  VRDN   17 281 115  P 0 2326 56.080  3.893  3.889  0.000   0.004   1.00 0.1958  0.004    
  NMVR   18 226 113  P 0 2326 56.270  4.083  4.099  0.000  -0.016   1.00 0.2041 -0.017    
  BLVR   18 200 113  P 0 2326 56.370  4.183  4.086  0.000   0.097   1.00 0.2253  0.110    
  AZGN   19 313 111  P 0 2326 56.320  4.133  4.245  0.000  -0.112   1.00 0.2648 -0.130    
  SRND   19 126 110  P 0 2326 56.560  4.373  4.334  0.000   0.039   1.00 0.1621  0.042    
  KVCH   21 116 109  P 0 2326 56.780  4.593  4.528  0.000   0.065   1.00 0.1560  0.071    
  FRMZ   24  60 104  P 0 2326 57.290  5.103  5.063  0.000   0.040   1.00 0.2568  0.047    
  MGSL   25 232 102  P 0 2326 57.390  5.203  5.258  0.000  -0.055   1.00 0.1839 -0.061    
  GOLJ   32  90  97  P 0 2326 58.540  6.353  6.392  0.000  -0.039   1.00 0.1844 -0.043    
  $$$   VELEST-Version ETH-11FEB92 located at: 0915-2026 110747.9  
 
 
1 E V E N T   N R .       34                            0                    0
0 DATE  ORIGIN   TIME   LAT      LON     DEPTH  MAG  NO  DM GAP  RMS   ALE D-SPR
 120814 23:33:32.284 38.3990N 46.6588E   3.813  2.1  14   7  95 0.10  1.42  0.00
0  ERX  ERY  ERZ Q SQD  ADJ  IN NR  AVR   AAR  NM AVXM  SDXM IT
   0.2 -0.0 -0.1 A A/A  0.00  0 14  0.00  0.07  0  0.0  0.0   4
0 F-E NR: 344 N.W. IRAN-USSR BORDER REGION    
0 STN  DIST AZM AIN PRMK HRMN  P-SEC  TPOBS  TPCAL  -TSCOR  P-RES   P-WT IMP STURES
        AMX PRX     SRMK XMAG  S-SEC  TSOBS  TSCAL  -TSCOR  S-RES   S-WT IMP STURES
  HIGH    7 189 128  P 0 2333 34.160  1.876  1.899  0.000  -0.024   1.17 0.3294 -0.029    
  ZANG    7 299 126  P 0 2333 34.300  2.016  1.996  0.000   0.020   1.17 0.5449  0.029    
  KVCH   10 138 115  P 0 2333 34.840  2.556  2.565  0.000  -0.009   1.17 0.2952 -0.011    
  SRND   11 157 113  P 0 2333 34.920  2.636  2.634  0.000   0.001   1.17 0.2731  0.002    
  FRMZ   16  35  56  P 0 2333 36.100  3.816  3.697  0.000   0.118   1.17 0.4186  0.155    
  ORNG   20 300  56  P 0 2333 36.720  4.436  4.332  0.000   0.103   1.17 0.2019  0.116    
  GOLJ   21  87  56  P 0 2333 36.710  4.426  4.513  0.000  -0.087   1.17 0.3371 -0.107    
  BLVR   23 229  56  P 0 2333 37.320  5.036  4.883  0.000   0.153   1.17 0.1814  0.169    
  NMVR   27 246  53  P 0 2333 37.760  5.476  5.496  0.000  -0.020   1.17 0.1626 -0.022    
  VRDN   28 279  53  P 0 2333 37.890  5.606  5.718  0.000  -0.112   1.17 0.1625 -0.122    
  AZGN   29 300  53  P 0 2333 38.020  5.736  5.881  0.000  -0.145   1.17 0.1950 -0.162    
  MGSL   35 246  53  P 0 2333 39.100  6.816  6.811  0.000   0.004   1.17 0.1628  0.005    
  HRS    35 255  53  P 4 2333 38.630  6.346  6.886  0.000  -0.540   0.00 0.0000 -0.540    
  KRNG   40 277  53  P 4 2333 39.690  7.406  7.591  0.000  -0.186   0.00 0.0000 -0.186    
  $$$   VELEST-Version ETH-11FEB92 located at: 0915-2026 110747.9  
 
 
1 E V E N T   N R .       35                            0                    0
0 DATE  ORIGIN   TIME   LAT      LON     DEPTH  MAG  NO  DM GAP  RMS   ALE D-SPR
 120814 23:34:16.092 38.3928N 46.7838E   7.841  1.2  13   6  84 0.09  1.74  0.00
0  ERX  ERY  ERZ Q SQD  ADJ  IN NR  AVR   AAR  NM AVXM  SDXM IT
  -0.2 -0.0  0.0 A A/A  0.02  0 13  0.00  0.07  0  0.0  0.0   7
0 F-E NR: 344 N.W. IRAN-USSR BORDER REGION    
0 STN  DIST AZM AIN PRMK HRMN  P-SEC  TPOBS  TPCAL  -TSCOR  P-RES   P-WT IMP STURES
        AMX PRX     SRMK XMAG  S-SEC  TSOBS  TSCAL  -TSCOR  S-RES   S-WT IMP STURES
  ZANG    6  49 141  P 0 2334 18.350  2.258  2.314  0.000  -0.056   1.00 0.2210 -0.063    
  HIGH   12 120 119  P 0 2334 18.970  2.878  2.975  0.000  -0.096   1.00 0.2228 -0.109    
  ORNG   13 328 115  P 0 2334 19.360  3.268  3.092  0.000   0.176   1.00 0.2410  0.202    
  BLVR   16 204 108  P 0 2334 19.850  3.758  3.643  0.000   0.115   1.00 0.2552  0.134    
  NMVR   17 233 106  P 0 2334 19.880  3.788  3.793  0.000  -0.005   1.00 0.2047 -0.005    
  SRND   18 121 106  P 0 2334 19.980  3.888  3.912  0.000  -0.024   1.00 0.1850 -0.026    
  VRDN   18 287 105  P 0 2334 19.980  3.888  3.896  0.000  -0.007   1.00 0.1882 -0.008    
  KVCH   19 111 104  P 0 2334 20.320  4.228  4.159  0.000   0.070   1.00 0.1712  0.076    
  AZGN   21 316 102  P 0 2334 20.390  4.298  4.420  0.000  -0.122   1.00 0.2597 -0.141    
  FRMZ   25  55  99  P 0 2334 21.240  5.148  5.071  0.000   0.077   1.00 0.2432  0.089    
  MGSL   25 237  99  P 0 2334 21.130  5.038  5.063  0.000  -0.024   1.00 0.1825 -0.027    
  KRNG   29 280  97  P 0 2334 21.740  5.648  5.706  0.000  -0.058   1.00 0.1870 -0.064    
  GOLJ   32  87  96  P 0 2334 22.320  6.228  6.276  0.000  -0.047   1.00 0.1760 -0.052    
  $$$   VELEST-Version ETH-11FEB92 located at: 0915-2026 110747.9  
 
 
1 E V E N T   N R .       36                            0                    0
0 DATE  ORIGIN   TIME   LAT      LON     DEPTH  MAG  NO  DM GAP  RMS   ALE D-SPR
 120814 23:40:46.194 38.3828N 46.6623E   7.335  1.7  12   5  80 0.18  1.69  0.00
0  ERX  ERY  ERZ Q SQD  ADJ  IN NR  AVR   AAR  NM AVXM  SDXM IT
   0.2  0.0  0.0 A A/A  0.01  0 12  0.00  0.13  0  0.0  0.0   5
0 F-E NR: 344 N.W. IRAN-USSR BORDER REGION    
0 STN  DIST AZM AIN PRMK HRMN  P-SEC  TPOBS  TPCAL  -TSCOR  P-RES   P-WT IMP STURES
        AMX PRX     SRMK XMAG  S-SEC  TSOBS  TSCAL  -TSCOR  S-RES   S-WT IMP STURES
  HIGH    5 188 147  P 0 2340 48.240  2.046  2.082  0.000  -0.036   1.00 0.3036 -0.043    
  ZANG    8 312 130  P 0 2340 48.590  2.396  2.446  0.000  -0.050   1.00 0.1952 -0.056    
  KVCH    9 129 124  P 0 2340 48.810  2.616  2.614  0.000   0.002   1.00 0.2458  0.002    
  SRND    9 150 124  P 0 2340 48.840  2.646  2.585  0.000   0.061   1.00 0.2700  0.071    
  FRMZ   18  33 102  P 0 2340 50.250  4.056  3.957  0.000   0.099   1.00 0.3153  0.120    
  GOLJ   21  82 100  P 0 2340 50.620  4.426  4.538  0.000  -0.112   1.00 0.2171 -0.127    
  ORNG   21 305  99  P 0 2340 50.770  4.576  4.393  0.000   0.182   1.00 0.2007  0.204    
  NMVR   26 249  97  P 0 2340 51.620  5.426  5.225  0.000   0.201   1.00 0.1475  0.217    
  VRDN   28 283  96  P 0 2340 51.780  5.586  5.614  0.000  -0.028   1.00 0.1578 -0.031    
  AZGN   30 303  95  P 0 2340 51.980  5.786  5.882  0.000  -0.096   1.00 0.2048 -0.108    
  MGSL   34 248  94  P 0 2340 52.950  6.756  6.532  0.000   0.223   1.00 0.1472  0.242    
  HRS    34 258  94  P 0 2340 52.400  6.206  6.651  0.000  -0.445   1.00 0.1416 -0.481    
  $$$   VELEST-Version ETH-11FEB92 located at: 0915-2026 110747.9  
 
 
1 E V E N T   N R .       37                            0                    0
0 DATE  ORIGIN   TIME   LAT      LON     DEPTH  MAG  NO  DM GAP  RMS   ALE D-SPR
 120814 23:42: 5.359 38.3911N 46.6744E   3.789  1.6  13   6  85 0.09  1.41  0.00
0  ERX  ERY  ERZ Q SQD  ADJ  IN NR  AVR   AAR  NM AVXM  SDXM IT
   0.2  0.0 -0.1 A A/A  0.00  0 13 -0.00  0.07  0  0.0  0.0   4
0 F-E NR: 344 N.W. IRAN-USSR BORDER REGION    
0 STN  DIST AZM AIN PRMK HRMN  P-SEC  TPOBS  TPCAL  -TSCOR  P-RES   P-WT IMP STURES
        AMX PRX     SRMK XMAG  S-SEC  TSOBS  TSCAL  -TSCOR  S-RES   S-WT IMP STURES
  HIGH    6 176 132  P 0 2342  7.040  1.681  1.745  0.000  -0.064   1.08 0.3482 -0.079    
  ZANG    7 312 129  P 0 2342  7.280  1.921  1.892  0.000   0.030   1.08 0.5443  0.044    
  SRND   11 148 113  P 0 2342  7.980  2.621  2.604  0.000   0.017   1.08 0.2660  0.020    
  KVCH   11 129 113  P 0 2342  8.010  2.651  2.635  0.000   0.016   1.08 0.2763  0.019    
  FRMZ   18  37  56  P 0 2342  9.440  4.081  3.964  0.000   0.118   1.08 0.3890  0.151    
  ORNG   20 304  56  P 0 2342  9.660  4.301  4.215  0.000   0.086   1.08 0.2043  0.096    
  BLVR   22 228  56  P 0 2342 10.100  4.741  4.607  0.000   0.134   1.08 0.1783  0.148    
  GOLJ   22  85  56  P 0 2342 10.020  4.661  4.764  0.000  -0.102   1.08 0.3190 -0.124    
  NMVR   25 246  56  P 0 2342 10.590  5.231  5.221  0.000   0.010   1.08 0.1635  0.011    
  VRDN   27 281  53  P 0 2342 10.780  5.421  5.524  0.000  -0.102   1.08 0.1629 -0.112    
  AZGN   29 303  53  P 0 2342 10.990  5.631  5.766  0.000  -0.135   1.08 0.1949 -0.150    
  MGSL   33 246  53  P 0 2342 11.900  6.541  6.547  0.000  -0.006   1.08 0.1603 -0.006    
  HRS    33 256  53  P 4 2342 11.420  6.061  6.632  0.000  -0.571   0.00 0.0000 -0.571    
  $$$   VELEST-Version ETH-11FEB92 located at: 0915-2026 110747.9  
 
 
1 E V E N T   N R .       38                            0                    0
0 DATE  ORIGIN   TIME   LAT      LON     DEPTH  MAG  NO  DM GAP  RMS   ALE D-SPR
 120814 23:50:17.122 38.4071N 46.7018E   3.746  2.8  15   4  90 0.17  1.44  0.00
0  ERX  ERY  ERZ Q SQD  ADJ  IN NR  AVR   AAR  NM AVXM  SDXM IT
   0.0  0.2 -0.1 A A/A  0.00  0 15  0.00  0.10  0  0.0  0.0   4
0 F-E NR: 344 N.W. IRAN-USSR BORDER REGION    
0 STN  DIST AZM AIN PRMK HRMN  P-SEC  TPOBS  TPCAL  -TSCOR  P-RES   P-WT IMP STURES
        AMX PRX     SRMK XMAG  S-SEC  TSOBS  TSCAL  -TSCOR  S-RES   S-WT IMP STURES
  ZANG    4 316 146  P 0 2350 18.540  1.418  1.463  0.000  -0.044   1.00 0.5907 -0.070    
  HIGH    8 160 122  P 0 2350 19.250  2.128  2.119  0.000   0.009   1.00 0.3055  0.011    
  SRND   13 143 107  P 0 2350 20.310  3.188  3.157  0.000   0.031   1.00 0.2330  0.036    
  KVCH   14 129 107  P 0 2350 20.340  3.218  3.218  0.000   0.000   1.00 0.2286  0.000    
  ORNG   17 304  56  P 0 2350 21.010  3.888  3.704  0.000   0.184   1.00 0.2154  0.208    
  FRMZ   18  47  56  P 0 2350 21.230  4.108  4.017  0.000   0.091   1.00 0.3543  0.113    
  BLVR   21 220  56  P 0 2350 21.920  4.798  4.543  0.000   0.255   1.00 0.1541  0.278    
  NMVR   24 240  56  P 0 2350 22.220  5.098  4.992  0.000   0.106   1.00 0.1424  0.115    
  GOLJ   25  89  56  P 0 2350 22.220  5.098  5.167  0.000  -0.069   1.00 0.2376 -0.079    
  AZGN   26 302  56  P 0 2350 22.350  5.228  5.267  0.000  -0.039   1.00 0.2112 -0.044    
  HRS    31 252  53  P 0 2350 22.960  5.838  6.338  0.000  -0.500   1.00 0.1359 -0.538    
  MGSL   32 241  53  P 0 2350 23.540  6.418  6.326  0.000   0.092   1.00 0.1378  0.100    
  KRNG   36 276  53  P 0 2350 24.070  6.948  6.962  0.000  -0.013   1.00 0.1509 -0.014    
  TBZ    52 112  53  P 0 2350 26.720  9.598  9.667  0.000  -0.069   1.00 0.1909 -0.077    
  BST    80 192  49  P 0 2350 31.390 14.268 14.303  0.000  -0.035   1.00 0.1593 -0.038    
  $$$   VELEST-Version ETH-11FEB92 located at: 0915-2026 110747.9  
 
 
1 E V E N T   N R .       39                            0                    0
0 DATE  ORIGIN   TIME   LAT      LON     DEPTH  MAG  NO  DM GAP  RMS   ALE D-SPR
 120814 23:56:13.041 38.4096N 46.7478E  10.622  1.1  12   3  81 0.08  1.75  0.00
0  ERX  ERY  ERZ Q SQD  ADJ  IN NR  AVR   AAR  NM AVXM  SDXM IT
   0.2 -0.0  0.0 A A/A  0.01  0 12  0.00  0.06  0  0.0  0.0   5
0 F-E NR: 344 N.W. IRAN-USSR BORDER REGION    
0 STN  DIST AZM AIN PRMK HRMN  P-SEC  TPOBS  TPCAL  -TSCOR  P-RES   P-WT IMP STURES
        AMX PRX     SRMK XMAG  S-SEC  TSOBS  TSCAL  -TSCOR  S-RES   S-WT IMP STURES
  ZANG    3  35 165  P 0 2356 15.450  2.409  2.464  0.000  -0.055   1.00 0.2321 -0.063    
  HIGH   10 139 132  P 0 2356 16.010  2.969  3.076  0.000  -0.107   1.00 0.2059 -0.120    
  ORNG   13 312 122  P 0 2356 16.600  3.559  3.394  0.000   0.165   1.00 0.2298  0.188    
  SRND   16 133 115  P 0 2356 16.930  3.889  3.855  0.000   0.034   1.00 0.1794  0.037    
  KVCH   17 121 114  P 0 2356 17.090  4.049  3.995  0.000   0.054   1.00 0.1740  0.059    
  BLVR   19 211 109  P 0 2356 17.420  4.379  4.268  0.000   0.111   1.00 0.2142  0.125    
  NMVR   21 234 107  P 0 2356 17.520  4.479  4.490  0.000  -0.011   1.00 0.1712 -0.012    
  VRDN   21 279 107  P 0 2356 17.480  4.439  4.431  0.000   0.008   1.00 0.1499  0.008    
  AZGN   22 307 104  P 0 2356 17.660  4.619  4.694  0.000  -0.075   1.00 0.2395 -0.086    
  MGSL   28 237  98  P 0 2356 18.680  5.639  5.705  0.000  -0.066   1.00 0.1583 -0.072    
  GOLJ   29  90  98  P 0 2356 18.820  5.779  5.788  0.000  -0.009   1.00 0.2279 -0.010    
  KRNG   32 276  96  P 0 2356 19.180  6.139  6.187  0.000  -0.048   1.00 0.1482 -0.052    
  $$$   VELEST-Version ETH-11FEB92 located at: 0915-2026 110747.9  
 
 
1 E V E N T   N R .       40                            0                    0
0 DATE  ORIGIN   TIME   LAT      LON     DEPTH  MAG  NO  DM GAP  RMS   ALE D-SPR
 120815  0:30:25.122 38.4038N 46.8377E   9.304  1.1  12  10  73 0.09  1.64  0.00
0  ERX  ERY  ERZ Q SQD  ADJ  IN NR  AVR   AAR  NM AVXM  SDXM IT
  -0.2 -0.0 -0.1 A A/A -0.11  0 12  0.00  0.07  0  0.0  0.0  99
0 F-E NR: 344 N.W. IRAN-USSR BORDER REGION    
0 STN  DIST AZM AIN PRMK HRMN  P-SEC  TPOBS  TPCAL  -TSCOR  P-RES   P-WT IMP STURES
        AMX PRX     SRMK XMAG  S-SEC  TSOBS  TSCAL  -TSCOR  S-RES   S-WT IMP STURES
  ORNG   10 348 131  P 0  030 28.100  2.978  2.819  0.000   0.158   1.00 0.2607  0.184    
  ZANG   10  73 132  P 0  030 27.920  2.798  2.905  0.000  -0.107   1.00 0.1954 -0.120    
  VRDN   13 288 121  P 0  030 28.370  3.248  3.243  0.000   0.004   1.00 0.2224  0.005    
  NMVR   15 218 118  P 0  030 28.600  3.478  3.496  0.000  -0.018   1.00 0.2233 -0.021    
  BLVR   16 187 115  P 0  030 28.910  3.788  3.717  0.000   0.071   1.00 0.2338  0.081    
  AZGN   17 325 113  P 0  030 28.920  3.798  3.865  0.000  -0.067   1.00 0.2845 -0.080    
  HIGH   16 116 115  P 0  030 28.790  3.668  3.788  0.000  -0.120   1.00 0.1713 -0.132    
  MGSL   22 227 107  P 0  030 29.700  4.578  4.637  0.000  -0.059   1.00 0.2051 -0.067    
  SRND   22 118 106  P 0  030 29.930  4.808  4.732  0.000   0.075   1.00 0.1571  0.082    
  KVCH   24 110 105  P 0  030 30.240  5.118  5.000  0.000   0.118   1.00 0.1505  0.128    
  FRMZ   28  63  72  P 0  030 30.760  5.638  5.667  0.000  -0.029   1.00 0.2247 -0.033    
  GOLJ   37  89  72  P 0  030 32.140  7.018  7.024  0.000  -0.007   1.00 0.1537 -0.007    
  $$$   VELEST-Version ETH-11FEB92 located at: 0915-2026 110747.9  
 
 
1 E V E N T   N R .       41                            0                    0
0 DATE  ORIGIN   TIME   LAT      LON     DEPTH  MAG  NO  DM GAP  RMS   ALE D-SPR
 120815  1: 4:19.923 38.4180N 46.7381E  12.126  0.9  14   2  80 0.14  1.79  0.00
0  ERX  ERY  ERZ Q SQD  ADJ  IN NR  AVR   AAR  NM AVXM  SDXM IT
   0.2 -0.0  0.0 A A/A  0.02  0 14 -0.00  0.10  0  0.0  0.0   4
0 F-E NR: 344 N.W. IRAN-USSR BORDER REGION    
0 STN  DIST AZM AIN PRMK HRMN  P-SEC  TPOBS  TPCAL  -TSCOR  P-RES   P-WT IMP STURES
        AMX PRX     SRMK XMAG  S-SEC  TSOBS  TSCAL  -TSCOR  S-RES   S-WT IMP STURES
  ZANG    2  28 173  P 0  1 4 22.460  2.537  2.662  0.000  -0.124   1.00 0.1844 -0.138    
  HIGH   11 145 136  P 0  1 4 23.100  3.177  3.266  0.000  -0.089   1.00 0.2168 -0.101    
  ORNG   13 307 128  P 0  1 4 23.650  3.727  3.540  0.000   0.187   1.00 0.2052  0.210    
  SRND   16 137 121  P 0  1 4 23.930  4.007  3.974  0.000   0.034   1.00 0.2011  0.038    
  KVCH   17 125 120  P 0  1 4 24.020  4.097  4.074  0.000   0.024   1.00 0.1907  0.026    
  BLVR   21 211 113  P 0  1 4 24.680  4.757  4.537  0.000   0.220   1.00 0.1806  0.244    
  FRMZ   20  55 114  P 0  1 4 24.480  4.557  4.481  0.000   0.076   1.00 0.3049  0.091    
  VRDN   21 277 112  P 0  1 4 24.580  4.657  4.618  0.000   0.040   1.00 0.1558  0.043    
  NMVR   22 233 111  P 0  1 4 24.760  4.837  4.753  0.000   0.085   1.00 0.1425  0.091    
  AZGN   22 304 111  P 0  1 4 24.650  4.727  4.790  0.000  -0.063   1.00 0.2531 -0.073    
  GOLJ   28  92 105  P 0  1 4 25.560  5.637  5.706  0.000  -0.069   1.00 0.2115 -0.078    
  HRS    29 247 104  P 0  1 4 25.440  5.517  5.890  0.000  -0.372   1.00 0.1300 -0.399    
  MGSL   30 236 103  P 0  1 4 25.910  5.987  5.940  0.000   0.047   1.00 0.1357  0.051    
  KRNG   33 274 101  P 0  1 4 26.270  6.347  6.342  0.000   0.005   1.00 0.1710  0.006    
  $$$   VELEST-Version ETH-11FEB92 located at: 0915-2026 110747.9  
 
 
1 E V E N T   N R .       42                            0                    0
0 DATE  ORIGIN   TIME   LAT      LON     DEPTH  MAG  NO  DM GAP  RMS   ALE D-SPR
 120815  1: 8:50.508 38.4148N 46.7609E  10.568  1.4  13   3 103 0.11  1.74  0.00
0  ERX  ERY  ERZ Q SQD  ADJ  IN NR  AVR   AAR  NM AVXM  SDXM IT
  -0.2  0.0  0.0 A A/A  0.01  0 13 -0.00  0.09  0  0.0  0.0   6
0 F-E NR: 344 N.W. IRAN-USSR BORDER REGION    
0 STN  DIST AZM AIN PRMK HRMN  P-SEC  TPOBS  TPCAL  -TSCOR  P-RES   P-WT IMP STURES
        AMX PRX     SRMK XMAG  S-SEC  TSOBS  TSCAL  -TSCOR  S-RES   S-WT IMP STURES
  ZANG    3  58 163  P 0  1 8 52.910  2.402  2.475  0.000  -0.073   1.00 0.2181 -0.082    
  HIGH   11 136 128  P 0  1 8 53.580  3.072  3.216  0.000  -0.144   1.00 0.2224 -0.163    
  ORNG   12 314 126  P 0  1 8 53.930  3.422  3.227  0.000   0.195   1.00 0.2046  0.218    
  SRND   18 131 112  P 0  1 8 54.540  4.032  4.031  0.000   0.001   1.00 0.1877  0.001    
  KVCH   18 121 111  P 0  1 8 54.710  4.202  4.179  0.000   0.023   1.00 0.1762  0.025    
  BLVR   19 207 109  P 0  1 8 54.920  4.412  4.258  0.000   0.154   1.00 0.2083  0.173    
  VRDN   19 278 108  P 0  1 8 54.710  4.202  4.244  0.000  -0.042   1.00 0.1516 -0.045    
  NMVR   20 231 107  P 0  1 8 55.000  4.492  4.402  0.000   0.090   1.00 0.1653  0.098    
  AZGN   21 308 106  P 0  1 8 54.890  4.382  4.499  0.000  -0.117   1.00 0.2390 -0.134    
  FRMZ   22  58 105  P 0  1 8 55.300  4.792  4.675  0.000   0.118   1.00 0.2914  0.140    
  MGSL   28 235  98  P 0  1 8 56.050  5.542  5.606  0.000  -0.063   1.00 0.1495 -0.069    
  KRNG   31 275  96  P 0  1 8 56.410  5.902  5.997  0.000  -0.095   1.00 0.1621 -0.104    
  GOLJ   30  91  97  P 0  1 8 56.430  5.922  5.968  0.000  -0.045   1.00 0.1989 -0.051    
  $$$   VELEST-Version ETH-11FEB92 located at: 0915-2026 110747.9  
 
 
1 E V E N T   N R .       43                            0                    0
0 DATE  ORIGIN   TIME   LAT      LON     DEPTH  MAG  NO  DM GAP  RMS   ALE D-SPR
 120815  1:10:32.476 38.4043N 46.7352E  10.603  1.9  14   3  74 0.16  1.74  0.00
0  ERX  ERY  ERZ Q SQD  ADJ  IN NR  AVR   AAR  NM AVXM  SDXM IT
   0.2 -0.0  0.0 A A/A  0.01  0 14  0.00  0.11  0  0.0  0.0   6
0 F-E NR: 344 N.W. IRAN-USSR BORDER REGION    
0 STN  DIST AZM AIN PRMK HRMN  P-SEC  TPOBS  TPCAL  -TSCOR  P-RES   P-WT IMP STURES
        AMX PRX     SRMK XMAG  S-SEC  TSOBS  TSCAL  -TSCOR  S-RES   S-WT IMP STURES
  ZANG    3   9 165  P 0  110 34.840  2.364  2.467  0.000  -0.103   1.00 0.2089 -0.115    
  HIGH    9 141 136  P 0  110 35.310  2.834  2.942  0.000  -0.108   1.00 0.2404 -0.123    
  ORNG   14 311 119  P 0  110 36.230  3.754  3.559  0.000   0.196   1.00 0.2092  0.220    
  SRND   15 134 118  P 0  110 36.180  3.704  3.682  0.000   0.023   1.00 0.2081  0.025    
  KVCH   16 121 116  P 0  110 36.310  3.834  3.814  0.000   0.021   1.00 0.1945  0.023    
  BLVR   19 214 109  P 0  110 37.000  4.524  4.282  0.000   0.242   1.00 0.1879  0.269    
  FRMZ   21  52 107  P 0  110 37.080  4.604  4.498  0.000   0.106   1.00 0.3019  0.127    
  NMVR   21 237 106  P 0  110 37.150  4.674  4.578  0.000   0.097   1.00 0.1456  0.105    
  VRDN   22 280 105  P 0  110 37.120  4.644  4.613  0.000   0.032   1.00 0.1558  0.034    
  AZGN   23 307 103  P 0  110 37.270  4.794  4.884  0.000  -0.090   1.00 0.2414 -0.103    
  GOLJ   28  89  99  P 0  110 38.010  5.534  5.615  0.000  -0.081   1.00 0.2110 -0.091    
  HRS    29 250  98  P 0  110 37.850  5.374  5.794  0.000  -0.420   1.00 0.1305 -0.450    
  MGSL   29 239  98  P 0  110 38.350  5.874  5.803  0.000   0.071   1.00 0.1365  0.076    
  KRNG   33 277  95  P 0  110 38.860  6.384  6.370  0.000   0.014   1.00 0.1625  0.015    
  $$$   VELEST-Version ETH-11FEB92 located at: 0915-2026 110747.9  
 
 
1 E V E N T   N R .       44                            0                    0
0 DATE  ORIGIN   TIME   LAT      LON     DEPTH  MAG  NO  DM GAP  RMS   ALE D-SPR
 120815  1:12:32.728 38.3944N 46.6808E   4.458  0.0  14   6  86 0.10  1.63  0.00
0  ERX  ERY  ERZ Q SQD  ADJ  IN NR  AVR   AAR  NM AVXM  SDXM IT
   0.2 -0.0 -0.0 A A/A  0.02  0 14  0.00  0.08  0  0.0  0.0   7
0 F-E NR: 344 N.W. IRAN-USSR BORDER REGION    
0 STN  DIST AZM AIN PRMK HRMN  P-SEC  TPOBS  TPCAL  -TSCOR  P-RES   P-WT IMP STURES
        AMX PRX     SRMK XMAG  S-SEC  TSOBS  TSCAL  -TSCOR  S-RES   S-WT IMP STURES
  ZANG    6 313 123  P 0  112 34.570  1.842  1.873  0.000  -0.031   1.08 0.3083 -0.038    
  HIGH    6 171 120  P 0  112 34.520  1.792  1.895  0.000  -0.104   1.08 0.3682 -0.131    
  KVCH   11 129  93  P 0  112 35.500  2.772  2.776  0.000  -0.004   1.08 0.2103 -0.004    
  SRND   11 147  93  P 0  112 35.460  2.732  2.732  0.000   0.000   1.08 0.2096  0.000    
  FRMZ   18  39  91  P 0  112 36.780  4.052  3.916  0.000   0.136   1.08 0.3707  0.171    
  ORNG   19 304  91  P 0  112 36.900  4.172  4.041  0.000   0.131   1.08 0.1917  0.146    
  BLVR   22 226  91  P 0  112 37.410  4.682  4.520  0.000   0.162   1.08 0.1846  0.179    
  GOLJ   23  86  91  P 0  112 37.460  4.732  4.797  0.000  -0.065   1.08 0.2706 -0.076    
  NMVR   25 245  91  P 0  112 37.890  5.162  5.099  0.000   0.063   1.08 0.1618  0.068    
  VRDN   27 281  74  P 0  112 38.010  5.282  5.348  0.000  -0.067   1.08 0.1555 -0.072    
  AZGN   28 303  74  P 0  112 38.180  5.452  5.583  0.000  -0.131   1.08 0.2029 -0.147    
  MGSL   33 245  74  P 0  112 39.180  6.452  6.415  0.000   0.036   1.08 0.1401  0.039    
  HRS    33 255  74  P 4  112 38.650  5.922  6.485  0.000  -0.564   0.00 0.0000 -0.564    
  KRNG   38 278  74  P 0  112 39.820  7.092  7.215  0.000  -0.124   1.08 0.1510 -0.134    
  $$$   VELEST-Version ETH-11FEB92 located at: 0915-2026 110747.9  
 
 
1 E V E N T   N R .       45                            0                    0
0 DATE  ORIGIN   TIME   LAT      LON     DEPTH  MAG  NO  DM GAP  RMS   ALE D-SPR
 120815  1:13:31.872 38.3811N 46.7652E  10.818  1.3  13   6  92 0.09  1.76  0.00
0  ERX  ERY  ERZ Q SQD  ADJ  IN NR  AVR   AAR  NM AVXM  SDXM IT
  -0.2 -0.0  0.0 A A/A  0.01  0 13 -0.00  0.07  0  0.0  0.0   7
0 F-E NR: 344 N.W. IRAN-USSR BORDER REGION    
0 STN  DIST AZM AIN PRMK HRMN  P-SEC  TPOBS  TPCAL  -TSCOR  P-RES   P-WT IMP STURES
        AMX PRX     SRMK XMAG  S-SEC  TSOBS  TSCAL  -TSCOR  S-RES   S-WT IMP STURES
  ZANG    6  30 149  P 0  113 34.530  2.658  2.710  0.000  -0.052   1.00 0.1897 -0.058    
  HIGH    9 119 136  P 0  113 34.760  2.888  3.006  0.000  -0.119   1.00 0.2186 -0.134    
  ORNG   15 326 119  P 0  113 35.640  3.768  3.600  0.000   0.168   1.00 0.1941  0.187    
  BLVR   16 212 117  P 0  113 35.740  3.868  3.770  0.000   0.098   1.00 0.2490  0.113    
  SRND   16 120 117  P 0  113 35.640  3.768  3.776  0.000  -0.008   1.00 0.1928 -0.009    
  NMVR   18 240 113  P 0  113 35.940  4.068  4.051  0.000   0.017   1.00 0.1863  0.019    
  KVCH   17 109 114  P 0  113 35.940  4.068  4.012  0.000   0.055   1.00 0.1768  0.061    
  VRDN   20 289 109  P 0  113 36.220  4.348  4.336  0.000   0.012   1.00 0.1498  0.013    
  AZGN   23 316 104  P 0  113 36.590  4.718  4.848  0.000  -0.131   1.00 0.2094 -0.147    
  FRMZ   24  51 103  P 0  113 37.050  5.178  5.069  0.000   0.109   1.00 0.2528  0.126    
  MGSL   25 241 102  P 0  113 37.120  5.248  5.252  0.000  -0.004   1.00 0.1648 -0.004    
  KRNG   31 282  97  P 0  113 37.820  5.948  6.033  0.000  -0.085   1.00 0.1501 -0.092    
  GOLJ   30  84  98  P 0  113 37.870  5.998  6.058  0.000  -0.060   1.00 0.1895 -0.067    
  $$$   VELEST-Version ETH-11FEB92 located at: 0915-2026 110747.9  
 
 
1 E V E N T   N R .       46                            0                    0
0 DATE  ORIGIN   TIME   LAT      LON     DEPTH  MAG  NO  DM GAP  RMS   ALE D-SPR
 120815  1:15:32.094 38.4209N 46.7253E  11.338  1.6  13   1  76 0.10  1.76  0.00
0  ERX  ERY  ERZ Q SQD  ADJ  IN NR  AVR   AAR  NM AVXM  SDXM IT
   0.2 -0.0  0.0 A A/A  0.01  0 13  0.00  0.08  0  0.0  0.0   6
0 F-E NR: 344 N.W. IRAN-USSR BORDER REGION    
0 STN  DIST AZM AIN PRMK HRMN  P-SEC  TPOBS  TPCAL  -TSCOR  P-RES   P-WT IMP STURES
        AMX PRX     SRMK XMAG  S-SEC  TSOBS  TSCAL  -TSCOR  S-RES   S-WT IMP STURES
  ZANG    1 338 174  P 0  115 34.540  2.446  2.530  0.000  -0.084   1.00 0.1996 -0.094    
  HIGH   10 152 135  P 0  115 35.150  3.056  3.143  0.000  -0.088   1.00 0.2133 -0.099    
  ORNG   14 303 123  P 0  115 35.840  3.746  3.561  0.000   0.184   1.00 0.1864  0.204    
  SRND   16 141 119  P 0  115 35.960  3.866  3.844  0.000   0.022   1.00 0.1919  0.024    
  KVCH   16 128 119  P 0  115 36.020  3.926  3.916  0.000   0.010   1.00 0.1839  0.011    
  FRMZ   19  54 113  P 0  115 36.480  4.386  4.270  0.000   0.115   1.00 0.3229  0.140    
  BLVR   21 213 109  P 0  115 36.870  4.776  4.621  0.000   0.154   1.00 0.1844  0.171    
  VRDN   22 275 107  P 0  115 36.820  4.726  4.737  0.000  -0.011   1.00 0.1382 -0.012    
  AZGN   23 302 107  P 0  115 36.850  4.756  4.865  0.000  -0.110   1.00 0.2081 -0.123    
  NMVR   23 234 107  P 0  115 36.990  4.896  4.877  0.000   0.019   1.00 0.1491  0.020    
  GOLJ   27  93 103  P 0  115 37.520  5.426  5.506  0.000  -0.080   1.00 0.2213 -0.091    
  MGSL   31 237 100  P 0  115 38.150  6.056  6.089  0.000  -0.033   1.00 0.1397 -0.036    
  KRNG   34 274  98  P 0  115 38.490  6.396  6.493  0.000  -0.097   1.00 0.1416 -0.105    
  $$$   VELEST-Version ETH-11FEB92 located at: 0915-2026 110747.9  
 
 
1 E V E N T   N R .       47                            0                    0
0 DATE  ORIGIN   TIME   LAT      LON     DEPTH  MAG  NO  DM GAP  RMS   ALE D-SPR
 120815  1:16:30.006 38.4072N 46.8663E  10.808  0.8  13   9  63 0.09  1.77  0.00
0  ERX  ERY  ERZ Q SQD  ADJ  IN NR  AVR   AAR  NM AVXM  SDXM IT
  -0.2 -0.0  0.0 A A/A  0.02  0 13 -0.00  0.07  0  0.0  0.0   8
0 F-E NR: 344 N.W. IRAN-USSR BORDER REGION    
0 STN  DIST AZM AIN PRMK HRMN  P-SEC  TPOBS  TPCAL  -TSCOR  P-RES   P-WT IMP STURES
        AMX PRX     SRMK XMAG  S-SEC  TSOBS  TSCAL  -TSCOR  S-RES   S-WT IMP STURES
  ORNG    9   3 136  P 0  116 33.080  3.074  2.914  0.000   0.160   1.00 0.2107  0.180    
  VRDN   11 290 131  P 0  116 33.070  3.064  3.048  0.000   0.016   1.00 0.1888  0.018    
  NMVR   14 208 122  P 0  116 33.500  3.494  3.459  0.000   0.035   1.00 0.2454  0.040    
  ZANG   12  78 127  P 0  116 33.200  3.194  3.344  0.000  -0.150   1.00 0.1615 -0.164    
  AZGN   15 332 117  P 0  116 33.640  3.634  3.714  0.000  -0.080   1.00 0.2511 -0.093    
  BLVR   16 178 116  P 0  116 33.910  3.904  3.848  0.000   0.056   1.00 0.2443  0.064    
  HIGH   19 113 111  P 0  116 34.100  4.094  4.234  0.000  -0.140   1.00 0.1512 -0.152    
  MGSL   20 221 108  P 0  116 34.390  4.384  4.462  0.000  -0.078   1.00 0.2059 -0.088    
  KRNG   22 280 106  P 0  116 34.600  4.594  4.598  0.000  -0.004   1.00 0.1909 -0.004    
  SRND   25 116 102  P 0  116 35.220  5.214  5.147  0.000   0.067   1.00 0.1410  0.072    
  KVCH   26 109 101  P 0  116 35.540  5.534  5.420  0.000   0.114   1.00 0.1368  0.123    
  FRMZ   30  66  98  P 0  116 36.030  6.024  6.009  0.000   0.015   1.00 0.2032  0.017    
  GOLJ   39  90  94  P 0  116 37.420  7.414  7.424  0.000  -0.010   1.00 0.1521 -0.011    
  $$$   VELEST-Version ETH-11FEB92 located at: 0915-2026 110747.9  
 
 
1 E V E N T   N R .       48                            0                    0
0 DATE  ORIGIN   TIME   LAT      LON     DEPTH  MAG  NO  DM GAP  RMS   ALE D-SPR
 120815  1:19: 1.392 38.4068N 46.8500E   8.223  1.3  13   9  69 0.09  1.77  0.00
0  ERX  ERY  ERZ Q SQD  ADJ  IN NR  AVR   AAR  NM AVXM  SDXM IT
  -0.2 -0.0  0.0 A A/A  0.02  0 13 -0.00  0.07  0  0.0  0.0   5
0 F-E NR: 344 N.W. IRAN-USSR BORDER REGION    
0 STN  DIST AZM AIN PRMK HRMN  P-SEC  TPOBS  TPCAL  -TSCOR  P-RES   P-WT IMP STURES
        AMX PRX     SRMK XMAG  S-SEC  TSOBS  TSCAL  -TSCOR  S-RES   S-WT IMP STURES
  ORNG    9 355 128  P 0  119  4.170  2.778  2.642  0.000   0.136   1.00 0.2317  0.155    
  ZANG   11  76 124  P 0  119  4.190  2.798  2.919  0.000  -0.122   1.00 0.1774 -0.134    
  VRDN   12 288 119  P 0  119  4.390  2.998  2.991  0.000   0.007   1.00 0.1901  0.008    
  NMVR   14 214 114  P 0  119  4.730  3.338  3.364  0.000  -0.027   1.00 0.2454 -0.031    
  AZGN   16 327 110  P 0  119  5.000  3.608  3.664  0.000  -0.056   1.00 0.2522 -0.065    
  BLVR   16 183 109  P 0  119  5.170  3.778  3.686  0.000   0.092   1.00 0.2513  0.106    
  HIGH   17 115 108  P 0  119  5.150  3.758  3.895  0.000  -0.137   1.00 0.1595 -0.149    
  MGSL   21 224 103  P 0  119  5.840  4.448  4.504  0.000  -0.056   1.00 0.2025 -0.063    
  KRNG   23 279 101  P 0  119  6.120  4.728  4.735  0.000  -0.007   1.00 0.1814 -0.008    
  SRND   24 117 101  P 0  119  6.330  4.938  4.869  0.000   0.068   1.00 0.1481  0.074    
  KVCH   25 110 100  P 0  119  6.670  5.278  5.143  0.000   0.134   1.00 0.1428  0.145    
  FRMZ   29  64  98  P 0  119  7.190  5.798  5.778  0.000   0.020   1.00 0.2031  0.022    
  GOLJ   38  89  96  P 0  119  8.570  7.178  7.231  0.000  -0.053   1.00 0.1532 -0.058    
  $$$   VELEST-Version ETH-11FEB92 located at: 0915-2026 110747.9  
 
 
1 E V E N T   N R .       49                            0                    0
0 DATE  ORIGIN   TIME   LAT      LON     DEPTH  MAG  NO  DM GAP  RMS   ALE D-SPR
 120815  1:22:56.769 38.4135N 46.7564E  12.001  1.9  14   3  97 0.17  1.79  0.00
0  ERX  ERY  ERZ Q SQD  ADJ  IN NR  AVR   AAR  NM AVXM  SDXM IT
   0.2 -0.0  0.0 A A/A  0.01  0 14 -0.00  0.12  0  0.0  0.0   6
0 F-E NR: 344 N.W. IRAN-USSR BORDER REGION    
0 STN  DIST AZM AIN PRMK HRMN  P-SEC  TPOBS  TPCAL  -TSCOR  P-RES   P-WT IMP STURES
        AMX PRX     SRMK XMAG  S-SEC  TSOBS  TSCAL  -TSCOR  S-RES   S-WT IMP STURES
  ZANG    3  51 166  P 0  122 59.310  2.541  2.684  0.000  -0.142   1.00 0.1865 -0.158    
  HIGH   11 137 134  P 0  122 59.990  3.221  3.320  0.000  -0.099   1.00 0.2134 -0.112    
  ORNG   12 313 130  P 0  122 60.370  3.601  3.416  0.000   0.186   1.00 0.2100  0.209    
  SRND   17 132 119  P 0  122 60.880  4.111  4.073  0.000   0.039   1.00 0.1949  0.043    
  KVCH   18 121 118  P 0  122 61.010  4.241  4.212  0.000   0.029   1.00 0.1834  0.032    
  BLVR   19 208 115  P 0  122 61.360  4.591  4.351  0.000   0.240   1.00 0.1937  0.267    
  VRDN   20 279 114  P 0  122 61.220  4.451  4.388  0.000   0.064   1.00 0.1601  0.069    
  NMVR   20 232 113  P 0  122 61.370  4.601  4.514  0.000   0.087   1.00 0.1518  0.095    
  AZGN   21 307 112  P 0  122 61.340  4.571  4.634  0.000  -0.063   1.00 0.2594 -0.073    
  FRMZ   22  57 111  P 0  122 61.550  4.781  4.708  0.000   0.074   1.00 0.2862  0.087    
  HRS    27 247 105  P 0  122 61.950  5.181  5.629  0.000  -0.448   1.00 0.1351 -0.481    
  MGSL   28 235 104  P 0  122 62.520  5.751  5.689  0.000   0.063   1.00 0.1420  0.068    
  GOLJ   29  91 103  P 0  122 62.650  5.881  5.946  0.000  -0.064   1.00 0.2005 -0.072    
  KRNG   31 275 102  P 0  122 62.900  6.131  6.097  0.000   0.034   1.00 0.1765  0.038    
  $$$   VELEST-Version ETH-11FEB92 located at: 0915-2026 110747.9  
 
 
1 E V E N T   N R .       50                            0                    0
0 DATE  ORIGIN   TIME   LAT      LON     DEPTH  MAG  NO  DM GAP  RMS   ALE D-SPR
 120815  1:23:40.033 38.4219N 46.6723E  13.476  3.0  15   5 107 0.16  1.88  0.00
0  ERX  ERY  ERZ Q SQD  ADJ  IN NR  AVR   AAR  NM AVXM  SDXM IT
  -0.1  0.1  0.0 A A/A  0.01  0 15  0.00  0.12  0  0.0  0.0   5
0 F-E NR: 344 N.W. IRAN-USSR BORDER REGION    
0 STN  DIST AZM AIN PRMK HRMN  P-SEC  TPOBS  TPCAL  -TSCOR  P-RES   P-WT IMP STURES
        AMX PRX     SRMK XMAG  S-SEC  TSOBS  TSCAL  -TSCOR  S-RES   S-WT IMP STURES
  ZANG    5 280 159  P 0  123 42.890  2.857  3.011  0.000  -0.154   1.00 0.1562 -0.167    
  HIGH    9 179 145  P 0  123 43.220  3.187  3.290  0.000  -0.103   1.00 0.1992 -0.115    
  KVCH   13 142 133  P 0  123 43.770  3.737  3.704  0.000   0.033   1.00 0.1994  0.037    
  SRND   14 156 132  P 0  123 43.820  3.787  3.738  0.000   0.050   1.00 0.2079  0.056    
  FRMZ   15  44 128  P 0  123 44.100  4.067  3.952  0.000   0.115   1.00 0.3391  0.141    
  ORNG   18 295 122  P 0  123 44.490  4.457  4.279  0.000   0.178   1.00 0.1847  0.197    
  GOLJ   22  93 116  P 0  123 44.920  4.887  4.931  0.000  -0.043   1.00 0.2147 -0.049    
  BLVR   24 222 112  P 0  123 45.460  5.427  5.178  0.000   0.250   1.00 0.1559  0.272    
  VRDN   27 274 109  P 0  123 45.580  5.547  5.536  0.000   0.011   1.00 0.1427  0.012    
  AZGN   27 296 109  P 0  123 45.540  5.507  5.573  0.000  -0.066   1.00 0.2265 -0.075    
  NMVR   27 240 110  P 0  123 45.710  5.677  5.578  0.000   0.099   1.00 0.1261  0.106    
  HRS    34 250 104  P 0  123 46.390  6.357  6.790  0.000  -0.433   1.00 0.1233 -0.462    
  MGSL   35 241 104  P 0  123 46.930  6.897  6.783  0.000   0.115   1.00 0.1295  0.123    
  KRNG   38 273 102  P 0  123 47.320  7.287  7.271  0.000   0.016   1.00 0.1574  0.017    
  TBZ    50 114  98  P 0  123 49.130  9.097  9.165  0.000  -0.068   1.00 0.1896 -0.076    
  $$$   VELEST-Version ETH-11FEB92 located at: 0915-2026 110747.9  
 
 
1 E V E N T   N R .       51                            0                    0
0 DATE  ORIGIN   TIME   LAT      LON     DEPTH  MAG  NO  DM GAP  RMS   ALE D-SPR
 120815  1:32:21.905 38.4142N 46.7931E   7.892  1.9  13   6  95 0.09  1.73  0.00
0  ERX  ERY  ERZ Q SQD  ADJ  IN NR  AVR   AAR  NM AVXM  SDXM IT
  -0.2  0.0  0.0 A A/A  0.02  0 13  0.00  0.07  0  0.0  0.0   5
0 F-E NR: 344 N.W. IRAN-USSR BORDER REGION    
0 STN  DIST AZM AIN PRMK HRMN  P-SEC  TPOBS  TPCAL  -TSCOR  P-RES   P-WT IMP STURES
        AMX PRX     SRMK XMAG  S-SEC  TSOBS  TSCAL  -TSCOR  S-RES   S-WT IMP STURES
  ZANG    6  72 143  P 0  132 24.080  2.175  2.273  0.000  -0.097   1.00 0.2457 -0.112    
  ORNG   10 325 123  P 0  132 24.830  2.925  2.742  0.000   0.184   1.00 0.2402  0.211    
  HIGH   14 127 114  P 0  132 25.080  3.175  3.277  0.000  -0.102   1.00 0.1821 -0.113    
  VRDN   17 280 107  P 0  132 25.580  3.675  3.682  0.000  -0.007   1.00 0.1631 -0.008    
  NMVR   18 225 105  P 0  132 25.860  3.955  3.946  0.000   0.009   1.00 0.1964  0.011    
  BLVR   18 199 105  P 0  132 25.950  4.045  3.951  0.000   0.095   1.00 0.2338  0.108    
  AZGN   19 313 104  P 0  132 25.880  3.975  4.056  0.000  -0.081   1.00 0.2543 -0.094    
  SRND   20 126 103  P 0  132 26.200  4.295  4.236  0.000   0.060   1.00 0.1517  0.065    
  KVCH   21 117 102  P 0  132 26.410  4.505  4.438  0.000   0.067   1.00 0.1414  0.072    
  FRMZ   24  61 100  P 0  132 26.940  5.035  4.980  0.000   0.055   1.00 0.2486  0.063    
  MGSL   26 231  99  P 0  132 27.050  5.145  5.186  0.000  -0.041   1.00 0.1785 -0.045    
  KRNG   28 276  98  P 0  132 27.350  5.445  5.518  0.000  -0.073   1.00 0.1697 -0.080    
  GOLJ   33  91  96  P 0  132 28.240  6.335  6.402  0.000  -0.067   1.00 0.1595 -0.073    
  $$$   VELEST-Version ETH-11FEB92 located at: 0915-2026 110747.9  
 
 
1 E V E N T   N R .       52                            0                    0
0 DATE  ORIGIN   TIME   LAT      LON     DEPTH  MAG  NO  DM GAP  RMS   ALE D-SPR
 120815  1:35:40.143 38.3951N 46.6552E   3.992  2.0  14   6  92 0.16  1.45  0.00
0  ERX  ERY  ERZ Q SQD  ADJ  IN NR  AVR   AAR  NM AVXM  SDXM IT
   0.2 -0.0 -0.1 A A/A  0.01  0 14 -0.00  0.10  0  0.0  0.0   5
0 F-E NR: 344 N.W. IRAN-USSR BORDER REGION    
0 STN  DIST AZM AIN PRMK HRMN  P-SEC  TPOBS  TPCAL  -TSCOR  P-RES   P-WT IMP STURES
        AMX PRX     SRMK XMAG  S-SEC  TSOBS  TSCAL  -TSCOR  S-RES   S-WT IMP STURES
  HIGH    6 192 130  P 0  135 41.990  1.847  1.863  0.000  -0.015   1.00 0.3148 -0.018    
  ZANG    8 301 125  P 0  135 42.240  2.097  2.100  0.000  -0.003   1.00 0.5124 -0.004    
  KVCH   10 138 117  P 0  135 42.600  2.457  2.482  0.000  -0.024   1.00 0.2477 -0.028    
  SRND   10 157 115  P 0  135 42.720  2.577  2.550  0.000   0.027   1.00 0.2472  0.031    
  FRMZ   17  34  56  P 0  135 43.950  3.807  3.708  0.000   0.099   1.00 0.3751  0.125    
  GOLJ   21  85  56  P 0  135 44.490  4.347  4.444  0.000  -0.097   1.00 0.2831 -0.114    
  ORNG   21 300  56  P 0  135 44.700  4.557  4.395  0.000   0.162   1.00 0.1673  0.178    
  BLVR   23 230  56  P 0  135 45.270  5.127  4.854  0.000   0.274   1.00 0.1656  0.300    
  NMVR   27 247  53  P 0  135 45.710  5.567  5.491  0.000   0.076   1.00 0.1358  0.082    
  VRDN   29 280  53  P 0  135 45.890  5.747  5.757  0.000  -0.010   1.00 0.1257 -0.011    
  AZGN   30 300  53  P 0  135 46.000  5.857  5.939  0.000  -0.081   1.00 0.1602 -0.089    
  MGSL   35 246  53  P 0  135 47.010  6.867  6.806  0.000   0.061   1.00 0.1365  0.066    
  HRS    35 256  53  P 0  135 46.580  6.437  6.895  0.000  -0.457   1.00 0.1259 -0.489    
  KRNG   40 277  53  P 0  135 47.760  7.617  7.628  0.000  -0.011   1.00 0.1233 -0.012    
  $$$   VELEST-Version ETH-11FEB92 located at: 0915-2026 110747.9  
 
 
1 E V E N T   N R .       53                            0                    0
0 DATE  ORIGIN   TIME   LAT      LON     DEPTH  MAG  NO  DM GAP  RMS   ALE D-SPR
 120815  1:39:55.712 38.4253N 46.7198E  11.863  3.1  15   1 113 0.14  1.77  0.00
0  ERX  ERY  ERZ Q SQD  ADJ  IN NR  AVR   AAR  NM AVXM  SDXM IT
  -0.1  0.1  0.0 A A/A  0.01  0 15  0.00  0.10  0  0.0  0.0   3
0 F-E NR: 344 N.W. IRAN-USSR BORDER REGION    
0 STN  DIST AZM AIN PRMK HRMN  P-SEC  TPOBS  TPCAL  -TSCOR  P-RES   P-WT IMP STURES
        AMX PRX     SRMK XMAG  S-SEC  TSOBS  TSCAL  -TSCOR  S-RES   S-WT IMP STURES
  ZANG    1 300 175  P 0  139 58.180  2.468  2.612  0.000  -0.144   1.00 0.2016 -0.161    
  HIGH   10 155 136  P 0  139 58.870  3.158  3.227  0.000  -0.069   1.00 0.2099 -0.077    
  ORNG   14 300 125  P 0  139 59.530  3.818  3.628  0.000   0.191   1.00 0.2057  0.214    
  SRND   16 143 121  P 0  139 59.670  3.958  3.897  0.000   0.061   1.00 0.1890  0.068    
  KVCH   16 131 121  P 0  139 59.700  3.988  3.949  0.000   0.039   1.00 0.1769  0.043    
  FRMZ   18  55 117  P 0  139 60.000  4.288  4.209  0.000   0.079   1.00 0.3151  0.095    
  BLVR   22 214 110  P 0  139 60.640  4.928  4.749  0.000   0.180   1.00 0.1742  0.198    
  VRDN   23 274 109  P 0  139 60.560  4.848  4.828  0.000   0.021   1.00 0.1514  0.022    
  AZGN   23 300 108  P 0  139 60.570  4.858  4.914  0.000  -0.056   1.00 0.2478 -0.065    
  NMVR   24 234 108  P 0  139 60.790  5.078  5.002  0.000   0.076   1.00 0.1400  0.082    
  GOLJ   26  94 106  P 0  139 61.110  5.398  5.458  0.000  -0.060   1.00 0.1918 -0.066    
  HRS    31 247 102  P 0  139 61.480  5.768  6.156  0.000  -0.388   1.00 0.1320 -0.416    
  MGSL   31 237 101  P 0  139 62.020  6.308  6.207  0.000   0.101   1.00 0.1394  0.109    
  KRNG   34 273  99  P 0  139 62.300  6.588  6.575  0.000   0.013   1.00 0.1677  0.014    
  TBZ    54 113  94  P 0  139 65.430  9.718  9.762  0.000  -0.044   1.00 0.1645 -0.048    
  $$$   VELEST-Version ETH-11FEB92 located at: 0915-2026 110747.9  
 
 
1 E V E N T   N R .       54                            0                    0
0 DATE  ORIGIN   TIME   LAT      LON     DEPTH  MAG  NO  DM GAP  RMS   ALE D-SPR
 120815  1:45:31.844 38.4270N 46.7350E  10.080  1.4  13   1 111 0.15  1.74  0.00
0  ERX  ERY  ERZ Q SQD  ADJ  IN NR  AVR   AAR  NM AVXM  SDXM IT
   0.2 -0.0  0.0 A A/A  0.02  0 13 -0.00  0.10  0  0.0  0.0   5
0 F-E NR: 344 N.W. IRAN-USSR BORDER REGION    
0 STN  DIST AZM AIN PRMK HRMN  P-SEC  TPOBS  TPCAL  -TSCOR  P-RES   P-WT IMP STURES
        AMX PRX     SRMK XMAG  S-SEC  TSOBS  TSCAL  -TSCOR  S-RES   S-WT IMP STURES
  ZANG    1  53 177  P 0  145 34.130  2.286  2.325  0.000  -0.038   1.00 0.2804 -0.045    
  HIGH   11 150 127  P 0  145 34.890  3.046  3.133  0.000  -0.087   1.00 0.2182 -0.098    
  SRND   17 140 111  P 0  145 35.770  3.926  3.912  0.000   0.014   1.00 0.1769  0.015    
  KVCH   17 128 110  P 0  145 35.840  3.996  3.990  0.000   0.007   1.00 0.1637  0.008    
  FRMZ   19  57 106  P 0  145 36.210  4.366  4.250  0.000   0.116   1.00 0.3372  0.142    
  BLVR   22 211 102  P 0  145 36.690  4.846  4.586  0.000   0.260   1.00 0.1761  0.287    
  VRDN   21 274 102  P 0  145 36.460  4.616  4.547  0.000   0.070   1.00 0.1585  0.076    
  AZGN   22 301 101  P 0  145 36.520  4.676  4.650  0.000   0.026   1.00 0.2789  0.031    
  NMVR   23 232 100  P 0  145 36.710  4.866  4.787  0.000   0.079   1.00 0.1389  0.085    
  GOLJ   28  94  96  P 0  145 37.350  5.506  5.611  0.000  -0.105   1.00 0.1885 -0.117    
  HRS    30 246  95  P 0  145 37.370  5.526  5.936  0.000  -0.409   1.00 0.1263 -0.438    
  MGSL   30 235  94  P 0  145 37.910  6.066  6.013  0.000   0.054   1.00 0.1334  0.058    
  KRNG   33 273  93  P 0  145 38.190  6.346  6.333  0.000   0.013   1.00 0.1654  0.014    
  $$$   VELEST-Version ETH-11FEB92 located at: 0915-2026 110747.9  
 
 
1 E V E N T   N R .       55                            0                    0
0 DATE  ORIGIN   TIME   LAT      LON     DEPTH  MAG  NO  DM GAP  RMS   ALE D-SPR
 120815  1:46:48.058 38.4049N 46.6739E   3.899  1.5  13   6  99 0.11  1.42  0.00
0  ERX  ERY  ERZ Q SQD  ADJ  IN NR  AVR   AAR  NM AVXM  SDXM IT
   0.2  0.0 -0.1 A A/A  0.00  0 13 -0.00  0.08  0  0.0  0.0   4
0 F-E NR: 344 N.W. IRAN-USSR BORDER REGION    
0 STN  DIST AZM AIN PRMK HRMN  P-SEC  TPOBS  TPCAL  -TSCOR  P-RES   P-WT IMP STURES
        AMX PRX     SRMK XMAG  S-SEC  TSOBS  TSCAL  -TSCOR  S-RES   S-WT IMP STURES
  ZANG    6 300 134  P 0  146 49.870  1.812  1.770  0.000   0.041   1.08 0.5131  0.059    
  HIGH    7 177 125  P 0  146 50.030  1.972  2.008  0.000  -0.036   1.08 0.2939 -0.043    
  KVCH   12 135 112  P 0  146 50.870  2.812  2.838  0.000  -0.026   1.08 0.2408 -0.030    
  SRND   12 152 110  P 0  146 50.930  2.872  2.867  0.000   0.005   1.08 0.2409  0.006    
  FRMZ   17  40  56  P 0  146 51.930  3.872  3.739  0.000   0.133   1.08 0.3942  0.170    
  ORNG   19 300  56  P 0  146 52.220  4.162  4.067  0.000   0.095   1.08 0.1960  0.106    
  GOLJ   22  89  56  P 0  146 52.700  4.642  4.728  0.000  -0.086   1.08 0.2821 -0.102    
  BLVR   23 225  56  P 0  146 52.940  4.882  4.781  0.000   0.101   1.08 0.2054  0.113    
  NMVR   26 243  56  P 0  146 53.350  5.292  5.327  0.000  -0.035   1.08 0.1761 -0.038    
  VRDN   27 278  53  P 0  146 53.380  5.322  5.472  0.000  -0.150   1.08 0.1583 -0.164    
  AZGN   28 300  53  P 0  146 53.510  5.452  5.625  0.000  -0.173   1.08 0.1913 -0.193    
  MGSL   34 244  53  P 0  146 54.840  6.782  6.647  0.000   0.135   1.08 0.1754  0.148    
  HRS    34 253  53  P 4  146 54.100  6.042  6.693  0.000  -0.651   0.00 0.0000 -0.651    
  $$$   VELEST-Version ETH-11FEB92 located at: 0915-2026 110747.9  
 
 
1 E V E N T   N R .       56                            0                    0
0 DATE  ORIGIN   TIME   LAT      LON     DEPTH  MAG  NO  DM GAP  RMS   ALE D-SPR
 120815  2: 4:37.798 38.3916N 46.6536E   3.241  1.8  13   6  89 0.10  1.44  0.00
0  ERX  ERY  ERZ Q SQD  ADJ  IN NR  AVR   AAR  NM AVXM  SDXM IT
   0.2 -0.0 -0.1 A A/A  0.07  0 13 -0.00  0.08  0  0.0  0.0  99
0 F-E NR: 344 N.W. IRAN-USSR BORDER REGION    
0 STN  DIST AZM AIN PRMK HRMN  P-SEC  TPOBS  TPCAL  -TSCOR  P-RES   P-WT IMP STURES
        AMX PRX     SRMK XMAG  S-SEC  TSOBS  TSCAL  -TSCOR  S-RES   S-WT IMP STURES
  HIGH    6 194 127  P 0  2 4 39.430  1.632  1.707  0.000  -0.075   1.00 0.3072 -0.090    
  ZANG    8 303 119  P 0  2 4 39.930  2.132  2.074  0.000   0.058   1.00 0.4407  0.078    
  KVCH    9 137 113  P 0  2 4 40.140  2.342  2.342  0.000  -0.000   1.00 0.2498 -0.000    
  SRND   10 157 111  P 0  2 4 40.220  2.422  2.409  0.000   0.014   1.00 0.2452  0.016    
  FRMZ   17  32  56  P 0  2 4 41.750  3.952  3.840  0.000   0.113   1.00 0.3645  0.141    
  GOLJ   21  84  56  P 0  2 4 42.230  4.432  4.514  0.000  -0.082   1.00 0.2767 -0.096    
  ORNG   21 301  56  P 0  2 4 42.430  4.632  4.539  0.000   0.093   1.00 0.1600  0.102    
  BLVR   23 231  56  P 0  2 4 42.880  5.082  4.918  0.000   0.164   1.00 0.1814  0.182    
  NMVR   27 248  56  P 0  2 4 43.340  5.542  5.579  0.000  -0.037   1.00 0.1504 -0.040    
  VRDN   29 281  53  P 0  2 4 43.610  5.812  5.887  0.000  -0.075   1.00 0.1299 -0.081    
  AZGN   30 301  53  P 0  2 4 43.740  5.942  6.087  0.000  -0.145   1.00 0.1556 -0.158    
  MGSL   35 247  53  P 0  2 4 44.790  6.992  6.898  0.000   0.094   1.00 0.1523  0.103    
  KRNG   40 278  53  P 0  2 4 45.430  7.632  7.755  0.000  -0.123   1.00 0.1287 -0.132    
  $$$   VELEST-Version ETH-11FEB92 located at: 0915-2026 110747.9  
 
 
1 E V E N T   N R .       57                            0                    0
0 DATE  ORIGIN   TIME   LAT      LON     DEPTH  MAG  NO  DM GAP  RMS   ALE D-SPR
 120815  2:22:39.214 38.3890N 46.7440E  10.202  1.7  13   5  86 0.13  1.73  0.00
0  ERX  ERY  ERZ Q SQD  ADJ  IN NR  AVR   AAR  NM AVXM  SDXM IT
  -0.2 -0.0  0.0 A A/A  0.01  0 13  0.00  0.10  0  0.0  0.0   5
0 F-E NR: 344 N.W. IRAN-USSR BORDER REGION    
0 STN  DIST AZM AIN PRMK HRMN  P-SEC  TPOBS  TPCAL  -TSCOR  P-RES   P-WT IMP STURES
        AMX PRX     SRMK XMAG  S-SEC  TSOBS  TSCAL  -TSCOR  S-RES   S-WT IMP STURES
  ZANG    5  15 154  P 0  222 41.650  2.436  2.508  0.000  -0.072   1.00 0.2277 -0.082    
  HIGH    8 130 137  P 0  222 41.910  2.696  2.822  0.000  -0.125   1.00 0.2372 -0.144    
  SRND   15 127 117  P 0  222 42.820  3.606  3.581  0.000   0.025   1.00 0.1912  0.028    
  ORNG   15 318 115  P 0  222 43.010  3.796  3.620  0.000   0.177   1.00 0.2194  0.200    
  KVCH   16 115 114  P 0  222 43.030  3.816  3.770  0.000   0.046   1.00 0.1707  0.051    
  BLVR   18 215 110  P 0  222 43.370  4.156  3.987  0.000   0.170   1.00 0.2100  0.191    
  NMVR   20 240 106  P 0  222 43.610  4.396  4.325  0.000   0.071   1.00 0.1573  0.078    
  VRDN   21 285 103  P 0  222 43.780  4.566  4.540  0.000   0.026   1.00 0.1606  0.029    
  FRMZ   22  49 102  P 0  222 44.050  4.836  4.740  0.000   0.097   1.00 0.2734  0.113    
  AZGN   24 311 100  P 0  222 44.050  4.836  4.944  0.000  -0.108   1.00 0.2443 -0.124    
  HRS    27 253  97  P 0  222 44.530  5.316  5.587  0.000  -0.271   1.00 0.1413 -0.292    
  MGSL   28 241  96  P 0  222 44.810  5.596  5.558  0.000   0.039   1.00 0.1516  0.042    
  GOLJ   28  85  96  P 0  222 44.880  5.666  5.742  0.000  -0.075   1.00 0.1793 -0.083    
  $$$   VELEST-Version ETH-11FEB92 located at: 0915-2026 110747.9  
 
 
1 E V E N T   N R .       58                            0                    0
0 DATE  ORIGIN   TIME   LAT      LON     DEPTH  MAG  NO  DM GAP  RMS   ALE D-SPR
 120815  2:24:22.533 38.4094N 46.8012E  11.958  1.9  13   7  89 0.12  1.82  0.00
0  ERX  ERY  ERZ Q SQD  ADJ  IN NR  AVR   AAR  NM AVXM  SDXM IT
   0.2 -0.0  0.0 A A/A  0.01  0 13 -0.00  0.09  0  0.0  0.0   8
0 F-E NR: 344 N.W. IRAN-USSR BORDER REGION    
0 STN  DIST AZM AIN PRMK HRMN  P-SEC  TPOBS  TPCAL  -TSCOR  P-RES   P-WT IMP STURES
        AMX PRX     SRMK XMAG  S-SEC  TSOBS  TSCAL  -TSCOR  S-RES   S-WT IMP STURES
  ZANG    7  70 150  P 0  224 25.300  2.767  2.897  0.000  -0.130   1.00 0.2025 -0.145    
  ORNG   10 330 136  P 0  224 25.860  3.327  3.167  0.000   0.160   1.00 0.2153  0.181    
  HIGH   14 124 126  P 0  224 26.060  3.527  3.643  0.000  -0.115   1.00 0.1872 -0.128    
  VRDN   16 282 121  P 0  224 26.460  3.927  3.852  0.000   0.076   1.00 0.1464  0.082    
  NMVR   17 225 119  P 0  224 26.640  4.107  4.048  0.000   0.060   1.00 0.1744  0.066    
  BLVR   17 197 118  P 0  224 26.760  4.227  4.073  0.000   0.154   1.00 0.2191  0.175    
  AZGN   19 316 116  P 0  224 26.700  4.167  4.248  0.000  -0.081   1.00 0.2497 -0.093    
  SRND   20 123 114  P 0  224 27.030  4.497  4.473  0.000   0.024   1.00 0.1682  0.026    
  KVCH   21 114 112  P 0  224 27.270  4.737  4.680  0.000   0.058   1.00 0.1608  0.063    
  HRS    24 244 109  P 0  224 27.300  4.767  5.057  0.000  -0.289   1.00 0.1420 -0.312    
  FRMZ   25  61 107  P 0  224 27.800  5.267  5.243  0.000   0.024   1.00 0.2704  0.028    
  MGSL   25 231 107  P 0  224 27.730  5.197  5.165  0.000   0.032   1.00 0.1593  0.035    
  KRNG   27 277 104  P 0  224 28.060  5.527  5.501  0.000   0.027   1.00 0.1661  0.029    
  $$$   VELEST-Version ETH-11FEB92 located at: 0915-2026 110747.9  
 
 
1 E V E N T   N R .       59                            0                    0
0 DATE  ORIGIN   TIME   LAT      LON     DEPTH  MAG  NO  DM GAP  RMS   ALE D-SPR
 120815  2:27:22.049 38.3991N 46.6976E   3.297  1.8  13   4  82 0.08  1.43  0.00
0  ERX  ERY  ERZ Q SQD  ADJ  IN NR  AVR   AAR  NM AVXM  SDXM IT
   0.2 -0.0 -0.1 A A/A  0.00  0 13 -0.00  0.07  0  0.0  0.0   4
0 F-E NR: 344 N.W. IRAN-USSR BORDER REGION    
0 STN  DIST AZM AIN PRMK HRMN  P-SEC  TPOBS  TPCAL  -TSCOR  P-RES   P-WT IMP STURES
        AMX PRX     SRMK XMAG  S-SEC  TSOBS  TSCAL  -TSCOR  S-RES   S-WT IMP STURES
  ZANG    4 320 137  P 0  227 23.590  1.541  1.506  0.000   0.035   1.00 0.5223  0.050    
  HIGH    7 160 123  P 0  227 23.850  1.801  1.899  0.000  -0.099   1.00 0.2968 -0.118    
  SRND   13 142 105  P 0  227 25.050  3.001  2.944  0.000   0.057   1.00 0.2209  0.064    
  KVCH   13 127 105  P 0  227 25.090  3.041  3.024  0.000   0.017   1.00 0.2115  0.019    
  ORNG   17 305  56  P 0  227 26.050  4.001  3.897  0.000   0.104   1.00 0.1796  0.115    
  FRMZ   19  44  56  P 0  227 26.270  4.221  4.133  0.000   0.088   1.00 0.3651  0.110    
  BLVR   21 223  56  P 0  227 26.700  4.651  4.523  0.000   0.128   1.00 0.1892  0.142    
  NMVR   24 243  56  P 0  227 27.050  5.001  5.028  0.000  -0.027   1.00 0.1591 -0.029    
  GOLJ   24  87  56  P 0  227 27.110  5.061  5.161  0.000  -0.100   1.00 0.2641 -0.117    
  VRDN   25 280  56  P 0  227 27.230  5.181  5.211  0.000  -0.031   1.00 0.1378 -0.033    
  AZGN   26 303  56  P 0  227 27.400  5.351  5.457  0.000  -0.107   1.00 0.1746 -0.117    
  MGSL   32 243  53  P 0  227 28.450  6.401  6.369  0.000   0.032   1.00 0.1561  0.035    
  KRNG   36 277  53  P 0  227 29.050  7.001  7.097  0.000  -0.096   1.00 0.1353 -0.103    
  $$$   VELEST-Version ETH-11FEB92 located at: 0915-2026 110747.9  
 
 
1 E V E N T   N R .       60                            0                    0
0 DATE  ORIGIN   TIME   LAT      LON     DEPTH  MAG  NO  DM GAP  RMS   ALE D-SPR
 120815  2:39:11.708 38.4037N 46.8380E   9.155  2.0  14  10  73 0.09  1.69  0.00
0  ERX  ERY  ERZ Q SQD  ADJ  IN NR  AVR   AAR  NM AVXM  SDXM IT
  -0.2 -0.0 -0.1 A A/A  0.01  0 14  0.00  0.06  0  0.0  0.0   3
0 F-E NR: 344 N.W. IRAN-USSR BORDER REGION    
0 STN  DIST AZM AIN PRMK HRMN  P-SEC  TPOBS  TPCAL  -TSCOR  P-RES   P-WT IMP STURES
        AMX PRX     SRMK XMAG  S-SEC  TSOBS  TSCAL  -TSCOR  S-RES   S-WT IMP STURES
  ORNG   10 349 130  P 0  239 14.670  2.962  2.803  0.000   0.159   1.08 0.2531  0.184    
  ZANG   10  73 131  P 0  239 14.480  2.772  2.893  0.000  -0.121   1.08 0.2052 -0.135    
  VRDN   13 288 120  P 0  239 14.950  3.242  3.226  0.000   0.016   1.08 0.2112  0.018    
  NMVR   15 218 117  P 0  239 15.180  3.472  3.480  0.000  -0.008   1.08 0.2372 -0.009    
  BLVR   16 187 114  P 0  239 15.490  3.782  3.705  0.000   0.077   1.08 0.2573  0.090    
  HIGH   16 116 114  P 0  239 15.360  3.652  3.782  0.000  -0.130   1.08 0.1769 -0.143    
  AZGN   17 325 112  P 0  239 15.480  3.772  3.854  0.000  -0.081   1.08 0.2945 -0.097    
  HRS    20 242 108  P 4  239 15.560  3.852  4.455  0.000  -0.603   0.00 0.0000 -0.603    
  MGSL   22 227 106  P 0  239 16.280  4.572  4.625  0.000  -0.053   1.08 0.2207 -0.060    
  SRND   22 118 106  P 0  239 16.490  4.782  4.730  0.000   0.052   1.08 0.1575  0.057    
  KRNG   24 280 104  P 0  239 16.640  4.932  4.945  0.000  -0.013   1.08 0.2403 -0.015    
  KVCH   24 110 104  P 0  239 16.810  5.102  4.998  0.000   0.104   1.08 0.1486  0.113    
  FRMZ   28  63 101  P 0  239 17.390  5.682  5.676  0.000   0.006   1.08 0.2057  0.007    
  GOLJ   37  89  72  P 0  239 18.740  7.032  7.037  0.000  -0.005   1.08 0.2132 -0.006    
  $$$   VELEST-Version ETH-11FEB92 located at: 0915-2026 110747.9  
 
 
1 E V E N T   N R .       61                            0                    0
0 DATE  ORIGIN   TIME   LAT      LON     DEPTH  MAG  NO  DM GAP  RMS   ALE D-SPR
 120815  2:41:53.623 38.4279N 46.7181E  10.826  1.5  13   1 115 0.10  1.75  0.00
0  ERX  ERY  ERZ Q SQD  ADJ  IN NR  AVR   AAR  NM AVXM  SDXM IT
   0.2 -0.0  0.0 A A/A  0.01  0 13  0.00  0.08  0  0.0  0.0   6
0 F-E NR: 344 N.W. IRAN-USSR BORDER REGION    
0 STN  DIST AZM AIN PRMK HRMN  P-SEC  TPOBS  TPCAL  -TSCOR  P-RES   P-WT IMP STURES
        AMX PRX     SRMK XMAG  S-SEC  TSOBS  TSCAL  -TSCOR  S-RES   S-WT IMP STURES
  ZANG    1 283 174  P 0  241 55.990  2.367  2.449  0.000  -0.081   1.00 0.2286 -0.093    
  HIGH   11 157 132  P 0  241 56.680  3.057  3.136  0.000  -0.079   1.00 0.2179 -0.089    
  ORNG   14 299 121  P 0  241 57.340  3.717  3.537  0.000   0.181   1.00 0.2165  0.204    
  SRND   16 144 116  P 0  241 57.480  3.857  3.839  0.000   0.019   1.00 0.1871  0.021    
  KVCH   16 132 116  P 0  241 57.520  3.897  3.881  0.000   0.016   1.00 0.1727  0.018    
  FRMZ   18  55 113  P 0  241 57.840  4.217  4.099  0.000   0.118   1.00 0.2791  0.139    
  BLVR   22 214 105  P 0  241 58.510  4.887  4.747  0.000   0.140   1.00 0.1798  0.155    
  VRDN   23 273 104  P 0  241 58.390  4.767  4.800  0.000  -0.033   1.00 0.1666 -0.036    
  AZGN   23 299 104  P 0  241 58.380  4.757  4.866  0.000  -0.108   1.00 0.2520 -0.125    
  NMVR   24 234 103  P 0  241 58.650  5.027  5.003  0.000   0.025   1.00 0.1525  0.027    
  GOLJ   26  94 101  P 0  241 58.930  5.307  5.399  0.000  -0.092   1.00 0.1587 -0.100    
  MGSL   32 236  97  P 0  241 59.830  6.207  6.225  0.000  -0.018   1.00 0.1536 -0.019    
  KRNG   34 272  96  P 0  241 60.110  6.487  6.575  0.000  -0.088   1.00 0.1807 -0.097    
  $$$   VELEST-Version ETH-11FEB92 located at: 0915-2026 110747.9  
 
 
1 E V E N T   N R .       62                            0                    0
0 DATE  ORIGIN   TIME   LAT      LON     DEPTH  MAG  NO  DM GAP  RMS   ALE D-SPR
 120815  2:45:44.211 38.4234N 46.7125E  10.694  1.3  12   2 112 0.08  1.74  0.00
0  ERX  ERY  ERZ Q SQD  ADJ  IN NR  AVR   AAR  NM AVXM  SDXM IT
   0.2 -0.0  0.0 A A/A  0.01  0 12  0.00  0.07  0  0.0  0.0   7
0 F-E NR: 344 N.W. IRAN-USSR BORDER REGION    
0 STN  DIST AZM AIN PRMK HRMN  P-SEC  TPOBS  TPCAL  -TSCOR  P-RES   P-WT IMP STURES
        AMX PRX     SRMK XMAG  S-SEC  TSOBS  TSCAL  -TSCOR  S-RES   S-WT IMP STURES
  ZANG    2 296 171  P 0  245 46.580  2.369  2.441  0.000  -0.072   1.00 0.2303 -0.082    
  HIGH   10 158 133  P 0  245 47.210  2.999  3.046  0.000  -0.047   1.00 0.2459 -0.054    
  ORNG   15 300 118  P 0  245 47.980  3.769  3.620  0.000   0.149   1.00 0.1926  0.166    
  KVCH   16 132 117  P 0  245 48.040  3.829  3.772  0.000   0.057   1.00 0.1855  0.063    
  SRND   15 145 117  P 0  245 47.960  3.749  3.731  0.000   0.018   1.00 0.2082  0.021    
  FRMZ   18  53 112  P 0  245 48.380  4.169  4.076  0.000   0.093   1.00 0.2929  0.111    
  VRDN   23 275 103  P 0  245 49.110  4.899  4.877  0.000   0.022   1.00 0.1454  0.024    
  AZGN   24 300 103  P 0  245 49.030  4.819  4.966  0.000  -0.147   1.00 0.2178 -0.166    
  NMVR   24 235 102  P 0  245 49.270  5.059  5.016  0.000   0.043   1.00 0.1683  0.047    
  GOLJ   26  93 101  P 0  245 49.430  5.219  5.313  0.000  -0.094   1.00 0.1609 -0.103    
  MGSL   32 238  96  P 0  245 50.470  6.259  6.245  0.000   0.014   1.00 0.1652  0.015    
  KRNG   35 273  95  P 0  245 50.830  6.619  6.655  0.000  -0.036   1.00 0.1547 -0.039    
  $$$   VELEST-Version ETH-11FEB92 located at: 0915-2026 110747.9  
 
 
1 E V E N T   N R .       63                            0                    0
0 DATE  ORIGIN   TIME   LAT      LON     DEPTH  MAG  NO  DM GAP  RMS   ALE D-SPR
 120815  2:53:43.377 38.4117N 46.7646E   9.186  1.5  12   4  99 0.10  1.67  0.00
0  ERX  ERY  ERZ Q SQD  ADJ  IN NR  AVR   AAR  NM AVXM  SDXM IT
  -0.2  0.0 -0.1 A A/A  0.01  0 12 -0.00  0.09  0  0.0  0.0   3
0 F-E NR: 344 N.W. IRAN-USSR BORDER REGION    
0 STN  DIST AZM AIN PRMK HRMN  P-SEC  TPOBS  TPCAL  -TSCOR  P-RES   P-WT IMP STURES
        AMX PRX     SRMK XMAG  S-SEC  TSOBS  TSCAL  -TSCOR  S-RES   S-WT IMP STURES
  ZANG    4  56 159  P 0  253 45.570  2.193  2.291  0.000  -0.098   1.00 0.2495 -0.113    
  ORNG   12 316 123  P 0  253 46.660  3.283  3.109  0.000   0.173   1.00 0.2427  0.199    
  HIGH   11 134 126  P 0  253 46.350  2.973  3.086  0.000  -0.113   1.00 0.2151 -0.128    
  SRND   18 130 112  P 0  253 47.370  3.993  3.962  0.000   0.031   1.00 0.1780  0.034    
  BLVR   19 206 110  P 0  253 47.670  4.293  4.127  0.000   0.165   1.00 0.2180  0.187    
  VRDN   19 279 109  P 0  253 47.470  4.093  4.144  0.000  -0.052   1.00 0.1825 -0.057    
  KVCH   19 119 111  P 0  253 47.550  4.173  4.128  0.000   0.045   1.00 0.1619  0.049    
  NMVR   20 231 109  P 0  253 47.620  4.243  4.275  0.000  -0.032   1.00 0.1820 -0.036    
  AZGN   21 309 107  P 0  253 47.720  4.343  4.445  0.000  -0.102   1.00 0.2652 -0.119    
  FRMZ   22  57 106  P 0  253 48.180  4.803  4.704  0.000   0.099   1.00 0.2359  0.113    
  MGSL   27 235 102  P 0  253 48.850  5.473  5.523  0.000  -0.051   1.00 0.1781 -0.056    
  GOLJ   30  90  72  P 0  253 49.330  5.953  6.017  0.000  -0.065   1.00 0.1791 -0.071    
  $$$   VELEST-Version ETH-11FEB92 located at: 0915-2026 110747.9  
 
 
1 E V E N T   N R .       64                            0                    0
0 DATE  ORIGIN   TIME   LAT      LON     DEPTH  MAG  NO  DM GAP  RMS   ALE D-SPR
 120815  3:41:30.740 38.4102N 46.7689E   9.524  3.6  14   4 106 0.14  1.72  0.00
0  ERX  ERY  ERZ Q SQD  ADJ  IN NR  AVR   AAR  NM AVXM  SDXM IT
  -0.1  0.1  0.0 A A/A  0.01  0 14 -0.00  0.09  0  0.0  0.0   6
0 F-E NR: 344 N.W. IRAN-USSR BORDER REGION    
0 STN  DIST AZM AIN PRMK HRMN  P-SEC  TPOBS  TPCAL  -TSCOR  P-RES   P-WT IMP STURES
        AMX PRX     SRMK XMAG  S-SEC  TSOBS  TSCAL  -TSCOR  S-RES   S-WT IMP STURES
  ZANG    4  57 156  P 0  341 33.060  2.320  2.367  0.000  -0.047   1.00 0.3026 -0.057    
  HIGH   12 132 123  P 0  341 33.800  3.060  3.139  0.000  -0.079   1.00 0.2057 -0.089    
  SRND   18 129 105  P 0  341 34.760  4.020  4.009  0.000   0.011   1.00 0.1505  0.012    
  BLVR   18 206 103  P 0  341 35.030  4.290  4.095  0.000   0.195   1.00 0.2089  0.219    
  VRDN   19 280 102  P 0  341 34.940  4.200  4.107  0.000   0.093   1.00 0.2003  0.104    
  KVCH   19 118 103  P 0  341 34.950  4.210  4.184  0.000   0.026   1.00 0.1341  0.028    
  NMVR   19 231 101  P 0  341 35.050  4.310  4.228  0.000   0.082   1.00 0.1685  0.090    
  AZGN   21 310  98  P 0  341 35.170  4.430  4.429  0.000   0.001   1.00 0.3320  0.001    
  FRMZ   23  57  94  P 0  341 35.620  4.880  4.779  0.000   0.101   1.00 0.2901  0.120    
  HRS    26 247  91  P 0  341 35.710  4.970  5.382  0.000  -0.412   1.00 0.1508 -0.447    
  MGSL   27 235  91  P 0  341 36.270  5.530  5.454  0.000   0.076   1.00 0.1553  0.082    
  KRNG   30 276  91  P 0  341 36.670  5.930  5.885  0.000   0.045   1.00 0.2005  0.050    
  GOLJ   31  90  91  P 0  341 36.750  6.010  6.065  0.000  -0.056   1.00 0.1555 -0.060    
  TBZ    58 110  90  P 0  341 40.990 10.250 10.285  0.000  -0.035   1.00 0.1232 -0.037    
  $$$   VELEST-Version ETH-11FEB92 located at: 0915-2026 110747.9  
 
 
1 E V E N T   N R .       65                            0                    0
0 DATE  ORIGIN   TIME   LAT      LON     DEPTH  MAG  NO  DM GAP  RMS   ALE D-SPR
 120815  3:44:30.491 38.4008N 46.6883E  11.746  0.0  12   5  90 0.08  1.76  0.00
0  ERX  ERY  ERZ Q SQD  ADJ  IN NR  AVR   AAR  NM AVXM  SDXM IT
   0.2 -0.0  0.0 A A/A  0.01  0 12  0.00  0.05  0  0.0  0.0   8
0 F-E NR: 344 N.W. IRAN-USSR BORDER REGION    
0 STN  DIST AZM AIN PRMK HRMN  P-SEC  TPOBS  TPCAL  -TSCOR  P-RES   P-WT IMP STURES
        AMX PRX     SRMK XMAG  S-SEC  TSOBS  TSCAL  -TSCOR  S-RES   S-WT IMP STURES
  HIGH    7 167 148  P 0  344 33.260  2.769  2.871  0.000  -0.102   1.00 0.2239 -0.116    
  ZANG    5 312 157  P 0  344 33.250  2.759  2.743  0.000   0.016   1.00 0.2053  0.018    
  SRND   12 146 130  P 0  344 33.890  3.399  3.392  0.000   0.007   1.00 0.2073  0.007    
  KVCH   12 130 130  P 0  344 33.940  3.449  3.438  0.000   0.011   1.00 0.1839  0.012    
  FRMZ   18  42 117  P 0  344 34.800  4.309  4.163  0.000   0.146   1.00 0.3055  0.175    
  BLVR   22 224 110  P 0  344 35.320  4.829  4.684  0.000   0.145   1.00 0.1841  0.160    
  GOLJ   23  87 108  P 0  344 35.420  4.929  5.029  0.000  -0.100   1.00 0.1583 -0.109    
  NMVR   25 243 106  P 0  344 35.630  5.139  5.140  0.000  -0.001   1.00 0.1551 -0.001    
  VRDN   26 280 105  P 0  344 35.780  5.289  5.288  0.000   0.001   1.00 0.1892  0.001    
  AZGN   27 302 104  P 0  344 35.910  5.419  5.483  0.000  -0.064   1.00 0.2789 -0.075    
  MGSL   32 243 100  P 0  344 36.860  6.369  6.365  0.000   0.004   1.00 0.1588  0.004    
  KRNG   37 277  98  P 0  344 37.470  6.979  7.039  0.000  -0.061   1.00 0.1976 -0.068    
  $$$   VELEST-Version ETH-11FEB92 located at: 0915-2026 110747.9  
 
 
1 E V E N T   N R .       66                            0                    0
0 DATE  ORIGIN   TIME   LAT      LON     DEPTH  MAG  NO  DM GAP  RMS   ALE D-SPR
 120815  4:27:43.411 38.3912N 46.6467E   5.263  1.8  13   6  89 0.11  1.60  0.00
0  ERX  ERY  ERZ Q SQD  ADJ  IN NR  AVR   AAR  NM AVXM  SDXM IT
   0.2 -0.0 -0.0 A A/A  0.01  0 13 -0.00  0.08  0  0.0  0.0   5
0 F-E NR: 344 N.W. IRAN-USSR BORDER REGION    
0 STN  DIST AZM AIN PRMK HRMN  P-SEC  TPOBS  TPCAL  -TSCOR  P-RES   P-WT IMP STURES
        AMX PRX     SRMK XMAG  S-SEC  TSOBS  TSCAL  -TSCOR  S-RES   S-WT IMP STURES
  HIGH    6 200 129  P 0  427 45.330  1.919  1.965  0.000  -0.045   1.00 0.3292 -0.056    
  KVCH    9 139 113  P 0  427 45.770  2.359  2.403  0.000  -0.044   1.00 0.2242 -0.050    
  SRND   10 160 110  P 0  427 45.930  2.519  2.477  0.000   0.042   1.00 0.2313  0.048    
  ZANG    8 301 116  P 0  427 45.740  2.329  2.338  0.000  -0.009   1.00 0.2793 -0.010    
  FRMZ   17  31  96  P 0  427 47.220  3.809  3.679  0.000   0.130   1.00 0.3740  0.164    
  GOLJ   20  84  74  P 0  427 47.600  4.189  4.287  0.000  -0.098   1.00 0.2331 -0.112    
  ORNG   22 300  74  P 0  427 48.040  4.629  4.495  0.000   0.134   1.00 0.1781  0.148    
  BLVR   24 232  74  P 0  427 48.470  5.059  4.842  0.000   0.217   1.00 0.1557  0.237    
  NMVR   28 248  74  P 0  427 48.850  5.439  5.493  0.000  -0.054   1.00 0.1372 -0.059    
  VRDN   30 281  74  P 0  427 49.160  5.749  5.808  0.000  -0.059   1.00 0.1396 -0.063    
  AZGN   31 300  74  P 0  427 49.320  5.909  5.998  0.000  -0.089   1.00 0.1773 -0.098    
  MGSL   35 248  74  P 0  427 50.240  6.829  6.807  0.000   0.022   1.00 0.1380  0.024    
  KRNG   41 278  74  P 0  427 50.940  7.529  7.676  0.000  -0.147   1.00 0.1364 -0.158    
  $$$   VELEST-Version ETH-11FEB92 located at: 0915-2026 110747.9  
 
 
1 E V E N T   N R .       67                            0                    0
0 DATE  ORIGIN   TIME   LAT      LON     DEPTH  MAG  NO  DM GAP  RMS   ALE D-SPR
 120815  4:29:39.363 38.4120N 46.7997E   9.206  2.9  14   6  92 0.17  1.69  0.00
0  ERX  ERY  ERZ Q SQD  ADJ  IN NR  AVR   AAR  NM AVXM  SDXM IT
  -0.2  0.0 -0.1 A A/A  0.01  0 14 -0.00  0.12  0  0.0  0.0   9
0 F-E NR: 344 N.W. IRAN-USSR BORDER REGION    
0 STN  DIST AZM AIN PRMK HRMN  P-SEC  TPOBS  TPCAL  -TSCOR  P-RES   P-WT IMP STURES
        AMX PRX     SRMK XMAG  S-SEC  TSOBS  TSCAL  -TSCOR  S-RES   S-WT IMP STURES
  ZANG    6  72 145  P 0  429 41.650  2.287  2.511  0.000  -0.224   1.00 0.2302 -0.255    
  ORNG   10 329 129  P 0  429 42.450  3.087  2.855  0.000   0.232   1.00 0.2474  0.268    
  HIGH   14 125 119  P 0  429 42.680  3.317  3.424  0.000  -0.107   1.00 0.1924 -0.119    
  VRDN   16 281 114  P 0  429 43.080  3.717  3.677  0.000   0.040   1.00 0.1740  0.044    
  NMVR   17 225 112  P 0  429 43.390  4.027  3.924  0.000   0.104   1.00 0.1789  0.114    
  BLVR   18 197 112  P 0  429 43.510  4.147  3.955  0.000   0.193   1.00 0.2174  0.218    
  AZGN   19 315 110  P 0  429 43.400  4.037  4.082  0.000  -0.045   1.00 0.2765 -0.052    
  SRND   20 124 108  P 0  429 43.790  4.427  4.349  0.000   0.078   1.00 0.1650  0.085    
  KVCH   21 115 107  P 0  429 44.010  4.647  4.561  0.000   0.086   1.00 0.1543  0.094    
  HRS    24 244 105  P 0  429 43.910  4.547  5.000  0.000  -0.453   1.00 0.1560 -0.493    
  FRMZ   25  61 104  P 0  429 44.520  5.157  5.127  0.000   0.031   1.00 0.2329  0.035    
  MGSL   25 231 104  P 0  429 44.560  5.197  5.130  0.000   0.067   1.00 0.1669  0.073    
  KRNG   27 277 102  P 0  429 44.870  5.507  5.465  0.000   0.043   1.00 0.1894  0.048    
  GOLJ   33  90  72  P 0  429 45.820  6.457  6.503  0.000  -0.045   1.00 0.2122 -0.051    
  $$$   VELEST-Version ETH-11FEB92 located at: 0915-2026 110747.9  
 
 
1 E V E N T   N R .       68                            0                    0
0 DATE  ORIGIN   TIME   LAT      LON     DEPTH  MAG  NO  DM GAP  RMS   ALE D-SPR
 120815  4:35:56.921 38.3843N 46.6868E   3.887  1.7  14   5  74 0.18  1.43  0.00
0  ERX  ERY  ERZ Q SQD  ADJ  IN NR  AVR   AAR  NM AVXM  SDXM IT
   0.2 -0.0 -0.1 A A/A  0.00  0 14  0.00  0.11  0  0.0  0.0   4
0 F-E NR: 344 N.W. IRAN-USSR BORDER REGION    
0 STN  DIST AZM AIN PRMK HRMN  P-SEC  TPOBS  TPCAL  -TSCOR  P-RES   P-WT IMP STURES
        AMX PRX     SRMK XMAG  S-SEC  TSOBS  TSCAL  -TSCOR  S-RES   S-WT IMP STURES
  HIGH    5 163 136  P 0  435 58.550  1.629  1.677  0.000  -0.048   1.08 0.3499 -0.059    
  ZANG    6 323 130  P 0  435 58.810  1.889  1.875  0.000   0.015   1.08 0.5797  0.023    
  SRND   11 141 113  P 0  435 59.570  2.649  2.617  0.000   0.033   1.08 0.2488  0.038    
  KVCH   11 123 113  P 0  435 59.640  2.719  2.727  0.000  -0.008   1.08 0.2330 -0.009    
  ORNG   19 308  56  P 0  435 61.200  4.279  4.128  0.000   0.152   1.08 0.2120  0.171    
  FRMZ   19  38  56  P 0  435 61.150  4.229  4.170  0.000   0.059   1.08 0.3861  0.075    
  BLVR   20 228  56  P 0  435 61.560  4.639  4.369  0.000   0.270   1.08 0.1834  0.299    
  NMVR   24 247  56  P 0  435 61.970  5.049  4.985  0.000   0.064   1.08 0.1535  0.070    
  GOLJ   24  83  56  P 0  435 61.790  4.869  4.954  0.000  -0.084   1.08 0.2984 -0.101    
  VRDN   26 284  56  P 0  435 62.250  5.329  5.360  0.000  -0.031   1.08 0.1553 -0.034    
  AZGN   28 305  53  P 4  435 62.260  5.339  5.673  0.000  -0.333   0.00 0.0000 -0.333    
  MGSL   32 246  53  P 0  435 63.340  6.419  6.319  0.000   0.100   1.08 0.1510  0.109    
  HRS    32 257  53  P 0  435 62.860  5.939  6.414  0.000  -0.475   1.08 0.1418 -0.513    
  KRNG   38 279  53  P 0  435 64.090  7.169  7.216  0.000  -0.046   1.08 0.1464 -0.050    
  $$$   VELEST-Version ETH-11FEB92 located at: 0915-2026 110747.9  
 
 
1 E V E N T   N R .       69                            0                    0
0 DATE  ORIGIN   TIME   LAT      LON     DEPTH  MAG  NO  DM GAP  RMS   ALE D-SPR
 120815  4:42:32.848 38.4256N 46.6979E  13.332  1.8  13  10 112 0.19  1.86  0.00
0  ERX  ERY  ERZ Q SQD  ADJ  IN NR  AVR   AAR  NM AVXM  SDXM IT
   0.2 -0.0  0.0 A A/A  0.01  0 13 -0.00  0.13  0  0.0  0.0  11
0 F-E NR: 344 N.W. IRAN-USSR BORDER REGION    
0 STN  DIST AZM AIN PRMK HRMN  P-SEC  TPOBS  TPCAL  -TSCOR  P-RES   P-WT IMP STURES
        AMX PRX     SRMK XMAG  S-SEC  TSOBS  TSCAL  -TSCOR  S-RES   S-WT IMP STURES
  HIGH   10 166 142  P 0  442 35.980  3.132  3.339  0.000  -0.207   1.00 0.1846 -0.229    
  KVCH   15 136 129  P 0  442 36.730  3.882  3.902  0.000  -0.020   1.00 0.1717 -0.022    
  SRND   15 149 128  P 0  442 36.730  3.882  3.892  0.000  -0.010   1.00 0.1790 -0.011    
  ORNG   16 297 126  P 0  442 36.980  4.132  3.978  0.000   0.154   1.00 0.1937  0.172    
  FRMZ   17  51 124  P 0  442 37.070  4.222  4.116  0.000   0.106   1.00 0.3428  0.131    
  BLVR   23 218 113  P 0  442 38.230  5.382  5.004  0.000   0.378   1.00 0.1678  0.414    
  GOLJ   24  94 112  P 0  442 38.060  5.212  5.247  0.000  -0.035   1.00 0.2080 -0.040    
  VRDN   25 274 111  P 0  442 38.020  5.172  5.193  0.000  -0.021   1.00 0.1311 -0.022    
  AZGN   25 298 111  P 0  442 37.980  5.132  5.242  0.000  -0.110   1.00 0.2047 -0.123    
  NMVR   25 237 111  P 0  442 38.230  5.382  5.319  0.000   0.063   1.00 0.1350  0.068    
  HRS    33 248 105  P 0  442 38.900  6.052  6.486  0.000  -0.434   1.00 0.1196 -0.462    
  MGSL   33 239 104  P 0  442 39.470  6.622  6.512  0.000   0.110   1.00 0.1315  0.118    
  KRNG   36 273 102  P 0  442 39.790  6.942  6.918  0.000   0.024   1.00 0.1299  0.026    
  $$$   VELEST-Version ETH-11FEB92 located at: 0915-2026 110747.9  
 
 
1 E V E N T   N R .       70                            0                    0
0 DATE  ORIGIN   TIME   LAT      LON     DEPTH  MAG  NO  DM GAP  RMS   ALE D-SPR
 120815  4:53:20.026 38.3831N 46.6866E   4.582  1.9  13   5  74 0.16  1.62  0.00
0  ERX  ERY  ERZ Q SQD  ADJ  IN NR  AVR   AAR  NM AVXM  SDXM IT
   0.2 -0.0 -0.0 A A/A  0.01  0 13 -0.00  0.11  0  0.0  0.0   5
0 F-E NR: 344 N.W. IRAN-USSR BORDER REGION    
0 STN  DIST AZM AIN PRMK HRMN  P-SEC  TPOBS  TPCAL  -TSCOR  P-RES   P-WT IMP STURES
        AMX PRX     SRMK XMAG  S-SEC  TSOBS  TSCAL  -TSCOR  S-RES   S-WT IMP STURES
  HIGH    5 163 130  P 0  453 21.730  1.704  1.752  0.000  -0.048   1.08 0.4642 -0.066    
  ZANG    6 324 120  P 0  453 21.900  1.874  1.972  0.000  -0.098   1.08 0.3135 -0.118    
  KVCH   11 122  96  P 0  453 22.790  2.764  2.723  0.000   0.041   1.08 0.2261  0.047    
  ORNG   19 308  91  P 0  453 24.270  4.244  4.097  0.000   0.147   1.08 0.1803  0.162    
  FRMZ   19  38  91  P 0  453 24.230  4.204  4.140  0.000   0.064   1.08 0.3482  0.079    
  BLVR   20 228  91  P 4  453 24.670  4.644  4.309  0.000   0.335   0.00 0.0000  0.335    
  GOLJ   24  83  91  P 0  453 24.880  4.854  4.907  0.000  -0.053   1.08 0.2430 -0.061    
  NMVR   24 247  91  P 0  453 25.150  5.124  4.932  0.000   0.192   1.08 0.1988  0.215    
  VRDN   26 284  74  P 0  453 25.350  5.324  5.304  0.000   0.020   1.08 0.1239  0.021    
  AZGN   28 305  74  P 0  453 25.600  5.574  5.622  0.000  -0.048   1.08 0.1668 -0.053    
  MGSL   32 247  74  P 0  453 26.450  6.424  6.247  0.000   0.177   1.08 0.1554  0.192    
  HRS    32 257  74  P 0  453 25.980  5.954  6.347  0.000  -0.393   1.08 0.1357 -0.422    
  KRNG   38 280  74  P 0  453 27.180  7.154  7.157  0.000  -0.003   1.08 0.1210 -0.003    
  $$$   VELEST-Version ETH-11FEB92 located at: 0915-2026 110747.9  
 
 
1 E V E N T   N R .       71                            0                    0
0 DATE  ORIGIN   TIME   LAT      LON     DEPTH  MAG  NO  DM GAP  RMS   ALE D-SPR
 120815  5: 9:26.755 38.4047N 46.7525E  10.947  1.7  13   3  79 0.18  1.75  0.00
0  ERX  ERY  ERZ Q SQD  ADJ  IN NR  AVR   AAR  NM AVXM  SDXM IT
   0.2 -0.0  0.0 A A/A  0.01  0 13 -0.00  0.13  0  0.0  0.0   5
0 F-E NR: 344 N.W. IRAN-USSR BORDER REGION    
0 STN  DIST AZM AIN PRMK HRMN  P-SEC  TPOBS  TPCAL  -TSCOR  P-RES   P-WT IMP STURES
        AMX PRX     SRMK XMAG  S-SEC  TSOBS  TSCAL  -TSCOR  S-RES   S-WT IMP STURES
  ZANG    3  35 162  P 0  5 9 29.200  2.445  2.544  0.000  -0.099   1.00 0.2172 -0.112    
  HIGH   10 135 134  P 0  5 9 29.720  2.965  3.098  0.000  -0.133   1.00 0.2066 -0.149    
  ORNG   13 315 123  P 0  5 9 30.370  3.615  3.432  0.000   0.183   1.00 0.2047  0.205    
  SRND   16 130 116  P 0  5 9 30.640  3.885  3.870  0.000   0.015   1.00 0.1865  0.016    
  BLVR   19 210 112  P 0  5 9 31.210  4.455  4.185  0.000   0.270   1.00 0.2095  0.303    
  NMVR   20 235 109  P 0  5 9 31.260  4.505  4.407  0.000   0.098   1.00 0.1613  0.107    
  VRDN   20 281 109  P 0  5 9 31.200  4.445  4.400  0.000   0.045   1.00 0.1365  0.048    
  FRMZ   22  54 107  P 0  5 9 31.560  4.805  4.694  0.000   0.111   1.00 0.2776  0.131    
  AZGN   22 309 106  P 0  5 9 31.390  4.635  4.709  0.000  -0.074   1.00 0.2068 -0.083    
  HRS    27 249 101  P 0  5 9 31.860  5.105  5.583  0.000  -0.478   1.00 0.1321 -0.513    
  MGSL   28 237 100  P 0  5 9 32.490  5.735  5.613  0.000   0.122   1.00 0.1490  0.132    
  GOLJ   29  89  99  P 0  5 9 32.560  5.805  5.861  0.000  -0.056   1.00 0.1936 -0.063    
  KRNG   31 277  97  P 0  5 9 32.890  6.135  6.138  0.000  -0.003   1.00 0.1336 -0.003    
  $$$   VELEST-Version ETH-11FEB92 located at: 0915-2026 110747.9  
 
 
1 E V E N T   N R .       72                            0                    0
0 DATE  ORIGIN   TIME   LAT      LON     DEPTH  MAG  NO  DM GAP  RMS   ALE D-SPR
 120815  5:26:26.966 38.4054N 46.7400E  11.172  2.7  13   3  75 0.15  1.76  0.00
0  ERX  ERY  ERZ Q SQD  ADJ  IN NR  AVR   AAR  NM AVXM  SDXM IT
   0.2 -0.0  0.0 A A/A  0.01  0 13 -0.00  0.10  0  0.0  0.0   6
0 F-E NR: 344 N.W. IRAN-USSR BORDER REGION    
0 STN  DIST AZM AIN PRMK HRMN  P-SEC  TPOBS  TPCAL  -TSCOR  P-RES   P-WT IMP STURES
        AMX PRX     SRMK XMAG  S-SEC  TSOBS  TSCAL  -TSCOR  S-RES   S-WT IMP STURES
  ZANG    3  18 165  P 0  526 29.480  2.514  2.553  0.000  -0.039   1.00 0.2296 -0.044    
  HIGH    9 140 137  P 0  526 29.920  2.954  3.047  0.000  -0.093   1.00 0.1840 -0.103    
  SRND   16 133 119  P 0  526 30.760  3.794  3.779  0.000   0.015   1.00 0.1652  0.017    
  KVCH   16 121 118  P 0  526 30.880  3.914  3.914  0.000  -0.000   1.00 0.1534 -0.000    
  BLVR   19 213 112  P 0  526 31.490  4.524  4.294  0.000   0.230   1.00 0.1956  0.257    
  FRMZ   21  53 109  P 0  526 31.660  4.694  4.565  0.000   0.129   1.00 0.3068  0.155    
  NMVR   21 236 109  P 0  526 31.610  4.644  4.561  0.000   0.083   1.00 0.1542  0.090    
  VRDN   21 280 108  P 0  526 31.640  4.674  4.572  0.000   0.102   1.00 0.1569  0.111    
  AZGN   23 307 106  P 0  526 31.780  4.814  4.844  0.000  -0.030   1.00 0.2470 -0.034    
  GOLJ   28  89 101  P 0  526 32.570  5.604  5.696  0.000  -0.092   1.00 0.1852 -0.102    
  HRS    28 250 101  P 0  526 32.320  5.354  5.754  0.000  -0.400   1.00 0.1327 -0.430    
  MGSL   29 238 100  P 0  526 32.780  5.814  5.771  0.000   0.043   1.00 0.1454  0.046    
  KRNG   33 277  98  P 0  526 33.330  6.364  6.313  0.000   0.051   1.00 0.1495  0.056    
  $$$   VELEST-Version ETH-11FEB92 located at: 0915-2026 110747.9  
 
 
1 E V E N T   N R .       73                            0                    0
0 DATE  ORIGIN   TIME   LAT      LON     DEPTH  MAG  NO  DM GAP  RMS   ALE D-SPR
 120815  6:13:54.422 38.4127N 46.7789E   8.511  1.9  13   5  98 0.09  1.73  0.00
0  ERX  ERY  ERZ Q SQD  ADJ  IN NR  AVR   AAR  NM AVXM  SDXM IT
  -0.2  0.0  0.0 A A/A  0.01  0 13  0.00  0.08  0  0.0  0.0   7
0 F-E NR: 344 N.W. IRAN-USSR BORDER REGION    
0 STN  DIST AZM AIN PRMK HRMN  P-SEC  TPOBS  TPCAL  -TSCOR  P-RES   P-WT IMP STURES
        AMX PRX     SRMK XMAG  S-SEC  TSOBS  TSCAL  -TSCOR  S-RES   S-WT IMP STURES
  ZANG    5  66 152  P 0  613 56.600  2.178  2.261  0.000  -0.084   1.00 0.2233 -0.095    
  ORNG   11 320 123  P 0  613 57.540  3.118  2.921  0.000   0.197   1.00 0.2349  0.225    
  HIGH   12 130 120  P 0  613 57.490  3.068  3.165  0.000  -0.098   1.00 0.1695 -0.107    
  VRDN   18 280 108  P 0  613 58.310  3.888  3.911  0.000  -0.024   1.00 0.1603 -0.026    
  BLVR   18 203 108  P 0  613 58.580  4.158  4.025  0.000   0.132   1.00 0.2321  0.151    
  SRND   19 128 107  P 0  613 58.550  4.128  4.088  0.000   0.040   1.00 0.1489  0.043    
  NMVR   19 228 107  P 0  613 58.500  4.078  4.101  0.000  -0.023   1.00 0.1991 -0.026    
  AZGN   20 311 106  P 0  613 58.560  4.138  4.249  0.000  -0.111   1.00 0.2259 -0.126    
  KVCH   20 118 106  P 0  613 58.740  4.318  4.274  0.000   0.044   1.00 0.1401  0.047    
  FRMZ   23  59 103  P 0  613 59.340  4.918  4.838  0.000   0.079   1.00 0.2562  0.092    
  MGSL   26 233 100  P 0  613 59.740  5.318  5.347  0.000  -0.030   1.00 0.1832 -0.033    
  KRNG   29 276  99  P 0  613 60.110  5.688  5.739  0.000  -0.051   1.00 0.1540 -0.055    
  GOLJ   31  91  98  P 0  613 60.560  6.138  6.210  0.000  -0.073   1.00 0.1659 -0.079    
  $$$   VELEST-Version ETH-11FEB92 located at: 0915-2026 110747.9  
 
 
1 E V E N T   N R .       74                            0                    0
0 DATE  ORIGIN   TIME   LAT      LON     DEPTH  MAG  NO  DM GAP  RMS   ALE D-SPR
 120815  6:25:10.541 38.4076N 46.7758E   9.958  2.6  13   5  95 0.09  1.73  0.00
0  ERX  ERY  ERZ Q SQD  ADJ  IN NR  AVR   AAR  NM AVXM  SDXM IT
  -0.2 -0.0  0.0 A A/A  0.01  0 13 -0.00  0.07  0  0.0  0.0   7
0 F-E NR: 344 N.W. IRAN-USSR BORDER REGION    
0 STN  DIST AZM AIN PRMK HRMN  P-SEC  TPOBS  TPCAL  -TSCOR  P-RES   P-WT IMP STURES
        AMX PRX     SRMK XMAG  S-SEC  TSOBS  TSCAL  -TSCOR  S-RES   S-WT IMP STURES
  ZANG    5  58 154  P 0  625 12.950  2.409  2.474  0.000  -0.064   1.00 0.2260 -0.073    
  ORNG   12 321 124  P 0  625 13.850  3.309  3.135  0.000   0.174   1.00 0.2292  0.198    
  HIGH   12 129 124  P 0  625 13.630  3.089  3.212  0.000  -0.123   1.00 0.1772 -0.136    
  VRDN   18 281 107  P 0  625 14.570  4.029  4.043  0.000  -0.014   1.00 0.1582 -0.015    
  BLVR   18 204 108  P 0  625 14.710  4.169  4.036  0.000   0.134   1.00 0.2323  0.152    
  SRND   18 127 108  P 0  625 14.640  4.099  4.073  0.000   0.026   1.00 0.1496  0.028    
  NMVR   19 230 106  P 0  625 14.680  4.139  4.146  0.000  -0.007   1.00 0.1959 -0.007    
  KVCH   19 117 106  P 0  625 14.840  4.299  4.262  0.000   0.037   1.00 0.1399  0.040    
  AZGN   20 312 103  P 0  625 14.820  4.279  4.401  0.000  -0.122   1.00 0.2215 -0.138    
  FRMZ   23  58  99  P 0  625 15.520  4.979  4.891  0.000   0.089   1.00 0.2584  0.103    
  MGSL   26 234  96  P 0  625 15.860  5.319  5.355  0.000  -0.036   1.00 0.1753 -0.039    
  KRNG   29 277  94  P 0  625 16.300  5.759  5.799  0.000  -0.040   1.00 0.1510 -0.043    
  GOLJ   31  90  93  P 0  625 16.650  6.109  6.163  0.000  -0.054   1.00 0.1688 -0.059    
  $$$   VELEST-Version ETH-11FEB92 located at: 0915-2026 110747.9  
 
 
1 E V E N T   N R .       75                            0                    0
0 DATE  ORIGIN   TIME   LAT      LON     DEPTH  MAG  NO  DM GAP  RMS   ALE D-SPR
 120815  6:54:27.385 38.4088N 46.6417E   3.746  2.8  12   8  95 0.11  1.44  0.00
0  ERX  ERY  ERZ Q SQD  ADJ  IN NR  AVR   AAR  NM AVXM  SDXM IT
   0.2 -0.0 -0.1 A A/A  0.15  0 12  0.00  0.08  0  0.0  0.0  99
0 F-E NR: 344 N.W. IRAN-USSR BORDER REGION    
0 STN  DIST AZM AIN PRMK HRMN  P-SEC  TPOBS  TPCAL  -TSCOR  P-RES   P-WT IMP STURES
        AMX PRX     SRMK XMAG  S-SEC  TSOBS  TSCAL  -TSCOR  S-RES   S-WT IMP STURES
  HIGH    8 198 121  P 0  654 29.460  2.075  2.134  0.000  -0.058   1.00 0.2899 -0.069    
  ZANG    8 287 122  P 0  654 29.520  2.135  2.154  0.000  -0.019   1.00 0.4865 -0.026    
  KVCH   10 148 114  P 0  654 29.910  2.525  2.555  0.000  -0.029   1.00 0.2346 -0.033    
  SRND   11 166 111  P 0  654 30.130  2.745  2.736  0.000   0.009   1.00 0.2391  0.011    
  FRMZ   15  33  56  P 0  654 30.920  3.535  3.405  0.000   0.131   1.00 0.3432  0.161    
  GOLJ   19  90  56  P 0  654 31.560  4.175  4.257  0.000  -0.082   1.00 0.2408 -0.094    
  ORNG   21 295  56  P 0  654 31.980  4.595  4.482  0.000   0.113   1.00 0.1575  0.124    
  BLVR   25 229  56  P 0  654 32.800  5.415  5.209  0.000   0.206   1.00 0.1869  0.229    
  NMVR   29 245  53  P 0  654 33.240  5.855  5.805  0.000   0.051   1.00 0.1551  0.055    
  VRDN   30 277  53  P 0  654 33.210  5.825  5.947  0.000  -0.121   1.00 0.1304 -0.130    
  AZGN   30 297  53  P 0  654 33.280  5.895  6.023  0.000  -0.127   1.00 0.1548 -0.139    
  KRNG   41 275  53  P 0  654 35.150  7.765  7.829  0.000  -0.063   1.00 0.1298 -0.068    
  $$$   VELEST-Version ETH-11FEB92 located at: 0915-2026 110747.9  
 
 
1 E V E N T   N R .       76                            0                    0
0 DATE  ORIGIN   TIME   LAT      LON     DEPTH  MAG  NO  DM GAP  RMS   ALE D-SPR
 120815  7:12:14.074 38.3922N 46.6395E   4.417  2.5  12   9  88 0.09  1.72  0.00
0  ERX  ERY  ERZ Q SQD  ADJ  IN NR  AVR   AAR  NM AVXM  SDXM IT
   0.2 -0.0 -0.0 A A/A  0.00  0 12 -0.00  0.08  0  0.0  0.0   5
0 F-E NR: 344 N.W. IRAN-USSR BORDER REGION    
0 STN  DIST AZM AIN PRMK HRMN  P-SEC  TPOBS  TPCAL  -TSCOR  P-RES   P-WT IMP STURES
        AMX PRX     SRMK XMAG  S-SEC  TSOBS  TSCAL  -TSCOR  S-RES   S-WT IMP STURES
  KVCH    9 143  99  P 0  712 16.330  2.256  2.308  0.000  -0.052   1.09 0.2890 -0.062    
  SRND    9 164  95  P 0  712 16.520  2.446  2.429  0.000   0.018   1.09 0.3192  0.021    
  ZANG    9 298  98  P 0  712 16.360  2.286  2.373  0.000  -0.086   1.09 0.2300 -0.098    
  FRMZ   16  29  91  P 0  712 17.780  3.706  3.598  0.000   0.108   1.09 0.3761  0.137    
  GOLJ   19  84  91  P 0  712 18.200  4.126  4.177  0.000  -0.050   1.09 0.2351 -0.058    
  ORNG   22 299  91  P 0  712 18.790  4.716  4.596  0.000   0.121   1.09 0.1877  0.134    
  BLVR   24 233  90  P 4  712 19.300  5.226  4.970  0.000   0.256   0.00 0.0000  0.256    
  NMVR   28 249  74  P 0  712 19.810  5.736  5.639  0.000   0.097   1.09 0.1564  0.106    
  VRDN   30 280  74  P 0  712 19.970  5.896  5.949  0.000  -0.052   1.09 0.1258 -0.056    
  AZGN   31 299  74  P 0  712 20.090  6.016  6.121  0.000  -0.105   1.09 0.1546 -0.114    
  MGSL   36 248  74  P 0  712 21.110  7.036  6.953  0.000   0.084   1.09 0.1582  0.091    
  KRNG   41 277  74  P 0  712 21.810  7.736  7.819  0.000  -0.082   1.09 0.1250 -0.088    
  $$$   VELEST-Version ETH-11FEB92 located at: 0915-2026 110747.9  
 
 
1 E V E N T   N R .       77                            0                    0
0 DATE  ORIGIN   TIME   LAT      LON     DEPTH  MAG  NO  DM GAP  RMS   ALE D-SPR
 120815  9: 3:23.617 38.3945N 46.7978E   9.199  1.6  12  12  84 0.10  1.70  0.00
0  ERX  ERY  ERZ Q SQD  ADJ  IN NR  AVR   AAR  NM AVXM  SDXM IT
  -0.2 -0.0 -0.1 A A/A  0.15  0 12  0.00  0.07  0  0.0  0.0  99
0 F-E NR: 344 N.W. IRAN-USSR BORDER REGION    
0 STN  DIST AZM AIN PRMK HRMN  P-SEC  TPOBS  TPCAL  -TSCOR  P-RES   P-WT IMP STURES
        AMX PRX     SRMK XMAG  S-SEC  TSOBS  TSCAL  -TSCOR  S-RES   S-WT IMP STURES
  ORNG   12 333 124  P 0  9 3 26.840  3.223  3.093  0.000   0.130   1.00 0.2569  0.151    
  HIGH   13 118 122  P 0  9 3 26.670  3.053  3.256  0.000  -0.203   1.00 0.1805 -0.225    
  BLVR   16 200 115  P 0  9 3 27.440  3.823  3.681  0.000   0.143   1.00 0.2513  0.165    
  NMVR   16 230 114  P 0  9 3 27.360  3.743  3.740  0.000   0.003   1.00 0.2117  0.004    
  VRDN   17 288 113  P 0  9 3 27.380  3.763  3.775  0.000  -0.012   1.00 0.1744 -0.014    
  SRND   19 120 110  P 0  9 3 27.790  4.173  4.164  0.000   0.009   1.00 0.1549  0.009    
  KVCH   20 111 108  P 0  9 3 28.090  4.473  4.416  0.000   0.057   1.00 0.1453  0.062    
  AZGN   20 319 108  P 0  9 3 27.830  4.213  4.323  0.000  -0.109   1.00 0.2371 -0.125    
  MGSL   24 235 105  P 0  9 3 28.540  4.923  4.961  0.000  -0.038   1.00 0.1929 -0.042    
  FRMZ   26  57 103  P 0  9 3 28.960  5.343  5.265  0.000   0.079   1.00 0.2272  0.089    
  KRNG   28 280 102  P 0  9 3 29.120  5.503  5.538  0.000  -0.035   1.00 0.1626 -0.039    
  GOLJ   33  87  72  P 0  9 3 30.090  6.473  6.484  0.000  -0.011   1.00 0.1819 -0.012    
  $$$   VELEST-Version ETH-11FEB92 located at: 0915-2026 110747.9  
 
 
1 E V E N T   N R .       78                            0                    0
0 DATE  ORIGIN   TIME   LAT      LON     DEPTH  MAG  NO  DM GAP  RMS   ALE D-SPR
 120815  9: 3:48.361 38.3802N 46.6689E   3.560  2.6  13   4  86 0.11  1.44  0.00
0  ERX  ERY  ERZ Q SQD  ADJ  IN NR  AVR   AAR  NM AVXM  SDXM IT
   0.2 -0.0 -0.1 A A/A  0.01  0 13 -0.00  0.08  0  0.0  0.0   5
0 F-E NR: 344 N.W. IRAN-USSR BORDER REGION    
0 STN  DIST AZM AIN PRMK HRMN  P-SEC  TPOBS  TPCAL  -TSCOR  P-RES   P-WT IMP STURES
        AMX PRX     SRMK XMAG  S-SEC  TSOBS  TSCAL  -TSCOR  S-RES   S-WT IMP STURES
  HIGH    4 181 138  P 0  9 3 49.870  1.509  1.531  0.000  -0.022   1.08 0.4700 -0.030    
  SRND    9 146 115  P 0  9 3 50.710  2.349  2.341  0.000   0.008   1.08 0.2597  0.009    
  KVCH   10 126 115  P 0  9 3 50.770  2.409  2.403  0.000   0.006   1.08 0.2618  0.007    
  HMLO   16  48  56  P 4  9 3102.820 54.459  3.749  0.000  -9.290   0.00 0.0000 -9.290    
  FRMZ   19  34  56  P 0  9 3 52.600  4.239  4.113  0.000   0.126   1.08 0.3818  0.160    
  BLVR   21 231  56  P 0  9 3 53.080  4.719  4.562  0.000   0.157   1.08 0.2039  0.176    
  ORNG   21 306  56  P 0  9 3 52.970  4.609  4.430  0.000   0.179   1.08 0.2154  0.202    
  GOLJ   22  81  56  P 0  9 3 53.010  4.649  4.734  0.000  -0.085   1.08 0.3076 -0.102    
  NMVR   25 249  56  P 0  9 3 53.590  5.229  5.246  0.000  -0.016   1.08 0.1522 -0.018    
  VRDN   28 284  53  P 0  9 3 53.980  5.619  5.674  0.000  -0.055   1.08 0.1386 -0.059    
  AZGN   30 304  53  P 0  9 3 54.230  5.869  5.971  0.000  -0.102   1.08 0.1895 -0.114    
  MGSL   33 248  53  P 0  9 3 54.920  6.559  6.571  0.000  -0.012   1.08 0.1539 -0.013    
  KRNG   39 280  53  P 0  9 3 55.740  7.379  7.526  0.000  -0.147   1.08 0.1333 -0.158    
  $$$   VELEST-Version ETH-11FEB92 located at: 0915-2026 110747.9  
 
 
1 E V E N T   N R .       79                            0                    0
0 DATE  ORIGIN   TIME   LAT      LON     DEPTH  MAG  NO  DM GAP  RMS   ALE D-SPR
 120815  9:11:16.447 38.4019N 46.7099E   8.087  1.7  14   4  75 0.19  1.64  0.00
0  ERX  ERY  ERZ Q SQD  ADJ  IN NR  AVR   AAR  NM AVXM  SDXM IT
   0.0  0.2 -0.1 A A/A  0.01  0 14 -0.00  0.13  0  0.0  0.0   4
0 F-E NR: 344 N.W. IRAN-USSR BORDER REGION    
0 STN  DIST AZM AIN PRMK HRMN  P-SEC  TPOBS  TPCAL  -TSCOR  P-RES   P-WT IMP STURES
        AMX PRX     SRMK XMAG  S-SEC  TSOBS  TSCAL  -TSCOR  S-RES   S-WT IMP STURES
  ZANG    4 331 157  P 0  911 18.660  2.213  2.117  0.000   0.096   1.00 0.2791  0.113    
  HIGH    8 153 135  P 0  911 18.710  2.263  2.487  0.000  -0.224   1.00 0.2541 -0.259    
  SRND   13 139 115  P 0  911 19.680  3.233  3.250  0.000  -0.017   1.00 0.1962 -0.019    
  KVCH   14 125 114  P 0  911 19.760  3.313  3.346  0.000  -0.032   1.00 0.1781 -0.036    
  FRMZ   19  47 105  P 0  911 20.720  4.273  4.155  0.000   0.119   1.00 0.3316  0.145    
  BLVR   21 220 103  P 0  911 21.160  4.713  4.349  0.000   0.364   1.00 0.1653  0.399    
  NMVR   23 241 101  P 0  911 21.390  4.943  4.770  0.000   0.173   1.00 0.1470  0.188    
  GOLJ   25  88 100  P 0  911 21.620  5.173  5.210  0.000  -0.037   1.00 0.1792 -0.040    
  AZGN   25 304 100  P 0  911 21.520  5.073  5.131  0.000  -0.057   1.00 0.3215 -0.069    
  HRS    31 252  97  P 0  911 22.070  5.623  6.089  0.000  -0.466   1.00 0.1522 -0.506    
  MGSL   31 242  97  P 0  911 22.660  6.213  6.069  0.000   0.145   1.00 0.1462  0.157    
  KRNG   35 277  96  P 0  911 23.140  6.693  6.742  0.000  -0.048   1.00 0.2125 -0.055    
  TBZ    52 111  72  P 0  911 26.020  9.573  9.534  0.000   0.039   1.00 0.1667  0.043    
  BST    79 191  72  P 0  911 30.290 13.843 13.899  0.000  -0.055   1.00 0.1721 -0.061    
  $$$   VELEST-Version ETH-11FEB92 located at: 0915-2026 110747.9  
 
 
1 E V E N T   N R .       80                            0                    0
0 DATE  ORIGIN   TIME   LAT      LON     DEPTH  MAG  NO  DM GAP  RMS   ALE D-SPR
 120815  9:25:49.082 38.4039N 46.7970E   9.522  2.2  15   7  88 0.09  1.71  0.00
0  ERX  ERY  ERZ Q SQD  ADJ  IN NR  AVR   AAR  NM AVXM  SDXM IT
  -0.2  0.0  0.0 A A/A  0.00  0 15 -0.00  0.07  0  0.0  0.0   7
0 F-E NR: 344 N.W. IRAN-USSR BORDER REGION    
0 STN  DIST AZM AIN PRMK HRMN  P-SEC  TPOBS  TPCAL  -TSCOR  P-RES   P-WT IMP STURES
        AMX PRX     SRMK XMAG  S-SEC  TSOBS  TSCAL  -TSCOR  S-RES   S-WT IMP STURES
  ZANG    7  64 144  P 0  925 51.660  2.578  2.565  0.000   0.013   1.15 0.2807  0.015    
  ORNG   11 330 124  P 0  925 52.210  3.128  3.003  0.000   0.125   1.15 0.2620  0.145    
  HIGH   13 123 118  P 0  925 52.250  3.168  3.350  0.000  -0.182   1.15 0.2175 -0.206    
  VRDN   16 284 107  P 0  925 52.830  3.748  3.761  0.000  -0.014   1.15 0.1959 -0.015    
  BLVR   17 199 107  P 0  925 53.040  3.958  3.853  0.000   0.104   1.15 0.2648  0.122    
  NMVR   17 227 107  P 0  925 52.920  3.838  3.872  0.000  -0.035   1.15 0.2279 -0.039    
  AZGN   19 316 101  P 0  925 53.200  4.118  4.223  0.000  -0.106   1.15 0.2882 -0.125    
  SRND   19 123 101  P 0  925 53.350  4.268  4.255  0.000   0.013   1.15 0.1703  0.014    
  KVCH   21 113  98  P 0  925 53.600  4.518  4.481  0.000   0.037   1.15 0.1621  0.040    
  MGSL   25 233  92  P 0  925 54.160  5.078  5.075  0.000   0.003   1.15 0.2056  0.003    
  HMLO   25  70  92  P 4  925104.900 55.818  5.144  0.000  -9.327   0.00 0.0000 -9.327    
  FRMZ   25  59  92  P 0  925 54.310  5.228  5.168  0.000   0.060   1.15 0.2965  0.071    
  KRNG   28 278  91  P 0  925 54.580  5.498  5.513  0.000  -0.015   1.15 0.2193 -0.017    
  GOLJ   33  89  91  P 4  925106.190 57.108  6.456  0.000  -9.348   0.00 0.0000 -9.348    
  TBZ    60 108  90  P 0  925 59.770 10.688 10.617  0.000   0.071   1.15 0.1641  0.077    
  $$$   VELEST-Version ETH-11FEB92 located at: 0915-2026 110747.9  
 
 
1 E V E N T   N R .       81                            0                    0
0 DATE  ORIGIN   TIME   LAT      LON     DEPTH  MAG  NO  DM GAP  RMS   ALE D-SPR
 120815 10: 0:34.872 38.4226N 46.7966E  12.636  2.6  17   2  71 0.10  2.06  0.00
0  ERX  ERY  ERZ Q SQD  ADJ  IN NR  AVR   AAR  NM AVXM  SDXM IT
   0.0  0.2  0.0 A A/A  0.00  0 17 -0.00  0.08  0  0.0  0.0   7
0 F-E NR: 344 N.W. IRAN-USSR BORDER REGION    
0 STN  DIST AZM AIN PRMK HRMN  P-SEC  TPOBS  TPCAL  -TSCOR  P-RES   P-WT IMP STURES
        AMX PRX     SRMK XMAG  S-SEC  TSOBS  TSCAL  -TSCOR  S-RES   S-WT IMP STURES
  GZCH    2 351 171  P 0 10 0 37.510  2.638  2.715  0.000  -0.078   1.06 0.2627 -0.091    
  ZANG    6  82 154  P 0 10 0 37.670  2.798  2.937  0.000  -0.139   1.06 0.2352 -0.159    
  ORNG    9 323 141  P 0 10 0 38.140  3.268  3.142  0.000   0.126   1.06 0.2222  0.143    
  HIGH   14 130 127  P 0 10 0 38.580  3.708  3.778  0.000  -0.070   1.06 0.1682 -0.077    
  VRDN   16 277 123  P 0 10 0 38.840  3.968  3.929  0.000   0.039   1.06 0.1797  0.043    
  AZGN   18 312 119  P 0 10 0 39.000  4.128  4.196  0.000  -0.068   1.06 0.2836 -0.081    
  NMVR   19 223 118  P 0 10 0 39.180  4.308  4.286  0.000   0.022   1.06 0.1841  0.025    
  BLVR   19 197 118  P 0 10 0 39.370  4.498  4.337  0.000   0.161   1.06 0.2031  0.180    
  SRND   21 127 115  P 0 10 0 39.540  4.668  4.593  0.000   0.074   1.06 0.1497  0.081    
  KVCH   22 118 114  P 0 10 0 39.770  4.898  4.765  0.000   0.133   1.06 0.1469  0.144    
  FRMZ   24  63 110  P 0 10 0 40.070  5.198  5.121  0.000   0.077   1.06 0.2910  0.091    
  HMLO   24  75 110  P 4 10 0 83.310 48.438  5.157  0.000 -16.719   0.00 0.0000-16.719    
  MGSL   26 229 108  P 0 10 0 40.250  5.378  5.387  0.000  -0.009   1.06 0.2025 -0.011    
  KRNG   27 274 106  P 0 10 0 40.430  5.558  5.569  0.000  -0.011   1.06 0.2650 -0.013    
  GOLJ   33  92 103  P 0 10 0 41.400  6.528  6.516  0.000   0.012   1.06 0.2313  0.013    
  TBZ    60 110  95  P 0 10 0 45.590 10.718 10.742  0.000  -0.024   1.06 0.2486 -0.027    
  BST    81 186  93  P 0 10 0 48.720 13.848 14.026  0.000  -0.179   1.06 0.2832 -0.211    
  $$$   VELEST-Version ETH-11FEB92 located at: 0915-2026 110747.9  
 
 
1 E V E N T   N R .       82                            0                    0
0 DATE  ORIGIN   TIME   LAT      LON     DEPTH  MAG  NO  DM GAP  RMS   ALE D-SPR
 120815 10:16: 0.726 38.4011N 46.7243E  11.391  2.7  18   3  57 0.14  1.86  0.00
0  ERX  ERY  ERZ Q SQD  ADJ  IN NR  AVR   AAR  NM AVXM  SDXM IT
   0.0  0.2  0.0 A A/A  0.02  0 18 -0.00  0.11  0  0.0  0.0   5
0 F-E NR: 344 N.W. IRAN-USSR BORDER REGION    
0 STN  DIST AZM AIN PRMK HRMN  P-SEC  TPOBS  TPCAL  -TSCOR  P-RES   P-WT IMP STURES
        AMX PRX     SRMK XMAG  S-SEC  TSOBS  TSCAL  -TSCOR  S-RES   S-WT IMP STURES
  ZANG    3 351 164  P 0 1016  3.170  2.444  2.603  0.000  -0.158   1.06 0.2886 -0.188    
  GZCH    8 303 143  P 0 1016  3.600  2.874  2.899  0.000  -0.025   1.06 0.2154 -0.028    
  HIGH    8 145 142  P 0 1016  3.620  2.894  2.948  0.000  -0.054   1.06 0.2398 -0.061    
  SRND   14 135 123  P 0 1016  4.410  3.684  3.618  0.000   0.066   1.06 0.1844  0.073    
  KVCH   15 122 122  P 0 1016  4.520  3.794  3.737  0.000   0.058   1.06 0.1750  0.063    
  ORNG   15 310 120  P 0 1016  4.650  3.924  3.752  0.000   0.173   1.06 0.1863  0.191    
  HMLO   19  63 113  P 4 1016 55.780 55.054  4.340  0.000  -9.286   0.00 0.0000 -9.286    
  BLVR   20 217 112  P 0 1016  5.290  4.564  4.365  0.000   0.199   1.06 0.1772  0.220    
  FRMZ   20  49 111  P 0 1016  5.280  4.554  4.464  0.000   0.090   1.06 0.3213  0.110    
  NMVR   22 239 108  P 0 1016  5.550  4.824  4.708  0.000   0.116   1.06 0.1434  0.125    
  VRDN   23 281 107  P 0 1016  5.550  4.824  4.799  0.000   0.025   1.06 0.1445  0.027    
  AZGN   24 306 105  P 0 1016  5.700  4.974  5.065  0.000  -0.090   1.06 0.2213 -0.102    
  GOLJ   27  88 103  P 0 1016  6.180  5.454  5.493  0.000  -0.039   1.06 0.2660 -0.046    
  HRS    29 252 101  P 0 1016  6.320  5.594  5.937  0.000  -0.343   1.06 0.1472 -0.371    
  MGSL   30 241 101  P 0 1016  6.780  6.054  5.924  0.000   0.130   1.06 0.1586  0.142    
  KRNG   34 277  98  P 0 1016  7.310  6.584  6.540  0.000   0.044   1.06 0.1791  0.049    
  TBZ    54 110  93  P 0 1016 10.390  9.664  9.659  0.000   0.005   1.06 0.2978  0.006    
  BST    79 191  92  P 0 1016 14.350 13.624 13.785  0.000  -0.161   1.06 0.2708 -0.189    
  $$$   VELEST-Version ETH-11FEB92 located at: 0915-2026 110747.9  
 
 
1 E V E N T   N R .       83                            0                    0
0 DATE  ORIGIN   TIME   LAT      LON     DEPTH  MAG  NO  DM GAP  RMS   ALE D-SPR
 120815 10:53:24.653 38.3934N 46.6416E   3.988  2.4  15   6  89 0.10  1.44  0.00
0  ERX  ERY  ERZ Q SQD  ADJ  IN NR  AVR   AAR  NM AVXM  SDXM IT
  -0.2  0.1 -0.1 A A/A  0.03  0 15 -0.00  0.07  0  0.0  0.0   5
0 F-E NR: 344 N.W. IRAN-USSR BORDER REGION    
0 STN  DIST AZM AIN PRMK HRMN  P-SEC  TPOBS  TPCAL  -TSCOR  P-RES   P-WT IMP STURES
        AMX PRX     SRMK XMAG  S-SEC  TSOBS  TSCAL  -TSCOR  S-RES   S-WT IMP STURES
  HIGH    6 203 130  P 0 1053 26.520  1.867  1.889  0.000  -0.022   1.07 0.2708 -0.026    
  KVCH    9 143 120  P 0 1053 26.980  2.327  2.312  0.000   0.014   1.07 0.2479  0.016    
  ZANG    9 298 121  P 0 1053 26.940  2.287  2.300  0.000  -0.013   1.07 0.4554 -0.018    
  SRND   10 163 117  P 0 1053 27.100  2.447  2.439  0.000   0.008   1.07 0.2363  0.009    
  HMLO   14  45  56  P 4 1053 78.670 54.017  3.224  0.000  -9.208   0.00 0.0000 -9.208    
  GZCH   15 290  56  P 0 1053 27.990  3.337  3.394  0.000  -0.057   1.07 0.1394 -0.062    
  FRMZ   16  30  56  P 0 1053 28.460  3.807  3.630  0.000   0.177   1.07 0.3714  0.223    
  GOLJ   19  85  56  P 0 1053 28.900  4.247  4.242  0.000   0.005   1.07 0.2946  0.006    
  ORNG   22 299  56  P 0 1053 29.350  4.697  4.592  0.000   0.104   1.07 0.1528  0.113    
  BLVR   24 232  56  P 0 1053 29.820  5.167  4.994  0.000   0.173   1.07 0.2265  0.197    
  NMVR   28 248  53  P 0 1053 30.300  5.647  5.663  0.000  -0.016   1.07 0.1835 -0.018    
  VRDN   30 280  53  P 0 1053 30.520  5.867  5.959  0.000  -0.093   1.07 0.1353 -0.100    
  AZGN   31 299  53  P 0 1053 30.630  5.977  6.128  0.000  -0.152   1.07 0.1501 -0.164    
  MGSL   36 248  53  P 0 1053 31.670  7.017  6.977  0.000   0.040   1.07 0.1857  0.044    
  TBZ    47 112  53  P 0 1053 33.250  8.597  8.729  0.000  -0.133   1.07 0.2786 -0.156    
  $$$   VELEST-Version ETH-11FEB92 located at: 0915-2026 110747.9  
 
 
1 E V E N T   N R .       84                            0                    0
0 DATE  ORIGIN   TIME   LAT      LON     DEPTH  MAG  NO  DM GAP  RMS   ALE D-SPR
 120815 10:56:56.952 38.4088N 46.7110E   3.540  2.9  17   3  83 0.09  1.42  0.00
0  ERX  ERY  ERZ Q SQD  ADJ  IN NR  AVR   AAR  NM AVXM  SDXM IT
   0.0  0.2 -0.1 A A/A  0.00  0 17 -0.00  0.06  0  0.0  0.0   4
0 F-E NR: 344 N.W. IRAN-USSR BORDER REGION    
0 STN  DIST AZM AIN PRMK HRMN  P-SEC  TPOBS  TPCAL  -TSCOR  P-RES   P-WT IMP STURES
        AMX PRX     SRMK XMAG  S-SEC  TSOBS  TSCAL  -TSCOR  S-RES   S-WT IMP STURES
  ZANG    3 325 151  P 0 1056 58.240  1.288  1.353  0.000  -0.065   1.21 0.5007 -0.093    
  HIGH    8 155 118  P 0 1056 59.120  2.168  2.187  0.000  -0.019   1.21 0.2757 -0.022    
  GZCH    9 294 118  P 0 1056 59.250  2.298  2.193  0.000   0.105   1.21 0.3552  0.131    
  SRND   14 141 104  P 0 1056 60.230  3.278  3.276  0.000   0.002   1.21 0.2473  0.002    
  KVCH   14 127 104  P 0 1056 60.310  3.358  3.358  0.000  -0.001   1.21 0.2514 -0.001    
  ORNG   16 305  56  P 0 1056 60.660  3.708  3.594  0.000   0.114   1.21 0.1871  0.127    
  HMLO   18  63  56  P 4 1056111.600 54.648  3.968  0.000  -9.320   0.00 0.0000 -9.320    
  FRMZ   19  49  56  P 0 1056 61.180  4.228  4.122  0.000   0.106   1.21 0.4604  0.144    
  BLVR   21 218  56  P 0 1056 61.580  4.628  4.505  0.000   0.123   1.21 0.2294  0.140    
  NMVR   23 239  56  P 0 1056 61.850  4.898  4.913  0.000  -0.015   1.21 0.1913 -0.016    
  VRDN   24 278  56  P 0 1056 61.850  4.898  4.951  0.000  -0.053   1.21 0.1489 -0.058    
  AZGN   25 303  56  P 0 1056 61.990  5.038  5.156  0.000  -0.118   1.21 0.1823 -0.130    
  GOLJ   25  90  56  P 0 1056 62.240  5.288  5.331  0.000  -0.043   1.21 0.3718 -0.054    
  HRS    31 251  53  P 4 1056 62.600  5.648  6.248  0.000  -0.600   0.00 0.0000 -0.600    
  MGSL   31 240  53  P 0 1056 63.170  6.218  6.251  0.000  -0.033   1.21 0.1872 -0.036    
  KRNG   35 276  53  P 0 1056 63.740  6.788  6.851  0.000  -0.063   1.21 0.1494 -0.069    
  BST    80 191  49  P 4 1056 70.930 13.978 14.336  0.000  -0.358   0.00 0.0000 -0.358    
  $$$   VELEST-Version ETH-11FEB92 located at: 0915-2026 110747.9  
 
 
1 E V E N T   N R .       85                            0                    0
0 DATE  ORIGIN   TIME   LAT      LON     DEPTH  MAG  NO  DM GAP  RMS   ALE D-SPR
 120815 11:23:43.842 38.3982N 46.6744E   3.868  1.9  13   6  92 0.08  1.41  0.00
0  ERX  ERY  ERZ Q SQD  ADJ  IN NR  AVR   AAR  NM AVXM  SDXM IT
   0.2  0.1 -0.1 A A/A  0.00  0 13  0.00  0.06  0  0.0  0.0   5
0 F-E NR: 344 N.W. IRAN-USSR BORDER REGION    
0 STN  DIST AZM AIN PRMK HRMN  P-SEC  TPOBS  TPCAL  -TSCOR  P-RES   P-WT IMP STURES
        AMX PRX     SRMK XMAG  S-SEC  TSOBS  TSCAL  -TSCOR  S-RES   S-WT IMP STURES
  HIGH    6 177 129  P 0 1123 45.650  1.808  1.881  0.000  -0.073   1.08 0.2879 -0.086    
  ZANG    6 306 131  P 0 1123 45.690  1.848  1.823  0.000   0.026   1.08 0.4716  0.036    
  SRND   11 150 112  P 0 1123 46.580  2.738  2.742  0.000  -0.003   1.08 0.2664 -0.004    
  KVCH   11 133 113  P 0 1123 46.600  2.758  2.741  0.000   0.017   1.08 0.2838  0.020    
  GZCH   12 293 111  P 0 1123 46.750  2.908  2.872  0.000   0.036   1.08 0.3414  0.045    
  HMLO   16  54  56  P 4 1123 98.140 54.298  3.559  0.000  -9.260   0.00 0.0000 -9.260    
  FRMZ   17  39  56  P 0 1123 47.830  3.988  3.847  0.000   0.142   1.08 0.4727  0.195    
  BLVR   22 227  56  P 0 1123 48.650  4.808  4.691  0.000   0.118   1.08 0.1806  0.130    
  GOLJ   22  87  56  P 0 1123 48.520  4.678  4.744  0.000  -0.066   1.08 0.4129 -0.086    
  NMVR   26 245  56  P 0 1123 49.130  5.288  5.268  0.000   0.021   1.08 0.1480  0.022    
  VRDN   27 280  53  P 0 1123 49.240  5.398  5.489  0.000  -0.091   1.08 0.1384 -0.098    
  AZGN   28 301  53  P 0 1123 49.410  5.568  5.686  0.000  -0.118   1.08 0.1788 -0.130    
  MGSL   33 245  53  P 0 1123 50.460  6.618  6.592  0.000   0.027   1.08 0.1493  0.029    
  $$$   VELEST-Version ETH-11FEB92 located at: 0915-2026 110747.9  
 
 
1 E V E N T   N R .       86                            0                    0
0 DATE  ORIGIN   TIME   LAT      LON     DEPTH  MAG  NO  DM GAP  RMS   ALE D-SPR
 120815 11:27: 5.856 38.4078N 46.7747E   9.976  2.3  16   4  88 0.15  1.70  0.00
0  ERX  ERY  ERZ Q SQD  ADJ  IN NR  AVR   AAR  NM AVXM  SDXM IT
  -0.1  0.1  0.0 A A/A  0.03  0 16 -0.00  0.10  0  0.0  0.0   3
0 F-E NR: 344 N.W. IRAN-USSR BORDER REGION    
0 STN  DIST AZM AIN PRMK HRMN  P-SEC  TPOBS  TPCAL  -TSCOR  P-RES   P-WT IMP STURES
        AMX PRX     SRMK XMAG  S-SEC  TSOBS  TSCAL  -TSCOR  S-RES   S-WT IMP STURES
  GZCH    4 328 156  P 0 1127  8.230  2.374  2.408  0.000  -0.033   1.07 0.3263 -0.041    
  ZANG    5  58 154  P 0 1127  8.180  2.324  2.470  0.000  -0.145   1.07 0.3362 -0.178    
  ORNG   12 321 124  P 0 1127  9.190  3.334  3.142  0.000   0.192   1.07 0.2194  0.218    
  SRND   18 127 108  P 0 1127  9.940  4.084  4.065  0.000   0.019   1.07 0.1918  0.021    
  VRDN   18 281 107  P 0 1127  9.980  4.124  4.057  0.000   0.068   1.07 0.1604  0.074    
  BLVR   18 204 108  P 0 1127 10.060  4.204  4.046  0.000   0.159   1.07 0.2108  0.179    
  NMVR   19 230 106  P 0 1127 10.080  4.224  4.160  0.000   0.065   1.07 0.1656  0.071    
  KVCH   19 117 106  P 0 1127 10.160  4.304  4.252  0.000   0.052   1.07 0.1832  0.058    
  AZGN   20 312 103  P 0 1127 10.210  4.354  4.409  0.000  -0.055   1.07 0.2639 -0.064    
  HMLO   23  69 100  P 4 1127 61.390 55.534  4.840  0.000  -9.305   0.00 0.0000 -9.305    
  FRMZ   23  58  99  P 0 1127 10.800  4.944  4.877  0.000   0.068   1.07 0.3083  0.081    
  HRS    26 247  97  P 0 1127 10.720  4.864  5.298  0.000  -0.433   1.07 0.1614 -0.473    
  MGSL   26 235  96  P 0 1127 11.310  5.454  5.369  0.000   0.085   1.07 0.1712  0.093    
  KRNG   30 277  94  P 0 1127 11.730  5.874  5.813  0.000   0.062   1.07 0.2133  0.069    
  GOLJ   31  90  93  P 0 1127 11.950  6.094  6.148  0.000  -0.054   1.07 0.2495 -0.062    
  TBZ    58 109  91  P 0 1127 16.190 10.334 10.347  0.000  -0.013   1.07 0.2304 -0.015    
  $$$   VELEST-Version ETH-11FEB92 located at: 0915-2026 110747.9  
 
 
1 E V E N T   N R .       87                            0                    0
0 DATE  ORIGIN   TIME   LAT      LON     DEPTH  MAG  NO  DM GAP  RMS   ALE D-SPR
 120815 11:39:28.983 38.3870N 46.6834E   3.886  2.0  15   5  78 0.08  1.41  0.00
0  ERX  ERY  ERZ Q SQD  ADJ  IN NR  AVR   AAR  NM AVXM  SDXM IT
  -0.2  0.1 -0.1 A A/A  0.00  0 15 -0.00  0.07  0  0.0  0.0   5
0 F-E NR: 344 N.W. IRAN-USSR BORDER REGION    
0 STN  DIST AZM AIN PRMK HRMN  P-SEC  TPOBS  TPCAL  -TSCOR  P-RES   P-WT IMP STURES
        AMX PRX     SRMK XMAG  S-SEC  TSOBS  TSCAL  -TSCOR  S-RES   S-WT IMP STURES
  HIGH    5 167 135  P 0 1139 30.610  1.627  1.707  0.000  -0.081   1.07 0.2950 -0.096    
  ZANG    6 320 130  P 0 1139 30.890  1.907  1.868  0.000   0.039   1.07 0.4474  0.053    
  SRND   11 143 113  P 0 1139 31.590  2.607  2.626  0.000  -0.019   1.07 0.2299 -0.021    
  KVCH   11 125 113  P 0 1139 31.710  2.727  2.711  0.000   0.016   1.07 0.2215  0.018    
  GZCH   12 300 111  P 0 1139 31.880  2.897  2.844  0.000   0.053   1.07 0.3265  0.064    
  HMLO   17  52  56  P 4 1139 83.490 54.507  3.795  0.000  -9.288   0.00 0.0000 -9.288    
  FRMZ   19  38  56  P 0 1139 33.200  4.217  4.098  0.000   0.119   1.07 0.3690  0.149    
  BLVR   21 228  56  P 0 1139 33.590  4.607  4.442  0.000   0.165   1.07 0.2256  0.188    
  GOLJ   23  84  56  P 0 1139 33.800  4.817  4.896  0.000  -0.079   1.07 0.2813 -0.094    
  NMVR   24 247  56  P 0 1139 34.060  5.077  5.053  0.000   0.024   1.07 0.1884  0.027    
  VRDN   27 283  53  P 0 1139 34.330  5.347  5.399  0.000  -0.052   1.07 0.1595 -0.057    
  AZGN   28 304  53  P 0 1139 34.590  5.607  5.686  0.000  -0.079   1.07 0.1869 -0.088    
  MGSL   32 246  53  P 0 1139 35.340  6.357  6.384  0.000  -0.028   1.07 0.1890 -0.031    
  KRNG   38 279  53  P 0 1139 36.150  7.167  7.257  0.000  -0.091   1.07 0.1583 -0.099    
  TBZ    50 110  53  P 0 1139 38.300  9.317  9.268  0.000   0.049   1.07 0.2463  0.057    
  $$$   VELEST-Version ETH-11FEB92 located at: 0915-2026 110747.9  
 
 
1 E V E N T   N R .       88                            0                    0
0 DATE  ORIGIN   TIME   LAT      LON     DEPTH  MAG  NO  DM GAP  RMS   ALE D-SPR
 120815 12: 3:56.688 38.3849N 46.8048E   8.350  1.6  14   6  84 0.09  1.73  0.00
0  ERX  ERY  ERZ Q SQD  ADJ  IN NR  AVR   AAR  NM AVXM  SDXM IT
  -0.2 -0.0  0.0 A A/A  0.00  0 14  0.00  0.07  0  0.0  0.0   9
0 F-E NR: 344 N.W. IRAN-USSR BORDER REGION    
0 STN  DIST AZM AIN PRMK HRMN  P-SEC  TPOBS  TPCAL  -TSCOR  P-RES   P-WT IMP STURES
        AMX PRX     SRMK XMAG  S-SEC  TSOBS  TSCAL  -TSCOR  S-RES   S-WT IMP STURES
  GZCH    6   4 143  P 0 12 3 59.020  2.332  2.335  0.000  -0.003   1.08 0.2485 -0.003    
  ZANG    8  53 134  P 0 12 3 59.210  2.522  2.599  0.000  -0.077   1.08 0.2364 -0.088    
  ORNG   13 338 118  P 0 12 3 59.990  3.302  3.121  0.000   0.182   1.08 0.2309  0.207    
  HIGH   13 113 118  P 0 12 3 59.810  3.122  3.198  0.000  -0.076   1.08 0.1881 -0.084    
  BLVR   15 199 113  P 0 12 3 60.200  3.512  3.441  0.000   0.072   1.08 0.2555  0.083    
  NMVR   15 231 112  P 0 12 3 60.230  3.542  3.510  0.000   0.033   1.08 0.2172  0.037    
  VRDN   16 292 109  P 0 12 3 60.380  3.692  3.691  0.000   0.002   1.08 0.1903  0.002    
  SRND   19 116 106  P 0 12 3 60.740  4.052  4.128  0.000  -0.075   1.08 0.1575 -0.082    
  AZGN   20 322 104  P 0 12 3 60.950  4.262  4.350  0.000  -0.088   1.08 0.2637 -0.102    
  KVCH   21 107 105  P 0 12 3 61.200  4.512  4.413  0.000   0.099   1.08 0.1514  0.107    
  MGSL   23 236 102  P 0 12 3 61.390  4.702  4.750  0.000  -0.047   1.08 0.2165 -0.054    
  HMLO   26  66 100  P 4 12 3112.840 56.152  5.341  0.000  -9.189   0.00 0.0000 -9.189    
  KRNG   27 283  99  P 0 12 3 62.080  5.392  5.450  0.000  -0.058   1.08 0.2235 -0.066    
  GOLJ   34  85  97  P 0 12 3 63.360  6.672  6.599  0.000   0.074   1.08 0.1754  0.081    
  $$$   VELEST-Version ETH-11FEB92 located at: 0915-2026 110747.9  
 
 
1 E V E N T   N R .       89                            0                    0
0 DATE  ORIGIN   TIME   LAT      LON     DEPTH  MAG  NO  DM GAP  RMS   ALE D-SPR
 120815 13:19: 0.839 38.4361N 46.7041E   3.650  2.2  19   2  62 0.09  1.44  0.00
0  ERX  ERY  ERZ Q SQD  ADJ  IN NR  AVR   AAR  NM AVXM  SDXM IT
   0.0  0.2 -0.1 A A/A  0.00  0 19 -0.00  0.07  0  0.0  0.0   5
0 F-E NR: 344 N.W. IRAN-USSR BORDER REGION    
0 STN  DIST AZM AIN PRMK HRMN  P-SEC  TPOBS  TPCAL  -TSCOR  P-RES   P-WT IMP STURES
        AMX PRX     SRMK XMAG  S-SEC  TSOBS  TSCAL  -TSCOR  S-RES   S-WT IMP STURES
  ZANG    2 253 156  P 0 1319  2.020  1.181  1.326  0.000  -0.145   1.27 0.3631 -0.182    
  MHTR    4 352 143  P 0 1319  2.390  1.551  1.453  0.000   0.098   1.27 0.4436  0.132    
  GZCH    8 273 119  P 0 1319  3.080  2.241  2.182  0.000   0.059   1.27 0.2492  0.068    
  HIGH   11 164 111  P 0 1319  3.550  2.711  2.696  0.000   0.015   1.27 0.3800  0.019    
  ORNG   15 294  56  P 0 1319  4.370  3.531  3.416  0.000   0.115   1.27 0.2047  0.129    
  HMLO   16  72  56  P 4 1319 55.160 54.321  3.659  0.000  -9.338   0.00 0.0000 -9.338    
  FRMZ   16  55  56  P 0 1319  4.600  3.761  3.704  0.000   0.057   1.27 0.4384  0.077    
  KVCH   16 137  56  P 0 1319  4.480  3.641  3.658  0.000  -0.017   1.27 0.2325 -0.019    
  SRND   16 150  56  P 0 1319  4.540  3.701  3.673  0.000   0.028   1.27 0.2263  0.032    
  AZGN   24 296  56  P 0 1319  5.700  4.861  4.977  0.000  -0.116   1.27 0.2113 -0.131    
  BLVR   24 215  56  P 0 1319  5.960  5.121  4.975  0.000   0.146   1.27 0.1908  0.162    
  VRDN   24 271  56  P 0 1319  5.820  4.981  5.000  0.000  -0.019   1.27 0.1592 -0.020    
  GOLJ   25  97  56  P 0 1319  6.020  5.181  5.242  0.000  -0.061   1.27 0.3061 -0.074    
  NMVR   26 234  56  P 0 1319  6.090  5.251  5.277  0.000  -0.026   1.27 0.1679 -0.029    
  HRS    32 246  53  P 4 1319  6.750  5.911  6.513  0.000  -0.602   0.00 0.0000 -0.602    
  MGSL   33 236  53  P 0 1319  7.400  6.561  6.587  0.000  -0.026   1.27 0.1617 -0.028    
  KRNG   35 271  53  P 0 1319  7.680  6.841  6.910  0.000  -0.069   1.27 0.1595 -0.075    
  TBZ    53 115  53  P 4 1319 10.700  9.861  9.921  0.000  -0.060   0.00 0.0000 -0.060    
  BST    83 191  49  P 4 1319 15.400 14.561 14.809  0.000  -0.248   0.00 0.0000 -0.248    
  $$$   VELEST-Version ETH-11FEB92 located at: 0915-2026 110747.9  
 
 
1 E V E N T   N R .       90                            0                    0
0 DATE  ORIGIN   TIME   LAT      LON     DEPTH  MAG  NO  DM GAP  RMS   ALE D-SPR
 120815 13:34:32.992 38.4083N 46.7629E  11.695  3.0  19   4  76 0.15  2.04  0.00
0  ERX  ERY  ERZ Q SQD  ADJ  IN NR  AVR   AAR  NM AVXM  SDXM IT
   0.0  0.2  0.0 A A/A  0.01  0 19 -0.00  0.11  0  0.0  0.0   5
0 F-E NR: 344 N.W. IRAN-USSR BORDER REGION    
0 STN  DIST AZM AIN PRMK HRMN  P-SEC  TPOBS  TPCAL  -TSCOR  P-RES   P-WT IMP STURES
        AMX PRX     SRMK XMAG  S-SEC  TSOBS  TSCAL  -TSCOR  S-RES   S-WT IMP STURES
  ZANG    4  50 162  P 0 1334 35.500  2.508  2.672  0.000  -0.164   1.06 0.2302 -0.187    
  GZCH    5 317 157  P 0 1334 35.620  2.628  2.695  0.000  -0.066   1.06 0.2172 -0.075    
  MHTR    8  34 143  P 0 1334 35.920  2.928  2.978  0.000  -0.050   1.06 0.1936 -0.055    
  HIGH   11 133 133  P 0 1334 36.240  3.248  3.287  0.000  -0.038   1.06 0.1929 -0.043    
  ORNG   12 317 129  P 0 1334 36.560  3.568  3.385  0.000   0.183   1.06 0.1807  0.203    
  SRND   17 129 118  P 0 1334 37.140  4.148  4.059  0.000   0.090   1.06 0.1620  0.098    
  KVCH   18 119 116  P 0 1334 37.290  4.298  4.221  0.000   0.078   1.06 0.1541  0.084    
  VRDN   19 281 113  P 0 1334 37.360  4.368  4.300  0.000   0.068   1.06 0.1515  0.074    
  BLVR   19 207 115  P 0 1334 37.450  4.458  4.219  0.000   0.239   1.06 0.1874  0.265    
  NMVR   20 232 113  P 0 1334 37.470  4.478  4.377  0.000   0.101   1.06 0.1536  0.110    
  AZGN   21 310 111  P 0 1334 37.530  4.538  4.603  0.000  -0.065   1.06 0.2379 -0.074    
  HMLO   22  69 110  P 4 1334 88.520 55.528  4.763  0.000  -9.235   0.00 0.0000 -9.235    
  FRMZ   22  56 109  P 0 1334 37.880  4.888  4.809  0.000   0.079   1.06 0.2770  0.093    
  HRS    27 248 105  P 0 1334 38.140  5.148  5.501  0.000  -0.353   1.06 0.1543 -0.384    
  MGSL   27 236 104  P 0 1334 38.660  5.668  5.554  0.000   0.114   1.06 0.1631  0.125    
  GOLJ   30  90 102  P 0 1334 38.990  5.998  6.024  0.000  -0.025   1.06 0.2387 -0.029    
  KRNG   31 277 101  P 0 1334 39.050  6.058  6.008  0.000   0.050   1.06 0.2059  0.056    
  TBZ    57 110  94  P 0 1334 43.210 10.218 10.207  0.000   0.011   1.06 0.2642  0.013    
  BST    79 188  92  P 0 1334 46.600 13.608 13.825  0.000  -0.217   1.06 0.2495 -0.251    
  $$$   VELEST-Version ETH-11FEB92 located at: 0915-2026 110747.9  
 
 
1 E V E N T   N R .       91                            0                    0
0 DATE  ORIGIN   TIME   LAT      LON     DEPTH  MAG  NO  DM GAP  RMS   ALE D-SPR
 120815 13:37: 5.666 38.4238N 46.7036E  12.948  2.0  16   5  57 0.12  1.91  0.00
0  ERX  ERY  ERZ Q SQD  ADJ  IN NR  AVR   AAR  NM AVXM  SDXM IT
   0.0  0.2  0.0 A A/A  0.01  0 16 -0.00  0.09  0  0.0  0.0   6
0 F-E NR: 344 N.W. IRAN-USSR BORDER REGION    
0 STN  DIST AZM AIN PRMK HRMN  P-SEC  TPOBS  TPCAL  -TSCOR  P-RES   P-WT IMP STURES
        AMX PRX     SRMK XMAG  S-SEC  TSOBS  TSCAL  -TSCOR  S-RES   S-WT IMP STURES
  MHTR    5 354 158  P 0 1337  8.520  2.854  2.907  0.000  -0.054   1.07 0.2757 -0.063    
  GZCH    9 282 145  P 0 1337  8.790  3.124  3.165  0.000  -0.042   1.07 0.2054 -0.047    
  HIGH   10 162 141  P 0 1337  8.900  3.234  3.286  0.000  -0.052   1.07 0.2412 -0.060    
  KVCH   15 134 127  P 0 1337  9.580  3.914  3.892  0.000   0.022   1.07 0.1690  0.024    
  SRND   15 147 127  P 0 1337  9.620  3.954  3.867  0.000   0.086   1.07 0.1818  0.096    
  HMLO   16  68 124  P 4 1337 60.510 54.844  4.083  0.000  -9.240   0.00 0.0000 -9.240    
  FRMZ   17  51 122  P 0 1337  9.930  4.264  4.151  0.000   0.112   1.07 0.3063  0.135    
  GOLJ   25  94 111  P 0 1337 10.940  5.274  5.297  0.000  -0.023   1.07 0.2074 -0.026    
  VRDN   24 274 111  P 0 1337 10.810  5.144  5.099  0.000   0.045   1.07 0.1370  0.048    
  AZGN   25 299 111  P 0 1337 10.810  5.144  5.169  0.000  -0.026   1.07 0.2164 -0.029    
  NMVR   25 236 110  P 0 1337 11.060  5.394  5.219  0.000   0.174   1.07 0.1322  0.187    
  HRS    32 248 104  P 0 1337 11.730  6.064  6.388  0.000  -0.324   1.07 0.1294 -0.347    
  MGSL   33 238 104  P 0 1337 12.240  6.574  6.415  0.000   0.159   1.07 0.1366  0.171    
  KRNG   36 273 102  P 0 1337 12.560  6.894  6.829  0.000   0.065   1.07 0.1662  0.071    
  TBZ    53 113  96  P 0 1337 15.180  9.514  9.562  0.000  -0.048   1.07 0.2343 -0.055    
  BST    82 191  93  P 0 1337 19.850 14.184 14.242  0.000  -0.058   1.07 0.2182 -0.066    
  $$$   VELEST-Version ETH-11FEB92 located at: 0915-2026 110747.9  
 
 
1 E V E N T   N R .       92                            0                    0
0 DATE  ORIGIN   TIME   LAT      LON     DEPTH  MAG  NO  DM GAP  RMS   ALE D-SPR
 120815 13:38:50.864 38.3915N 46.6771E   4.073  2.3  18   6  55 0.15  1.42  0.00
0  ERX  ERY  ERZ Q SQD  ADJ  IN NR  AVR   AAR  NM AVXM  SDXM IT
   0.0  0.2 -0.1 A A/A  0.05  0 18  0.00  0.10  0  0.0  0.0  99
0 F-E NR: 344 N.W. IRAN-USSR BORDER REGION    
0 STN  DIST AZM AIN PRMK HRMN  P-SEC  TPOBS  TPCAL  -TSCOR  P-RES   P-WT IMP STURES
        AMX PRX     SRMK XMAG  S-SEC  TSOBS  TSCAL  -TSCOR  S-RES   S-WT IMP STURES
  HIGH    6 174 134  P 0 1338 52.590  1.726  1.796  0.000  -0.070   1.06 0.2964 -0.083    
  ZANG    6 313 131  P 0 1338 52.720  1.856  1.896  0.000  -0.039   1.06 0.3698 -0.050    
  MHTR    9 342 119  P 0 1338 53.320  2.456  2.371  0.000   0.085   1.06 0.3781  0.108    
  SRND   11 147 114  P 0 1338 53.560  2.696  2.660  0.000   0.036   1.06 0.2395  0.041    
  KVCH   11 129 114  P 0 1338 53.510  2.646  2.701  0.000  -0.055   1.06 0.2440 -0.063    
  GZCH   12 297  56  P 0 1338 53.820  2.956  2.903  0.000   0.053   1.06 0.1404  0.057    
  HMLO   16  53  56  P 4 1338105.230 54.366  3.645  0.000  -9.279   0.00 0.0000 -9.279    
  FRMZ   18  38  56  P 0 1338 54.900  4.036  3.949  0.000   0.087   1.06 0.3529  0.108    
  BLVR   22 228  56  P 0 1338 55.690  4.826  4.549  0.000   0.278   1.06 0.1511  0.302    
  GOLJ   23  85  56  P 0 1338 55.550  4.686  4.771  0.000  -0.085   1.06 0.3160 -0.103    
  NMVR   25 246  56  P 0 1338 56.140  5.276  5.153  0.000   0.124   1.06 0.1340  0.133    
  VRDN   27 281  53  P 0 1338 56.330  5.466  5.447  0.000   0.020   1.06 0.1247  0.021    
  AZGN   28 303  53  P 0 1338 56.490  5.626  5.692  0.000  -0.065   1.06 0.1481 -0.071    
  MGSL   33 246  53  P 0 1338 57.440  6.576  6.478  0.000   0.099   1.06 0.1318  0.106    
  HRS    33 256  53  P 0 1338 56.970  6.106  6.559  0.000  -0.453   1.06 0.1254 -0.484    
  KRNG   38 278  53  P 0 1338 58.160  7.296  7.311  0.000  -0.015   1.06 0.1231 -0.016    
  TBZ    49 111  53  P 0 1338 60.130  9.266  9.188  0.000   0.079   1.06 0.2707  0.092    
  BST    79 194  49  P 0 1338 64.890 14.026 14.067  0.000  -0.040   1.06 0.1787 -0.044    
  $$$   VELEST-Version ETH-11FEB92 located at: 0915-2026 110747.9  
 
 
1 E V E N T   N R .       93                            0                    0
0 DATE  ORIGIN   TIME   LAT      LON     DEPTH  MAG  NO  DM GAP  RMS   ALE D-SPR
 120815 14: 2:40.986 38.3832N 46.7906E   9.204  2.0  17   6  70 0.15  1.62  0.00
0  ERX  ERY  ERZ Q SQD  ADJ  IN NR  AVR   AAR  NM AVXM  SDXM IT
   0.0  0.2 -0.1 A A/A  0.01  0 17 -0.00  0.11  0  0.0  0.0   5
0 F-E NR: 344 N.W. IRAN-USSR BORDER REGION    
0 STN  DIST AZM AIN PRMK HRMN  P-SEC  TPOBS  TPCAL  -TSCOR  P-RES   P-WT IMP STURES
        AMX PRX     SRMK XMAG  S-SEC  TSOBS  TSCAL  -TSCOR  S-RES   S-WT IMP STURES
  GZCH    6 353 145  P 0 14 2 43.450  2.464  2.473  0.000  -0.009   1.00 0.1653 -0.010    
  ZANG    7  46 141  P 0 14 2 43.430  2.444  2.612  0.000  -0.168   1.00 0.1629 -0.184    
  HIGH   12 114 125  P 0 14 2 43.970  2.984  3.102  0.000  -0.118   1.00 0.2045 -0.133    
  MHTR   12  36 124  P 0 14 2 44.080  3.094  3.144  0.000  -0.051   1.00 0.1561 -0.055    
  ORNG   13 333 120  P 0 14 2 44.490  3.504  3.291  0.000   0.213   1.00 0.1972  0.238    
  BLVR   15 204 116  P 0 14 2 44.710  3.724  3.542  0.000   0.182   1.00 0.2015  0.203    
  NMVR   16 235 114  P 0 14 2 44.810  3.824  3.700  0.000   0.124   1.00 0.1646  0.136    
  SRND   18 117 112  P 0 14 2 45.010  4.024  3.986  0.000   0.038   1.00 0.1770  0.042    
  VRDN   18 291 111  P 0 14 2 45.000  4.014  3.931  0.000   0.083   1.00 0.1903  0.092    
  KVCH   19 108 110  P 0 14 2 45.300  4.314  4.258  0.000   0.056   1.00 0.1636  0.061    
  AZGN   21 319 107  P 0 14 2 45.460  4.474  4.538  0.000  -0.064   1.00 0.2498 -0.074    
  HRS    23 252 105  P 0 14 2 45.520  4.534  4.924  0.000  -0.390   1.00 0.1575 -0.425    
  MGSL   24 238 105  P 0 14 2 46.040  5.054  4.934  0.000   0.120   1.00 0.1536  0.130    
  FRMZ   26  54 103  P 0 14 2 46.320  5.334  5.295  0.000   0.039   1.00 0.1849  0.043    
  GOLJ   33  85  72  P 0 14 2 47.350  6.364  6.398  0.000  -0.034   1.00 0.2578 -0.040    
  TBZ    58 106  72  P 0 14 2 51.540 10.554 10.434  0.000   0.119   1.00 0.2120  0.135    
  BST    76 187  72  P 0 14 2 54.190 13.204 13.342  0.000  -0.138   1.00 0.1706 -0.152    
  $$$   VELEST-Version ETH-11FEB92 located at: 0915-2026 110747.9  
 
 
1 E V E N T   N R .       94                            0                    0
0 DATE  ORIGIN   TIME   LAT      LON     DEPTH  MAG  NO  DM GAP  RMS   ALE D-SPR
 120815 14: 6:47.282 38.3879N 46.9195E   9.547  1.6  16  10  61 0.11  1.77  0.00
0  ERX  ERY  ERZ Q SQD  ADJ  IN NR  AVR   AAR  NM AVXM  SDXM IT
  -0.0  0.2  0.0 A A/A  0.01  0 16 -0.00  0.08  0  0.0  0.0   6
0 F-E NR: 344 N.W. IRAN-USSR BORDER REGION    
0 STN  DIST AZM AIN PRMK HRMN  P-SEC  TPOBS  TPCAL  -TSCOR  P-RES   P-WT IMP STURES
        AMX PRX     SRMK XMAG  S-SEC  TSOBS  TSCAL  -TSCOR  S-RES   S-WT IMP STURES
  NMVR   10 190 128  P 0 14 6 50.250  2.968  2.875  0.000   0.093   1.14 0.3291  0.114    
  GZCH   12  61 122  P 0 14 6 50.420  3.138  3.171  0.000  -0.033   1.14 0.1633 -0.036    
  ORNG   12  25 119  P 0 14 6 50.640  3.358  3.200  0.000   0.157   1.14 0.2132  0.177    
  HRS    13 234 118  P 0 14 6 50.460  3.178  3.427  0.000  -0.249   1.14 0.2481 -0.288    
  BLVR   15 160 112  P 4 14 6 50.920  3.638  3.588  0.000   0.050   0.00 0.0000  0.050    
  AZGN   16 350 109  P 0 14 6 50.950  3.668  3.711  0.000  -0.044   1.14 0.3495 -0.054    
  MGSL   16 214 110  P 0 14 6 51.090  3.808  3.715  0.000   0.093   1.14 0.2231  0.105    
  KRNG   18 289 105  P 0 14 6 51.300  4.018  3.936  0.000   0.082   1.14 0.3683  0.103    
  ZANG   17  74 107  P 0 14 6 51.160  3.878  3.959  0.000  -0.082   1.14 0.1277 -0.087    
  MHTR   20  64  99  P 0 14 6 51.620  4.338  4.439  0.000  -0.101   1.14 0.1439 -0.109    
  HIGH   22 104  95  P 0 14 6 52.010  4.728  4.757  0.000  -0.030   1.14 0.1317 -0.032    
  SRND   28 108  91  P 0 14 6 53.020  5.738  5.679  0.000   0.059   1.14 0.1355  0.063    
  KVCH   30 102  91  P 0 14 6 53.390  6.108  6.016  0.000   0.092   1.14 0.1324  0.099    
  GOLJ   44  87  90  P 0 14 6 55.460  8.178  8.163  0.000   0.015   1.14 0.1344  0.016    
  TBZ    69 104  90  P 0 14 6 59.400 12.118 12.169  0.000  -0.051   1.14 0.1341 -0.055    
  BST    76 178  90  P 4 14 6 60.180 12.898 13.343  0.000  -0.445   0.00 0.0000 -0.445    
  $$$   VELEST-Version ETH-11FEB92 located at: 0915-2026 110747.9  
 
 
1 E V E N T   N R .       95                            0                    0
0 DATE  ORIGIN   TIME   LAT      LON     DEPTH  MAG  NO  DM GAP  RMS   ALE D-SPR
 120815 14:17:20.791 38.4089N 46.7667E  10.550  2.0  17   4  76 0.16  1.92  0.00
0  ERX  ERY  ERZ Q SQD  ADJ  IN NR  AVR   AAR  NM AVXM  SDXM IT
  -0.2 -0.0  0.0 A A/A  0.00  0 17 -0.00  0.11  0  0.0  0.0   6
0 F-E NR: 344 N.W. IRAN-USSR BORDER REGION    
0 STN  DIST AZM AIN PRMK HRMN  P-SEC  TPOBS  TPCAL  -TSCOR  P-RES   P-WT IMP STURES
        AMX PRX     SRMK XMAG  S-SEC  TSOBS  TSCAL  -TSCOR  S-RES   S-WT IMP STURES
  ZANG    4  54 159  P 0 1417 23.180  2.389  2.513  0.000  -0.124   1.06 0.1867 -0.137    
  GZCH    5 320 156  P 0 1417 23.280  2.489  2.511  0.000  -0.022   1.06 0.1844 -0.025    
  MHTR    8  36 139  P 0 1417 23.640  2.849  2.851  0.000  -0.002   1.06 0.1771 -0.002    
  HIGH   11 132 128  P 0 1417 23.910  3.119  3.202  0.000  -0.083   1.06 0.1954 -0.093    
  ORNG   12 318 125  P 0 1417 24.230  3.439  3.241  0.000   0.198   1.06 0.1814  0.218    
  SRND   18 129 112  P 0 1417 24.850  4.059  4.025  0.000   0.034   1.06 0.1780  0.038    
  BLVR   18 206 110  P 0 1417 25.080  4.289  4.136  0.000   0.153   1.06 0.1849  0.169    
  KVCH   19 118 110  P 0 1417 25.040  4.249  4.195  0.000   0.054   1.06 0.1758  0.059    
  VRDN   19 280 109  P 0 1417 25.030  4.239  4.185  0.000   0.054   1.06 0.1532  0.059    
  NMVR   19 231 108  P 0 1417 25.230  4.439  4.280  0.000   0.159   1.06 0.1521  0.172    
  AZGN   21 310 106  P 0 1417 25.220  4.429  4.502  0.000  -0.072   1.06 0.2359 -0.083    
  HMLO   22  69 105  P 4 1417 76.760 55.969  4.751  0.000  -8.782   0.00 0.0000 -8.782    
  FRMZ   23  57 104  P 0 1417 25.670  4.879  4.793  0.000   0.086   1.06 0.3077  0.103    
  HRS    26 247 100  P 0 1417 25.760  4.969  5.419  0.000  -0.450   1.06 0.1371 -0.485    
  MGSL   27 235  99  P 0 1417 26.340  5.549  5.482  0.000   0.067   1.06 0.1411  0.073    
  KRNG   30 277  96  P 0 1417 26.760  5.969  5.929  0.000   0.040   1.06 0.1785  0.045    
  GOLJ   30  90  97  P 0 1417 26.780  5.989  6.046  0.000  -0.057   1.06 0.2593 -0.066    
  $$$   VELEST-Version ETH-11FEB92 located at: 0915-2026 110747.9  
 
 
1 E V E N T   N R .       96                            0                    0
0 DATE  ORIGIN   TIME   LAT      LON     DEPTH  MAG  NO  DM GAP  RMS   ALE D-SPR
 120815 14:20:41.315 38.4118N 46.7877E   9.832  1.6  14   3  78 0.09  1.70  0.00
0  ERX  ERY  ERZ Q SQD  ADJ  IN NR  AVR   AAR  NM AVXM  SDXM IT
   0.2 -0.0  0.0 A A/A  0.00  0 14 -0.00  0.07  0  0.0  0.0   6
0 F-E NR: 344 N.W. IRAN-USSR BORDER REGION    
0 STN  DIST AZM AIN PRMK HRMN  P-SEC  TPOBS  TPCAL  -TSCOR  P-RES   P-WT IMP STURES
        AMX PRX     SRMK XMAG  S-SEC  TSOBS  TSCAL  -TSCOR  S-RES   S-WT IMP STURES
  GZCH    3 341 161  P 0 1420 43.590  2.275  2.335  0.000  -0.060   1.08 0.2380 -0.068    
  ZANG    5  68 150  P 0 1420 43.760  2.445  2.510  0.000  -0.065   1.08 0.2206 -0.073    
  ORNG   11 324 126  P 0 1420 44.510  3.195  2.993  0.000   0.202   1.08 0.1999  0.226    
  HIGH   13 128 120  P 0 1420 44.610  3.295  3.351  0.000  -0.056   1.08 0.1862 -0.063    
  VRDN   17 281 108  P 0 1420 45.170  3.855  3.868  0.000  -0.013   1.08 0.1450 -0.014    
  BLVR   18 201 107  P 0 1420 45.320  4.005  4.036  0.000  -0.031   1.08 0.1858 -0.034    
  NMVR   18 227 106  P 0 1420 45.480  4.165  4.068  0.000   0.097   1.08 0.1545  0.105    
  AZGN   19 313 104  P 0 1420 45.490  4.175  4.228  0.000  -0.053   1.08 0.2375 -0.061    
  SRND   19 126 104  P 0 1420 45.600  4.285  4.238  0.000   0.047   1.08 0.1712  0.051    
  KVCH   20 117 103  P 0 1420 45.860  4.545  4.433  0.000   0.112   1.08 0.1758  0.123    
  HMLO   24  71  97  P 4 1420 97.650 56.335  4.981  0.000  -8.646   0.00 0.0000 -8.646    
  FRMZ   24  60  97  P 0 1420 46.270  4.955  4.990  0.000  -0.035   1.08 0.3383 -0.043    
  MGSL   26 232  95  P 0 1420 46.500  5.185  5.265  0.000  -0.080   1.08 0.1363 -0.087    
  KRNG   28 276  93  P 0 1420 46.910  5.595  5.625  0.000  -0.030   1.08 0.1680 -0.033    
  $$$   VELEST-Version ETH-11FEB92 located at: 0915-2026 110747.9  
 
 
1 E V E N T   N R .       97                            0                    0
0 DATE  ORIGIN   TIME   LAT      LON     DEPTH  MAG  NO  DM GAP  RMS   ALE D-SPR
 120815 14:56:56.904 38.4121N 46.7809E   8.603  2.4  19   4  71 0.16  2.31  0.00
0  ERX  ERY  ERZ Q SQD  ADJ  IN NR  AVR   AAR  NM AVXM  SDXM IT
   0.0  0.2 -0.1 A A/A  0.00  0 19  0.00  0.10  0  0.0  0.0   4
0 F-E NR: 344 N.W. IRAN-USSR BORDER REGION    
0 STN  DIST AZM AIN PRMK HRMN  P-SEC  TPOBS  TPCAL  -TSCOR  P-RES   P-WT IMP STURES
        AMX PRX     SRMK XMAG  S-SEC  TSOBS  TSCAL  -TSCOR  S-RES   S-WT IMP STURES
  GZCH    4 332 158  P 0 1456 59.070  2.166  2.159  0.000   0.007   1.12 0.2658  0.009    
  ZANG    5  66 151  P 0 1456 59.070  2.166  2.290  0.000  -0.124   1.12 0.2503 -0.143    
  MHTR    9  44 132  P 0 1456 59.570  2.666  2.688  0.000  -0.022   1.12 0.2039 -0.025    
  ORNG   11 321 124  P 0 1456 60.030  3.126  2.921  0.000   0.205   1.12 0.2052  0.230    
  HIGH   13 130 120  P 0 1456 60.030  3.126  3.186  0.000  -0.060   1.12 0.1970 -0.067    
  VRDN   18 280 109  P 0 1456 60.850  3.946  3.891  0.000   0.055   1.12 0.1632  0.060    
  BLVR   18 202 108  P 0 1456 61.090  4.186  4.010  0.000   0.176   1.12 0.2321  0.201    
  NMVR   19 228 108  P 0 1456 61.060  4.156  4.078  0.000   0.078   1.12 0.1881  0.087    
  SRND   19 127 108  P 0 1456 61.070  4.166  4.107  0.000   0.059   1.12 0.1753  0.065    
  AZGN   20 312 106  P 0 1456 61.090  4.186  4.240  0.000  -0.054   1.12 0.2542 -0.062    
  KVCH   20 117 107  P 0 1456 61.270  4.366  4.298  0.000   0.068   1.12 0.1624  0.075    
  HMLO   23  71 103  P 4 1456112.950 56.046  4.853  0.000  -8.807   0.00 0.0000 -8.807    
  FRMZ   23  59 103  P 0 1456 61.850  4.946  4.871  0.000   0.075   1.12 0.2499  0.086    
  HRS    25 245 102  P 0 1456 61.650  4.746  5.219  0.000  -0.473   1.12 0.1732 -0.520    
  MGSL   26 233 101  P 0 1456 62.320  5.416  5.321  0.000   0.095   1.12 0.1894  0.106    
  KRNG   29 276  99  P 0 1456 62.660  5.756  5.714  0.000   0.042   1.12 0.1999  0.047    
  GOLJ   32  90  98  P 0 1456 63.030  6.126  6.241  0.000  -0.115   1.12 0.1923 -0.128    
  TBZ    59 110  72  P 0 1456 67.420 10.516 10.493  0.000   0.023   1.12 0.3965  0.029    
  BST    80 187  72  P 4 1456 70.470 13.566 13.893  0.000  -0.327   0.00 0.0000 -0.327    
  $$$   VELEST-Version ETH-11FEB92 located at: 0915-2026 110747.9  
 
 
1 E V E N T   N R .       98                            0                    0
0 DATE  ORIGIN   TIME   LAT      LON     DEPTH  MAG  NO  DM GAP  RMS   ALE D-SPR
 120815 15:20:26.009 38.3940N 46.7547E  10.940  1.6  16   5  61 0.17  1.69  0.00
0  ERX  ERY  ERZ Q SQD  ADJ  IN NR  AVR   AAR  NM AVXM  SDXM IT
   0.0  0.2  0.0 A A/A  0.00  0 16 -0.00  0.12  0  0.0  0.0   6
0 F-E NR: 344 N.W. IRAN-USSR BORDER REGION    
0 STN  DIST AZM AIN PRMK HRMN  P-SEC  TPOBS  TPCAL  -TSCOR  P-RES   P-WT IMP STURES
        AMX PRX     SRMK XMAG  S-SEC  TSOBS  TSCAL  -TSCOR  S-RES   S-WT IMP STURES
  ZANG    5  28 157  P 0 1520 28.490  2.481  2.604  0.000  -0.122   1.07 0.2418 -0.140    
  GZCH    6 322 148  P 0 1520 28.720  2.711  2.711  0.000   0.000   1.07 0.2144  0.001    
  MHTR    9  25 137  P 0 1520 28.990  2.981  2.992  0.000  -0.010   1.07 0.2101 -0.012    
  HIGH   10 129 136  P 0 1520 28.970  2.961  3.023  0.000  -0.062   1.07 0.2450 -0.071    
  SRND   16 126 118  P 0 1520 29.860  3.851  3.786  0.000   0.065   1.07 0.1848  0.072    
  BLVR   18 212 114  P 0 1520 30.380  4.371  4.022  0.000   0.349   1.07 0.2309  0.398    
  VRDN   20 285 108  P 0 1520 30.500  4.491  4.413  0.000   0.079   1.07 0.1815  0.087    
  HMLO   22  64 107  P 4 1520 81.970 55.961  4.721  0.000  -8.759   0.00 0.0000 -8.759    
  FRMZ   23  52 106  P 0 1520 30.980  4.971  4.825  0.000   0.147   1.07 0.2222  0.166    
  AZGN   23 311 105  P 0 1520 30.740  4.731  4.804  0.000  -0.073   1.07 0.2628 -0.085    
  HRS    27 251 101  P 0 1520 31.140  5.131  5.493  0.000  -0.362   1.07 0.1801 -0.399    
  MGSL   27 239 101  P 0 1520 31.620  5.611  5.491  0.000   0.120   1.07 0.1906  0.134    
  GOLJ   29  87  99  P 0 1520 31.870  5.861  5.897  0.000  -0.036   1.07 0.1576 -0.039    
  KRNG   31 279  97  P 0 1520 32.280  6.271  6.136  0.000   0.136   1.07 0.2221  0.154    
  TBZ    56 108  93  P 0 1520 36.040 10.031 10.010  0.000   0.021   1.07 0.1650  0.023    
  BST    78 189  92  P 0 1520 39.380 13.371 13.590  0.000  -0.218   1.07 0.2619 -0.254    
  $$$   VELEST-Version ETH-11FEB92 located at: 0915-2026 110747.9  
 
 
1 E V E N T   N R .       99                            0                    0
0 DATE  ORIGIN   TIME   LAT      LON     DEPTH  MAG  NO  DM GAP  RMS   ALE D-SPR
 120815 15:33:26.115 38.3894N 46.6431E   6.336  1.9  19   6  62 0.15  1.70  0.00
0  ERX  ERY  ERZ Q SQD  ADJ  IN NR  AVR   AAR  NM AVXM  SDXM IT
   0.0  0.2 -0.1 A A/A  0.01  0 19 -0.00  0.09  0  0.0  0.0   5
0 F-E NR: 344 N.W. IRAN-USSR BORDER REGION    
0 STN  DIST AZM AIN PRMK HRMN  P-SEC  TPOBS  TPCAL  -TSCOR  P-RES   P-WT IMP STURES
        AMX PRX     SRMK XMAG  S-SEC  TSOBS  TSCAL  -TSCOR  S-RES   S-WT IMP STURES
  HIGH    6 203 134  P 0 1533 28.170  2.055  2.076  0.000  -0.021   1.06 0.3388 -0.026    
  KVCH    9 140 120  P 0 1533 28.540  2.425  2.429  0.000  -0.004   1.06 0.2562 -0.005    
  SRND    9 162 117  P 0 1533 28.640  2.525  2.501  0.000   0.024   1.06 0.2380  0.028    
  ZANG    9 301 120  P 0 1533 28.510  2.395  2.476  0.000  -0.080   1.06 0.2026 -0.090    
  MHTR   11 327 111  P 0 1533 28.890  2.775  2.733  0.000   0.042   1.06 0.2099  0.048    
  HMLO   14  45 102  P 4 1533 80.650 54.535  3.295  0.000  -8.760   0.00 0.0000 -8.760    
  GZCH   15 292 100  P 0 1533 29.510  3.395  3.391  0.000   0.004   1.06 0.1121  0.004    
  FRMZ   17  29  97  P 0 1533 29.930  3.815  3.682  0.000   0.133   1.06 0.3464  0.164    
  GOLJ   20  83  95  P 0 1533 30.270  4.155  4.227  0.000  -0.072   1.06 0.3152 -0.087    
  ORNG   22 300  94  P 0 1533 30.810  4.695  4.542  0.000   0.153   1.06 0.1300  0.164    
  BLVR   24 233  93  P 0 1533 31.250  5.135  4.849  0.000   0.286   1.06 0.1450  0.310    
  NMVR   28 249  92  P 0 1533 31.730  5.615  5.515  0.000   0.100   1.06 0.1214  0.107    
  VRDN   30 281  92  P 0 1533 31.960  5.845  5.849  0.000  -0.004   1.06 0.1077 -0.005    
  AZGN   31 300  92  P 0 1533 32.060  5.945  6.044  0.000  -0.099   1.06 0.1337 -0.106    
  MGSL   36 248  92  P 0 1533 33.030  6.915  6.827  0.000   0.088   1.06 0.1247  0.094    
  HRS    36 257  92  P 0 1533 32.620  6.505  6.940  0.000  -0.435   1.06 0.1141 -0.462    
  KRNG   41 278  91  P 0 1533 33.810  7.695  7.716  0.000  -0.020   1.06 0.1084 -0.022    
  TBZ    46 112  91  P 0 1533 34.710  8.595  8.621  0.000  -0.025   1.06 0.2925 -0.030    
  BST    79 196  72  P 0 1533 40.070 13.955 13.991  0.000  -0.036   1.06 0.3535 -0.044    
  $$$   VELEST-Version ETH-11FEB92 located at: 0915-2026 110747.9  
 
 
1 E V E N T   N R .      100                            0                    0
0 DATE  ORIGIN   TIME   LAT      LON     DEPTH  MAG  NO  DM GAP  RMS   ALE D-SPR
 120815 15:43:25.408 38.4142N 46.7962E   8.466  2.1  17   3  60 0.16  1.63  0.00
0  ERX  ERY  ERZ Q SQD  ADJ  IN NR  AVR   AAR  NM AVXM  SDXM IT
   0.0  0.2 -0.1 A A/A  0.05  0 17 -0.00  0.11  0  0.0  0.0   4
0 F-E NR: 344 N.W. IRAN-USSR BORDER REGION    
0 STN  DIST AZM AIN PRMK HRMN  P-SEC  TPOBS  TPCAL  -TSCOR  P-RES   P-WT IMP STURES
        AMX PRX     SRMK XMAG  S-SEC  TSOBS  TSCAL  -TSCOR  S-RES   S-WT IMP STURES
  GZCH    3 353 162  P 0 1543 27.460  2.052  2.100  0.000  -0.048   1.06 0.2527 -0.056    
  ZANG    6  73 144  P 0 1543 27.620  2.212  2.375  0.000  -0.163   1.06 0.2097 -0.183    
  MHTR   10  51 128  P 0 1543 28.140  2.732  2.778  0.000  -0.046   1.06 0.1837 -0.051    
  ORNG   10 326 126  P 0 1543 28.410  3.002  2.774  0.000   0.228   1.06 0.2293  0.260    
  HIGH   14 127 116  P 0 1543 28.700  3.292  3.351  0.000  -0.059   1.06 0.1754 -0.065    
  NMVR   18 225 108  P 0 1543 29.490  4.082  3.943  0.000   0.139   1.06 0.1742  0.153    
  BLVR   18 198 108  P 0 1543 29.560  4.152  3.965  0.000   0.187   1.06 0.1975  0.209    
  AZGN   19 314 107  P 0 1543 29.440  4.032  4.050  0.000  -0.018   1.06 0.3040 -0.022    
  SRND   20 125 106  P 0 1543 29.760  4.352  4.296  0.000   0.056   1.06 0.1485  0.061    
  KVCH   21 116 105  P 0 1543 30.020  4.612  4.500  0.000   0.112   1.06 0.1423  0.121    
  HMLO   24  73 102  P 4 1543 81.630 56.222  5.043  0.000  -8.821   0.00 0.0000 -8.821    
  FRMZ   25  61 102  P 0 1543 30.450  5.042  5.036  0.000   0.006   1.06 0.2528  0.006    
  HRS    24 244 102  P 0 1543 30.040  4.632  5.034  0.000  -0.402   1.06 0.1624 -0.440    
  MGSL   25 231 101  P 0 1543 30.660  5.252  5.169  0.000   0.083   1.06 0.1611  0.091    
  KRNG   28 276  99  P 0 1543 30.950  5.542  5.488  0.000   0.054   1.06 0.2257  0.062    
  TBZ    60 109  72  P 0 1543 36.160 10.752 10.713  0.000   0.039   1.06 0.2949  0.047    
  BST    80 186  72  P 0 1543 39.190 13.782 13.914  0.000  -0.132   1.06 0.2116 -0.149    
  $$$   VELEST-Version ETH-11FEB92 located at: 0915-2026 110747.9  
 
 
1 E V E N T   N R .      101                            0                    0
0 DATE  ORIGIN   TIME   LAT      LON     DEPTH  MAG  NO  DM GAP  RMS   ALE D-SPR
 120815 16: 1:21.232 38.4027N 46.6761E   5.143  1.6  12   6  97 0.10  1.59  0.00
0  ERX  ERY  ERZ Q SQD  ADJ  IN NR  AVR   AAR  NM AVXM  SDXM IT
   0.0  0.2 -0.1 A A/A  0.00  0 12  0.00  0.07  0  0.0  0.0   6
0 F-E NR: 344 N.W. IRAN-USSR BORDER REGION    
0 STN  DIST AZM AIN PRMK HRMN  P-SEC  TPOBS  TPCAL  -TSCOR  P-RES   P-WT IMP STURES
        AMX PRX     SRMK XMAG  S-SEC  TSOBS  TSCAL  -TSCOR  S-RES   S-WT IMP STURES
  ZANG    6 303 131  P 0 16 1 23.070  1.838  1.913  0.000  -0.074   1.20 0.4340 -0.099    
  SRND   12 151 101  P 0 16 1 24.080  2.848  2.846  0.000   0.003   1.20 0.2687  0.003    
  KVCH   12 134 102  P 0 16 1 24.070  2.838  2.844  0.000  -0.005   1.20 0.2541 -0.006    
  HMLO   15  56  97  P 4 16 1 75.970 54.738  3.490  0.000  -8.752   0.00 0.0000 -8.752    
  FRMZ   17  40  95  P 0 16 1 25.120  3.888  3.754  0.000   0.135   1.20 0.3936  0.173    
  ORNG   19 301  94  P 0 16 1 25.350  4.118  4.020  0.000   0.098   1.20 0.2555  0.114    
  BLVR   23 225  74  P 0 16 1 26.020  4.788  4.666  0.000   0.122   1.20 0.1937  0.136    
  GOLJ   22  88  74  P 0 16 1 25.850  4.618  4.705  0.000  -0.087   1.20 0.2607 -0.101    
  MGSL   34 244  74  P 0 16 1 27.750  6.518  6.510  0.000   0.008   1.20 0.1968  0.009    
  KRNG   38 276  74  P 0 16 1 28.300  7.068  7.232  0.000  -0.163   1.20 0.2616 -0.190    
  TBZ    50 112  74  P 0 16 1 30.410  9.178  9.180  0.000  -0.001   1.20 0.1959 -0.001    
  BST    80 193  66  P 4 16 1 35.310 14.078 14.172  0.000  -0.093   0.00 0.0000 -0.093    
  $$$   VELEST-Version ETH-11FEB92 located at: 0915-2026 110747.9  
 
 
1 E V E N T   N R .      102                            0                    0
0 DATE  ORIGIN   TIME   LAT      LON     DEPTH  MAG  NO  DM GAP  RMS   ALE D-SPR
 120815 16:18:13.819 38.4104N 46.7840E   4.372  1.9  17   4  82 0.17  1.60  0.00
0  ERX  ERY  ERZ Q SQD  ADJ  IN NR  AVR   AAR  NM AVXM  SDXM IT
   0.0  0.2 -0.1 A A/A  0.00  0 17 -0.00  0.10  0  0.0  0.0   6
0 F-E NR: 344 N.W. IRAN-USSR BORDER REGION    
0 STN  DIST AZM AIN PRMK HRMN  P-SEC  TPOBS  TPCAL  -TSCOR  P-RES   P-WT IMP STURES
        AMX PRX     SRMK XMAG  S-SEC  TSOBS  TSCAL  -TSCOR  S-RES   S-WT IMP STURES
  GZCH    4 337 141  P 0 1618 15.460  1.641  1.542  0.000   0.099   1.21 0.4680  0.136    
  ZANG    5  65 127  P 0 1618 15.470  1.651  1.774  0.000  -0.123   1.21 0.3344 -0.150    
  ORNG   11 323  91  P 4 1618 16.120  2.301  2.678  0.000  -0.376   0.00 0.0000 -0.376    
  VRDN   17 281  90  P 0 1618 17.680  3.861  3.767  0.000   0.094   1.21 0.1958  0.105    
  BLVR   18 202  90  P 0 1618 17.880  4.061  3.883  0.000   0.178   1.21 0.2492  0.206    
  NMVR   18 228  90  P 0 1618 17.860  4.041  3.949  0.000   0.093   1.21 0.1949  0.103    
  SRND   19 126  90  P 0 1618 17.900  4.081  4.054  0.000   0.028   1.21 0.1843  0.031    
  AZGN   20 312  90  P 0 1618 18.010  4.191  4.171  0.000   0.021   1.21 0.3196  0.025    
  KVCH   20 117  90  P 0 1618 18.140  4.321  4.265  0.000   0.056   1.21 0.1698  0.062    
  HMLO   24  71  90  P 4 1618 69.920 56.101  4.890  0.000  -8.789   0.00 0.0000 -8.789    
  FRMZ   24  59  90  P 0 1618 18.790  4.971  4.916  0.000   0.056   1.21 0.2715  0.065    
  HRS    25 246  90  P 0 1618 18.500  4.681  5.163  0.000  -0.482   1.21 0.1661 -0.528    
  MGSL   26 233  74  P 0 1618 19.120  5.301  5.278  0.000   0.023   1.21 0.1830  0.026    
  KRNG   29 277  74  P 0 1618 19.590  5.771  5.693  0.000   0.078   1.21 0.2607  0.091    
  GOLJ   32  90  74  P 0 1618 20.070  6.251  6.310  0.000  -0.059   1.21 0.2572 -0.068    
  TBZ    59 109  74  P 0 1618 24.530 10.711 10.736  0.000  -0.025   1.21 0.2103 -0.028    
  BST    79 187  66  P 4 1618 27.460 13.641 14.097  0.000  -0.455   0.00 0.0000 -0.455    
  $$$   VELEST-Version ETH-11FEB92 located at: 0915-2026 110747.9  
 
 
1 E V E N T   N R .      103                            0                    0
0 DATE  ORIGIN   TIME   LAT      LON     DEPTH  MAG  NO  DM GAP  RMS   ALE D-SPR
 120815 16:28:53.982 38.3798N 46.7686E  12.473  3.0  17   7  69 0.15  2.57  0.00
0  ERX  ERY  ERZ Q SQD  ADJ  IN NR  AVR   AAR  NM AVXM  SDXM IT
   0.0  0.2  0.0 A A/A  0.03  0 17 -0.00  0.10  0  0.0  0.0   5
0 F-E NR: 344 N.W. IRAN-USSR BORDER REGION    
0 STN  DIST AZM AIN PRMK HRMN  P-SEC  TPOBS  TPCAL  -TSCOR  P-RES   P-WT IMP STURES
        AMX PRX     SRMK XMAG  S-SEC  TSOBS  TSCAL  -TSCOR  S-RES   S-WT IMP STURES
  ZANG    7  31 152  P 0 1628 56.780  2.798  2.959  0.000  -0.161   1.13 0.2349 -0.184    
  GZCH    7 338 149  P 0 1628 56.940  2.958  2.981  0.000  -0.023   1.13 0.2082 -0.026    
  ORNG   15 327 126  P 0 1628 57.880  3.898  3.736  0.000   0.162   1.13 0.1884  0.180    
  BLVR   16 211 124  P 0 1628 58.020  4.038  3.865  0.000   0.174   1.13 0.2615  0.202    
  SRND   16 119 123  P 0 1628 57.880  3.898  3.934  0.000  -0.036   1.13 0.2107 -0.040    
  NMVR   17 239 120  P 0 1628 58.170  4.188  4.121  0.000   0.067   1.13 0.1800  0.074    
  KVCH   17 109 120  P 0 1628 58.180  4.198  4.166  0.000   0.032   1.13 0.1831  0.035    
  VRDN   20 290 116  P 0 1628 58.470  4.488  4.401  0.000   0.087   1.13 0.1522  0.094    
  AZGN   23 316 111  P 0 1628 58.820  4.838  4.913  0.000  -0.075   1.13 0.2419 -0.086    
  HMLO   24  62 111  P 4 1628110.330 56.348  5.070  0.000  -8.722   0.00 0.0000 -8.722    
  FRMZ   25  51 109  P 0 1628 59.290  5.308  5.191  0.000   0.117   1.13 0.2510  0.135    
  HRS    25 254 109  P 0 1628 58.910  4.928  5.307  0.000  -0.379   1.13 0.1539 -0.412    
  MGSL   25 241 109  P 0 1628 59.330  5.348  5.271  0.000   0.078   1.13 0.1714  0.085    
  KRNG   31 283 103  P 0 1628 60.060  6.078  6.040  0.000   0.038   1.13 0.2006  0.043    
  GOLJ   31  84 104  P 0 1628 60.130  6.148  6.156  0.000  -0.008   1.13 0.1954 -0.009    
  TBZ    57 107  95  P 0 1628 64.080 10.098 10.136  0.000  -0.037   1.13 0.2131 -0.042    
  BST    76 188  93  P 4 1628 66.990 13.008 13.324  0.000  -0.316   0.00 0.0000 -0.316    
  $$$   VELEST-Version ETH-11FEB92 located at: 0915-2026 110747.9  
 
 
1 E V E N T   N R .      104                            0                    0
0 DATE  ORIGIN   TIME   LAT      LON     DEPTH  MAG  NO  DM GAP  RMS   ALE D-SPR
 120815 16:37:20.799 38.3929N 46.6713E   4.391  2.2  14   7  87 0.10  1.66  0.00
0  ERX  ERY  ERZ Q SQD  ADJ  IN NR  AVR   AAR  NM AVXM  SDXM IT
   0.0  0.2 -0.1 A A/A  0.00  0 14  0.00  0.07  0  0.0  0.0   6
0 F-E NR: 344 N.W. IRAN-USSR BORDER REGION    
0 STN  DIST AZM AIN PRMK HRMN  P-SEC  TPOBS  TPCAL  -TSCOR  P-RES   P-WT IMP STURES
        AMX PRX     SRMK XMAG  S-SEC  TSOBS  TSCAL  -TSCOR  S-RES   S-WT IMP STURES
  ZANG    7 309 116  P 0 1637 22.650  1.851  1.978  0.000  -0.127   1.27 0.5068 -0.181    
  KVCH   11 131  92  P 0 1637 23.460  2.661  2.647  0.000   0.014   1.27 0.1980  0.016    
  SRND   11 150  92  P 0 1637 23.430  2.631  2.631  0.000  -0.000   1.27 0.2489 -0.000    
  HMLO   16  52  91  P 4 1637 75.640 54.841  3.533  0.000  -8.692   0.00 0.0000 -8.692    
  FRMZ   18  37  91  P 0 1637 24.800  4.001  3.849  0.000   0.152   1.27 0.3851  0.194    
  ORNG   20 303  90  P 0 1637 25.070  4.271  4.176  0.000   0.095   1.27 0.2623  0.110    
  GOLJ   22  85  90  P 0 1637 25.430  4.631  4.655  0.000  -0.024   1.27 0.1990 -0.027    
  BLVR   22 228  90  P 0 1637 25.520  4.721  4.607  0.000   0.114   1.27 0.2693  0.133    
  NMVR   26 246  74  P 0 1637 26.020  5.221  5.218  0.000   0.003   1.27 0.2175  0.003    
  VRDN   27 281  74  P 0 1637 26.180  5.381  5.493  0.000  -0.112   1.27 0.2717 -0.131    
  MGSL   33 246  74  P 0 1637 27.340  6.541  6.534  0.000   0.007   1.27 0.2175  0.008    
  HRS    34 256  74  P 4 1637 26.850  6.051  6.616  0.000  -0.565   0.00 0.0000 -0.565    
  TBZ    49 111  74  P 0 1637 29.800  9.001  9.085  0.000  -0.084   1.27 0.2649 -0.098    
  BST    79 194  66  P 4 1637 34.660 13.861 14.073  0.000  -0.212   0.00 0.0000 -0.212    
  $$$   VELEST-Version ETH-11FEB92 located at: 0915-2026 110747.9  
 
 
1 E V E N T   N R .      105                            0                    0
0 DATE  ORIGIN   TIME   LAT      LON     DEPTH  MAG  NO  DM GAP  RMS   ALE D-SPR
 120815 17:49: 4.810 38.3850N 46.6571E   8.474  4.7  19   8  43 0.12  1.70  0.00
0  ERX  ERY  ERZ Q SQD  ADJ  IN NR  AVR   AAR  NM AVXM  SDXM IT
   0.0  0.2 -0.1 A A/A  0.02  0 19 -0.00  0.09  0  0.0  0.0   7
0 F-E NR: 344 N.W. IRAN-USSR BORDER REGION    
0 STN  DIST AZM AIN PRMK HRMN  P-SEC  TPOBS  TPCAL  -TSCOR  P-RES   P-WT IMP STURES
        AMX PRX     SRMK XMAG  S-SEC  TSOBS  TSCAL  -TSCOR  S-RES   S-WT IMP STURES
  ZANG    8 308 135  P 0 1749  7.260  2.450  2.597  0.000  -0.147   1.12 0.1979 -0.164    
  SRND    9 154 130  P 0 1749  7.450  2.640  2.700  0.000  -0.060   1.12 0.4629 -0.082    
  MHTR   11 334 126  P 0 1749  7.670  2.860  2.879  0.000  -0.019   1.12 0.1710 -0.021    
  VRZ1   13 356 117  P 0 1749  8.130  3.320  3.249  0.000   0.071   1.12 0.1996  0.079    
  GZCH   14 296 116  P 0 1749  8.140  3.330  3.361  0.000  -0.031   1.12 0.1179 -0.033    
  HMLO   15  46 113  P 4 1749 10.680  5.870  3.598  0.000   2.272   0.00 0.0000  2.272    
  FRMZ   18  32 109  P 0 1749  8.880  4.070  3.935  0.000   0.135   1.12 0.2685  0.158    
  GOLJ   21  82 105  P 0 1749  9.240  4.430  4.501  0.000  -0.070   1.12 0.2995 -0.084    
  ORNG   21 303 104  P 0 1749  9.440  4.630  4.470  0.000   0.160   1.12 0.1259  0.171    
  BLVR   23 232 103  P 0 1749  9.770  4.960  4.691  0.000   0.269   1.12 0.1851  0.298    
  NMVR   26 249 100  P 0 1749 10.180  5.370  5.337  0.000   0.034   1.12 0.1359  0.036    
  VRDN   29 282  99  P 0 1749 10.480  5.670  5.701  0.000  -0.031   1.12 0.1124 -0.032    
  AZGN   30 302  98  P 0 1749 10.680  5.870  5.944  0.000  -0.074   1.12 0.1430 -0.080    
  MGSL   34 248  97  P 0 1749 11.490  6.680  6.636  0.000   0.045   1.12 0.1368  0.048    
  HRS    35 257  97  P 0 1749 11.380  6.570  6.752  0.000  -0.181   1.12 0.1221 -0.193    
  KRNG   40 279  72  P 0 1749 12.260  7.450  7.526  0.000  -0.076   1.12 0.2838 -0.090    
  TBZ    47 111  72  P 0 1749 13.500  8.690  8.726  0.000  -0.036   1.12 0.4364 -0.047    
  GRVN   48 253  72  P 4 1749 10.680  5.870  8.858  0.000  -2.988   0.00 0.0000 -2.988    
  BST    79 195  72  P 0 1749 18.580 13.770 13.757  0.000   0.014   1.12 0.3079  0.016    
  $$$   VELEST-Version ETH-11FEB92 located at: 0915-2026 110747.9  
 
 
1 E V E N T   N R .      106                            0                    0
0 DATE  ORIGIN   TIME   LAT      LON     DEPTH  MAG  NO  DM GAP  RMS   ALE D-SPR
 120815 19: 2:15.376 38.3883N 46.6563E   6.706  2.1  19   5  59 0.19  1.71  0.00
0  ERX  ERY  ERZ Q SQD  ADJ  IN NR  AVR   AAR  NM AVXM  SDXM IT
   0.0  0.2 -0.1 A A/A  0.01  0 19  0.00  0.12  0  0.0  0.0   5
0 F-E NR: 344 N.W. IRAN-USSR BORDER REGION    
0 STN  DIST AZM AIN PRMK HRMN  P-SEC  TPOBS  TPCAL  -TSCOR  P-RES   P-WT IMP STURES
        AMX PRX     SRMK XMAG  S-SEC  TSOBS  TSCAL  -TSCOR  S-RES   S-WT IMP STURES
  HIGH    5 193 140  P 0 19 2 17.380  2.004  2.067  0.000  -0.063   1.19 0.3691 -0.080    
  KVCH    9 134 120  P 0 19 2 17.930  2.554  2.559  0.000  -0.006   1.19 0.2846 -0.007    
  ZANG    8 306 126  P 0 19 2 17.710  2.334  2.385  0.000  -0.051   1.19 0.2874 -0.061    
  SRND   10 155 118  P 0 19 2 17.980  2.604  2.574  0.000   0.030   1.19 0.2789  0.035    
  MHTR   10 333 116  P 0 19 2 18.130  2.754  2.686  0.000   0.067   1.19 0.2562  0.078    
  GZCH   14 295 105  P 0 19 2 18.650  3.274  3.242  0.000   0.032   1.19 0.1269  0.034    
  HMLO   15  47 103  P 4 19 2 70.110 54.734  3.457  0.000  -8.723   0.00 0.0000 -8.723    
  FRMZ   17  32 100  P 0 19 2 19.310  3.934  3.807  0.000   0.127   1.19 0.3886  0.163    
  GOLJ   21  83  97  P 0 19 2 19.690  4.314  4.425  0.000  -0.111   1.19 0.4487 -0.149    
  ORNG   21 302  96  P 0 19 2 19.960  4.584  4.396  0.000   0.188   1.19 0.1363  0.202    
  BLVR   23 231  95  P 0 19 2 20.350  4.974  4.690  0.000   0.284   1.19 0.2002  0.317    
  NMVR   27 248  94  P 0 19 2 20.900  5.524  5.333  0.000   0.191   1.19 0.1567  0.208    
  VRDN   29 281  93  P 0 19 2 21.020  5.644  5.669  0.000  -0.026   1.19 0.1184 -0.027    
  AZGN   30 302  93  P 0 19 2 21.170  5.794  5.894  0.000  -0.100   1.19 0.1429 -0.108    
  MGSL   34 248  93  P 0 19 2 22.100  6.724  6.645  0.000   0.079   1.19 0.1662  0.087    
  HRS    35 257  93  P 0 19 2 21.620  6.244  6.752  0.000  -0.508   1.19 0.1441 -0.549    
  KRNG   40 278  92  P 0 19 2 22.810  7.434  7.531  0.000  -0.098   1.19 0.1238 -0.104    
  TBZ    48 111  92  P 4 19 2 23.970  8.594  8.792  0.000  -0.199   0.00 0.0000 -0.199    
  BST    79 195  72  P 4 19 2 29.400 14.024 13.904  0.000   0.120   0.00 0.0000  0.120    
  $$$   VELEST-Version ETH-11FEB92 located at: 0915-2026 110747.9  
 
 
1 E V E N T   N R .      107                            0                    0
0 DATE  ORIGIN   TIME   LAT      LON     DEPTH  MAG  NO  DM GAP  RMS   ALE D-SPR
 120815 19:23:57.883 38.3897N 46.6534E   6.687  1.8  16   6  60 0.18  1.71  0.00
0  ERX  ERY  ERZ Q SQD  ADJ  IN NR  AVR   AAR  NM AVXM  SDXM IT
   0.2 -0.0  0.0 A A/A  0.01  0 16  0.00  0.12  0  0.0  0.0   7
0 F-E NR: 344 N.W. IRAN-USSR BORDER REGION    
0 STN  DIST AZM AIN PRMK HRMN  P-SEC  TPOBS  TPCAL  -TSCOR  P-RES   P-WT IMP STURES
        AMX PRX     SRMK XMAG  S-SEC  TSOBS  TSCAL  -TSCOR  S-RES   S-WT IMP STURES
  HIGH    6 195 138  P 0 1923 59.920  2.037  2.089  0.000  -0.052   1.07 0.3518 -0.064    
  ZANG    8 304 126  P 0 1923 60.220  2.337  2.398  0.000  -0.061   1.07 0.2771 -0.072    
  KVCH    9 136 120  P 0 1923 60.420  2.537  2.549  0.000  -0.012   1.07 0.2865 -0.015    
  SRND   10 157 118  P 0 1923 60.520  2.637  2.580  0.000   0.057   1.07 0.2802  0.067    
  MHTR   10 331 116  P 0 1923 60.620  2.737  2.681  0.000   0.056   1.07 0.2633  0.065    
  GZCH   14 294 105  P 0 1923 61.170  3.287  3.267  0.000   0.020   1.07 0.1263  0.021    
  HMLO   15  47 104  P 4 1923112.580 54.697  3.408  0.000  -8.712   0.00 0.0000 -8.712    
  FRMZ   17  32 100  P 0 1923 61.770  3.887  3.761  0.000   0.125   1.07 0.4003  0.162    
  GOLJ   21  84  97  P 0 1923 62.140  4.257  4.380  0.000  -0.123   1.07 0.4452 -0.166    
  ORNG   21 302  96  P 0 1923 62.440  4.557  4.416  0.000   0.140   1.07 0.1400  0.151    
  BLVR   23 231  95  P 0 1923 62.910  5.027  4.739  0.000   0.288   1.07 0.1858  0.319    
  NMVR   27 248  94  P 0 1923 63.440  5.557  5.381  0.000   0.175   1.07 0.1431  0.189    
  VRDN   29 281  93  P 0 1923 63.530  5.647  5.704  0.000  -0.058   1.07 0.1138 -0.061    
  MGSL   35 247  93  P 0 1923 64.620  6.737  6.693  0.000   0.043   1.07 0.1513  0.047    
  HRS    35 257  93  P 0 1923 64.170  6.287  6.798  0.000  -0.512   1.07 0.1312 -0.549    
  KRNG   40 278  92  P 0 1923 65.400  7.517  7.568  0.000  -0.052   1.07 0.1173 -0.055    
  $$$   VELEST-Version ETH-11FEB92 located at: 0915-2026 110747.9  
 
 
1 E V E N T   N R .      108                            0                    0
0 DATE  ORIGIN   TIME   LAT      LON     DEPTH  MAG  NO  DM GAP  RMS   ALE D-SPR
 120815 19:36:21.062 38.3881N 46.6731E   7.375  2.6  18   5  55 0.11  1.64  0.00
0  ERX  ERY  ERZ Q SQD  ADJ  IN NR  AVR   AAR  NM AVXM  SDXM IT
   0.0  0.2 -0.1 A A/A  0.01  0 18 -0.00  0.08  0  0.0  0.0   4
0 F-E NR: 344 N.W. IRAN-USSR BORDER REGION    
0 STN  DIST AZM AIN PRMK HRMN  P-SEC  TPOBS  TPCAL  -TSCOR  P-RES   P-WT IMP STURES
        AMX PRX     SRMK XMAG  S-SEC  TSOBS  TSCAL  -TSCOR  S-RES   S-WT IMP STURES
  HIGH    5 177 143  P 0 1936 23.110  2.048  2.139  0.000  -0.091   1.06 0.3309 -0.111    
  ZANG    7 313 136  P 0 1936 23.270  2.208  2.317  0.000  -0.109   1.06 0.2145 -0.123    
  MHTR   10 340 123  P 0 1936 23.780  2.718  2.659  0.000   0.059   1.06 0.2117  0.066    
  SRND   10 147 120  P 0 1936 23.830  2.768  2.729  0.000   0.039   1.06 0.2406  0.045    
  KVCH   10 128 120  P 0 1936 23.840  2.778  2.773  0.000   0.005   1.06 0.2327  0.006    
  GZCH   13 297 113  P 0 1936 24.120  3.058  3.073  0.000  -0.015   1.06 0.1311 -0.016    
  HMLO   16  51 106  P 4 1936 76.060 54.998  3.667  0.000  -8.668   0.00 0.0000 -8.668    
  FRMZ   18  36 103  P 0 1936 25.220  4.158  3.967  0.000   0.191   1.06 0.3157  0.231    
  ORNG   20 305 101  P 0 1936 25.420  4.358  4.212  0.000   0.146   1.06 0.1481  0.158    
  BLVR   22 229  99  P 0 1936 25.790  4.728  4.515  0.000   0.214   1.06 0.1761  0.235    
  GOLJ   22  84  99  P 0 1936 25.710  4.648  4.682  0.000  -0.034   1.06 0.2691 -0.039    
  NMVR   25 247  97  P 0 1936 26.230  5.168  5.116  0.000   0.052   1.06 0.1494  0.057    
  VRDN   27 282  96  P 0 1936 26.450  5.388  5.440  0.000  -0.052   1.06 0.1317 -0.056    
  AZGN   29 303  96  P 0 1936 26.600  5.538  5.697  0.000  -0.159   1.06 0.1602 -0.174    
  MGSL   33 247  95  P 0 1936 27.500  6.438  6.425  0.000   0.013   1.06 0.1547  0.015    
  KRNG   39 279  94  P 0 1936 28.250  7.188  7.295  0.000  -0.107   1.06 0.1377 -0.115    
  TBZ    49 110  72  P 0 1936 29.980  8.918  9.008  0.000  -0.089   1.06 0.3895 -0.115    
  BST    79 194  72  P 0 1936 34.840 13.778 13.808  0.000  -0.030   1.06 0.3226 -0.037    
  $$$   VELEST-Version ETH-11FEB92 located at: 0915-2026 110747.9  
 
 
1 E V E N T   N R .      109                            0                    0
0 DATE  ORIGIN   TIME   LAT      LON     DEPTH  MAG  NO  DM GAP  RMS   ALE D-SPR
 120815 19:37:25.550 38.4001N 46.6941E   4.997  1.5  15   5  62 0.18  1.58  0.00
0  ERX  ERY  ERZ Q SQD  ADJ  IN NR  AVR   AAR  NM AVXM  SDXM IT
   0.2 -0.0 -0.0 A A/A  0.23  0 15 -0.00  0.13  0  0.0  0.0  99
0 F-E NR: 344 N.W. IRAN-USSR BORDER REGION    
0 STN  DIST AZM AIN PRMK HRMN  P-SEC  TPOBS  TPCAL  -TSCOR  P-RES   P-WT IMP STURES
        AMX PRX     SRMK XMAG  S-SEC  TSOBS  TSCAL  -TSCOR  S-RES   S-WT IMP STURES
  ZANG    5 317 138  P 0 1937 27.200  1.650  1.767  0.000  -0.117   1.07 0.3446 -0.145    
  HIGH    7 162 120  P 0 1937 27.530  1.980  2.076  0.000  -0.096   1.07 0.3793 -0.122    
  MHTR    8 350 115  P 0 1937 27.800  2.250  2.206  0.000   0.044   1.07 0.2642  0.051    
  GZCH   10 296 104  P 0 1937 28.170  2.620  2.591  0.000   0.029   1.07 0.1607  0.032    
  SRND   12 144  99  P 0 1937 28.510  2.960  2.946  0.000   0.014   1.07 0.2236  0.016    
  KVCH   13 128  98  P 0 1937 28.560  3.010  3.011  0.000  -0.001   1.07 0.2127 -0.001    
  HMLO   17  58  95  P 4 1937 80.530 54.980  3.743  0.000  -8.763   0.00 0.0000 -8.763    
  ORNG   18 305  94  P 0 1937 29.510  3.960  3.816  0.000   0.144   1.07 0.1673  0.158    
  FRMZ   18  43  94  P 0 1937 29.640  4.090  3.970  0.000   0.120   1.07 0.3297  0.146    
  BLVR   21 223  74  P 0 1937 30.250  4.700  4.456  0.000   0.244   1.07 0.1656  0.267    
  NMVR   24 243  74  P 0 1937 30.640  5.090  4.946  0.000   0.144   1.07 0.1519  0.156    
  GOLJ   24  87  74  P 0 1937 30.460  4.910  4.976  0.000  -0.066   1.07 0.3234 -0.080    
  HRS    32 253  74  P 0 1937 31.410  5.860  6.302  0.000  -0.442   1.07 0.1500 -0.480    
  MGSL   32 243  74  P 0 1937 31.990  6.440  6.261  0.000   0.178   1.07 0.1517  0.194    
  KRNG   37 277  74  P 0 1937 32.370  6.820  6.984  0.000  -0.164   1.07 0.1705 -0.180    
  $$$   VELEST-Version ETH-11FEB92 located at: 0915-2026 110747.9  
 
 
1 E V E N T   N R .      110                            0                    0
0 DATE  ORIGIN   TIME   LAT      LON     DEPTH  MAG  NO  DM GAP  RMS   ALE D-SPR
 120815 19:39:16.656 38.4192N 46.7409E  11.611  2.9  19   2  77 0.16  1.93  0.00
0  ERX  ERY  ERZ Q SQD  ADJ  IN NR  AVR   AAR  NM AVXM  SDXM IT
   0.0  0.2  0.0 A A/A  0.00  0 19 -0.00  0.11  0  0.0  0.0   6
0 F-E NR: 344 N.W. IRAN-USSR BORDER REGION    
0 STN  DIST AZM AIN PRMK HRMN  P-SEC  TPOBS  TPCAL  -TSCOR  P-RES   P-WT IMP STURES
        AMX PRX     SRMK XMAG  S-SEC  TSOBS  TSCAL  -TSCOR  S-RES   S-WT IMP STURES
  ZANG    2  38 172  P 0 1939 19.080  2.424  2.581  0.000  -0.157   1.06 0.2436 -0.180    
  MHTR    6  26 151  P 0 1939 19.400  2.744  2.792  0.000  -0.048   1.06 0.2156 -0.054    
  GZCH    6 294 153  P 0 1939 19.340  2.684  2.741  0.000  -0.057   1.06 0.2017 -0.063    
  HIGH   11 145 134  P 0 1939 19.850  3.194  3.236  0.000  -0.042   1.06 0.1975 -0.047    
  ORNG   13 307 127  P 0 1939 20.300  3.644  3.455  0.000   0.189   1.06 0.1766  0.209    
  SRND   17 137 118  P 0 1939 20.710  4.054  3.970  0.000   0.084   1.06 0.1664  0.092    
  KVCH   17 125 118  P 0 1939 20.790  4.134  4.073  0.000   0.061   1.06 0.1591  0.067    
  HMLO   20  70 113  P 4 1939 72.400 55.744  4.430  0.000  -8.686   0.00 0.0000 -8.686    
  FRMZ   20  56 112  P 0 1939 21.240  4.584  4.467  0.000   0.117   1.06 0.3018  0.140    
  VRDN   21 276 110  P 0 1939 21.250  4.594  4.549  0.000   0.045   1.06 0.1473  0.049    
  BLVR   21 211 111  P 0 1939 21.440  4.784  4.504  0.000   0.280   1.06 0.1725  0.308    
  AZGN   22 304 109  P 0 1939 21.330  4.674  4.721  0.000  -0.046   1.06 0.2346 -0.053    
  NMVR   22 233 109  P 0 1939 21.480  4.824  4.707  0.000   0.118   1.06 0.1438  0.127    
  GOLJ   28  92 103  P 0 1939 22.330  5.674  5.725  0.000  -0.051   1.06 0.2522 -0.059    
  HRS    29 247 102  P 0 1939 22.110  5.454  5.844  0.000  -0.389   1.06 0.1482 -0.422    
  MGSL   30 236 102  P 0 1939 22.670  6.014  5.902  0.000   0.112   1.06 0.1559  0.122    
  KRNG   32 274  99  P 0 1939 22.960  6.304  6.288  0.000   0.017   1.06 0.1952  0.019    
  TBZ    56 112  94  P 0 1939 26.630  9.974  9.989  0.000  -0.014   1.06 0.2763 -0.017    
  BST    81 189  92  P 0 1939 30.530 13.874 14.060  0.000  -0.186   1.06 0.2374 -0.212    
  $$$   VELEST-Version ETH-11FEB92 located at: 0915-2026 110747.9  
 
 
1 E V E N T   N R .      111                            0                    0
0 DATE  ORIGIN   TIME   LAT      LON     DEPTH  MAG  NO  DM GAP  RMS   ALE D-SPR
 120815 19:59:43.514 38.3899N 46.6508E   4.182  1.6  14   6  61 0.09  1.42  0.00
0  ERX  ERY  ERZ Q SQD  ADJ  IN NR  AVR   AAR  NM AVXM  SDXM IT
   0.2 -0.0 -0.1 A A/A -0.07  0 14  0.00  0.07  0  0.0  0.0  99
0 F-E NR: 344 N.W. IRAN-USSR BORDER REGION    
0 STN  DIST AZM AIN PRMK HRMN  P-SEC  TPOBS  TPCAL  -TSCOR  P-RES   P-WT IMP STURES
        AMX PRX     SRMK XMAG  S-SEC  TSOBS  TSCAL  -TSCOR  S-RES   S-WT IMP STURES
  HIGH    6 197 134  P 4 1959 96.700 53.186  1.816  0.000  -8.630   0.00 0.0000 -8.630    
  KVCH    9 137 120  P 0 1959 45.870  2.356  2.373  0.000  -0.017   1.27 0.3203 -0.021    
  ZANG    8 303 124  P 0 1959 45.730  2.216  2.233  0.000  -0.017   1.27 0.3664 -0.021    
  SRND   10 158 118  P 0 1959 46.000  2.486  2.439  0.000   0.048   1.27 0.3170  0.058    
  MHTR   10 330 116  P 0 1959 46.190  2.676  2.589  0.000   0.087   1.27 0.4267  0.115    
  GZCH   14 293  56  P 0 1959 46.780  3.266  3.267  0.000  -0.000   1.27 0.1686 -0.000    
  HMLO   15  47  56  P 4 1959 98.160 54.646  3.349  0.000  -8.702   0.00 0.0000 -8.702    
  FRMZ   17  31  56  P 0 1959 47.370  3.856  3.736  0.000   0.121   1.27 0.4152  0.158    
  GOLJ   20  84  56  P 0 1959 47.800  4.286  4.364  0.000  -0.078   1.27 0.4065 -0.102    
  BLVR   23 232  56  P 4 1959 48.550  5.036  4.820  0.000   0.216   0.00 0.0000  0.216    
  NMVR   27 248  53  P 0 1959 49.090  5.576  5.490  0.000   0.086   1.27 0.2276  0.098    
  AZGN   30 301  53  P 0 1959 49.410  5.896  6.020  0.000  -0.124   1.27 0.1798 -0.137    
  MGSL   35 248  53  P 0 1959 50.380  6.866  6.804  0.000   0.062   1.27 0.2298  0.071    
  KRNG   41 278  53  P 0 1959 51.110  7.596  7.681  0.000  -0.085   1.27 0.1750 -0.094    
  $$$   VELEST-Version ETH-11FEB92 located at: 0915-2026 110747.9  
 
 
1 E V E N T   N R .      112                            0                    0
0 DATE  ORIGIN   TIME   LAT      LON     DEPTH  MAG  NO  DM GAP  RMS   ALE D-SPR
 120815 20:15:12.191 38.3887N 46.6561E   6.565  1.9  17   6  86 0.18  1.70  0.00
0  ERX  ERY  ERZ Q SQD  ADJ  IN NR  AVR   AAR  NM AVXM  SDXM IT
   0.0  0.2 -0.1 A A/A  0.00  0 17  0.00  0.11  0  0.0  0.0   4
0 F-E NR: 344 N.W. IRAN-USSR BORDER REGION    
0 STN  DIST AZM AIN PRMK HRMN  P-SEC  TPOBS  TPCAL  -TSCOR  P-RES   P-WT IMP STURES
        AMX PRX     SRMK XMAG  S-SEC  TSOBS  TSCAL  -TSCOR  S-RES   S-WT IMP STURES
  HIGH    6 193 138  P 0 2015 14.230  2.039  2.055  0.000  -0.016   1.06 0.3537 -0.019    
  ZANG    8 305 126  P 0 2015 14.530  2.339  2.369  0.000  -0.030   1.06 0.2612 -0.035    
  KVCH    9 134 119  P 0 2015 14.690  2.499  2.551  0.000  -0.052   1.06 0.2238 -0.059    
  SRND   10 155 117  P 0 2015 14.770  2.579  2.569  0.000   0.010   1.06 0.2085  0.012    
  GZCH   14 294 104  P 0 2015 15.470  3.279  3.235  0.000   0.044   1.06 0.1370  0.048    
  HMLO   15  47 102  P 4 2015 66.890 54.699  3.445  0.000  -8.746   0.00 0.0000 -8.746    
  FRMZ   17  32  99  P 0 2015 16.080  3.889  3.795  0.000   0.094   1.06 0.4312  0.125    
  ORNG   21 302  95  P 0 2015 16.760  4.569  4.391  0.000   0.178   1.06 0.1553  0.193    
  BLVR   23 231  95  P 0 2015 17.180  4.989  4.694  0.000   0.295   1.06 0.1372  0.317    
  NMVR   27 248  94  P 0 2015 17.710  5.519  5.336  0.000   0.183   1.06 0.1186  0.195    
  VRDN   29 281  93  P 0 2015 17.860  5.669  5.669  0.000   0.000   1.06 0.1175  0.001    
  AZGN   30 301  93  P 0 2015 17.990  5.799  5.890  0.000  -0.091   1.06 0.1587 -0.099    
  MGSL   34 248  92  P 0 2015 18.900  6.709  6.649  0.000   0.060   1.06 0.1215  0.064    
  HRS    35 257  92  P 0 2015 18.440  6.249  6.755  0.000  -0.506   1.06 0.1138 -0.537    
  KRNG   40 278  92  P 0 2015 19.640  7.449  7.532  0.000  -0.082   1.06 0.1169 -0.088    
  TBZ    48 111  91  P 0 2015 20.950  8.759  8.792  0.000  -0.033   1.06 0.2784 -0.039    
  BST    79 195  72  P 0 2015 26.090 13.899 13.919  0.000  -0.020   1.06 0.3064 -0.024    
  $$$   VELEST-Version ETH-11FEB92 located at: 0915-2026 110747.9  
 
 
1 E V E N T   N R .      113                            0                    0
 DELETED: AZGN unknown phase is: I
0 DATE  ORIGIN   TIME   LAT      LON     DEPTH  MAG  NO  DM GAP  RMS   ALE D-SPR
 120815 20:18:59.715 38.4052N 46.7325E  10.918  2.4  19   3  53 0.15  1.89  0.00
0  ERX  ERY  ERZ Q SQD  ADJ  IN NR  AVR   AAR  NM AVXM  SDXM IT
   0.0  0.2  0.0 A A/A  0.00  0 19 -0.00  0.10  0  0.0  0.0   5
0 F-E NR: 344 N.W. IRAN-USSR BORDER REGION    
0 STN  DIST AZM AIN PRMK HRMN  P-SEC  TPOBS  TPCAL  -TSCOR  P-RES   P-WT IMP STURES
        AMX PRX     SRMK XMAG  S-SEC  TSOBS  TSCAL  -TSCOR  S-RES   S-WT IMP STURES
  ZANG    3   5 166  P 0 2018 62.090  2.375  2.510  0.000  -0.135   1.12 0.2647 -0.157    
  GZCH    7 303 145  P 0 2018 62.470  2.755  2.760  0.000  -0.004   1.12 0.2047 -0.005    
  MHTR    7  15 144  P 0 2018 62.510  2.795  2.803  0.000  -0.008   1.12 0.2304 -0.009    
  HIGH    9 143 138  P 0 2018 62.630  2.915  2.971  0.000  -0.056   1.12 0.2336 -0.064    
  ORNG   15 310 120  P 0 2018 63.490  3.775  3.599  0.000   0.176   1.12 0.1752  0.194    
  SRND   15 135 119  P 0 2018 63.470  3.755  3.692  0.000   0.064   1.12 0.1962  0.071    
  KVCH   16 122 118  P 0 2018 63.560  3.845  3.816  0.000   0.030   1.12 0.1800  0.033    
  HMLO   20  65 110  P 4 2018115.410 55.695  4.377  0.000  -8.682   0.00 0.0000 -8.682    
  BLVR   20 215 110  P 0 2018 64.240  4.525  4.330  0.000   0.195   1.12 0.2160  0.221    
  FRMZ   20  51 109  P 0 2018 64.330  4.615  4.477  0.000   0.138   1.12 0.3032  0.165    
  NMVR   22 237 107  P 0 2018 64.410  4.695  4.629  0.000   0.066   1.12 0.1701  0.072    
  VRDN   22 280 106  P 0 2018 64.400  4.685  4.658  0.000   0.027   1.12 0.1462  0.029    
  AZGN   24 306 104  P 0 2018 64.560  4.845  4.916  0.000  -0.071   1.12 0.2215 -0.080    
  GOLJ   27  89 101  P 0 2018 65.250  5.535  5.587  0.000  -0.052   1.12 0.2662 -0.060    
  HRS    29 250  99  P 0 2018 65.150  5.435  5.841  0.000  -0.406   1.12 0.1687 -0.445    
  MGSL   29 239  99  P 0 2018 65.660  5.945  5.849  0.000   0.096   1.12 0.1880  0.106    
  KRNG   33 277  96  P 0 2018 66.170  6.455  6.410  0.000   0.045   1.12 0.1882  0.050    
  TBZ    54 110  93  P 0 2018 69.430  9.715  9.786  0.000  -0.071   1.12 0.3046 -0.085    
  BST    79 190  91  P 4 2018 73.350 13.635 13.833  0.000  -0.198   0.00 0.0000 -0.198    
  $$$   VELEST-Version ETH-11FEB92 located at: 0915-2026 110747.9  
 
 
1 E V E N T   N R .      114                            0                    0
0 DATE  ORIGIN   TIME   LAT      LON     DEPTH  MAG  NO  DM GAP  RMS   ALE D-SPR
 120815 20:27:44.802 38.3868N 46.6650E   7.406  1.6  19   5  57 0.20  1.71  0.00
0  ERX  ERY  ERZ Q SQD  ADJ  IN NR  AVR   AAR  NM AVXM  SDXM IT
   0.0  0.2 -0.1 A A/A  0.01  0 19 -0.00  0.13  0  0.0  0.0   5
0 F-E NR: 344 N.W. IRAN-USSR BORDER REGION    
0 STN  DIST AZM AIN PRMK HRMN  P-SEC  TPOBS  TPCAL  -TSCOR  P-RES   P-WT IMP STURES
        AMX PRX     SRMK XMAG  S-SEC  TSOBS  TSCAL  -TSCOR  S-RES   S-WT IMP STURES
  HIGH    5 185 144  P 0 2027 46.890  2.088  2.130  0.000  -0.042   1.19 0.3562 -0.053    
  ZANG    7 310 133  P 0 2027 47.110  2.308  2.395  0.000  -0.087   1.19 0.2894 -0.103    
  SRND   10 151 122  P 0 2027 47.490  2.688  2.662  0.000   0.026   1.19 0.2761  0.031    
  KVCH   10 130 123  P 0 2027 47.460  2.658  2.685  0.000  -0.027   1.19 0.2739 -0.032    
  MHTR   10 337 122  P 0 2027 47.580  2.778  2.717  0.000   0.061   1.19 0.2522  0.071    
  GZCH   13 297 112  P 0 2027 47.990  3.188  3.182  0.000   0.006   1.19 0.1392  0.007    
  HMLO   16  49 107  P 4 2027 99.700 54.898  3.596  0.000  -8.698   0.00 0.0000 -8.698    
  FRMZ   18  34 103  P 0 2027 48.840  4.038  3.921  0.000   0.117   1.19 0.3804  0.149    
  ORNG   21 304 100  P 0 2027 49.400  4.598  4.322  0.000   0.276   1.19 0.1406  0.298    
  GOLJ   22  83 100  P 0 2027 49.280  4.478  4.570  0.000  -0.092   1.19 0.4418 -0.123    
  BLVR   22 230  99  P 0 2027 49.670  4.868  4.589  0.000   0.279   1.19 0.2020  0.313    
  NMVR   26 248  97  P 0 2027 50.180  5.378  5.216  0.000   0.162   1.19 0.1589  0.177    
  VRDN   28 282  96  P 0 2027 50.330  5.528  5.560  0.000  -0.032   1.19 0.1225 -0.034    
  AZGN   30 303  96  P 0 2027 50.500  5.698  5.809  0.000  -0.111   1.19 0.1520 -0.121    
  MGSL   34 247  95  P 0 2027 51.430  6.628  6.524  0.000   0.104   1.19 0.1725  0.115    
  HRS    34 257  95  P 0 2027 50.930  6.128  6.629  0.000  -0.501   1.19 0.1495 -0.543    
  KRNG   39 279  94  P 0 2027 52.110  7.308  7.415  0.000  -0.107   1.19 0.1321 -0.115    
  TBZ    48 111  72  P 4 2027 53.620  8.818  8.893  0.000  -0.075   0.00 0.0000 -0.075    
  BST    79 194  72  P 4 2027 58.510 13.708 13.812  0.000  -0.104   0.00 0.0000 -0.104    
  $$$   VELEST-Version ETH-11FEB92 located at: 0915-2026 110747.9  
 
 
1 E V E N T   N R .      115                            0                    0
0 DATE  ORIGIN   TIME   LAT      LON     DEPTH  MAG  NO  DM GAP  RMS   ALE D-SPR
 120815 20:38:42.800 38.4096N 46.7960E   9.701  1.8  16   3  74 0.08  1.69  0.00
0  ERX  ERY  ERZ Q SQD  ADJ  IN NR  AVR   AAR  NM AVXM  SDXM IT
  -0.2 -0.0  0.0 A A/A  0.00  0 16  0.00  0.06  0  0.0  0.0   6
0 F-E NR: 344 N.W. IRAN-USSR BORDER REGION    
0 STN  DIST AZM AIN PRMK HRMN  P-SEC  TPOBS  TPCAL  -TSCOR  P-RES   P-WT IMP STURES
        AMX PRX     SRMK XMAG  S-SEC  TSOBS  TSCAL  -TSCOR  S-RES   S-WT IMP STURES
  GZCH    3 354 160  P 0 2038 45.080  2.280  2.319  0.000  -0.040   1.07 0.3062 -0.047    
  ZANG    6  69 146  P 0 2038 45.260  2.460  2.557  0.000  -0.097   1.07 0.2357 -0.111    
  MHTR   10  48 129  P 0 2038 45.760  2.960  2.948  0.000   0.012   1.07 0.1955  0.013    
  ORNG   11 328 127  P 0 2038 45.950  3.150  2.954  0.000   0.196   1.07 0.2063  0.220    
  HIGH   13 125 118  P 0 2038 46.150  3.350  3.403  0.000  -0.053   1.07 0.1900 -0.059    
  VRDN   16 282 109  P 0 2038 46.570  3.770  3.761  0.000   0.009   1.07 0.1489  0.010    
  NMVR   18 226 107  P 0 2038 46.740  3.940  3.956  0.000  -0.016   1.07 0.2168 -0.018    
  BLVR   18 199 107  P 0 2038 46.860  4.060  3.957  0.000   0.103   1.07 0.2640  0.120    
  AZGN   19 315 104  P 0 2038 46.880  4.080  4.168  0.000  -0.088   1.07 0.2239 -0.100    
  SRND   20 124 102  P 0 2038 47.130  4.330  4.304  0.000   0.026   1.07 0.1986  0.029    
  KVCH   21 115 100  P 0 2038 47.370  4.570  4.515  0.000   0.055   1.07 0.1972  0.062    
  HMLO   25  71  95  P 4 2038 99.200 56.400  5.100  0.000  -8.700   0.00 0.0000 -8.700    
  MGSL   25 232  94  P 0 2038 47.900  5.100  5.149  0.000  -0.049   1.07 0.2187 -0.056    
  FRMZ   25  60  94  P 0 2038 47.970  5.170  5.107  0.000   0.063   1.07 0.3194  0.076    
  KRNG   28 277  92  P 0 2038 48.270  5.470  5.513  0.000  -0.044   1.07 0.1963 -0.049    
  GOLJ   33  90  91  P 0 2038 49.200  6.400  6.442  0.000  -0.042   1.07 0.2700 -0.049    
  $$$   VELEST-Version ETH-11FEB92 located at: 0915-2026 110747.9  
 
 
1 E V E N T   N R .      116                            0                    0
0 DATE  ORIGIN   TIME   LAT      LON     DEPTH  MAG  NO  DM GAP  RMS   ALE D-SPR
 120815 20:39:41.956 38.4028N 46.7310E  11.572  2.4  19   3  50 0.15  1.89  0.00
0  ERX  ERY  ERZ Q SQD  ADJ  IN NR  AVR   AAR  NM AVXM  SDXM IT
   0.0  0.2  0.0 A A/A  0.04  0 19 -0.00  0.12  0  0.0  0.0   4
0 F-E NR: 344 N.W. IRAN-USSR BORDER REGION    
0 STN  DIST AZM AIN PRMK HRMN  P-SEC  TPOBS  TPCAL  -TSCOR  P-RES   P-WT IMP STURES
        AMX PRX     SRMK XMAG  S-SEC  TSOBS  TSCAL  -TSCOR  S-RES   S-WT IMP STURES
  ZANG    3   2 165  P 0 2039 44.390  2.434  2.621  0.000  -0.187   1.06 0.2376 -0.214    
  GZCH    7 304 146  P 0 2039 44.770  2.814  2.868  0.000  -0.054   1.06 0.1863 -0.060    
  MHTR    8  14 145  P 0 2039 44.830  2.874  2.908  0.000  -0.034   1.06 0.2053 -0.038    
  HIGH    9 143 141  P 0 2039 44.940  2.984  3.019  0.000  -0.035   1.06 0.2222 -0.039    
  ORNG   15 311 122  P 0 2039 45.810  3.854  3.690  0.000   0.165   1.06 0.1666  0.181    
  SRND   15 134 123  P 0 2039 45.770  3.814  3.707  0.000   0.108   1.06 0.1782  0.119    
  KVCH   15 121 121  P 0 2039 45.870  3.914  3.832  0.000   0.082   1.06 0.1675  0.090    
  HMLO   20  64 113  P 4 2039 97.720 55.764  4.415  0.000  -8.651   0.00 0.0000 -8.651    
  BLVR   19 215 113  P 0 2039 46.510  4.554  4.346  0.000   0.208   1.06 0.1777  0.229    
  FRMZ   20  51 111  P 0 2039 46.610  4.654  4.523  0.000   0.131   1.06 0.2907  0.156    
  NMVR   22 238 110  P 0 2039 46.710  4.754  4.657  0.000   0.098   1.06 0.1443  0.106    
  VRDN   22 281 109  P 0 2039 46.710  4.754  4.716  0.000   0.039   1.06 0.1432  0.042    
  AZGN   24 306 107  P 0 2039 46.860  4.904  4.984  0.000  -0.080   1.06 0.2160 -0.090    
  GOLJ   27  88 104  P 0 2039 47.560  5.604  5.589  0.000   0.015   1.06 0.2560  0.017    
  HRS    29 251 102  P 0 2039 47.490  5.534  5.866  0.000  -0.331   1.06 0.1476 -0.359    
  MGSL   29 240 102  P 0 2039 47.960  6.004  5.864  0.000   0.140   1.06 0.1571  0.153    
  KRNG   33 277  99  P 0 2039 48.460  6.504  6.449  0.000   0.055   1.06 0.1840  0.061    
  TBZ    54 110  94  P 0 2039 51.600  9.644  9.758  0.000  -0.113   1.06 0.2932 -0.135    
  BST    79 190  92  P 0 2039 55.580 13.624 13.798  0.000  -0.174   1.06 0.2555 -0.201    
  $$$   VELEST-Version ETH-11FEB92 located at: 0915-2026 110747.9  
 
 
1 E V E N T   N R .      117                            0                    0
0 DATE  ORIGIN   TIME   LAT      LON     DEPTH  MAG  NO  DM GAP  RMS   ALE D-SPR
 120815 20:41:15.941 38.4021N 46.8216E   4.126  1.2  13   5  75 0.09  1.42  0.00
0  ERX  ERY  ERZ Q SQD  ADJ  IN NR  AVR   AAR  NM AVXM  SDXM IT
  -0.1 -0.1 -0.1 A A/A -0.07  0 13  0.00  0.08  0  0.0  0.0  99
0 F-E NR: 344 N.W. IRAN-USSR BORDER REGION    
0 STN  DIST AZM AIN PRMK HRMN  P-SEC  TPOBS  TPCAL  -TSCOR  P-RES   P-WT IMP STURES
        AMX PRX     SRMK XMAG  S-SEC  TSOBS  TSCAL  -TSCOR  S-RES   S-WT IMP STURES
  GZCH    5  24 140  P 0 2041 17.550  1.609  1.630  0.000  -0.021   1.08 0.3132 -0.025    
  ZANG    9  69 122  P 0 2041 18.160  2.219  2.288  0.000  -0.069   1.08 0.2611 -0.080    
  ORNG   10 341 115  P 0 2041 18.650  2.709  2.555  0.000   0.154   1.08 0.2870  0.183    
  MHTR   12  52  56  P 0 2041 18.840  2.899  2.956  0.000  -0.056   1.08 0.2400 -0.065    
  VRDN   14 287  56  P 0 2041 19.150  3.209  3.270  0.000  -0.061   1.08 0.2580 -0.071    
  HIGH   15 117  56  P 0 2041 19.230  3.289  3.414  0.000  -0.124   1.08 0.1717 -0.137    
  BLVR   16 192  56  P 0 2041 19.590  3.649  3.584  0.000   0.065   1.08 0.2195  0.073    
  AZGN   18 322  56  P 0 2041 19.790  3.849  3.917  0.000  -0.067   1.08 0.3206 -0.082    
  SRND   21 119  56  P 0 2041 20.460  4.519  4.469  0.000   0.050   1.08 0.1724  0.055    
  MGSL   23 230  56  P 0 2041 20.680  4.739  4.753  0.000  -0.014   1.08 0.2113 -0.016    
  KVCH   23 111  56  P 0 2041 20.750  4.809  4.743  0.000   0.066   1.08 0.1693  0.072    
  HMLO   27  71  53  P 4 2041 72.760 56.819  5.499  0.000  -8.680   0.00 0.0000 -8.680    
  FRMZ   27  61  53  P 0 2041 21.570  5.629  5.505  0.000   0.125   1.08 0.2250  0.142    
  $$$   VELEST-Version ETH-11FEB92 located at: 0915-2026 110747.9  
 
 
1 E V E N T   N R .      118                            0                    0
0 DATE  ORIGIN   TIME   LAT      LON     DEPTH  MAG  NO  DM GAP  RMS   ALE D-SPR
 120815 20:52:33.765 38.4194N 46.7505E  11.802  1.2  12   5  94 0.11  1.77  0.00
0  ERX  ERY  ERZ Q SQD  ADJ  IN NR  AVR   AAR  NM AVXM  SDXM IT
   0.2 -0.0  0.0 A A/A  0.00  0 12 -0.00  0.08  0  0.0  0.0   6
0 F-E NR: 344 N.W. IRAN-USSR BORDER REGION    
0 STN  DIST AZM AIN PRMK HRMN  P-SEC  TPOBS  TPCAL  -TSCOR  P-RES   P-WT IMP STURES
        AMX PRX     SRMK XMAG  S-SEC  TSOBS  TSCAL  -TSCOR  S-RES   S-WT IMP STURES
  GZCH    5 298 157  P 0 2052 36.460  2.695  2.717  0.000  -0.022   1.09 0.2619 -0.026    
  MHTR    7  32 149  P 0 2052 36.630  2.865  2.848  0.000   0.017   1.09 0.2974  0.020    
  HIGH   11 141 133  P 0 2052 36.970  3.205  3.317  0.000  -0.112   1.09 0.1833 -0.124    
  SRND   17 135 118  P 0 2052 37.820  4.055  4.069  0.000  -0.014   1.09 0.1706 -0.015    
  KVCH   18 124 117  P 0 2052 37.920  4.155  4.186  0.000  -0.031   1.09 0.1564 -0.034    
  BLVR   20 208 113  P 0 2052 38.420  4.655  4.458  0.000   0.197   1.09 0.1707  0.216    
  VRDN   20 276 112  P 0 2052 38.260  4.495  4.438  0.000   0.057   1.09 0.1762  0.063    
  HMLO   20  71 113  P 4 2052 89.700 55.935  4.555  0.000  -8.620   0.00 0.0000 -8.620    
  FRMZ   21  57 112  P 0 2052 38.510  4.745  4.579  0.000   0.166   1.09 0.2191  0.188    
  MGSL   29 235 103  P 0 2052 39.570  5.805  5.805  0.000   0.000   1.09 0.1503  0.000    
  GOLJ   29  92 103  P 0 2052 39.570  5.805  5.861  0.000  -0.056   1.09 0.1423 -0.061    
  KRNG   32 274 101  P 0 2052 39.760  5.995  6.163  0.000  -0.168   1.09 0.1890 -0.186    
  $$$   VELEST-Version ETH-11FEB92 located at: 0915-2026 110747.9  
 
 
1 E V E N T   N R .      119                            0                    0
0 DATE  ORIGIN   TIME   LAT      LON     DEPTH  MAG  NO  DM GAP  RMS   ALE D-SPR
 120815 20:54: 2.913 38.4234N 46.7404E  10.697  1.3  14   1  81 0.09  1.85  0.00
0  ERX  ERY  ERZ Q SQD  ADJ  IN NR  AVR   AAR  NM AVXM  SDXM IT
   0.2 -0.0  0.0 A A/A  0.01  0 14  0.00  0.07  0  0.0  0.0   6
0 F-E NR: 344 N.W. IRAN-USSR BORDER REGION    
0 STN  DIST AZM AIN PRMK HRMN  P-SEC  TPOBS  TPCAL  -TSCOR  P-RES   P-WT IMP STURES
        AMX PRX     SRMK XMAG  S-SEC  TSOBS  TSCAL  -TSCOR  S-RES   S-WT IMP STURES
  ZANG    1  51 174  P 0 2054  5.300  2.387  2.430  0.000  -0.044   1.00 0.2598 -0.051    
  MHTR    6  27 150  P 0 2054  5.540  2.627  2.632  0.000  -0.005   1.00 0.2318 -0.006    
  GZCH    6 290 151  P 0 2054  5.490  2.577  2.603  0.000  -0.027   1.00 0.2118 -0.030    
  HIGH   11 146 130  P 0 2054  6.020  3.107  3.182  0.000  -0.075   1.00 0.1884 -0.083    
  ORNG   13 305 124  P 0 2054  6.450  3.537  3.341  0.000   0.196   1.00 0.1607  0.214    
  SRND   17 138 114  P 0 2054  6.840  3.927  3.950  0.000  -0.023   1.00 0.1720 -0.026    
  KVCH   17 126 113  P 0 2054  6.930  4.017  4.044  0.000  -0.028   1.00 0.1760 -0.030    
  FRMZ   20  57 109  P 0 2054  7.360  4.447  4.373  0.000   0.074   1.00 0.3722  0.093    
  BLVR   21 210 107  P 0 2054  7.590  4.677  4.520  0.000   0.156   1.00 0.1506  0.170    
  VRDN   21 275 106  P 0 2054  7.380  4.467  4.504  0.000  -0.037   1.00 0.1147 -0.040    
  AZGN   22 303 105  P 0 2054  7.460  4.547  4.645  0.000  -0.098   1.00 0.2011 -0.110    
  NMVR   22 232 105  P 0 2054  7.680  4.767  4.712  0.000   0.054   1.00 0.1194  0.058    
  MGSL   30 235  98  P 0 2054  8.800  5.887  5.925  0.000  -0.039   1.00 0.1240 -0.041    
  KRNG   32 273  96  P 0 2054  9.080  6.167  6.271  0.000  -0.104   1.00 0.1475 -0.113    
  $$$   VELEST-Version ETH-11FEB92 located at: 0915-2026 110747.9  
 
 
1 E V E N T   N R .      120                            0                    0
0 DATE  ORIGIN   TIME   LAT      LON     DEPTH  MAG  NO  DM GAP  RMS   ALE D-SPR
 120815 20:58:14.164 38.4016N 46.6695E   6.143  1.5  17   6  97 0.18  1.73  0.00
0  ERX  ERY  ERZ Q SQD  ADJ  IN NR  AVR   AAR  NM AVXM  SDXM IT
   0.0  0.2 -0.1 A A/A  0.01  0 17 -0.00  0.11  0  0.0  0.0   4
0 F-E NR: 344 N.W. IRAN-USSR BORDER REGION    
0 STN  DIST AZM AIN PRMK HRMN  P-SEC  TPOBS  TPCAL  -TSCOR  P-RES   P-WT IMP STURES
        AMX PRX     SRMK XMAG  S-SEC  TSOBS  TSCAL  -TSCOR  S-RES   S-WT IMP STURES
  ZANG    6 301 132  P 0 2058 16.230  2.066  2.096  0.000  -0.030   1.06 0.4307 -0.040    
  KVCH   11 135 108  P 0 2058 16.920  2.756  2.804  0.000  -0.048   1.06 0.2250 -0.054    
  SRND   11 153 106  P 0 2058 17.020  2.856  2.820  0.000   0.036   1.06 0.2284  0.041    
  GZCH   12 290 104  P 0 2058 17.160  2.996  2.955  0.000   0.041   1.06 0.1446  0.045    
  HMLO   15  54  98  P 4 2058 68.920 54.756  3.433  0.000  -8.677   0.00 0.0000 -8.677    
  FRMZ   17  38  96  P 0 2058 18.020  3.856  3.706  0.000   0.150   1.06 0.3707  0.190    
  ORNG   19 301  94  P 0 2058 18.460  4.296  4.096  0.000   0.200   1.06 0.1669  0.219    
  GOLJ   22  88  93  P 0 2058 18.650  4.486  4.589  0.000  -0.102   1.06 0.2441 -0.118    
  BLVR   23 227  93  P 0 2058 19.150  4.986  4.699  0.000   0.287   1.06 0.1431  0.310    
  NMVR   26 245  92  P 0 2058 19.530  5.366  5.250  0.000   0.117   1.06 0.1194  0.124    
  VRDN   27 279  92  P 0 2058 19.580  5.416  5.432  0.000  -0.016   1.06 0.1224 -0.017    
  AZGN   28 300  92  P 0 2058 19.680  5.516  5.598  0.000  -0.082   1.06 0.1736 -0.090    
  MGSL   34 245  91  P 0 2058 20.800  6.636  6.565  0.000   0.071   1.06 0.1201  0.076    
  HRS    34 254  91  P 0 2058 20.300  6.136  6.624  0.000  -0.488   1.06 0.1127 -0.518    
  KRNG   39 276  91  P 0 2058 21.380  7.216  7.306  0.000  -0.090   1.06 0.1212 -0.096    
  TBZ    49 112  91  P 0 2058 23.200  9.036  9.060  0.000  -0.024   1.06 0.1967 -0.026    
  BST    80 194  72  P 0 2058 28.290 14.126 14.114  0.000   0.012   1.06 0.2842  0.014    
  $$$   VELEST-Version ETH-11FEB92 located at: 0915-2026 110747.9  
 
 
1 E V E N T   N R .      121                            0                    0
0 DATE  ORIGIN   TIME   LAT      LON     DEPTH  MAG  NO  DM GAP  RMS   ALE D-SPR
 120815 20:59:12.277 38.3900N 46.6769E   4.590  1.2  14   6  55 0.19  1.62  0.00
0  ERX  ERY  ERZ Q SQD  ADJ  IN NR  AVR   AAR  NM AVXM  SDXM IT
   0.2  0.0 -0.0 A A/A  0.37  0 14  0.00  0.13  0  0.0  0.0  99
0 F-E NR: 344 N.W. IRAN-USSR BORDER REGION    
0 STN  DIST AZM AIN PRMK HRMN  P-SEC  TPOBS  TPCAL  -TSCOR  P-RES   P-WT IMP STURES
        AMX PRX     SRMK XMAG  S-SEC  TSOBS  TSCAL  -TSCOR  S-RES   S-WT IMP STURES
  HIGH    6 174 126  P 0 2059 14.040  1.763  1.831  0.000  -0.068   1.08 0.4007 -0.088    
  ZANG    6 314 120  P 0 2059 14.150  1.873  1.971  0.000  -0.099   1.08 0.3236 -0.120    
  MHTR    9 342 100  P 0 2059 14.760  2.483  2.424  0.000   0.058   1.08 0.2229  0.066    
  SRND   11 147  96  P 0 2059 14.920  2.643  2.630  0.000   0.013   1.08 0.1614  0.014    
  KVCH   11 128  96  P 0 2059 14.950  2.673  2.678  0.000  -0.006   1.08 0.1634 -0.006    
  GZCH   12 297  94  P 0 2059 15.190  2.913  2.897  0.000   0.016   1.08 0.1441  0.017    
  HMLO   16  52  92  P 4 2059 67.200 54.923  3.636  0.000  -8.713   0.00 0.0000 -8.713    
  FRMZ   18  38  92  P 0 2059 16.330  4.053  3.946  0.000   0.107   1.08 0.2973  0.128    
  ORNG   19 305  91  P 0 2059 16.560  4.283  4.138  0.000   0.145   1.08 0.1486  0.157    
  BLVR   22 228  91  P 0 2059 17.090  4.813  4.507  0.000   0.306   1.08 0.1703  0.336    
  GOLJ   23  84  91  P 0 2059 16.960  4.683  4.745  0.000  -0.063   1.08 0.2357 -0.072    
  AZGN   28 303  74  P 0 2059 17.870  5.593  5.668  0.000  -0.076   1.08 0.2126 -0.085    
  MGSL   33 246  74  P 0 2059 18.900  6.623  6.427  0.000   0.195   1.08 0.1911  0.217    
  HRS    33 256  74  P 0 2059 18.310  6.033  6.514  0.000  -0.481   1.08 0.1851 -0.533    
  $$$   VELEST-Version ETH-11FEB92 located at: 0915-2026 110747.9  
 
 
1 E V E N T   N R .      122                            0                    0
0 DATE  ORIGIN   TIME   LAT      LON     DEPTH  MAG  NO  DM GAP  RMS   ALE D-SPR
 120815 21: 2:49.754 38.3972N 46.6667E   5.146  2.5  15   6  61 0.10  1.59  0.00
0  ERX  ERY  ERZ Q SQD  ADJ  IN NR  AVR   AAR  NM AVXM  SDXM IT
   0.2  0.1 -0.0 A A/A  0.00  0 15  0.00  0.08  0  0.0  0.0   5
0 F-E NR: 344 N.W. IRAN-USSR BORDER REGION    
0 STN  DIST AZM AIN PRMK HRMN  P-SEC  TPOBS  TPCAL  -TSCOR  P-RES   P-WT IMP STURES
        AMX PRX     SRMK XMAG  S-SEC  TSOBS  TSCAL  -TSCOR  S-RES   S-WT IMP STURES
  HIGH    6 183 126  P 0 21 2 51.710  1.956  1.997  0.000  -0.041   1.07 0.3251 -0.050    
  ZANG    7 303 125  P 0 21 2 51.760  2.006  2.052  0.000  -0.047   1.07 0.3191 -0.057    
  MHTR    9 335 112  P 0 21 2 52.230  2.476  2.383  0.000   0.093   1.07 0.2666  0.109    
  KVCH   11 135 105  P 0 21 2 52.400  2.646  2.673  0.000  -0.027   1.07 0.1785 -0.030    
  SRND   11 153 104  P 0 21 2 52.450  2.696  2.689  0.000   0.007   1.07 0.1786  0.007    
  GZCH   13 292 100  P 0 21 2 52.720  2.966  2.991  0.000  -0.025   1.07 0.1661 -0.027    
  HMLO   15  52  97  P 4 21 2104.530 54.776  3.437  0.000  -8.661   0.00 0.0000 -8.661    
  FRMZ   17  37  95  P 0 21 2 53.640  3.886  3.748  0.000   0.138   1.07 0.3137  0.166    
  ORNG   20 301  74  P 0 21 2 54.030  4.276  4.194  0.000   0.082   1.07 0.1797  0.090    
  GOLJ   22  86  74  P 0 21 2 54.250  4.496  4.573  0.000  -0.078   1.07 0.3266 -0.095    
  BLVR   23 228  74  P 0 21 2 54.590  4.836  4.696  0.000   0.140   1.07 0.1712  0.153    
  NMVR   26 246  74  P 0 21 2 55.050  5.296  5.275  0.000   0.021   1.07 0.1574  0.023    
  VRDN   28 280  74  P 0 21 2 55.140  5.386  5.508  0.000  -0.122   1.07 0.1527 -0.133    
  AZGN   29 301  74  P 0 21 2 55.290  5.536  5.697  0.000  -0.161   1.07 0.1786 -0.178    
  MGSL   34 245  74  P 0 21 2 56.400  6.646  6.590  0.000   0.055   1.07 0.1576  0.060    
  $$$   VELEST-Version ETH-11FEB92 located at: 0915-2026 110747.9  
 
 
1 E V E N T   N R .      123                            0                    0
0 DATE  ORIGIN   TIME   LAT      LON     DEPTH  MAG  NO  DM GAP  RMS   ALE D-SPR
 120815 21:14: 4.494 38.4324N 46.7326E  10.389  1.2  16   0  85 0.10  1.87  0.00
0  ERX  ERY  ERZ Q SQD  ADJ  IN NR  AVR   AAR  NM AVXM  SDXM IT
   0.2 -0.0  0.0 A A/A  0.00  0 16  0.00  0.08  0  0.0  0.0   5
0 F-E NR: 344 N.W. IRAN-USSR BORDER REGION    
0 STN  DIST AZM AIN PRMK HRMN  P-SEC  TPOBS  TPCAL  -TSCOR  P-RES   P-WT IMP STURES
        AMX PRX     SRMK XMAG  S-SEC  TSOBS  TSCAL  -TSCOR  S-RES   S-WT IMP STURES
  ZANG    0 140 178  P 0 2114  6.770  2.276  2.372  0.000  -0.096   1.07 0.2568 -0.112    
  MHTR    5  25 155  P 0 2114  7.030  2.536  2.501  0.000   0.035   1.07 0.2293  0.040    
  GZCH    6 278 149  P 0 2114  7.060  2.566  2.595  0.000  -0.029   1.07 0.2033 -0.032    
  HIGH   12 152 127  P 0 2114  7.640  3.146  3.215  0.000  -0.069   1.07 0.1910 -0.077    
  ORNG   13 300 122  P 0 2114  8.010  3.516  3.319  0.000   0.197   1.07 0.1848  0.218    
  SRND   17 142 112  P 0 2114  8.470  3.976  3.978  0.000  -0.002   1.07 0.1573 -0.002    
  KVCH   18 130 112  P 0 2114  8.530  4.036  4.038  0.000  -0.002   1.07 0.1545 -0.003    
  HMLO   18  73 110  P 4 2114 60.030 55.536  4.189  0.000  -8.652   0.00 0.0000 -8.653    
  FRMZ   19  59 109  P 0 2114  8.820  4.326  4.191  0.000   0.135   1.07 0.3305  0.165    
  VRDN   22 272 104  P 0 2114  9.020  4.526  4.586  0.000  -0.060   1.07 0.1609 -0.065    
  AZGN   22 300 103  P 0 2114  9.030  4.536  4.642  0.000  -0.106   1.07 0.2521 -0.123    
  BLVR   22 210 103  P 0 2114  9.330  4.836  4.693  0.000   0.143   1.07 0.1559  0.156    
  NMVR   23 231 102  P 0 2114  9.480  4.986  4.880  0.000   0.106   1.07 0.1402  0.114    
  GOLJ   27  95  98  P 0 2114 10.020  5.526  5.591  0.000  -0.065   1.07 0.2588 -0.076    
  MGSL   31 234  95  P 0 2114 10.540  6.046  6.098  0.000  -0.052   1.07 0.1470 -0.057    
  KRNG   33 271  94  P 0 2114 10.760  6.266  6.367  0.000  -0.101   1.07 0.1969 -0.113    
  $$$   VELEST-Version ETH-11FEB92 located at: 0915-2026 110747.9  
 
 
